"occupation_id","evidence_id","employer_name","job_title","source_url","source_kind","task_statement","task_family_id","task_type","importance","frequency","review_status","source_confidence","notes"
"occ_23_1011_00","jd_law_01","Alchemy","Associate General Counsel","https://boards.greenhouse.io/embed/job_app?token=4556627005","public_job_posting","Guide product, engineering, and business teams on launches or operational changes by translating evolving regulations into practical decisions and approval steps.","cluster_decision_support","Core","0.86","0.62","reviewed_for_gap_fill","0.82","reviewed_public_job_posting|review_batch=pilot_2026_03|source_refs=law_02|law_03|law_05"
"occ_23_1011_00","jd_law_02","Instawork","Senior Commercial Counsel","https://boards.greenhouse.io/embed/job_app?gh_src=dd8f22f76us&source=LinkedIn&token=4436009006","public_job_posting","Build and maintain legal playbooks, templates, policies, and training materials that let business teams move faster without losing control discipline.","cluster_oversight_strategy","Core","0.82","0.56","reviewed_for_gap_fill","0.80","reviewed_public_job_posting|review_batch=pilot_2026_03|source_refs=law_01|law_04|law_05"
"occ_23_1011_00","jd_law_03","Affirm","Senior Counsel, Ethics & Employment","https://boards.greenhouse.io/embed/job_app?token=7239490003","public_job_posting","Lead investigations, audits, or other high-risk escalations and coordinate internal stakeholders and outside counsel through resolution.","cluster_qa_review","Core","0.80","0.48","reviewed_for_gap_fill","0.80","reviewed_public_job_posting|review_batch=pilot_2026_03|source_refs=law_01|law_02|law_05"
"occ_23_1011_00","jd_law_04","Fullscript","Senior Counsel, Commercial, Data and Strategic Partnerships","https://jobs.lever.co/fullscript/11637385-5e01-4aec-a0a3-dc4ea2ee4f76","public_job_posting","Structure strategic partnerships, data arrangements, or complex commercial initiatives so growth goals stay aligned with legal and compliance constraints.","cluster_decision_support","Core","0.84","0.50","reviewed_for_gap_fill","0.81","reviewed_public_job_posting|review_batch=pilot_2026_03|source_refs=law_03|law_04|law_05"
"occ_15_2051_00","jd_ds_01","Xero","Sr. Data Scientist (Product Data Science)","https://jobs.lever.co/xero/0df9a23e-59e5-4280-83a9-bc9f3fcf07b9","public_job_posting","Define hypotheses, success metrics, and experiment designs with product or business stakeholders before building analytical solutions.","cluster_decision_support","Core","0.84","0.60","reviewed_for_gap_fill","0.82","reviewed_public_job_posting|review_batch=pilot_2026_03|source_refs=ds_02|ds_05"
"occ_15_2051_00","jd_ds_02","SpyCloud","Senior Data Scientist","https://boards.greenhouse.io/embed/job_app?token=6651905003","public_job_posting","Identify and prototype new data sources, features, or instrumentation required to make models viable and scalable in production settings.","cluster_research_synthesis","Core","0.80","0.52","reviewed_for_gap_fill","0.81","reviewed_public_job_posting|review_batch=pilot_2026_03|source_refs=ds_01|ds_02|ds_04"
"occ_15_2051_00","jd_ds_03","Samba TV","Senior Data Scientist, Measurement","https://jobs.lever.co/sambatv/c9666321-7b7a-4229-844d-4b72ca7321b1","public_job_posting","Partner with engineering and platform teams to productionize, deploy, and monitor models or data pipelines in live systems.","cluster_coordination","Core","0.82","0.58","reviewed_for_gap_fill","0.82","reviewed_public_job_posting|review_batch=pilot_2026_03|source_refs=ds_01|ds_04|ds_05"
"occ_15_2051_00","jd_ds_04","Fullscript","Lead Data Scientist","https://jobs.lever.co/fullscript/5ec81b29-153d-4483-a7ba-b4f1d8397512","public_job_posting","Set methodological standards, documentation, and feedback loops that keep models interpretable, auditable, and decision-useful after launch.","cluster_qa_review","Core","0.81","0.50","reviewed_for_gap_fill","0.80","reviewed_public_job_posting|review_batch=pilot_2026_03|source_refs=ds_01|ds_03|ds_04"
"occ_13_1111_00","jd_ma_01","Brighte","Business Analyst","https://jobs.lever.co/brighte/973dbce1-6fbc-4049-acc6-92ab5bdacfb4","public_job_posting","Translate business needs into scoped requirements, process maps, and decision-ready business cases for cross-functional initiatives.","cluster_decision_support","Core","0.82","0.58","reviewed_for_gap_fill","0.81","reviewed_public_job_posting|review_batch=pilot_2026_03|source_refs=ma_01|ma_02|ma_03"
"occ_13_1111_00","jd_ma_02","Lumafield","Senior Business Operations Analyst","https://jobs.lever.co/lumafield/6c7fa613-b50d-4faa-9895-0bbe098bde48","public_job_posting","Validate process or system changes through pilots, testing, or rollout checkpoints before wider implementation.","cluster_qa_review","Core","0.76","0.48","reviewed_for_gap_fill","0.77","reviewed_public_job_posting|review_batch=pilot_2026_03|source_refs=ma_01|ma_04|ma_05"
"occ_13_1111_00","jd_ma_03","Valence","Strategy & Operations Associate","https://jobs.lever.co/valence/f2422f63-427a-4f20-a147-0bb2b07eaa2a","public_job_posting","Drive adoption by aligning stakeholders, documenting decisions, and closing execution gaps after recommendations are approved.","cluster_coordination","Core","0.80","0.60","reviewed_for_gap_fill","0.80","reviewed_public_job_posting|review_batch=pilot_2026_03|source_refs=ma_03|ma_04|ma_05"
"occ_13_1111_00","jd_ma_04","Shield AI","Lead, Strategy & Operations","https://jobs.lever.co/shieldai/ca460f45-c2f4-4b58-bfd3-dd6a2cfdccf8","public_job_posting","Build repeatable operating playbooks, tooling, or governance rhythms that sustain improvements after the initial project push.","cluster_oversight_strategy","Core","0.78","0.46","reviewed_for_gap_fill","0.79","reviewed_public_job_posting|review_batch=pilot_2026_03|source_refs=ma_01|ma_02|ma_05"
"occ_27_3042_00","jd_tw_01","Pleo","Senior Tech Writer","https://boards.greenhouse.io/embed/job_app?token=6661087003","public_job_posting","Own information architecture, style standards, and content governance so documentation remains consistent, discoverable, and useful across products.","cluster_oversight_strategy","Core","0.80","0.50","reviewed_for_gap_fill","0.81","reviewed_public_job_posting|review_batch=pilot_2026_03|source_refs=tw_01|tw_04|tw_05"
"occ_27_3042_00","jd_tw_02","Linda Werner & Associates","API Technical Writer V","https://boards.greenhouse.io/embed/job_app?token=4885968008","public_job_posting","Create developer-facing examples, tutorials, and code samples that show how to use product capabilities in real workflows.","cluster_drafting","Core","0.78","0.56","reviewed_for_gap_fill","0.80","reviewed_public_job_posting|review_batch=pilot_2026_03|source_refs=tw_02|tw_03|tw_05"
"occ_27_3042_00","jd_tw_03","Veeva Systems","Technical Writer","https://jobs.lever.co/veeva/19c6b0c9-1bc9-4640-91b7-d429bf26df85","public_job_posting","Test new features, gather user or stakeholder feedback, and revise documentation before release so people can complete tasks successfully.","cluster_qa_review","Core","0.80","0.54","reviewed_for_gap_fill","0.80","reviewed_public_job_posting|review_batch=pilot_2026_03|source_refs=tw_01|tw_04|tw_05"
"occ_27_3042_00","jd_tw_04","Kizen","Senior Technical Writer","https://boards.greenhouse.io/embed/job_app?token=4673042008","public_job_posting","Manage documentation as a product workflow across releases, including contributor coordination, publication timing, and lifecycle tracking.","cluster_workflow_admin","Core","0.74","0.58","reviewed_for_gap_fill","0.78","reviewed_public_job_posting|review_batch=pilot_2026_03|source_refs=tw_01|tw_02|tw_04"
"occ_41_3091_00","jd_sr_01","A.Team","Enterprise Account Executive","https://jobs.lever.co/a/07defe7a-bf3e-4bf9-acc5-f5802b2e37a5","public_job_posting","Run multi-stakeholder discovery that surfaces business pain, buying criteria, and solution fit across executive and operator contacts.","cluster_client_interaction","Core","0.84","0.62","reviewed_for_gap_fill","0.81","reviewed_public_job_posting|review_batch=pilot_2026_03|source_refs=sr_01|sr_03|sr_05"
"occ_41_3091_00","jd_sr_02","Octopus Deploy","Enterprise Growth Account Executive","https://jobs.lever.co/octopus/33eb4717-6588-497c-a24a-dbe2e1a05b48","public_job_posting","Build account plans, self-sourced pipeline, and forecast updates that keep leadership and internal partners aligned on deal progress.","cluster_workflow_admin","Core","0.76","0.64","reviewed_for_gap_fill","0.79","reviewed_public_job_posting|review_batch=pilot_2026_03|source_refs=sr_01|sr_04|sr_05"
"occ_41_3091_00","jd_sr_03","FloQast","Account Executive, Enterprise Accounts","https://jobs.lever.co/floqast/46fe0359-9db0-4af1-9531-b41c5c29f473","public_job_posting","Orchestrate internal partners across product, solutions, legal, procurement, and implementation to move complex deals to close.","cluster_coordination","Core","0.82","0.58","reviewed_for_gap_fill","0.82","reviewed_public_job_posting|review_batch=pilot_2026_03|source_refs=sr_02|sr_03|sr_04"
"occ_41_3091_00","jd_sr_04","H1","Enterprise Account Executive","https://jobs.lever.co/h1/60e7b3d3-c402-45b1-a590-9a7d649dba6b","public_job_posting","Manage post-sale handoff and early expansion planning so new customers adopt successfully and the account can grow over time.","cluster_relationship_management","Core","0.78","0.52","reviewed_for_gap_fill","0.80","reviewed_public_job_posting|review_batch=pilot_2026_03|source_refs=sr_02|sr_04|sr_05"
"occ_43_4051_00","jd_cs_01","WeSalute","Customer Support Representative","https://jobs.lever.co/WeSalute/5b6cdb4e-049e-48a2-b9d1-eaa0e53556df","public_job_posting","Troubleshoot product or account issues across channels and guide customers through root-cause resolution rather than only recording the complaint.","cluster_client_interaction","Core","0.80","0.66","reviewed_for_gap_fill","0.81","reviewed_public_job_posting|review_batch=second_tranche_2026_03|source_refs=cs_01|cs_02|cs_03"
"occ_43_4051_00","jd_cs_02","Glue","Customer Support Specialist","https://jobs.lever.co/gluegroups/5b779c9a-1593-497e-a157-0f2bba954f7c","public_job_posting","Manage ticket queues, service levels, and escalation paths so urgent issues reach the right internal owners quickly.","cluster_coordination","Core","0.78","0.64","reviewed_for_gap_fill","0.80","reviewed_public_job_posting|review_batch=second_tranche_2026_03|source_refs=cs_01|cs_02|cs_04"
"occ_43_4051_00","jd_cs_03","Circadia Health","Customer Support Representative","https://jobs.lever.co/circadiahealth/fcee14a3-a7de-4f2d-87bb-fd5147aca1cf","public_job_posting","Document recurring issue patterns, build self-service guidance, and feed product or workflow fixes back into the support system.","cluster_documentation","Core","0.74","0.58","reviewed_for_gap_fill","0.79","reviewed_public_job_posting|review_batch=second_tranche_2026_03|source_refs=cs_01|cs_03|cs_04"
"occ_43_4051_00","jd_cs_04","Instructure","Customer Support Engineer","https://jobs.lever.co/instructure/f36ac629-1f3e-4e26-bee5-dae65401669a","public_job_posting","Identify repetitive support failures and implement process or automation improvements that reduce avoidable inbound work.","cluster_qa_review","Core","0.72","0.50","reviewed_for_gap_fill","0.78","reviewed_public_job_posting|review_batch=second_tranche_2026_03|source_refs=cs_02|cs_03|cs_04"
"occ_13_1082_00","jd_pm_01","AHEAD","Project Coordinator","https://jobs.lever.co/thinkahead/8ba257fd-b18a-4937-ab13-40ce0a04af39","public_job_posting","Translate project goals into clear workstreams, meeting cadences, task owners, and action tracking across internal and client teams.","cluster_coordination","Core","0.82","0.64","reviewed_for_gap_fill","0.81","reviewed_public_job_posting|review_batch=second_tranche_2026_03|source_refs=pm_01|pm_03|pm_04"
"occ_13_1082_00","jd_pm_02","Apply Digital","Senior Project Manager","https://jobs.lever.co/applydigital/48872d58-ec7b-4e68-abed-1608ee9996d2","public_job_posting","Manage risks, dependencies, and escalations across multiple stakeholders when delivery tradeoffs threaten scope, quality, or timing.","cluster_oversight_strategy","Core","0.84","0.58","reviewed_for_gap_fill","0.82","reviewed_public_job_posting|review_batch=second_tranche_2026_03|source_refs=pm_01|pm_02|pm_04"
"occ_13_1082_00","jd_pm_03","Jobgether","Project Coordinator","https://jobs.lever.co/jobgether/cdbe37f4-3564-4cdc-8151-b089cb76b839","public_job_posting","Maintain project systems, reporting, and budget or resource trackers that keep distributed teams aligned on status and next actions.","cluster_workflow_admin","Core","0.76","0.62","reviewed_for_gap_fill","0.79","reviewed_public_job_posting|review_batch=second_tranche_2026_03|source_refs=pm_02|pm_03|pm_04"
"occ_13_1082_00","jd_pm_04","Avalere Health","Project Manager","https://jobs.lever.co/avalerehealth/22f9f7ba-99ba-4f63-9827-4955348e0533","public_job_posting","Turn status, dependencies, and delivery tradeoffs into decision-ready updates for leaders or clients so projects keep moving.","cluster_decision_support","Core","0.78","0.56","reviewed_for_gap_fill","0.80","reviewed_public_job_posting|review_batch=second_tranche_2026_03|source_refs=pm_01|pm_02|pm_04"
"occ_13_2011_00","jd_acc_01","Revel Labs","Senior Accountant","https://jobs.lever.co/revellabs/6c64f8f7-1f5c-49a4-b3ee-f6f4f1f7af95","public_job_posting","Own close-related reconciliations, journal entries, and review checkpoints that keep month-end reporting accurate and timely.","cluster_qa_review","Core","0.82","0.62","reviewed_for_gap_fill","0.81","reviewed_public_job_posting|review_batch=second_tranche_2026_03|source_refs=acc_01|acc_03|acc_04"
"occ_13_2011_00","jd_acc_02","AppZen","Senior Accountant","https://jobs.lever.co/appzen/391b2245-3f5a-40de-b0a0-e212cb6c3116","public_job_posting","Partner with cross-functional teams to improve accounting systems, close workflows, and internal controls as the business scales.","cluster_oversight_strategy","Core","0.80","0.54","reviewed_for_gap_fill","0.80","reviewed_public_job_posting|review_batch=second_tranche_2026_03|source_refs=acc_01|acc_02|acc_04"
"occ_13_2011_00","jd_acc_03","DigitalOcean","Senior Accountant II, GL","https://jobs.lever.co/digitalocean/a2f3b34d-7ddb-4c67-8c4a-e26ede801e44","public_job_posting","Prepare audit-ready support, policy documentation, and controls evidence for internal and external review cycles.","cluster_documentation","Core","0.76","0.52","reviewed_for_gap_fill","0.79","reviewed_public_job_posting|review_batch=second_tranche_2026_03|source_refs=acc_01|acc_03|acc_04"
"occ_13_2011_00","jd_acc_04","Medely","Senior Corporate Accountant","https://jobs.lever.co/medely/242fe0a6-aa29-40af-b1e8-bff867b7b0b8","public_job_posting","Analyze unusual transactions, policy edge cases, or control breakdowns and escalate them into accountable financial judgments.","cluster_decision_support","Core","0.80","0.46","reviewed_for_gap_fill","0.80","reviewed_public_job_posting|review_batch=second_tranche_2026_03|source_refs=acc_02|acc_03|acc_04"
"occ_13_2011_00","jd_acc2_01","DigitalOcean","Senior Accountant II, GL","https://jobs.lever.co/digitalocean/a2f3b34d-7ddb-4c67-8c4a-e26ede801e44","public_job_posting","Analyze flux, balance-sheet rollforwards, and reporting variances so anomalies are understood before close is finalized.","cluster_analysis","Core","0.78","0.54","reviewed_for_gap_fill","0.80","reviewed_public_job_posting|review_batch=density_pass_boundary_2026_03|source_refs=acc_01|acc_03|acc_04"
"occ_13_2011_00","jd_acc2_02","AppZen","Senior Accountant","https://jobs.lever.co/appzen/391b2245-3f5a-40de-b0a0-e212cb6c3116","public_job_posting","Coordinate with payroll, FP&A, tax, and operating teams to collect support and resolve close issues that cross system boundaries.","cluster_coordination","Core","0.70","0.58","reviewed_for_gap_fill","0.79","reviewed_public_job_posting|review_batch=density_pass_boundary_2026_03|source_refs=acc_01|acc_02|acc_04"
"occ_13_2011_00","jd_acc2_03","Medely","Senior Corporate Accountant","https://jobs.lever.co/medely/242fe0a6-aa29-40af-b1e8-bff867b7b0b8","public_job_posting","Review revenue, lease, accrual, or policy-support packages before conclusions are signed off or handed to auditors.","cluster_qa_review","Core","0.78","0.52","reviewed_for_gap_fill","0.80","reviewed_public_job_posting|review_batch=density_pass_boundary_2026_03|source_refs=acc_02|acc_03|acc_04"
"occ_13_2011_00","jd_acc2_04","Revel Labs","Senior Accountant","https://jobs.lever.co/revellabs/6c64f8f7-1f5c-49a4-b3ee-f6f4f1f7af95","public_job_posting","Prepare management-ready summaries that explain accounting impacts, close risks, and remediation steps to non-accounting stakeholders.","cluster_client_interaction","Core","0.62","0.56","reviewed_for_gap_fill","0.78","reviewed_public_job_posting|review_batch=density_pass_boundary_2026_03|source_refs=acc_01|acc_02|acc_04"
"occ_13_1199_00","jd_bo_01","Rillet","Business Operations Associate","https://jobs.lever.co/rillet/c5741970-b3a3-4d67-978a-24ef9d5964a7","public_job_posting","Build recurring operating reports, forecasts, and leadership updates that turn messy business signals into decision-ready summaries.","cluster_decision_support","Core","0.78","0.60","reviewed_for_gap_fill","0.79","reviewed_public_job_posting|review_batch=second_tranche_2026_03|source_refs=bo_01|bo_02|bo_04"
"occ_13_1199_00","jd_bo_02","Camber","Business Operations Analyst, Commercial Strategy","https://jobs.lever.co/camber/3746ff75-5db8-4b86-886a-44de251a0e21","public_job_posting","Design or refine cross-functional processes, tooling, and operating cadences that reduce manual work and make execution scale.","cluster_oversight_strategy","Core","0.80","0.56","reviewed_for_gap_fill","0.80","reviewed_public_job_posting|review_batch=second_tranche_2026_03|source_refs=bo_01|bo_02|bo_03"
"occ_13_1199_00","jd_bo_03","Venteur","Technical Operations Specialist","https://jobs.lever.co/venteur/edfc0018-b4b3-4699-b9d4-23b983be754c","public_job_posting","Own vendor, compliance, or internal service workflows that require follow-through across finance, people, and operating teams.","cluster_coordination","Core","0.76","0.62","reviewed_for_gap_fill","0.79","reviewed_public_job_posting|review_batch=second_tranche_2026_03|source_refs=bo_02|bo_03|bo_04"
"occ_13_1199_00","jd_bo_04","Saviynt","Global Entity & Compliance Associate","https://jobs.lever.co/saviynt/6cd6e28d-97bb-42ec-a894-454e16f27aa8","public_job_posting","Identify broken operational workflows and implement automation or control improvements before they create downstream exceptions.","cluster_analysis","Core","0.82","0.52","reviewed_for_gap_fill","0.79","reviewed_public_job_posting|review_batch=second_tranche_2026_03|source_refs=bo_01|bo_03|bo_04"
"occ_23_2011_00","jd_para_01","Parnall Law","Legal Assistant / Paralegal","https://jobs.lever.co/parnalllaw/3a1850f0-8dc9-4224-930f-a75d60752408","public_job_posting","Maintain case-management systems, monitor deadlines, and keep attorneys informed when filings, discovery, or client milestones shift.","cluster_workflow_admin","Core","0.80","0.66","reviewed_for_gap_fill","0.80","reviewed_public_job_posting|review_batch=second_tranche_2026_03|source_refs=para_01|para_02|para_04"
"occ_23_2011_00","jd_para_02","Rivkin Radler","Paralegal - Tax & Trusts","https://jobs.lever.co/rivkinradler/f01ef36a-f1ef-4285-aa4e-2509d4d18122","public_job_posting","Track and organize matter materials, signatures, and supporting records so transactions or filings are execution-ready.","cluster_documentation","Core","0.78","0.62","reviewed_for_gap_fill","0.79","reviewed_public_job_posting|review_batch=second_tranche_2026_03|source_refs=para_01|para_02|para_03"
"occ_23_2011_00","jd_para_03","Parnall Law","Legal Assistant / Paralegal","https://jobs.lever.co/parnalllaw/3a1850f0-8dc9-4224-930f-a75d60752408","public_job_posting","Prepare attorney-ready packets, draft client-facing correspondence, and move routine procedural work forward under supervision.","cluster_drafting","Core","0.78","0.60","reviewed_for_gap_fill","0.79","reviewed_public_job_posting|review_batch=second_tranche_2026_03|source_refs=para_01|para_03|para_04"
"occ_23_2011_00","jd_para_04","NewsBreak","Paralegal / Legal Operations Specialist","https://jobs.lever.co/newsbreak/617a9a6e-8165-44c2-8ca4-7ac4d191c76a","public_job_posting","Coordinate contract lifecycle or legal-operations workflows across attorneys, business stakeholders, and external counterparties.","cluster_coordination","Core","0.76","0.56","reviewed_for_gap_fill","0.79","reviewed_public_job_posting|review_batch=second_tranche_2026_03|source_refs=para_02|para_03|para_04"
"occ_13_1071_00","jd_hr_01","Instacart","HR Generalist","https://boards.greenhouse.io/instacart/jobs/7592372","public_job_posting","Advise managers and employees on employee relations, compensation, performance, policy, or leave issues while applying HR laws and company processes.","cluster_decision_support","Core","0.82","0.60","reviewed_for_gap_fill","0.82","reviewed_public_job_posting|review_batch=third_tranche_2026_03|source_refs=hr_01|hr_02|hr_03"
"occ_13_1071_00","jd_hr_02","Jobgether","Coordinator, People Operations","https://jobs.lever.co/jobgether/569cd860-5d25-4415-867c-b2a749e6a7d9","public_job_posting","Run onboarding, offboarding, payroll, contract, and HRIS record processes that keep employee data and employee transitions accurate.","cluster_workflow_admin","Core","0.80","0.66","reviewed_for_gap_fill","0.81","reviewed_public_job_posting|review_batch=third_tranche_2026_03|source_refs=hr_01|hr_02|hr_03"
"occ_13_1071_00","jd_hr_03","Figma","Business Recruiter","https://boards.greenhouse.io/figma/jobs/5754209004","public_job_posting","Partner with leaders on hiring strategy, candidate pipelines, and full-cycle recruiting for priority roles or organizational changes.","cluster_coordination","Core","0.78","0.58","reviewed_for_gap_fill","0.80","reviewed_public_job_posting|review_batch=third_tranche_2026_03|source_refs=hr_02|hr_03|hr_04"
"occ_13_1071_00","jd_hr_04","Instacart","HR Business Partner II","https://boards.greenhouse.io/instacart/jobs/7617000","public_job_posting","Identify and improve people programs and operating processes using employee feedback, business needs, and legal or policy requirements.","cluster_oversight_strategy","Core","0.78","0.52","reviewed_for_gap_fill","0.80","reviewed_public_job_posting|review_batch=third_tranche_2026_03|source_refs=hr_01|hr_02|hr_04"
"occ_13_1151_00","jd_td_01","Veeva Systems","Technical Curriculum Developer - Enterprise Software","https://jobs.lever.co/veeva/41ba9c5b-0730-4eaa-a68a-00d640740321","public_job_posting","Translate complex product or process changes into curriculum, courseware, and learning paths for different learner personas.","cluster_drafting","Core","0.80","0.58","reviewed_for_gap_fill","0.81","reviewed_public_job_posting|review_batch=third_tranche_2026_03|source_refs=td_01|td_02|td_03"
"occ_13_1151_00","jd_td_02","Veeva Systems","eLearning Curriculum Developer - Veeva Safety","https://jobs.lever.co/veeva/8ade6d2a-befa-465c-8ef7-e5f7080a5ed1","public_job_posting","Build hands-on labs, simulations, eLearning modules, and instructor-led materials that let users practice real workflows.","cluster_documentation","Core","0.78","0.56","reviewed_for_gap_fill","0.80","reviewed_public_job_posting|review_batch=third_tranche_2026_03|source_refs=td_01|td_02|td_03"
"occ_13_1151_00","jd_td_03","Jobgether","Instructional Designer","https://jobs.lever.co/jobgether/2a2da551-f44f-46ec-8871-20675f959c29","public_job_posting","Coordinate with product, engineering, customer success, or enablement leaders to validate training accuracy and release readiness.","cluster_coordination","Core","0.76","0.54","reviewed_for_gap_fill","0.80","reviewed_public_job_posting|review_batch=third_tranche_2026_03|source_refs=td_01|td_03|td_04"
"occ_13_1151_00","jd_td_04","Aircall","Team Lead, Product Enablement & Education","https://jobs.lever.co/aircall/7b2d4b68-c277-4bd8-88cf-1595959c3724","public_job_posting","Measure training effectiveness with feedback, assessments, and adoption metrics, then update programs and materials accordingly.","cluster_analysis","Core","0.74","0.48","reviewed_for_gap_fill","0.79","reviewed_public_job_posting|review_batch=third_tranche_2026_03|source_refs=td_01|td_03|td_04"
"occ_13_1161_00","jd_mk_01","FreedomPay","Marketing Analyst","https://jobs.lever.co/freedompay/d4e76479-f3c4-439e-8dfb-e43be45baa2e","public_job_posting","Build marketing performance, attribution, and funnel reporting that turns campaign and GTM data into decision-ready insights.","cluster_analysis","Core","0.82","0.60","reviewed_for_gap_fill","0.81","reviewed_public_job_posting|review_batch=third_tranche_2026_03|source_refs=mk_01|mk_02|mk_03"
"occ_13_1161_00","jd_mk_02","Brex","Senior Marketing Operations Manager, B2B Sales","https://boards.greenhouse.io/brex/jobs/8380680002","public_job_posting","Own marketing automation, CRM workflows, and data hygiene so campaigns, segmentation, and reporting run reliably.","cluster_workflow_admin","Core","0.80","0.58","reviewed_for_gap_fill","0.80","reviewed_public_job_posting|review_batch=third_tranche_2026_03|source_refs=mk_01|mk_02|mk_04"
"occ_13_1161_00","jd_mk_03","Instacart","Senior Marketing Analyst (Multiple Levels)","https://boards.greenhouse.io/instacart/jobs/7562845","public_job_posting","Coordinate lifecycle, lead-management, and sales handoff processes across marketing, sales, and product teams.","cluster_coordination","Core","0.78","0.56","reviewed_for_gap_fill","0.80","reviewed_public_job_posting|review_batch=third_tranche_2026_03|source_refs=mk_02|mk_03|mk_04"
"occ_13_1161_00","jd_mk_04","Samsara","Marketing Operations Manager","https://boards.greenhouse.io/samsara/jobs/7681215","public_job_posting","Use testing results and market signals to recommend audience, messaging, or spend-allocation changes.","cluster_decision_support","Core","0.78","0.50","reviewed_for_gap_fill","0.80","reviewed_public_job_posting|review_batch=third_tranche_2026_03|source_refs=mk_01|mk_03|mk_04"
"occ_15_1211_00","jd_sa_01","Aircall","Senior / Staff Business Systems Analyst","https://jobs.lever.co/aircall/cad56454-52d0-41e0-84c0-ad043bc50e6d","public_job_posting","Map business processes and translate stakeholder requirements into system designs, configurations, and implementation plans.","cluster_decision_support","Core","0.82","0.60","reviewed_for_gap_fill","0.81","reviewed_public_job_posting|review_batch=third_tranche_2026_03|source_refs=sa_01|sa_02|sa_03"
"occ_15_1211_00","jd_sa_02","Instacart","Business Systems Analyst II - Order to Cash (O2C)","https://boards.greenhouse.io/instacart/jobs/7697668","public_job_posting","Lead integrations, data-quality fixes, and workflow automation across enterprise or GTM systems.","cluster_oversight_strategy","Core","0.80","0.56","reviewed_for_gap_fill","0.80","reviewed_public_job_posting|review_batch=third_tranche_2026_03|source_refs=sa_01|sa_02|sa_04"
"occ_15_1211_00","jd_sa_03","Veeva Systems","Business Systems Analyst - HR Apps","https://jobs.lever.co/veeva/db4d0eef-f29c-4b96-8c8f-8e45f82c872c","public_job_posting","Run testing, release validation, and issue triage so system changes land correctly in live operations.","cluster_qa_review","Core","0.78","0.54","reviewed_for_gap_fill","0.80","reviewed_public_job_posting|review_batch=third_tranche_2026_03|source_refs=sa_01|sa_02|sa_03"
"occ_15_1211_00","jd_sa_04","Jobgether","Senior Systems Analyst (Remote)","https://jobs.lever.co/jobgether/1f47207a-32fd-4532-b24e-e5d752de5fee","public_job_posting","Maintain system documentation, change-management materials, and user training for adopted workflows.","cluster_documentation","Core","0.74","0.50","reviewed_for_gap_fill","0.79","reviewed_public_job_posting|review_batch=third_tranche_2026_03|source_refs=sa_02|sa_03|sa_04"
"occ_15_1211_00","jd_sa2_01","Aircall","Senior / Staff Business Systems Analyst","https://jobs.lever.co/aircall/cad56454-52d0-41e0-84c0-ad043bc50e6d","public_job_posting","Analyze upstream process failures, data gaps, and system exceptions to identify root causes before changes are scoped.","cluster_analysis","Core","0.76","0.54","reviewed_for_gap_fill","0.80","reviewed_public_job_posting|review_batch=density_pass_boundary_2026_03|source_refs=sa_01|sa_02|sa_03"
"occ_15_1211_00","jd_sa2_02","Instacart","Business Systems Analyst II - Order to Cash (O2C)","https://boards.greenhouse.io/instacart/jobs/7697668","public_job_posting","Coordinate rollout cutovers, stakeholder signoff, and post-launch issue follow-through across technical and business teams.","cluster_coordination","Core","0.68","0.60","reviewed_for_gap_fill","0.79","reviewed_public_job_posting|review_batch=density_pass_boundary_2026_03|source_refs=sa_01|sa_02|sa_04"
"occ_15_1211_00","jd_sa2_03","Jobgether","Senior Systems Analyst (Remote)","https://jobs.lever.co/jobgether/1f47207a-32fd-4532-b24e-e5d752de5fee","public_job_posting","Maintain intake queues, enhancement backlogs, and issue-priority rules so system work is triaged consistently and visibly.","cluster_workflow_admin","Core","0.72","0.58","reviewed_for_gap_fill","0.79","reviewed_public_job_posting|review_batch=density_pass_boundary_2026_03|source_refs=sa_02|sa_03|sa_04"
"occ_15_1211_00","jd_sa2_04","Veeva Systems","Business Systems Analyst - HR Apps","https://jobs.lever.co/veeva/db4d0eef-f29c-4b96-8c8f-8e45f82c872c","public_job_posting","Train users, explain system tradeoffs, and guide adoption decisions when workflows change or automation alters day-to-day work.","cluster_client_interaction","Core","0.64","0.58","reviewed_for_gap_fill","0.78","reviewed_public_job_posting|review_batch=density_pass_boundary_2026_03|source_refs=sa_01|sa_03|sa_04"
"occ_15_1252_00","jd_sd_01","Valence","Senior Software Engineer, Full Stack","https://jobs.lever.co/valence/7354cba0-cf12-49b1-9e02-9be2670b0aec","public_job_posting","Architect and build end-to-end product features spanning backend services, APIs, integrations, and user interfaces.","cluster_drafting","Core","0.84","0.62","reviewed_for_gap_fill","0.82","reviewed_public_job_posting|review_batch=third_tranche_2026_03|source_refs=sd_01|sd_02|sd_03"
"occ_15_1252_00","jd_sd_02","Brex","Software Engineer II, Activation","https://boards.greenhouse.io/brex/jobs/8340253002","public_job_posting","Own testing, deployment, observability, and production debugging so new code remains reliable after release.","cluster_qa_review","Core","0.82","0.58","reviewed_for_gap_fill","0.81","reviewed_public_job_posting|review_batch=third_tranche_2026_03|source_refs=sd_01|sd_02|sd_04"
"occ_15_1252_00","jd_sd_03","NewsBreak","Software Engineer, Web","https://boards.greenhouse.io/newsbreak/jobs/4639827006","public_job_posting","Work with product, design, data, and infrastructure partners to scope problems and deliver usable solutions.","cluster_coordination","Core","0.78","0.60","reviewed_for_gap_fill","0.80","reviewed_public_job_posting|review_batch=third_tranche_2026_03|source_refs=sd_01|sd_03|sd_04"
"occ_15_1252_00","jd_sd_04","Equativ","Backend Engineer (Golang)","https://jobs.lever.co/equativ/492f8917-fd29-46ab-b47c-e60873fd53a9","public_job_posting","Shape engineering standards, CI/CD automation, performance, security, and technical roadmap as systems scale.","cluster_oversight_strategy","Core","0.80","0.50","reviewed_for_gap_fill","0.80","reviewed_public_job_posting|review_batch=third_tranche_2026_03|source_refs=sd_01|sd_02|sd_04"
"occ_11_1021_00","jd_gm_01","Samsara","Business Operations Manager - GTM","https://boards.greenhouse.io/samsara/jobs/7271233","public_job_posting","Own cross-functional operating programs from problem definition through execution, with milestones, operating cadences, and escalation paths.","cluster_coordination","Core","0.82","0.62","reviewed_for_gap_fill","0.81","reviewed_public_job_posting|review_batch=fourth_tranche_2026_03|source_refs=gm_01|gm_02|gm_04"
"occ_11_1021_00","jd_gm_02","Figma","Operations Program Manager","https://boards.greenhouse.io/figma/jobs/5801730004","public_job_posting","Define success metrics, risks, and process or tooling improvements that let operations scale without losing quality.","cluster_oversight_strategy","Core","0.80","0.56","reviewed_for_gap_fill","0.80","reviewed_public_job_posting|review_batch=fourth_tranche_2026_03|source_refs=gm_01|gm_02|gm_03"
"occ_11_1021_00","jd_gm_03","NewsBreak","Ad Revenue Operations Lead","https://boards.greenhouse.io/newsbreak/jobs/4649186006","public_job_posting","Manage budget-linked operational workflows such as billing, collections, reconciliations, and handoffs between operations and finance.","cluster_workflow_admin","Core","0.78","0.60","reviewed_for_gap_fill","0.79","reviewed_public_job_posting|review_batch=fourth_tranche_2026_03|source_refs=gm_01|gm_03|gm_04"
"occ_11_1021_00","jd_gm_04","Discord","Workplace Operations Program Manager","https://boards.greenhouse.io/discord/jobs/8428843002","public_job_posting","Drive policy updates, vendor management, and change adoption so day-to-day operations remain reliable and employee-facing services improve over time.","cluster_decision_support","Core","0.78","0.52","reviewed_for_gap_fill","0.79","reviewed_public_job_posting|review_batch=fourth_tranche_2026_03|source_refs=gm_02|gm_03|gm_04"
"occ_13_2051_00","jd_fa_01","Instacart","Finance Analyst (Strategic Finance - Ads)","https://boards.greenhouse.io/instacart/jobs/7624684","public_job_posting","Build and maintain driver-based revenue or spend forecasts that connect operating assumptions to financial outcomes.","cluster_analysis","Core","0.82","0.62","reviewed_for_gap_fill","0.81","reviewed_public_job_posting|review_batch=fourth_tranche_2026_03|source_refs=fa_01|fa_02|fa_04"
"occ_13_2051_00","jd_fa_02","Instacart","Financial Analyst II — Strategic Finance (Fulfillment)","https://boards.greenhouse.io/instacart/jobs/7630211","public_job_posting","Turn operational trends into scenario analyses and executive-ready narratives that guide resourcing and investment choices.","cluster_decision_support","Core","0.80","0.56","reviewed_for_gap_fill","0.80","reviewed_public_job_posting|review_batch=fourth_tranche_2026_03|source_refs=fa_01|fa_02|fa_03"
"occ_13_2051_00","jd_fa_03","Discord","Senior Financial Analyst","https://boards.greenhouse.io/discord/jobs/8335879002","public_job_posting","Partner with finance, accounting, product, and talent teams on headcount planning, expense forecasting, and resource allocation.","cluster_coordination","Core","0.78","0.58","reviewed_for_gap_fill","0.80","reviewed_public_job_posting|review_batch=fourth_tranche_2026_03|source_refs=fa_02|fa_03|fa_04"
"occ_13_2051_00","jd_fa_04","Figma","Strategic Finance","https://boards.greenhouse.io/figma/jobs/5792631004","public_job_posting","Improve planning, close, and reporting processes through automation, stronger models, and more decision-useful dashboards.","cluster_workflow_admin","Core","0.76","0.52","reviewed_for_gap_fill","0.79","reviewed_public_job_posting|review_batch=fourth_tranche_2026_03|source_refs=fa_01|fa_03|fa_04"
"occ_13_2051_00","jd_fa2_01","Figma","Strategic Finance","https://boards.greenhouse.io/figma/jobs/5792631004","public_job_posting","Build board, executive, or planning packages that translate model outputs into clear recommendations, risks, and tradeoffs.","cluster_client_interaction","Core","0.64","0.60","reviewed_for_gap_fill","0.79","reviewed_public_job_posting|review_batch=density_pass_boundary_2026_03|source_refs=fa_02|fa_03|fa_04"
"occ_13_2051_00","jd_fa2_02","Discord","Senior Financial Analyst","https://boards.greenhouse.io/discord/jobs/8335879002","public_job_posting","Benchmark performance against peers, historical baselines, and alternative scenarios so leaders can compare strategic options.","cluster_research_synthesis","Core","0.70","0.54","reviewed_for_gap_fill","0.79","reviewed_public_job_posting|review_batch=density_pass_boundary_2026_03|source_refs=fa_01|fa_03|fa_04"
"occ_13_2051_00","jd_fa2_03","Instacart","Financial Analyst II — Strategic Finance (Fulfillment)","https://boards.greenhouse.io/instacart/jobs/7630211","public_job_posting","Validate forecast assumptions, driver logic, and planning model outputs before they are used in executive or budget decisions.","cluster_qa_review","Core","0.74","0.52","reviewed_for_gap_fill","0.80","reviewed_public_job_posting|review_batch=density_pass_boundary_2026_03|source_refs=fa_01|fa_02|fa_04"
"occ_13_2051_00","jd_fa2_04","Instacart","Finance Analyst (Strategic Finance - Ads)","https://boards.greenhouse.io/instacart/jobs/7624684","public_job_posting","Track ad hoc planning requests, funding decisions, and follow-up actions so strategic finance work converts into actual operating changes.","cluster_workflow_admin","Core","0.70","0.56","reviewed_for_gap_fill","0.78","reviewed_public_job_posting|review_batch=density_pass_boundary_2026_03|source_refs=fa_01|fa_02|fa_03"
"occ_15_2031_00","jd_or_01","Instacart","Sr. Decision Scientist, Platform Excellence Ops Analytics","https://boards.greenhouse.io/instacart/jobs/7597008","public_job_posting","Build advanced analytical, forecasting, or optimization models that improve operational quality, efficiency, or business performance.","cluster_analysis","Core","0.84","0.60","reviewed_for_gap_fill","0.82","reviewed_public_job_posting|review_batch=fourth_tranche_2026_03|source_refs=or_01|or_02|or_03"
"occ_15_2031_00","jd_or_02","Instacart","Product Analytics (Strategy and Analytics) – Category Growth & Shopping Marketplace, Core Experience","https://boards.greenhouse.io/instacart/jobs/7562857","public_job_posting","Define north-star metrics, guardrails, and measurement plans for product or operational changes and prioritize high-impact analyses.","cluster_qa_review","Core","0.82","0.56","reviewed_for_gap_fill","0.81","reviewed_public_job_posting|review_batch=fourth_tranche_2026_03|source_refs=or_01|or_02|or_04"
"occ_15_2031_00","jd_or_03","Affirm","Analyst II, Quantitative Modeling & Forecasting","https://boards.greenhouse.io/affirm/jobs/7631911003","public_job_posting","Partner with stakeholders to frame planning problems, interpret model outputs, and turn them into operational or financial decisions.","cluster_decision_support","Core","0.80","0.54","reviewed_for_gap_fill","0.81","reviewed_public_job_posting|review_batch=fourth_tranche_2026_03|source_refs=or_01|or_03|or_04"
"occ_15_2031_00","jd_or_04","Samsara","Sales Operations Analyst","https://boards.greenhouse.io/samsara/jobs/7584414","public_job_posting","Develop scalable data pipelines, diagnostics, and automated reporting that keep analytical systems usable in live decision workflows.","cluster_oversight_strategy","Core","0.78","0.50","reviewed_for_gap_fill","0.79","reviewed_public_job_posting|review_batch=fourth_tranche_2026_03|source_refs=or_02|or_03|or_04"
"occ_15_1254_00","jd_wd_01","NewsBreak","Software Engineer, Web","https://boards.greenhouse.io/newsbreak/jobs/4639827006","public_job_posting","Build responsive web pages, components, and interactive experiences across flagship sites and in-app web surfaces.","cluster_drafting","Core","0.82","0.62","reviewed_for_gap_fill","0.81","reviewed_public_job_posting|review_batch=fourth_tranche_2026_03|source_refs=wd_01|wd_02|wd_03"
"occ_15_1254_00","jd_wd_02","Discord","Senior Software Engineer - Web Platform","https://boards.greenhouse.io/discord/jobs/8399456002","public_job_posting","Improve web performance, reliability, accessibility, and development workflows through platform, tooling, and infrastructure work.","cluster_qa_review","Core","0.82","0.56","reviewed_for_gap_fill","0.81","reviewed_public_job_posting|review_batch=fourth_tranche_2026_03|source_refs=wd_01|wd_02|wd_04"
"occ_15_1254_00","jd_wd_03","Figma","Manager, Web Development","https://boards.greenhouse.io/figma/jobs/5802947004","public_job_posting","Maintain web platform architecture, CMS or deployment systems, and cross-site standards for secure, scalable web delivery.","cluster_oversight_strategy","Core","0.80","0.52","reviewed_for_gap_fill","0.80","reviewed_public_job_posting|review_batch=fourth_tranche_2026_03|source_refs=wd_02|wd_03|wd_04"
"occ_15_1254_00","jd_wd_04","Brex","Software Engineer II, Frontend","https://boards.greenhouse.io/brex/jobs/8310523002","public_job_posting","Work with product, design, and data partners to scope releases and ship high-quality web experiences that meet business goals.","cluster_coordination","Core","0.78","0.58","reviewed_for_gap_fill","0.80","reviewed_public_job_posting|review_batch=fourth_tranche_2026_03|source_refs=wd_01|wd_03|wd_04"
"occ_27_1024_00","jd_gd_01","Superside","Brand Designer","https://jobs.lever.co/superside/848804a3-30a4-4d8e-b874-2d4876ffd2d6","public_job_posting","Create brand and campaign visuals that communicate clearly across digital, advertising, and other high-visibility channels.","cluster_drafting","Core","0.82","0.60","reviewed_for_gap_fill","0.81","reviewed_public_job_posting|review_batch=fourth_tranche_2026_03|source_refs=gd_01|gd_02|gd_03"
"occ_27_1024_00","jd_gd_02","Brex","Senior Brand Designer","https://boards.greenhouse.io/brex/jobs/8393510002","public_job_posting","Develop scalable visual systems, templates, and brand guidelines that keep creative output consistent across formats and teams.","cluster_oversight_strategy","Core","0.80","0.54","reviewed_for_gap_fill","0.80","reviewed_public_job_posting|review_batch=fourth_tranche_2026_03|source_refs=gd_01|gd_02|gd_04"
"occ_27_1024_00","jd_gd_03","Discord","Senior Product Creative Illustrator","https://boards.greenhouse.io/discord/jobs/8404566002","public_job_posting","Design illustrations, iconography, and product graphics that clarify features and adapt coherently across platforms.","cluster_documentation","Core","0.78","0.52","reviewed_for_gap_fill","0.80","reviewed_public_job_posting|review_batch=fourth_tranche_2026_03|source_refs=gd_01|gd_03|gd_04"
"occ_27_1024_00","jd_gd_04","Samsara","Communications Designer","https://boards.greenhouse.io/samsara/jobs/7550382","public_job_posting","Partner with marketing, product, and leadership teams to shape visual narratives, presentations, and final creative deliverables.","cluster_coordination","Core","0.78","0.56","reviewed_for_gap_fill","0.80","reviewed_public_job_posting|review_batch=fourth_tranche_2026_03|source_refs=gd_02|gd_03|gd_04"
"occ_27_3043_00","jd_wa_01","Superside","Conceptual Copywriter","https://jobs.lever.co/superside/6bd888e0-f3fb-4b1a-ab11-f236459caa00","public_job_posting","Write audience-specific copy, campaign messaging, and narrative concepts across digital, email, landing-page, and social formats.","cluster_drafting","Core","0.82","0.60","reviewed_for_gap_fill","0.81","reviewed_public_job_posting|review_batch=fourth_tranche_2026_03|source_refs=wa_01|wa_02|wa_03"
"occ_27_3043_00","jd_wa_02","Riot Games","Principal UX Writer - Riftbound","https://boards.greenhouse.io/riotgames/jobs/7522039","public_job_posting","Translate complex mechanics or product concepts into clear tutorials, UI text, terminology, and explanatory content for end users.","cluster_research_synthesis","Core","0.80","0.56","reviewed_for_gap_fill","0.80","reviewed_public_job_posting|review_batch=fourth_tranche_2026_03|source_refs=wa_01|wa_02|wa_04"
"occ_27_3043_00","jd_wa_03","Figma","Web Content Strategist","https://boards.greenhouse.io/figma/jobs/5736009004","public_job_posting","Define information architecture, user journeys, voice standards, and content strategy that connect writing to business goals.","cluster_oversight_strategy","Core","0.80","0.52","reviewed_for_gap_fill","0.80","reviewed_public_job_posting|review_batch=fourth_tranche_2026_03|source_refs=wa_01|wa_03|wa_04"
"occ_27_3043_00","jd_wa_04","Instacart","Staff Content Designer - Model Design","https://boards.greenhouse.io/instacart/jobs/7571335","public_job_posting","Coordinate revisions, cross-functional review, and publishing pipelines so written content remains clear, consistent, and release-ready.","cluster_coordination","Core","0.78","0.54","reviewed_for_gap_fill","0.80","reviewed_public_job_posting|review_batch=fourth_tranche_2026_03|source_refs=wa_02|wa_03|wa_04"
"occ_41_3011_00","jd_as_01","Brex","Enterprise Account Executive","https://boards.greenhouse.io/brex/jobs/7814866002","public_job_posting","Build and manage pipeline through outbound prospecting, discovery, and multi-stakeholder qualification for large accounts.","cluster_client_interaction","Core","0.82","0.62","reviewed_for_gap_fill","0.81","reviewed_public_job_posting|review_batch=fourth_tranche_2026_03|source_refs=as_01|as_02|as_03"
"occ_41_3011_00","jd_as_02","Figma","Account Executive, Enterprise","https://boards.greenhouse.io/figma/jobs/5426468004","public_job_posting","Create strategic account plans, proposals, and value narratives that match client objectives to the product offering.","cluster_decision_support","Core","0.80","0.56","reviewed_for_gap_fill","0.80","reviewed_public_job_posting|review_batch=fourth_tranche_2026_03|source_refs=as_01|as_02|as_04"
"occ_41_3011_00","jd_as_03","Discord","Account Executive - Tech & Telco","https://boards.greenhouse.io/discord/jobs/8433948002","public_job_posting","Coordinate product, marketing, and internal sales partners to shape pitches, proposals, and new advertising partnerships.","cluster_coordination","Core","0.80","0.54","reviewed_for_gap_fill","0.81","reviewed_public_job_posting|review_batch=fourth_tranche_2026_03|source_refs=as_02|as_03|as_04"
"occ_41_3011_00","jd_as_04","Samsara","Core Enterprise Account Executive EST/CST - Remote","https://boards.greenhouse.io/samsara/jobs/5979842","public_job_posting","Manage strategic account relationships through trials, negotiations, renewals, and expansion opportunities over time.","cluster_relationship_management","Core","0.78","0.58","reviewed_for_gap_fill","0.80","reviewed_public_job_posting|review_batch=fourth_tranche_2026_03|source_refs=as_01|as_03|as_04"
"occ_13_1041_00","jd_co_01","Anduril","Compliance Program Manager","https://boards.greenhouse.io/andurilindustries/jobs/5050610007","public_job_posting","Translate regulations, contract obligations, and control expectations into concrete policies, training, and operating requirements for business teams.","cluster_oversight_strategy","Core","0.82","0.54","reviewed_for_gap_fill","0.82","reviewed_public_job_posting|review_batch=fifth_tranche_2026_03|source_refs=co_01|co_02|co_04"
"occ_13_1041_00","jd_co_02","Toast","Compliance Manager, Consumer Protection & AI","https://boards.greenhouse.io/toast/jobs/7568218","public_job_posting","Manage complaints, audits, examinations, and issue-remediation workflows so compliance gaps are investigated, tracked, and closed.","cluster_qa_review","Core","0.80","0.56","reviewed_for_gap_fill","0.81","reviewed_public_job_posting|review_batch=fifth_tranche_2026_03|source_refs=co_01|co_02|co_03"
"occ_13_1041_00","jd_co_03","Optiver","Macro Markets Compliance Officer","https://boards.greenhouse.io/optiverus/jobs/8396461002","public_job_posting","Advise product, trading, or operating teams on new activities, conduct risk, and regulatory constraints before decisions are executed.","cluster_decision_support","Core","0.82","0.50","reviewed_for_gap_fill","0.82","reviewed_public_job_posting|review_batch=fifth_tranche_2026_03|source_refs=co_01|co_03|co_04"
"occ_13_1041_00","jd_co_04","Instacart","Program Manager, Compliance Program","https://boards.greenhouse.io/instacart/jobs/7555674","public_job_posting","Monitor regulatory changes, program status, and escalation themes and report compliance risk to leadership through structured governance rhythms.","cluster_coordination","Core","0.78","0.48","reviewed_for_gap_fill","0.80","reviewed_public_job_posting|review_batch=fifth_tranche_2026_03|source_refs=co_02|co_03|co_04"
"occ_13_1081_00","jd_log_01","Anduril","Logistics Program Manager","https://boards.greenhouse.io/andurilindustries/jobs/5014328007","public_job_posting","Coordinate forward logistics, deployments, sustainment, and reverse-logistics workflows across field teams, vendors, and internal operators.","cluster_coordination","Core","0.82","0.62","reviewed_for_gap_fill","0.81","reviewed_public_job_posting|review_batch=fifth_tranche_2026_03|source_refs=log_01|log_02|log_04"
"occ_13_1081_00","jd_log_02","Revance","Buyer/Planner","https://boards.greenhouse.io/revance/jobs/8436575002","public_job_posting","Manage inventory, MRP, purchase orders, and supplier commitments so materials arrive when needed and supply continuity is preserved.","cluster_oversight_strategy","Core","0.82","0.58","reviewed_for_gap_fill","0.80","reviewed_public_job_posting|review_batch=fifth_tranche_2026_03|source_refs=log_01|log_03|log_04"
"occ_13_1081_00","jd_log_03","Revance","Sr. Logistics Analyst","https://boards.greenhouse.io/revance/jobs/8391173002","public_job_posting","Analyze transportation cost, service, and KPI data to identify bottlenecks, forecast needs, and improve logistics performance.","cluster_analysis","Core","0.80","0.54","reviewed_for_gap_fill","0.80","reviewed_public_job_posting|review_batch=fifth_tranche_2026_03|source_refs=log_01|log_02|log_03"
"occ_13_1081_00","jd_log_04","Waymo","Strategic Sourcing Manager, Electronic Components","https://boards.greenhouse.io/waymo/jobs/7435582","public_job_posting","Develop sourcing, negotiation, and supply-risk strategies with engineering and operations partners for critical components and suppliers.","cluster_decision_support","Core","0.80","0.50","reviewed_for_gap_fill","0.81","reviewed_public_job_posting|review_batch=fifth_tranche_2026_03|source_refs=log_02|log_03|log_04"
"occ_17_2072_00","jd_ee_01","Anduril","Electrical Engineer","https://boards.greenhouse.io/andurilindustries/jobs/5036342007","public_job_posting","Own electrical-system design from requirements through schematic, PCB, bring-up, and integration for deployed hardware.","cluster_drafting","Core","0.82","0.60","reviewed_for_gap_fill","0.82","reviewed_public_job_posting|review_batch=fifth_tranche_2026_03|source_refs=ee_01|ee_02|ee_03"
"occ_17_2072_00","jd_ee_02","Anduril","Electrical Engineer, Avionics Design","https://boards.greenhouse.io/andurilindustries/jobs/5059872007","public_job_posting","Make architecture and component decisions for power, avionics, interfaces, and embedded electronics under system constraints.","cluster_decision_support","Core","0.82","0.54","reviewed_for_gap_fill","0.81","reviewed_public_job_posting|review_batch=fifth_tranche_2026_03|source_refs=ee_01|ee_02|ee_03"
"occ_17_2072_00","jd_ee_03","Aurora","Senior Electrical Engineer","https://boards.greenhouse.io/aurorainnovation/jobs/8232117002","public_job_posting","Validate, debug, and characterize electronic systems through lab testing, design verification, and manufacturing or field feedback loops.","cluster_qa_review","Core","0.80","0.56","reviewed_for_gap_fill","0.81","reviewed_public_job_posting|review_batch=fifth_tranche_2026_03|source_refs=ee_01|ee_03|ee_04"
"occ_17_2072_00","jd_ee_04","Anduril","Electrical Engineer III, Manufacturing Test","https://boards.greenhouse.io/andurilindustries/jobs/4988611007","public_job_posting","Build test automation, fixtures, and data-collection systems that let hardware move reliably from engineering into scaled production.","cluster_coordination","Core","0.80","0.52","reviewed_for_gap_fill","0.81","reviewed_public_job_posting|review_batch=fifth_tranche_2026_03|source_refs=ee_02|ee_03|ee_04"
"occ_17_2141_00","jd_me_01","Waymo","Mechanical Engineer, Vehicle Engineering","https://boards.greenhouse.io/waymo/jobs/7409556","public_job_posting","Own mechanical subsystems, structures, enclosures, or trim packages and integrate them into larger vehicle or hardware platforms.","cluster_drafting","Core","0.82","0.58","reviewed_for_gap_fill","0.81","reviewed_public_job_posting|review_batch=fifth_tranche_2026_03|source_refs=me_01|me_03|me_04"
"occ_17_2141_00","jd_me_02","Anduril","Electro-Mechanical Engineer, R&D","https://boards.greenhouse.io/andurilindustries/jobs/4924593007","public_job_posting","Run trade studies, concept evaluation, and DFM or vendor collaboration to choose viable mechanical paths under cost and performance constraints.","cluster_decision_support","Core","0.80","0.52","reviewed_for_gap_fill","0.81","reviewed_public_job_posting|review_batch=fifth_tranche_2026_03|source_refs=me_01|me_02|me_04"
"occ_17_2141_00","jd_me_03","Anduril","Electro-Mechanical Engineer, PCBs/Motor Controls","https://boards.greenhouse.io/andurilindustries/jobs/4833637007","public_job_posting","Build prototypes, run tests, analyze failures, and iterate designs until mechanical systems are production-ready.","cluster_qa_review","Core","0.80","0.56","reviewed_for_gap_fill","0.81","reviewed_public_job_posting|review_batch=fifth_tranche_2026_03|source_refs=me_02|me_03|me_04"
"occ_17_2141_00","jd_me_04","Anduril","Mechanical Engineer, Drones","https://boards.greenhouse.io/andurilindustries/jobs/5010190007","public_job_posting","Translate system requirements from electrical, software, manufacturing, and mission stakeholders into workable mechanical integration plans.","cluster_coordination","Core","0.78","0.50","reviewed_for_gap_fill","0.80","reviewed_public_job_posting|review_batch=fifth_tranche_2026_03|source_refs=me_01|me_03|me_04"
"occ_27_3023_00","jd_jr_01","CloudWalk","Journalist / AI Trainer","https://jobs.lever.co/cloudwalk/5e5304cb-b199-4789-92d9-7e85afa82522","public_job_posting","Report, investigate, and develop story angles by gathering facts, sources, context, and timely developments from complex events.","cluster_research_synthesis","Core","0.82","0.60","reviewed_for_gap_fill","0.80","reviewed_public_job_posting|review_batch=fifth_tranche_2026_03|source_refs=jr_01|jr_03|jr_04"
"occ_27_3023_00","jd_jr_02","Jobgether","AI Writer and Journalist","https://jobs.lever.co/jobgether/040f7d3a-16c0-4907-bbda-cc54e8069871","public_job_posting","Verify facts and turn dense or technical material into clear public-facing narratives, explainers, and updates.","cluster_drafting","Core","0.82","0.58","reviewed_for_gap_fill","0.80","reviewed_public_job_posting|review_batch=fifth_tranche_2026_03|source_refs=jr_01|jr_02|jr_04"
"occ_27_3023_00","jd_jr_03","The Athletic","Live Reporter, NFL","https://jobs.lever.co/theathletic/4c374b4a-5581-4b98-aa50-8d6f0d28b1c6","public_job_posting","Manage rapid editorial cycles under deadlines by updating stories, filing live observations, and prioritizing audience-relevant developments.","cluster_coordination","Core","0.80","0.62","reviewed_for_gap_fill","0.80","reviewed_public_job_posting|review_batch=fifth_tranche_2026_03|source_refs=jr_02|jr_03|jr_04"
"occ_27_3023_00","jd_jr_04","The Free Press","Senior Investigative Reporter","https://jobs.lever.co/thefp/84d2e90a-b241-4d6e-974e-a77a576989ee","public_job_posting","Coordinate with editors, producers, and audience teams on publication strategy, framing, and package timing for major stories.","cluster_oversight_strategy","Core","0.78","0.50","reviewed_for_gap_fill","0.79","reviewed_public_job_posting|review_batch=fifth_tranche_2026_03|source_refs=jr_01|jr_03|jr_04"
"occ_27_3031_00","jd_pr_01","Attentive","Senior Communications Manager","https://jobs.lever.co/attentive/bb33dc7e-6da4-4adc-af97-8bc1f8644fec","public_job_posting","Develop company messaging, media strategy, and external narratives that align launches, leadership communications, and brand priorities.","cluster_drafting","Core","0.82","0.56","reviewed_for_gap_fill","0.80","reviewed_public_job_posting|review_batch=fifth_tranche_2026_03|source_refs=pr_01|pr_02|pr_04"
"occ_27_3031_00","jd_pr_02","Inkitt","Public Relations Manager","https://jobs.lever.co/inkitt/681e30d0-b3c8-42ba-9b28-be4e8fad2dcd","public_job_posting","Manage press inquiries, launch communications, and spokesperson coordination across journalists, partners, and internal leaders.","cluster_client_interaction","Core","0.82","0.60","reviewed_for_gap_fill","0.80","reviewed_public_job_posting|review_batch=fifth_tranche_2026_03|source_refs=pr_01|pr_02|pr_03"
"occ_27_3031_00","jd_pr_03","AHEAD","Public Relations Manager","https://jobs.lever.co/thinkahead/b7e643e4-d7d5-4b20-94d1-4d49e53759d4","public_job_posting","Monitor media issues, reputation risks, and campaign outcomes and prepare response plans when public narratives shift.","cluster_qa_review","Core","0.80","0.52","reviewed_for_gap_fill","0.80","reviewed_public_job_posting|review_batch=fifth_tranche_2026_03|source_refs=pr_02|pr_03|pr_04"
"occ_27_3031_00","jd_pr_04","VeSync","Senior Public Relations Manager","https://jobs.lever.co/vesync/17ebce14-8878-45c3-9a5b-2c11fd35a664","public_job_posting","Coordinate with product, legal, executive, and marketing teams to deliver campaigns, launches, and external response plans coherently.","cluster_coordination","Core","0.78","0.56","reviewed_for_gap_fill","0.80","reviewed_public_job_posting|review_batch=fifth_tranche_2026_03|source_refs=pr_01|pr_03|pr_04"
"occ_27_3041_00","jd_ed_01","Future of Life","Editor","https://jobs.lever.co/futureof-life/c7e0c1ee-5aaa-473e-9d18-ba316b6f9d81","public_job_posting","Source, commission, and shape contributed pieces or story packages so strong ideas become publishable editorial products.","cluster_coordination","Core","0.80","0.54","reviewed_for_gap_fill","0.80","reviewed_public_job_posting|review_batch=fifth_tranche_2026_03|source_refs=ed_01|ed_02|ed_03"
"occ_27_3041_00","jd_ed_02","The Free Press","Senior Editor","https://api.lever.co/v0/postings/thefp/8841a5dd-f92f-4b50-bb4c-e7d1c91d6aa4?mode=json","public_job_posting","Provide structural, line, and copy edits that improve clarity, argument, tone, and factual rigor while maintaining editorial standards.","cluster_qa_review","Core","0.82","0.58","reviewed_for_gap_fill","0.81","reviewed_public_job_posting|review_batch=fifth_tranche_2026_03|source_refs=ed_01|ed_02|ed_04"
"occ_27_3041_00","jd_ed_03","AFAR","Senior Editor, Editorial","https://jobs.lever.co/AfarMedia/19c9e3ab-8aff-48d2-8588-4c18b373fc16","public_job_posting","Manage editorial calendars, assignment flow, and package prioritization across multiple stories, contributors, and deadlines.","cluster_oversight_strategy","Core","0.80","0.52","reviewed_for_gap_fill","0.80","reviewed_public_job_posting|review_batch=fifth_tranche_2026_03|source_refs=ed_01|ed_03|ed_04"
"occ_27_3041_00","jd_ed_04","Jobgether","Managing Editor, Learning Solutions","https://jobs.lever.co/jobgether/68e1cac9-bd63-43c4-a2db-a1a04e4c7954","public_job_posting","Collaborate with design, audience, production, and leadership partners to package content for publication impact and quality control.","cluster_decision_support","Core","0.78","0.50","reviewed_for_gap_fill","0.80","reviewed_public_job_posting|review_batch=fifth_tranche_2026_03|source_refs=ed_02|ed_03|ed_04"
"occ_43_9111_00","jd_st_01","Instacart","Data Analyst, Legal Compliance","https://boards.greenhouse.io/instacart/jobs/7536747","public_job_posting","Collect, clean, organize, and maintain datasets and recurring reporting pipelines that support operational or compliance visibility.","cluster_documentation","Core","0.82","0.64","reviewed_for_gap_fill","0.81","reviewed_public_job_posting|review_batch=fifth_tranche_2026_03|source_refs=st_01|st_02|st_03"
"occ_43_9111_00","jd_st_02","Aurora","Safety Data Analyst","https://boards.greenhouse.io/aurorainnovation/jobs/8296980002","public_job_posting","Build dashboards, KPI reports, and recurring summaries that surface trends and performance signals for operational teams.","cluster_analysis","Core","0.82","0.62","reviewed_for_gap_fill","0.81","reviewed_public_job_posting|review_batch=fifth_tranche_2026_03|source_refs=st_01|st_02|st_04"
"occ_43_9111_00","jd_st_03","Samsara","Senior Customer Success Quality Analyst","https://boards.greenhouse.io/samsara/jobs/7373807","public_job_posting","Support workflow tooling, quality checks, and monitoring systems that keep data-driven processes accurate and usable.","cluster_qa_review","Core","0.80","0.60","reviewed_for_gap_fill","0.80","reviewed_public_job_posting|review_batch=fifth_tranche_2026_03|source_refs=st_01|st_03|st_04"
"occ_43_9111_00","jd_st_04","Figma","People Analyst","https://boards.greenhouse.io/figma/jobs/5737300004","public_job_posting","Partner with analysts and business stakeholders to investigate anomalies, support forecasting, and explain data patterns in decisions.","cluster_decision_support","Core","0.78","0.54","reviewed_for_gap_fill","0.80","reviewed_public_job_posting|review_batch=fifth_tranche_2026_03|source_refs=st_02|st_03|st_04"
"occ_43_3031_00","jd_bk_01","Empire State Realty Trust","Accounts Payable Specialist","https://jobs.lever.co/esrtreit/b9ee8574-ae7f-4f2f-8ddc-5fa50dde9c72","public_job_posting","Process, code, and route invoices, expense items, and other payables accurately through ERP and approval workflows.","cluster_documentation","Core","0.84","0.68","reviewed_for_gap_fill","0.81","reviewed_public_job_posting|review_batch=routine_review_2026_03|source_refs=bk_01|bk_02|bk_03"
"occ_43_3031_00","jd_bk_02","Solar Landscape","Accounts Payable Specialist","https://jobs.lever.co/solarlandscape/09e82e2b-f8e7-4225-9591-0cfe16b56e1e","public_job_posting","Reconcile vendor accounts, statements, and ledger balances and resolve discrepancies against purchase orders and approvals.","cluster_qa_review","Core","0.82","0.62","reviewed_for_gap_fill","0.81","reviewed_public_job_posting|review_batch=routine_review_2026_03|source_refs=bk_01|bk_02|bk_04"
"occ_43_3031_00","jd_bk_03","Promethean","Specialist II, Accounts Payable","https://jobs.lever.co/prometheanworld/f3e69ad6-19ca-494d-bacd-388094bf75a5","public_job_posting","Prepare payment runs, employee expense audits, and month-end or close-support tasks under internal-control requirements.","cluster_coordination","Core","0.80","0.58","reviewed_for_gap_fill","0.80","reviewed_public_job_posting|review_batch=routine_review_2026_03|source_refs=bk_02|bk_03|bk_04"
"occ_43_3031_00","jd_bk_04","Gridware","Payroll & AP Operations Specialist","https://jobs.lever.co/gridware/f05d7d94-0525-44d1-aa1e-fa105ca32cd0","public_job_posting","Coordinate with vendors, finance teams, and internal stakeholders to maintain AP records, resolve exceptions, and keep finance operations current.","cluster_coordination","Core","0.78","0.56","reviewed_for_gap_fill","0.80","reviewed_public_job_posting|review_batch=routine_review_2026_03|source_refs=bk_01|bk_03|bk_04"
"occ_43_3031_00","jd_bk2_01","Gridware","Payroll & AP Operations Specialist","https://jobs.lever.co/gridware/f05d7d94-0525-44d1-aa1e-fa105ca32cd0","public_job_posting","Maintain vendor master data, tax forms, and payment instructions so payables records stay compliant and ready for audit or close review.","cluster_workflow_admin","Core","0.78","0.54","reviewed_for_gap_fill","0.80","reviewed_public_job_posting|review_batch=density_pass_admin_2026_03|source_refs=bk_01|bk_04"
"occ_43_3031_00","jd_bk2_02","Promethean","Specialist II, Accounts Payable","https://jobs.lever.co/prometheanworld/f3e69ad6-19ca-494d-bacd-388094bf75a5","public_job_posting","Investigate duplicate invoices, unapplied credits, and approval exceptions and route unresolved issues to the right finance owner.","cluster_decision_support","Core","0.80","0.50","reviewed_for_gap_fill","0.80","reviewed_public_job_posting|review_batch=density_pass_admin_2026_03|source_refs=bk_02|bk_03|bk_04"
"occ_43_3031_00","jd_bk2_03","Solar Landscape","Accounts Payable Specialist","https://jobs.lever.co/solarlandscape/09e82e2b-f8e7-4225-9591-0cfe16b56e1e","public_job_posting","Assemble aging snapshots, accrual backup, and close-support schedules so controllers can review open liabilities and payment timing.","cluster_analysis","Core","0.76","0.44","reviewed_for_gap_fill","0.79","reviewed_public_job_posting|review_batch=density_pass_admin_2026_03|source_refs=bk_02|bk_03|bk_04"
"occ_43_3031_00","jd_bk2_04","Empire State Realty Trust","Accounts Payable Specialist","https://jobs.lever.co/esrtreit/b9ee8574-ae7f-4f2f-8ddc-5fa50dde9c72","public_job_posting","Check payment files, approval chains, and supporting documents against policy before funds are released or exceptions are cleared.","cluster_qa_review","Core","0.82","0.56","reviewed_for_gap_fill","0.80","reviewed_public_job_posting|review_batch=density_pass_admin_2026_03|source_refs=bk_01|bk_02|bk_04"
"occ_43_9061_00","jd_oc_01","August Bioservices","Office Coordinator","https://jobs.lever.co/AugustBioservices/0cd9771b-47f8-444f-9dae-a17e1226df74","public_job_posting","Manage front-desk flow, greet visitors, route calls or messages, and maintain a professional first point of contact for the office.","cluster_client_interaction","Core","0.82","0.70","reviewed_for_gap_fill","0.80","reviewed_public_job_posting|review_batch=routine_review_2026_03|source_refs=oc_01|oc_02|oc_03"
"occ_43_9061_00","jd_oc_02","Valinor","Office Admin","https://jobs.lever.co/valinor/80aabcd7-095d-4e48-94ca-5cdae4a42e12","public_job_posting","Coordinate office vendors, facilities issues, supply requests, and day-to-day workplace operations so routine needs are handled quickly.","cluster_coordination","Core","0.80","0.66","reviewed_for_gap_fill","0.80","reviewed_public_job_posting|review_batch=routine_review_2026_03|source_refs=oc_01|oc_02|oc_04"
"occ_43_9061_00","jd_oc_03","Coates Group","Office Coordinator","https://jobs.lever.co/coatesgroup/73e5a92b-3811-467c-8da7-94c806933ac9","public_job_posting","Support onboarding, office events, internal announcements, and other routine logistics that keep shared office workflows running.","cluster_coordination","Core","0.78","0.62","reviewed_for_gap_fill","0.79","reviewed_public_job_posting|review_batch=routine_review_2026_03|source_refs=oc_01|oc_02|oc_03"
"occ_43_9061_00","jd_oc_04","Centuria","Administrative Assistant","https://jobs.lever.co/centuria/450e6928-3dce-4b2a-923d-14ac9ee70c90","public_job_posting","Maintain routine records, reports, time-and-attendance support, and general clerical requests across office teams.","cluster_documentation","Core","0.78","0.68","reviewed_for_gap_fill","0.79","reviewed_public_job_posting|review_batch=routine_review_2026_03|source_refs=oc_02|oc_03|oc_04"
"occ_43_9061_00","jd_oc2_01","Centuria","Administrative Assistant","https://jobs.lever.co/centuria/450e6928-3dce-4b2a-923d-14ac9ee70c90","public_job_posting","Receive, sort, and route incoming forms, mail, records requests, and internal tickets to the correct department or owner.","cluster_workflow_admin","Core","0.80","0.66","reviewed_for_gap_fill","0.80","reviewed_public_job_posting|review_batch=density_pass_admin_2026_03|source_refs=oc_01|oc_04"
"occ_43_9061_00","jd_oc2_02","August Bioservices","Office Coordinator","https://jobs.lever.co/AugustBioservices/0cd9771b-47f8-444f-9dae-a17e1226df74","public_job_posting","Check completed forms, data entries, and routine paperwork for completeness before records are filed or requests move forward.","cluster_qa_review","Core","0.78","0.58","reviewed_for_gap_fill","0.79","reviewed_public_job_posting|review_batch=density_pass_admin_2026_03|source_refs=oc_01|oc_03|oc_04"
"occ_43_9061_00","jd_oc2_03","Valinor","Office Admin","https://jobs.lever.co/valinor/80aabcd7-095d-4e48-94ca-5cdae4a42e12","public_job_posting","Track recurring deadlines, supply budgets, and simple office reports so managers can see status and act on exceptions.","cluster_decision_support","Core","0.74","0.52","reviewed_for_gap_fill","0.78","reviewed_public_job_posting|review_batch=density_pass_admin_2026_03|source_refs=oc_02|oc_03|oc_04"
"occ_43_9061_00","jd_oc2_04","Coates Group","Office Coordinator","https://jobs.lever.co/coatesgroup/73e5a92b-3811-467c-8da7-94c806933ac9","public_job_posting","Escalate facilities, access, equipment, or staffing issues to the right partner and follow them through to resolution.","cluster_coordination","Core","0.76","0.60","reviewed_for_gap_fill","0.79","reviewed_public_job_posting|review_batch=density_pass_admin_2026_03|source_refs=oc_01|oc_02|oc_03"
"occ_43_6014_00","jd_adm_01","HCVT","Administrative Assistant","https://jobs.lever.co/hcvt/37f4cd45-5594-4c7e-b46f-ea11306c3d2c","public_job_posting","Manage calendars, meetings, travel, and expense reporting for supported leaders while keeping routine administrative work moving.","cluster_coordination","Core","0.82","0.66","reviewed_for_gap_fill","0.80","reviewed_public_job_posting|review_batch=routine_review_2026_03|source_refs=adm_01|adm_02|adm_03"
"occ_43_6014_00","jd_adm_02","Stand Together","Senior Administrative Assistant, Strategic Partnerships","https://jobs.lever.co/standtogether/8ab01976-3946-4e86-97c3-f87ff9ccf172","public_job_posting","Prepare correspondence, agendas, presentations, and meeting materials and keep confidential administrative records organized.","cluster_documentation","Core","0.80","0.60","reviewed_for_gap_fill","0.80","reviewed_public_job_posting|review_batch=routine_review_2026_03|source_refs=adm_01|adm_02|adm_04"
"occ_43_6014_00","jd_adm_03","Lessen","Senior Administrative Assistant","https://jobs.lever.co/lessen/340d28dc-5c56-422b-ab3c-646b680f9540","public_job_posting","Track follow-ups, deadlines, and internal workflow requests across teams so managers and staff stay aligned on routine operations.","cluster_coordination","Core","0.78","0.58","reviewed_for_gap_fill","0.79","reviewed_public_job_posting|review_batch=routine_review_2026_03|source_refs=adm_02|adm_03|adm_04"
"occ_43_6014_00","jd_adm_04","SAIT","Administrative Assistant","https://jobs.lever.co/sait/893f4b4c-749e-4235-8e9e-612a985c3a99","public_job_posting","Handle minutes, confidential records, service requests, and other recurring support tasks with discretion and procedural consistency.","cluster_qa_review","Core","0.78","0.56","reviewed_for_gap_fill","0.79","reviewed_public_job_posting|review_batch=routine_review_2026_03|source_refs=adm_01|adm_03|adm_04"
"occ_43_6011_00","jd_ea_01","Sonatype","Executive/Administrative Assistant","https://jobs.lever.co/sonatype/fd7f1d78-42fa-4330-98d3-e0fb6c587baf","public_job_posting","Act as a gatekeeper and scheduling partner for executives by sequencing calendars, communications, travel, and changing priorities.","cluster_relationship_management","Core","0.82","0.64","reviewed_for_gap_fill","0.80","reviewed_public_job_posting|review_batch=routine_review_2026_03|source_refs=ea_01|ea_02|ea_03"
"occ_43_6011_00","jd_ea_02","KIND","Executive Administrative Assistant","https://jobs.lever.co/supportkind/686ff7d3-4771-4ffc-bb24-4d484370748a","public_job_posting","Prepare executive-office materials, event logistics, expense support, and follow-up systems for leadership and external stakeholders.","cluster_documentation","Core","0.80","0.60","reviewed_for_gap_fill","0.80","reviewed_public_job_posting|review_batch=routine_review_2026_03|source_refs=ea_01|ea_02|ea_04"
"occ_43_6011_00","jd_ea_03","e.l.f. Beauty","Executive Assistant","https://jobs.lever.co/elfbeauty/3ba0b07b-a0a4-40cd-b617-3575c3444f08","public_job_posting","Coordinate board, leadership, and cross-functional interactions while handling highly sensitive information with discretion.","cluster_client_interaction","Core","0.80","0.58","reviewed_for_gap_fill","0.80","reviewed_public_job_posting|review_batch=routine_review_2026_03|source_refs=ea_01|ea_03|ea_04"
"occ_43_6011_00","jd_ea_04","Filevine","Executive Assistant to the CMO","https://jobs.lever.co/filevine/aef2dd52-210b-46f9-95d3-b247cd4a0131","public_job_posting","Track action items, align departments, and extend executive decision cadence through project coordination and operational follow-through.","cluster_oversight_strategy","Core","0.78","0.56","reviewed_for_gap_fill","0.80","reviewed_public_job_posting|review_batch=routine_review_2026_03|source_refs=ea_02|ea_03|ea_04"
"occ_43_6011_00","jd_ea2_01","Sonatype","Executive/Administrative Assistant","https://jobs.lever.co/sonatype/fd7f1d78-42fa-4330-98d3-e0fb6c587baf","public_job_posting","Screen inboxes, requests, and briefing materials for executives and surface what needs immediate attention, prep, or delegation.","cluster_decision_support","Core","0.70","0.54","reviewed_for_gap_fill","0.80","reviewed_public_job_posting|review_batch=density_pass_admin_2026_03|source_refs=ea_01|ea_02|ea_03"
"occ_43_6011_00","jd_ea2_02","e.l.f. Beauty","Executive Assistant","https://jobs.lever.co/elfbeauty/3ba0b07b-a0a4-40cd-b617-3575c3444f08","public_job_posting","Prepare meeting briefs, board packets, and decision-ready background materials before leadership conversations and travel.","cluster_decision_support","Core","0.62","0.50","reviewed_for_gap_fill","0.79","reviewed_public_job_posting|review_batch=density_pass_admin_2026_03|source_refs=ea_02|ea_03|ea_04"
"occ_43_6011_00","jd_ea2_03","KIND","Executive Administrative Assistant","https://jobs.lever.co/supportkind/686ff7d3-4771-4ffc-bb24-4d484370748a","public_job_posting","Monitor confidential deadlines, approvals, and cross-functional commitments and flag misses before they create executive risk.","cluster_qa_review","Core","0.66","0.48","reviewed_for_gap_fill","0.80","reviewed_public_job_posting|review_batch=density_pass_admin_2026_03|source_refs=ea_01|ea_02|ea_04"
"occ_43_6011_00","jd_ea2_04","Filevine","Executive Assistant to the CMO","https://jobs.lever.co/filevine/aef2dd52-210b-46f9-95d3-b247cd4a0131","public_job_posting","Coordinate special projects or leadership initiatives across departments while maintaining discretion, follow-through, and executive context.","cluster_coordination","Core","0.64","0.54","reviewed_for_gap_fill","0.79","reviewed_public_job_posting|review_batch=density_pass_admin_2026_03|source_refs=ea_01|ea_03|ea_04"
"occ_11_3031_00","jd_fm_01","Curri","Financial Manager, FP&A","https://jobs.lever.co/curri/5ed5d4b7-fc0c-41ff-b91f-7676b162d9b9","public_job_posting","Build budgets, forecasts, and scenario plans that turn operating assumptions into decision-ready finance views for leadership.","cluster_decision_support","Core","0.82","0.60","reviewed_for_gap_fill","0.81","reviewed_public_job_posting|review_batch=sixth_tranche_2026_03|source_refs=fm_01|fm_03"
"occ_11_3031_00","jd_fm_02","Curri","Financial Manager, FP&A","https://jobs.lever.co/curri/5ed5d4b7-fc0c-41ff-b91f-7676b162d9b9","public_job_posting","Prepare KPI reporting, variance analysis, and performance reviews that explain what moved results and what needs intervention.","cluster_analysis","Core","0.82","0.58","reviewed_for_gap_fill","0.81","reviewed_public_job_posting|review_batch=sixth_tranche_2026_03|source_refs=fm_01|fm_02"
"occ_11_3031_00","jd_fm_03","Paytm","Business Finance - Process Re-Engineering","https://jobs.lever.co/paytm/c67a41ca-812b-40f8-a544-91e87ee31d1a","public_job_posting","Partner with business, operations, and finance teams to align performance reviews, planning cycles, and operating follow-through.","cluster_coordination","Core","0.78","0.56","reviewed_for_gap_fill","0.80","reviewed_public_job_posting|review_batch=sixth_tranche_2026_03|source_refs=fm_01|fm_03"
"occ_11_3031_00","jd_fm_04","Aleph","Finance Manager (Reporting and Compliance Team) - APAC","https://jobs.lever.co/aleph/817e2f25-995c-486f-9068-784d0bb7a933","public_job_posting","Run reporting controls, audit support, and compliance checks that keep finance outputs reliable under internal and external scrutiny.","cluster_qa_review","Core","0.80","0.54","reviewed_for_gap_fill","0.81","reviewed_public_job_posting|review_batch=sixth_tranche_2026_03|source_refs=fm_02|fm_03"
"occ_15_1232_00","jd_its_01","Regard","IT Support Specialist","https://jobs.lever.co/Regard/7eed12a2-3c1f-4212-91ec-448146209bf5?lever-source%5B%5D=jobs.tenoneten.net","public_job_posting","Troubleshoot end-user hardware, software, network, and access issues across deskside and remote support channels.","cluster_client_interaction","Core","0.84","0.70","reviewed_for_gap_fill","0.81","reviewed_public_job_posting|review_batch=sixth_tranche_2026_03|source_refs=its_01|its_02|its_03"
"occ_15_1232_00","jd_its_02","Ridgeline","Senior IT Support Specialist","https://boards.greenhouse.io/embed/job_app?token=6688296003","public_job_posting","Manage ticket queues, escalations, and issue follow-through so incidents are routed, resolved, and closed with usable status updates.","cluster_coordination","Core","0.80","0.68","reviewed_for_gap_fill","0.80","reviewed_public_job_posting|review_batch=sixth_tranche_2026_03|source_refs=its_01|its_03"
"occ_15_1232_00","jd_its_03","Xsolla","Technical Support Specialist","https://jobs.lever.co/xsolla/f3f1fd7b-65eb-4245-9f9b-ef332f832def?lever-source=Indeed","public_job_posting","Provision devices, accounts, permissions, and asset records so employees can work securely and IT inventory stays current.","cluster_workflow_admin","Core","0.78","0.64","reviewed_for_gap_fill","0.80","reviewed_public_job_posting|review_batch=sixth_tranche_2026_03|source_refs=its_01|its_02|its_03"
"occ_15_1232_00","jd_its_04","Xsolla","Technical Support Specialist","https://jobs.lever.co/xsolla/f3f1fd7b-65eb-4245-9f9b-ef332f832def?lever-source=Indeed","public_job_posting","Document recurring fixes, onboarding steps, support procedures, and knowledge-base guidance so common issues can be resolved faster.","cluster_documentation","Core","0.76","0.60","reviewed_for_gap_fill","0.79","reviewed_public_job_posting|review_batch=sixth_tranche_2026_03|source_refs=its_02|its_03"
"occ_13_1023_00","jd_proc_01","Achievers","Procurement Specialist","https://jobs.lever.co/achievers/5d2d527d-fc92-4927-9ca0-9ef383124d31","public_job_posting","Collect quotes, compare vendors, and negotiate purchasing terms so internal buyers can choose acceptable options on cost, timing, and fit.","cluster_decision_support","Core","0.82","0.60","reviewed_for_gap_fill","0.80","reviewed_public_job_posting|review_batch=sixth_tranche_2026_03|source_refs=proc_01|proc_03"
"occ_13_1023_00","jd_proc_02","Last Energy","Procurement Specialist","https://jobs.lever.co/last-energy/799a912f-2096-4bdb-9589-3bcae79dccba","public_job_posting","Issue purchase orders and maintain supplier, contract, and procurement records so requests move through approvals without losing traceability.","cluster_workflow_admin","Core","0.80","0.64","reviewed_for_gap_fill","0.80","reviewed_public_job_posting|review_batch=sixth_tranche_2026_03|source_refs=proc_01|proc_03"
"occ_13_1023_00","jd_proc_03","Last Energy","Procurement Specialist","https://jobs.lever.co/last-energy/799a912f-2096-4bdb-9589-3bcae79dccba","public_job_posting","Coordinate internal requirements, delivery timing, approvals, and exception handling across requesters, finance, and suppliers.","cluster_coordination","Core","0.78","0.58","reviewed_for_gap_fill","0.80","reviewed_public_job_posting|review_batch=sixth_tranche_2026_03|source_refs=proc_01|proc_02|proc_03"
"occ_13_1023_00","jd_proc_04","Neko Health","IT Procurement Specialist","https://jobs.lever.co/nekohealth/4a2c60a6-42ef-4a34-9c90-78fcd44a20c2","public_job_posting","Monitor supplier performance, pricing, cycle-time metrics, and policy compliance so procurement problems are visible before they escalate.","cluster_analysis","Core","0.80","0.56","reviewed_for_gap_fill","0.80","reviewed_public_job_posting|review_batch=sixth_tranche_2026_03|source_refs=proc_01|proc_02"
"occ_13_1031_00","jd_clm_01","Reserv","Cargo Claims Adjuster","https://boards.greenhouse.io/embed/job_app?token=4742699008","public_job_posting","Investigate claims by collecting statements, records, and other evidence needed to establish what happened and what is supportable.","cluster_research_synthesis","Core","0.80","0.62","reviewed_for_gap_fill","0.80","reviewed_public_job_posting|review_batch=sixth_tranche_2026_03|source_refs=clm_01|clm_02|clm_03"
"occ_13_1031_00","jd_clm_02","Applied Underwriters","Commercial Claims Adjuster","https://jobs.lever.co/auw/68fee0f1-e03f-43b6-ab15-730332e616d7","public_job_posting","Interpret coverage, apply policy terms, and recommend claim decisions or reserves under legal and company guidelines.","cluster_decision_support","Core","0.78","0.56","reviewed_for_gap_fill","0.80","reviewed_public_job_posting|review_batch=sixth_tranche_2026_03|source_refs=clm_01|clm_02"
"occ_13_1031_00","jd_clm_03","Berkshire Hathaway Homestate Companies","Senior Claims Adjuster - Workers Compensation","https://jobs.lever.co/bhhc/6db13642-6409-402a-ae59-684767781111","public_job_posting","Coordinate claim vendors, counsel, repair partners, and internal stakeholders so complex files keep moving toward resolution.","cluster_coordination","Core","0.76","0.54","reviewed_for_gap_fill","0.79","reviewed_public_job_posting|review_batch=sixth_tranche_2026_03|source_refs=clm_02|clm_03"
"occ_13_1031_00","jd_clm_04","Berkshire Hathaway Homestate Companies","Senior Claims Adjuster - Workers Compensation","https://jobs.lever.co/bhhc/6db13642-6409-402a-ae59-684767781111","public_job_posting","Maintain claim documentation, notices, filings, and compliance trail requirements so regulated claim handling stays complete and auditable.","cluster_documentation","Core","0.78","0.60","reviewed_for_gap_fill","0.80","reviewed_public_job_posting|review_batch=sixth_tranche_2026_03|source_refs=clm_02|clm_03"
"occ_13_1031_00","jd_clm2_01","Berkshire Hathaway Homestate Companies","Senior Claims Adjuster - Workers Compensation","https://jobs.lever.co/bhhc/6db13642-6409-402a-ae59-684767781111","public_job_posting","Review medical, repair, wage, or vendor estimates against file facts and policy rules before approving payments or reserve changes.","cluster_qa_review","Core","0.78","0.54","reviewed_for_gap_fill","0.80","reviewed_public_job_posting|review_batch=density_pass_boundary_2026_03|source_refs=clm_01|clm_02|clm_03"
"occ_13_1031_00","jd_clm2_02","Applied Underwriters","Commercial Claims Adjuster","https://jobs.lever.co/auw/68fee0f1-e03f-43b6-ab15-730332e616d7","public_job_posting","Explain coverage positions, settlement options, and next steps to claimants, brokers, or employers during difficult claim interactions.","cluster_client_interaction","Core","0.70","0.50","reviewed_for_gap_fill","0.79","reviewed_public_job_posting|review_batch=density_pass_boundary_2026_03|source_refs=clm_01|clm_02|clm_03"
"occ_13_1031_00","jd_clm2_03","Reserv","Cargo Claims Adjuster","https://boards.greenhouse.io/embed/job_app?token=4742699008","public_job_posting","Analyze loss patterns, liability drivers, and reserve adequacy across open files so higher-risk claims are surfaced early.","cluster_analysis","Core","0.68","0.48","reviewed_for_gap_fill","0.79","reviewed_public_job_posting|review_batch=density_pass_boundary_2026_03|source_refs=clm_01|clm_02"
"occ_13_1031_00","jd_clm2_04","Berkshire Hathaway Homestate Companies","Senior Claims Adjuster - Workers Compensation","https://jobs.lever.co/bhhc/6db13642-6409-402a-ae59-684767781111","public_job_posting","Manage diary deadlines, authority thresholds, and escalation timing so open claims stay within process and regulatory guardrails.","cluster_workflow_admin","Core","0.76","0.52","reviewed_for_gap_fill","0.79","reviewed_public_job_posting|review_batch=density_pass_boundary_2026_03|source_refs=clm_02|clm_03"
"occ_11_2022_00","jd_sm_01","HubSpot","Senior Manager, Sales","https://boards.greenhouse.io/embed/job_app?gh_src=240b46771&token=5831802","public_job_posting","Coach sales reps and enforce KPI, pipeline, and deal-review discipline so the team improves execution instead of just reporting activity.","cluster_oversight_strategy","Core","0.78","0.60","reviewed_for_gap_fill","0.80","reviewed_public_job_posting|review_batch=sixth_tranche_2026_03|source_refs=sm_01|sm_02"
"occ_11_2022_00","jd_sm_02","B-Stock","Sales Manager","https://boards.greenhouse.io/embed/job_app?token=5619110004","public_job_posting","Inspect forecasts, pipeline health, CRM data, and conversion patterns to identify where deals or reps need intervention.","cluster_analysis","Core","0.80","0.58","reviewed_for_gap_fill","0.80","reviewed_public_job_posting|review_batch=sixth_tranche_2026_03|source_refs=sm_01|sm_02|sm_03"
"occ_11_2022_00","jd_sm_03","Public","Sales Manager, High Net Worth","https://boards.greenhouse.io/embed/job_app?token=6629422003","public_job_posting","Shape territory, account, and deal strategy by helping reps choose priorities, messaging, and next-step decisions in live opportunities.","cluster_decision_support","Core","0.76","0.56","reviewed_for_gap_fill","0.79","reviewed_public_job_posting|review_batch=sixth_tranche_2026_03|source_refs=sm_02|sm_03"
"occ_11_2022_00","jd_sm_04","HubSpot","Senior Manager, Sales","https://boards.greenhouse.io/embed/job_app?gh_src=240b46771&token=5831802","public_job_posting","Coordinate recruiting, onboarding, and cross-functional deal support so team capacity and execution stay aligned with revenue goals.","cluster_coordination","Core","0.74","0.54","reviewed_for_gap_fill","0.79","reviewed_public_job_posting|review_batch=sixth_tranche_2026_03|source_refs=sm_01|sm_02|sm_03"
"occ_15_1212_00","jd_isa_01","Xpansiv","Information Security Analyst","https://jobs.lever.co/Xpansiv%20/6652760b-5fda-44dc-a3e6-2d853886bdf8","public_job_posting","Monitor, investigate, and respond to security alerts and incidents across endpoints, cloud systems, networks, and identity tools.","cluster_qa_review","Core","0.84","0.66","reviewed_for_gap_fill","0.81","reviewed_public_job_posting|review_batch=seventh_tranche_2026_03|source_refs=isa_01|isa_02|isa_03"
"occ_15_1212_00","jd_isa_02","ERG","Security Analyst","https://jobs.lever.co/erg/160089f5-7ccc-4ab1-8ae4-507b3676308c","public_job_posting","Run vulnerability assessments, security audits, remediation tracking, and risk reviews so weaknesses are found and prioritized early.","cluster_analysis","Core","0.82","0.58","reviewed_for_gap_fill","0.80","reviewed_public_job_posting|review_batch=seventh_tranche_2026_03|source_refs=isa_01|isa_03"
"occ_15_1212_00","jd_isa_03","Pano AI","Senior Security Analyst","https://jobs.lever.co/pano/1b8a00d7-12bf-41d3-836b-7cc4ff4b645c","public_job_posting","Develop and maintain security policies, standards, awareness materials, and compliance evidence for frameworks such as SOC 2 and ISO 27001.","cluster_documentation","Core","0.76","0.54","reviewed_for_gap_fill","0.80","reviewed_public_job_posting|review_batch=seventh_tranche_2026_03|source_refs=isa_01|isa_02"
"occ_15_1212_00","jd_isa_04","Xpansiv","Information Security Analyst","https://jobs.lever.co/Xpansiv%20/6652760b-5fda-44dc-a3e6-2d853886bdf8","public_job_posting","Coordinate with IT, DevOps, and engineering teams to implement secure configurations, access controls, and incident remediation work.","cluster_coordination","Core","0.80","0.56","reviewed_for_gap_fill","0.80","reviewed_public_job_posting|review_batch=seventh_tranche_2026_03|source_refs=isa_01|isa_02|isa_03"
"occ_11_3021_00","jd_itm_01","Lendbuzz","Senior IT Manager","https://jobs.lever.co/lendbuzz/97053467-b569-4c62-b6fc-2c36d5b05e15","public_job_posting","Set IT roadmap, budget priorities, vendor strategy, and service standards so technology operations scale with business goals.","cluster_oversight_strategy","Core","0.82","0.54","reviewed_for_gap_fill","0.81","reviewed_public_job_posting|review_batch=seventh_tranche_2026_03|source_refs=itm_01|itm_02|itm_03"
"occ_11_3021_00","jd_itm_02","TKDA","Information Technology (IT) Manager","https://jobs.lever.co/tkda/194b5163-339b-4dc1-ac22-5a9a767ec99c","public_job_posting","Lead IT staff, service management, onboarding and offboarding, and project delivery across a growing organization.","cluster_coordination","Core","0.80","0.60","reviewed_for_gap_fill","0.80","reviewed_public_job_posting|review_batch=seventh_tranche_2026_03|source_refs=itm_01|itm_02"
"occ_11_3021_00","jd_itm_03","C12 Quantum Electronics","IT Manager","https://jobs.lever.co/c12qe/9656afb1-fc0f-4137-8cfb-e403ca898267","public_job_posting","Own endpoint, identity, network, and access-control administration so employees can work securely on reliable systems.","cluster_workflow_admin","Core","0.82","0.58","reviewed_for_gap_fill","0.80","reviewed_public_job_posting|review_batch=seventh_tranche_2026_03|source_refs=itm_01|itm_02|itm_03"
"occ_11_3021_00","jd_itm_04","Lendbuzz","Senior IT Manager","https://jobs.lever.co/lendbuzz/97053467-b569-4c62-b6fc-2c36d5b05e15","public_job_posting","Run incident, request, change, and compliance review loops and improve reporting, automation, and operational resilience.","cluster_qa_review","Core","0.80","0.56","reviewed_for_gap_fill","0.80","reviewed_public_job_posting|review_batch=seventh_tranche_2026_03|source_refs=itm_01|itm_03"
"occ_13_2072_00","jd_lo_01","RenoFi","Loan Officer","https://jobs.lever.co/renofi/7a2fc1fe-9854-454d-b39e-60e211c7949c","public_job_posting","Interview borrowers, explain financing options, collect application details, and qualify customers against lending needs and fit.","cluster_client_interaction","Core","0.82","0.66","reviewed_for_gap_fill","0.80","reviewed_public_job_posting|review_batch=seventh_tranche_2026_03|source_refs=lo_01|lo_02|lo_03"
"occ_13_2072_00","jd_lo_02","GoodLeap","Senior Loan Officer, Mortgage","https://jobs.lever.co/goodleap/4d84b823-345e-408f-96f6-fde52b3fd9b4","public_job_posting","Evaluate borrower information and recommend loan structures that fit program rules, risk constraints, and customer circumstances.","cluster_decision_support","Core","0.84","0.58","reviewed_for_gap_fill","0.81","reviewed_public_job_posting|review_batch=seventh_tranche_2026_03|source_refs=lo_01|lo_02|lo_03"
"occ_13_2072_00","jd_lo_03","Better","Licensed Loan Officer - Texas","https://jobs.lever.co/better/13e5da2e-4351-4c2d-9020-fe041ffaea77","public_job_posting","Manage the active loan pipeline with processors, underwriters, and closing partners so files move from application to funding.","cluster_coordination","Core","0.80","0.62","reviewed_for_gap_fill","0.80","reviewed_public_job_posting|review_batch=seventh_tranche_2026_03|source_refs=lo_01|lo_02|lo_03"
"occ_13_2072_00","jd_lo_04","Better","Licensed Loan Officer - Texas","https://jobs.lever.co/better/13e5da2e-4351-4c2d-9020-fe041ffaea77","public_job_posting","Maintain disclosures, loan-origination-system records, and regulated documentation so applications remain complete and compliant.","cluster_documentation","Core","0.78","0.60","reviewed_for_gap_fill","0.80","reviewed_public_job_posting|review_batch=seventh_tranche_2026_03|source_refs=lo_02|lo_03"
"occ_43_3021_00","jd_bil_01","Sonar","Billing Operations Specialist","https://jobs.lever.co/sonarsource/294fa7e9-0f14-4ed8-880b-6b165e7b4318","public_job_posting","Process orders, generate invoices, and maintain billing schedules so quote-to-cash work moves accurately through the system.","cluster_workflow_admin","Core","0.84","0.70","reviewed_for_gap_fill","0.81","reviewed_public_job_posting|review_batch=seventh_tranche_2026_03|source_refs=bil_01|bil_02|bil_03"
"occ_43_3021_00","jd_bil_02","Sign In Solutions","Revenue & Billing Specialist","https://jobs.lever.co/signinsolutions/9eb4b117-7224-46b6-9157-71908c3e27b9","public_job_posting","Reconcile accounts, investigate unapplied cash and billing discrepancies, and correct records so balances stay accurate.","cluster_qa_review","Core","0.82","0.64","reviewed_for_gap_fill","0.80","reviewed_public_job_posting|review_batch=seventh_tranche_2026_03|source_refs=bil_01|bil_02"
"occ_43_3021_00","jd_bil_03","Eastern Communications","Billing Specialist","https://jobs.lever.co/eastern-communications/06123d33-0974-41f6-b75c-e754f28f7fed","public_job_posting","Resolve billing questions, payment issues, and account problems with customers and internal teams across the collection process.","cluster_client_interaction","Core","0.78","0.58","reviewed_for_gap_fill","0.79","reviewed_public_job_posting|review_batch=seventh_tranche_2026_03|source_refs=bil_01|bil_02|bil_03"
"occ_43_3021_00","jd_bil_04","Sign In Solutions","Revenue & Billing Specialist","https://jobs.lever.co/signinsolutions/9eb4b117-7224-46b6-9157-71908c3e27b9","public_job_posting","Prepare aging reports, collections status, and revenue-support records so finance can monitor billing performance and compliance.","cluster_documentation","Core","0.80","0.60","reviewed_for_gap_fill","0.80","reviewed_public_job_posting|review_batch=seventh_tranche_2026_03|source_refs=bil_02|bil_03"
"occ_43_3021_00","jd_bil2_01","Sonar","Billing Operations Specialist","https://jobs.lever.co/sonarsource/294fa7e9-0f14-4ed8-880b-6b165e7b4318","public_job_posting","Analyze billing holds, credit-note drivers, and collection patterns so recurring quote-to-cash issues can be fixed upstream.","cluster_analysis","Core","0.76","0.54","reviewed_for_gap_fill","0.79","reviewed_public_job_posting|review_batch=density_pass_boundary_2026_03|source_refs=bil_01|bil_02|bil_03"
"occ_43_3021_00","jd_bil2_02","Sign In Solutions","Revenue & Billing Specialist","https://jobs.lever.co/signinsolutions/9eb4b117-7224-46b6-9157-71908c3e27b9","public_job_posting","Escalate unusual contracts, tax issues, or account exceptions to revenue, finance, or sales owners with the right supporting context.","cluster_decision_support","Core","0.78","0.56","reviewed_for_gap_fill","0.79","reviewed_public_job_posting|review_batch=density_pass_boundary_2026_03|source_refs=bil_01|bil_02|bil_03"
"occ_43_3021_00","jd_bil2_03","Eastern Communications","Billing Specialist","https://jobs.lever.co/eastern-communications/06123d33-0974-41f6-b75c-e754f28f7fed","public_job_posting","Coordinate with sales, operations, and finance teams to resolve account setup, usage, and invoice-timing issues across handoffs.","cluster_coordination","Core","0.68","0.58","reviewed_for_gap_fill","0.78","reviewed_public_job_posting|review_batch=density_pass_boundary_2026_03|source_refs=bil_01|bil_02|bil_03"
"occ_43_3021_00","jd_bil2_04","Sign In Solutions","Revenue & Billing Specialist","https://jobs.lever.co/signinsolutions/9eb4b117-7224-46b6-9157-71908c3e27b9","public_job_posting","Check invoice support, customer setup, and collection records before write-offs, corrections, or billing adjustments are finalized.","cluster_qa_review","Core","0.80","0.56","reviewed_for_gap_fill","0.79","reviewed_public_job_posting|review_batch=density_pass_boundary_2026_03|source_refs=bil_01|bil_02"
"occ_17_2051_00","jd_ce_01","Foth","Civil Engineer- Transportation Design","https://jobs.lever.co/foth/42de5dc1-688e-4633-b2ec-b0ace61061be","public_job_posting","Design civil infrastructure and prepare construction plans for transportation, utility, or site-development projects.","cluster_drafting","Core","0.84","0.62","reviewed_for_gap_fill","0.81","reviewed_public_job_posting|review_batch=seventh_tranche_2026_03|source_refs=ce_01|ce_02|ce_03"
"occ_17_2051_00","jd_ce_02","TKDA","Professional Civil Engineer, Utilities & Infrastructure Design","https://jobs.lever.co/tkda/bda34db3-dd97-4b15-8f87-f38d7066b81e","public_job_posting","Prepare technical calculations, design reports, cost estimates, and permit-ready materials for civil projects.","cluster_analysis","Core","0.80","0.56","reviewed_for_gap_fill","0.80","reviewed_public_job_posting|review_batch=seventh_tranche_2026_03|source_refs=ce_01|ce_02"
"occ_17_2051_00","jd_ce_03","Milhouse Engineering and Construction, Inc.","Civil Engineer III/IV","https://jobs.lever.co/milhouseinc/aea5fa9a-4187-42ac-bb70-b38321c3d61f","public_job_posting","Coordinate with agencies, utilities, subconsultants, and multidisciplinary project teams to keep civil delivery aligned and buildable.","cluster_coordination","Core","0.78","0.58","reviewed_for_gap_fill","0.80","reviewed_public_job_posting|review_batch=seventh_tranche_2026_03|source_refs=ce_01|ce_02|ce_03"
"occ_17_2051_00","jd_ce_04","TKDA","Professional Civil Engineer, Utilities & Infrastructure Design","https://jobs.lever.co/tkda/bda34db3-dd97-4b15-8f87-f38d7066b81e","public_job_posting","Review drawings, specifications, and site-design outputs for code compliance, quality, and construction readiness.","cluster_qa_review","Core","0.80","0.54","reviewed_for_gap_fill","0.80","reviewed_public_job_posting|review_batch=seventh_tranche_2026_03|source_refs=ce_01|ce_03"
"occ_13_1051_00","jd_est_01","Stanley Consultants","Cost Estimator","https://jobs.lever.co/stanleygroup/7ab7f4cc-4314-4d95-8f9e-80d6a419bc09","public_job_posting","Prepare quantity takeoffs and scope breakdowns from drawings and planning documents so construction estimates start from a defensible basis.","cluster_analysis","Core","0.84","0.66","reviewed_for_gap_fill","0.81","reviewed_public_job_posting|review_batch=eighth_tranche_2026_03|source_refs=est_01|est_02|est_03"
"occ_13_1051_00","jd_est_02","Procon Consulting","Senior Construction Cost Estimator - Federal Sector","https://jobs.lever.co/proconconsulting/edf055c5-6401-4e02-b959-0bc712e096ca","public_job_posting","Collect vendor pricing, compare subcontractor coverage, and select or recommend cost assumptions under changing market conditions.","cluster_decision_support","Core","0.80","0.60","reviewed_for_gap_fill","0.80","reviewed_public_job_posting|review_batch=eighth_tranche_2026_03|source_refs=est_01|est_03"
"occ_13_1051_00","jd_est_03","Stanley Consultants","Cost Estimator","https://jobs.lever.co/stanleygroup/7ab7f4cc-4314-4d95-8f9e-80d6a419bc09","public_job_posting","Build basis-of-estimate packages, quantity backup, cost data, and estimate narratives for proposal and review workflows.","cluster_documentation","Core","0.78","0.58","reviewed_for_gap_fill","0.80","reviewed_public_job_posting|review_batch=eighth_tranche_2026_03|source_refs=est_01|est_03"
"occ_13_1051_00","jd_est_04","Wade Trim","Construction Cost Estimator - #2715.36","https://jobs.lever.co/wadetrim/85e2ebce-f4c6-46f3-9776-38130c632139","public_job_posting","Coordinate with engineers, project managers, and construction stakeholders to refine assumptions, constructability, and estimate revisions.","cluster_coordination","Core","0.76","0.56","reviewed_for_gap_fill","0.80","reviewed_public_job_posting|review_batch=eighth_tranche_2026_03|source_refs=est_01|est_02|est_03"
"occ_43_4131_00","jd_lcl_01","Wealthfront","Loan Processor","https://jobs.lever.co/wealthfront/7b2730f5-dd6e-4458-b42f-c8d8937c0e25","public_job_posting","Gather borrower information, explain missing requirements, and keep applicants informed as loan files move through intake and review.","cluster_client_interaction","Core","0.80","0.64","reviewed_for_gap_fill","0.80","reviewed_public_job_posting|review_batch=eighth_tranche_2026_03|source_refs=lcl_01|lcl_02|lcl_03"
"occ_43_4131_00","jd_lcl_02","Banner Bank","Consumer & Small Business Loan Processor II (Remote - WA, ID, OR, CA)","https://jobs.lever.co/bannerbank/646e18c8-51a2-4607-b56e-0fc68230e6c5","public_job_posting","Prepare and review loan documents, maintain lending-system records, and track file progress so files are ready for closing.","cluster_workflow_admin","Core","0.82","0.68","reviewed_for_gap_fill","0.80","reviewed_public_job_posting|review_batch=eighth_tranche_2026_03|source_refs=lcl_01|lcl_02"
"occ_43_4131_00","jd_lcl_03","Banner Bank","Consumer & Small Business Loan Processor II (Remote - WA, ID, OR, CA)","https://jobs.lever.co/bannerbank/646e18c8-51a2-4607-b56e-0fc68230e6c5","public_job_posting","Coordinate with lenders, underwriters, title companies, and insurance agents to clear conditions and keep files moving toward closing.","cluster_coordination","Core","0.78","0.62","reviewed_for_gap_fill","0.80","reviewed_public_job_posting|review_batch=eighth_tranche_2026_03|source_refs=lcl_01|lcl_02|lcl_03"
"occ_43_4131_00","jd_lcl_04","Better","Loan Processor - Texas","https://jobs.lever.co/better/787363ed-5601-44d4-bc2d-cf77da4a7a13","public_job_posting","Verify completeness, resolve document discrepancies, and check compliance requirements before loans advance to the next step.","cluster_qa_review","Core","0.80","0.60","reviewed_for_gap_fill","0.80","reviewed_public_job_posting|review_batch=eighth_tranche_2026_03|source_refs=lcl_01|lcl_02|lcl_03"
"occ_43_4171_00","jd_rec_01","Saronic","Receptionist","https://jobs.lever.co/saronic/5d7c9ce7-5c12-400c-850f-6c1d6245159f","public_job_posting","Greet visitors, answer and route inquiries, and manage front-desk interactions so the office maintains a professional first point of contact.","cluster_client_interaction","Core","0.82","0.70","reviewed_for_gap_fill","0.80","reviewed_public_job_posting|review_batch=eighth_tranche_2026_03|source_refs=rec_01|rec_02|rec_03"
"occ_43_4171_00","jd_rec_02","Veeva Systems","Front Office Coordinator","https://jobs.lever.co/veeva/2c067cf7-f95b-4c00-8eb9-35bdee32da2e","public_job_posting","Handle scheduling, mail, deliveries, supply inventory, and routine workplace requests that keep the office running smoothly.","cluster_workflow_admin","Core","0.80","0.66","reviewed_for_gap_fill","0.80","reviewed_public_job_posting|review_batch=eighth_tranche_2026_03|source_refs=rec_01|rec_03"
"occ_43_4171_00","jd_rec_03","Vevo","Front Office Coordinator","https://jobs.lever.co/vevo/9222fbda-4c28-4c4c-893d-c51232f35378/","public_job_posting","Coordinate office events, facilities requests, vendor follow-through, and workplace issues across teams and service providers.","cluster_coordination","Core","0.78","0.58","reviewed_for_gap_fill","0.80","reviewed_public_job_posting|review_batch=eighth_tranche_2026_03|source_refs=rec_01|rec_02|rec_03"
"occ_43_4171_00","jd_rec_04","Saronic","Receptionist","https://jobs.lever.co/saronic/5d7c9ce7-5c12-400c-850f-6c1d6245159f","public_job_posting","Maintain visitor logs, badges, lobby readiness, and basic office records so workplace operations remain secure and organized.","cluster_documentation","Core","0.78","0.60","reviewed_for_gap_fill","0.80","reviewed_public_job_posting|review_batch=eighth_tranche_2026_03|source_refs=rec_01|rec_02"
"occ_43_4171_00","jd_rec2_01","Saronic","Receptionist","https://jobs.lever.co/saronic/5d7c9ce7-5c12-400c-850f-6c1d6245159f","public_job_posting","Monitor visitor screening, badge rules, and front-desk security procedures and escalate anything unusual to the right partner.","cluster_qa_review","Core","0.80","0.56","reviewed_for_gap_fill","0.80","reviewed_public_job_posting|review_batch=density_pass_admin_2026_03|source_refs=rec_02|rec_03"
"occ_43_4171_00","jd_rec2_02","Vevo","Front Office Coordinator","https://jobs.lever.co/vevo/9222fbda-4c28-4c4c-893d-c51232f35378/","public_job_posting","Prepare conference rooms, guest itineraries, and arrival support for meetings, interviews, and external visitors.","cluster_coordination","Core","0.74","0.56","reviewed_for_gap_fill","0.79","reviewed_public_job_posting|review_batch=density_pass_admin_2026_03|source_refs=rec_01|rec_02|rec_03"
"occ_43_4171_00","jd_rec2_03","Veeva Systems","Front Office Coordinator","https://jobs.lever.co/veeva/2c067cf7-f95b-4c00-8eb9-35bdee32da2e","public_job_posting","Triage urgent facilities, security, or workplace requests from employees and hand them off with the right context and priority.","cluster_decision_support","Core","0.76","0.52","reviewed_for_gap_fill","0.79","reviewed_public_job_posting|review_batch=density_pass_admin_2026_03|source_refs=rec_01|rec_02|rec_03"
"occ_43_4171_00","jd_rec2_04","Saronic","Receptionist","https://jobs.lever.co/saronic/5d7c9ce7-5c12-400c-850f-6c1d6245159f","public_job_posting","Keep front-desk procedures, contact directories, and coverage handoff notes current so service stays consistent across shifts or absences.","cluster_documentation","Core","0.74","0.54","reviewed_for_gap_fill","0.79","reviewed_public_job_posting|review_batch=density_pass_admin_2026_03|source_refs=rec_01|rec_02"
"occ_11_9041_00","jd_aem_01","NextDecade","Director, Facilities Engineering","https://jobs.lever.co/next-decade/80f8a3d5-e630-4f8b-9bac-77ff539a9a27","public_job_posting","Set engineering priorities, budget direction, staffing plans, and long-horizon asset strategies across facilities or technical programs.","cluster_oversight_strategy","Core","0.84","0.54","reviewed_for_gap_fill","0.81","reviewed_public_job_posting|review_batch=eighth_tranche_2026_03|source_refs=aem_01|aem_02|aem_03"
"occ_11_9041_00","jd_aem_02","Innophos","Engineering Manager","https://jobs.lever.co/innophos/311a3a36-52c4-4721-9d91-43a0a5e5f130","public_job_posting","Review engineering changes, equipment investments, and process-improvement options and make tradeoff decisions across safety, cost, and reliability.","cluster_decision_support","Core","0.82","0.56","reviewed_for_gap_fill","0.80","reviewed_public_job_posting|review_batch=eighth_tranche_2026_03|source_refs=aem_01|aem_02|aem_03"
"occ_11_9041_00","jd_aem_03","ABM Industries","Facilities Manager","https://jobs.lever.co/ableserve/9fc0ca5e-0048-49a0-a34d-092028d88a0a","public_job_posting","Lead engineering teams, assign work, manage vendors, and coordinate delivery across maintenance, operations, and support groups.","cluster_coordination","Core","0.80","0.60","reviewed_for_gap_fill","0.80","reviewed_public_job_posting|review_batch=eighth_tranche_2026_03|source_refs=aem_01|aem_02|aem_03"
"occ_11_9041_00","jd_aem_04","Innophos","Engineering Manager","https://jobs.lever.co/innophos/311a3a36-52c4-4721-9d91-43a0a5e5f130","public_job_posting","Own safety, quality, reliability, and compliance review loops so engineering work meets operational and regulatory standards.","cluster_qa_review","Core","0.82","0.58","reviewed_for_gap_fill","0.80","reviewed_public_job_posting|review_batch=eighth_tranche_2026_03|source_refs=aem_01|aem_02"
"occ_41_3021_00","jd_ins_01","1840 & Company","Licensed P&C Commercial Insurance Producer","https://jobs.lever.co/1840%26Company/bac6dc6a-9ba1-40fe-9f38-2241f8c7d038","public_job_posting","Follow up with inbound leads, build client relationships, and move prospects through phone, text, and video sales conversations.","cluster_client_interaction","Core","0.82","0.68","reviewed_for_gap_fill","0.80","reviewed_public_job_posting|review_batch=eighth_tranche_2026_03|source_refs=ins_01|ins_02|ins_03"
"occ_41_3021_00","jd_ins_02","Redwood Credit Union","Personal Lines Agent (Sonoma/Napa)","https://jobs.lever.co/redwoodcu/e8991f61-e592-49a6-b2e5-705a892dbb8a","public_job_posting","Assess client risk and coverage needs and recommend policy combinations that fit financial circumstances and protection goals.","cluster_decision_support","Core","0.84","0.58","reviewed_for_gap_fill","0.80","reviewed_public_job_posting|review_batch=eighth_tranche_2026_03|source_refs=ins_01|ins_02"
"occ_41_3021_00","jd_ins_03","AO Garcia Agency","Life Insurance Agent (Licensed) - Fully Remote, Modern Sales System","https://jobs.lever.co/aogarciaagency/6a2900b4-28e4-45f7-a9b1-f6ece95fc4c1","public_job_posting","Prepare quotes, applications, and CRM follow-up records so the sales pipeline and policy paperwork stay current.","cluster_workflow_admin","Core","0.80","0.64","reviewed_for_gap_fill","0.80","reviewed_public_job_posting|review_batch=eighth_tranche_2026_03|source_refs=ins_01|ins_02|ins_03"
"occ_41_3021_00","jd_ins_04","Redwood Credit Union","Personal Lines Agent (Sonoma/Napa)","https://jobs.lever.co/redwoodcu/e8991f61-e592-49a6-b2e5-705a892dbb8a","public_job_posting","Manage renewals, cross-sell opportunities, and carrier coordination so clients stay covered and retention stays high.","cluster_coordination","Core","0.78","0.60","reviewed_for_gap_fill","0.80","reviewed_public_job_posting|review_batch=eighth_tranche_2026_03|source_refs=ins_01|ins_02|ins_03"
"occ_11_2021_00","jd_mmgr_01","Incorta","Growth Marketing Manager (B2B SaaS)","https://jobs.lever.co/incorta/ed14bd44-bff8-4abd-bcd9-7e38825a4ad8","public_job_posting","Set growth or go-to-market direction by choosing campaign priorities, channel mixes, and funnel bets that align marketing with revenue goals.","cluster_oversight_strategy","Core","0.82","0.56","reviewed_for_gap_fill","0.80","reviewed_public_job_posting|review_batch=ninth_tranche_2026_03|source_refs=mmgr_01|mmgr_02|mmgr_03"
"occ_11_2021_00","jd_mmgr_02","CareMessage","Marketing Manager, Growth & Lifecycle (B2B)","https://jobs.lever.co/caremessage/9854d0ff-3008-4222-8aea-22d49b804105","public_job_posting","Plan and run multi-channel lifecycle campaigns, webinars, events, and follow-up programs with sales and success partners.","cluster_coordination","Core","0.80","0.60","reviewed_for_gap_fill","0.80","reviewed_public_job_posting|review_batch=ninth_tranche_2026_03|source_refs=mmgr_01|mmgr_02|mmgr_03"
"occ_11_2021_00","jd_mmgr_03","Incorta","Growth Marketing Manager (B2B SaaS)","https://jobs.lever.co/incorta/ed14bd44-bff8-4abd-bcd9-7e38825a4ad8","public_job_posting","Track funnel performance, run experiments, and analyze conversion data to improve campaign efficiency and lead quality.","cluster_analysis","Core","0.82","0.62","reviewed_for_gap_fill","0.80","reviewed_public_job_posting|review_batch=ninth_tranche_2026_03|source_refs=mmgr_01|mmgr_03"
"occ_11_2021_00","jd_mmgr_04","Viamericas","Marketing Manager","https://jobs.lever.co/viamericas/ae1d599b-d4de-47ef-b87c-6f70f82b2707","public_job_posting","Develop marketing collateral, messaging, and field-ready content that keeps brand programs and promotions consistent across channels.","cluster_drafting","Core","0.78","0.60","reviewed_for_gap_fill","0.80","reviewed_public_job_posting|review_batch=ninth_tranche_2026_03|source_refs=mmgr_01|mmgr_02|mmgr_03"
"occ_15_1244_00","jd_nsa_01","Orca Bio","IT Systems Administrator","https://jobs.lever.co/orcabiosystems/c230318c-ee27-4967-ac0f-f07aaa7712e5","public_job_posting","Deploy, configure, and maintain servers, devices, cloud services, and network infrastructure across the organization.","cluster_workflow_admin","Core","0.84","0.68","reviewed_for_gap_fill","0.81","reviewed_public_job_posting|review_batch=ninth_tranche_2026_03|source_refs=nsa_01|nsa_02|nsa_03"
"occ_15_1244_00","jd_nsa_02","Kitware","Systems Administrator","https://jobs.lever.co/kitware/939ed986-ea6a-4456-8f64-8e61901a1efe","public_job_posting","Monitor system health, apply patches, manage backups, and review infrastructure for security, uptime, and supportability.","cluster_qa_review","Core","0.82","0.64","reviewed_for_gap_fill","0.80","reviewed_public_job_posting|review_batch=ninth_tranche_2026_03|source_refs=nsa_01|nsa_02|nsa_03"
"occ_15_1244_00","jd_nsa_03","Orca Bio","IT Systems Administrator","https://jobs.lever.co/orcabiosystems/c230318c-ee27-4967-ac0f-f07aaa7712e5","public_job_posting","Troubleshoot escalations and support employees, helpdesk staff, and technical teams when infrastructure or endpoint problems block work.","cluster_coordination","Core","0.80","0.60","reviewed_for_gap_fill","0.80","reviewed_public_job_posting|review_batch=ninth_tranche_2026_03|source_refs=nsa_01|nsa_03"
"occ_15_1244_00","jd_nsa_04","Recast Software","IT Systems Administrator","https://jobs.lever.co/recast-software/583ea14f-3d56-46aa-b81c-1d6654001f37","public_job_posting","Maintain onboarding, offboarding, asset, access, and SOP documentation so IT operations remain secure and repeatable.","cluster_documentation","Core","0.80","0.62","reviewed_for_gap_fill","0.80","reviewed_public_job_posting|review_batch=ninth_tranche_2026_03|source_refs=nsa_01|nsa_02|nsa_03"
"occ_15_1253_00","jd_qa_01","VR Systems, Inc","Software QA Analyst","https://jobs.lever.co/VRsystems/5fd4e989-5f81-49ef-9df1-eb5a68ea30e0","public_job_posting","Interpret requirements and business rules and turn them into test scenarios, test plans, and defect expectations.","cluster_documentation","Core","0.80","0.64","reviewed_for_gap_fill","0.81","reviewed_public_job_posting|review_batch=ninth_tranche_2026_03|source_refs=qa_01|qa_02|qa_03"
"occ_15_1253_00","jd_qa_02","Tala","Senior QA Engineer","https://jobs.lever.co/tala/6f6d2a13-bb3c-48ff-a073-9255a97e0acd","public_job_posting","Execute regression, smoke, and release-readiness testing to confirm software behaves correctly across real workflows.","cluster_qa_review","Core","0.84","0.66","reviewed_for_gap_fill","0.81","reviewed_public_job_posting|review_batch=ninth_tranche_2026_03|source_refs=qa_01|qa_02|qa_03"
"occ_15_1253_00","jd_qa_03","Super.com","QA Analyst II","https://jobs.lever.co/super-com/8f73d67e-b7b9-41e8-a9ce-23ee39fbb4ef","public_job_posting","Work with product, engineering, and release teams to triage defects, clarify expected behavior, and keep releases on track.","cluster_coordination","Core","0.78","0.60","reviewed_for_gap_fill","0.80","reviewed_public_job_posting|review_batch=ninth_tranche_2026_03|source_refs=qa_01|qa_02|qa_03"
"occ_15_1253_00","jd_qa_04","VR Systems, Inc","Software QA Analyst","https://jobs.lever.co/VRsystems/5fd4e989-5f81-49ef-9df1-eb5a68ea30e0","public_job_posting","Analyze defects, data conditions, and workflow failures to identify likely root causes and improve future test coverage.","cluster_analysis","Core","0.82","0.64","reviewed_for_gap_fill","0.81","reviewed_public_job_posting|review_batch=ninth_tranche_2026_03|source_refs=qa_01|qa_02|qa_03"
"occ_11_9141_00","jd_prop_01","CIM Group, LP","Senior Property Manager (Residential)","https://jobs.lever.co/cimgroup/1e3c05cb-6cb5-4bfa-b701-13bcb8b8dd14","public_job_posting","Set property operating priorities, budget targets, occupancy goals, and on-site performance standards for the community.","cluster_oversight_strategy","Core","0.80","0.56","reviewed_for_gap_fill","0.80","reviewed_public_job_posting|review_batch=ninth_tranche_2026_03|source_refs=prop_01|prop_02|prop_03"
"occ_11_9141_00","jd_prop_02","Beedie","Property Manager","https://jobs.lever.co/beedie/433d73c7-b3c7-43c2-b044-ceb77e9417de","public_job_posting","Manage tenant relationships, resident or client issues, renewals, and service expectations across the property portfolio.","cluster_relationship_management","Core","0.76","0.58","reviewed_for_gap_fill","0.80","reviewed_public_job_posting|review_batch=ninth_tranche_2026_03|source_refs=prop_01|prop_02|prop_03"
"occ_11_9141_00","jd_prop_03","Marshall Reddick Real Estate","Property Manager","https://jobs.lever.co/marshallreddick/6cdbeb17-7940-43b8-9a52-36125062dd1f","public_job_posting","Maintain leases, applications, financial records, and property-management system workflows so the portfolio stays administratively current.","cluster_workflow_admin","Core","0.80","0.62","reviewed_for_gap_fill","0.80","reviewed_public_job_posting|review_batch=ninth_tranche_2026_03|source_refs=prop_01|prop_02|prop_03"
"occ_11_9141_00","jd_prop_04","Marshall Reddick Real Estate","Property Manager","https://jobs.lever.co/marshallreddick/6cdbeb17-7940-43b8-9a52-36125062dd1f","public_job_posting","Coordinate vendors, maintenance, leasing, accounting, and on-site staff so property issues are resolved without operational drift.","cluster_coordination","Core","0.78","0.60","reviewed_for_gap_fill","0.80","reviewed_public_job_posting|review_batch=ninth_tranche_2026_03|source_refs=prop_01|prop_02|prop_03"
"occ_43_9041_00","jd_cpc_01","Sana Benefits","Claims Processor","https://jobs.lever.co/sanabenefits/117a9f33-f8d4-4a36-8dfe-513d96e59acf","public_job_posting","Process claim intake, adjudication steps, and payment workflow tasks accurately while meeting daily and weekly throughput targets.","cluster_workflow_admin","Core","0.84","0.70","reviewed_for_gap_fill","0.81","reviewed_public_job_posting|review_batch=ninth_tranche_2026_03|source_refs=cpc_01|cpc_02|cpc_03"
"occ_43_9041_00","jd_cpc_02","Protective","Life Insurance Claims Specialist","https://jobs.lever.co/protective/a28f66bb-f9c7-4bd3-b2ce-af4c690e5a49","public_job_posting","Review claim documents, verify completeness, and apply policy or processing rules before cases advance to payment or exception handling.","cluster_qa_review","Core","0.82","0.66","reviewed_for_gap_fill","0.80","reviewed_public_job_posting|review_batch=ninth_tranche_2026_03|source_refs=cpc_01|cpc_02|cpc_03"
"occ_43_9041_00","jd_cpc_03","HDVI","Claims Support Associate","https://jobs.lever.co/HDVI/cb110acc-a364-47f1-a430-f8bd3c1cc34f","public_job_posting","Coordinate with claims examiners and related teams by routing emails, tasks, requests, and follow-ups through the claims workflow.","cluster_coordination","Core","0.78","0.62","reviewed_for_gap_fill","0.80","reviewed_public_job_posting|review_batch=ninth_tranche_2026_03|source_refs=cpc_01|cpc_02|cpc_03"
"occ_43_9041_00","jd_cpc_04","Protective","Life Insurance Claims Specialist","https://jobs.lever.co/protective/a28f66bb-f9c7-4bd3-b2ce-af4c690e5a49","public_job_posting","Maintain claim files, status notes, beneficiary records, and payment-support documentation so cases remain traceable and compliant.","cluster_documentation","Core","0.80","0.64","reviewed_for_gap_fill","0.80","reviewed_public_job_posting|review_batch=ninth_tranche_2026_03|source_refs=cpc_01|cpc_02|cpc_03"
"occ_11_3121_00","jd_hrm_01","Pathpoint","People Operations (HR) Manager","https://jobs.lever.co/pathpoint/e334c7b4-d065-4005-b3d8-42fccb683d8c","public_job_posting","Set people-process standards across recruiting, evaluation, compensation, and employee lifecycle systems so HR runs consistently.","cluster_oversight_strategy","Core","0.78","0.58","reviewed_for_gap_fill","0.80","reviewed_public_job_posting|review_batch=tenth_tranche_2026_03|source_refs=hrm_01|hrm_02|hrm_03"
"occ_11_3121_00","jd_hrm_02","Zeeco","Human Resources Manager","https://jobs.lever.co/zeeco/7ab5ee07-5b32-441a-a4f6-1ba832d4f403","public_job_posting","Handle employee relations, grievances, investigations, and manager guidance when workplace issues need judgment and policy interpretation.","cluster_relationship_management","Core","0.72","0.58","reviewed_for_gap_fill","0.80","reviewed_public_job_posting|review_batch=tenth_tranche_2026_03|source_refs=hrm_01|hrm_02|hrm_03"
"occ_11_3121_00","jd_hrm_03","CALSTART","Human Resources Manager (Contract)","https://jobs.lever.co/calstart/d1b58f3d-253e-4e52-8976-5df346f1befd","public_job_posting","Run compliance, audits, HRIS administration, and policy execution so federal, state, and local employment requirements are met.","cluster_qa_review","Core","0.76","0.62","reviewed_for_gap_fill","0.80","reviewed_public_job_posting|review_batch=tenth_tranche_2026_03|source_refs=hrm_01|hrm_02|hrm_03"
"occ_11_3121_00","jd_hrm_04","CALSTART","Human Resources Manager (Contract)","https://jobs.lever.co/calstart/d1b58f3d-253e-4e52-8976-5df346f1befd","public_job_posting","Coordinate with managers, legal, finance, and operations teams on workforce planning, onboarding, and personnel process changes.","cluster_coordination","Core","0.68","0.60","reviewed_for_gap_fill","0.80","reviewed_public_job_posting|review_batch=tenth_tranche_2026_03|source_refs=hrm_01|hrm_02|hrm_03"
"occ_13_2052_00","jd_pfa_01","SageView Advisory Group","Wealth Advisor","https://jobs.lever.co/sageviewadvisory/e8fbaae7-c5c5-4170-b4a2-3a4aa4f93830","public_job_posting","Build and maintain trusted client relationships by leading planning conversations around long-term goals, tradeoffs, and life changes.","cluster_relationship_management","Core","0.58","0.76","0.10","reviewed_for_gap_fill","0.80","reviewed_public_job_posting|review_batch=tenth_tranche_2026_03|source_refs=pfa_01|pfa_02|pfa_03"
"occ_13_2052_00","jd_pfa_02","Aprio","Senior Wealth Advisor","https://jobs.lever.co/Aprio/016d4ee9-9471-422a-b24e-89e441bab4bb","public_job_posting","Recommend investment, tax, retirement, and wealth-structuring strategies that fit client circumstances and risk tolerance.","cluster_decision_support","Core","0.66","0.78","0.16","reviewed_for_gap_fill","0.80","reviewed_public_job_posting|review_batch=tenth_tranche_2026_03|source_refs=pfa_01|pfa_02|pfa_03"
"occ_13_2052_00","jd_pfa_03","NASA Federal Credit Union","Financial Advisor","https://jobs.lever.co/nasafcu/a363702d-bf5e-49e4-a017-1b91a3e20f26","public_job_posting","Analyze client financial situations, account performance, and planning gaps to produce actionable advisory recommendations.","cluster_analysis","Core","0.68","0.76","0.20","reviewed_for_gap_fill","0.80","reviewed_public_job_posting|review_batch=tenth_tranche_2026_03|source_refs=pfa_01|pfa_02|pfa_03"
"occ_13_2052_00","jd_pfa_04","NASA Federal Credit Union","Financial Advisor","https://jobs.lever.co/nasafcu/a363702d-bf5e-49e4-a017-1b91a3e20f26","public_job_posting","Prepare suitability records, client paperwork, and follow-up workflows that keep advisory work compliant and moving.","cluster_documentation","Core","0.72","0.72","0.32","reviewed_for_gap_fill","0.80","reviewed_public_job_posting|review_batch=tenth_tranche_2026_03|source_refs=pfa_02|pfa_03"
"occ_17_2071_00","jd_elec_01","Deep Sky","Electrical Engineer - R&D Team","https://jobs.lever.co/deepsky/163bcbc9-bfbe-4728-b240-08e3ee56568f","public_job_posting","Design electrical and electromechanical systems from requirements through schematics, component selection, and prototype integration.","cluster_drafting","Core","0.84","0.60","reviewed_for_gap_fill","0.81","reviewed_public_job_posting|review_batch=tenth_tranche_2026_03|source_refs=elec_01|elec_02|elec_03"
"occ_17_2071_00","jd_elec_02","Rainmaker Technology Corporation","Lead Electrical Engineer","https://jobs.lever.co/make-rain/463f4a20-dad5-4122-bd8b-02e13f872405","public_job_posting","Make architecture and technical tradeoff decisions for embedded electronics, sensors, power systems, and reliability constraints.","cluster_decision_support","Core","0.80","0.56","reviewed_for_gap_fill","0.80","reviewed_public_job_posting|review_batch=tenth_tranche_2026_03|source_refs=elec_01|elec_02|elec_03"
"occ_17_2071_00","jd_elec_03","Jobgether","Senior Electrical Engineer (Remote)","https://jobs.lever.co/jobgether/ff01e68c-a6f6-469c-8061-9654c427c5ae","public_job_posting","Validate designs through test plans, debug work, compliance checks, and production or field feedback loops.","cluster_qa_review","Core","0.80","0.58","reviewed_for_gap_fill","0.80","reviewed_public_job_posting|review_batch=tenth_tranche_2026_03|source_refs=elec_01|elec_03"
"occ_17_2071_00","jd_elec_04","Deep Sky","Electrical Engineer - R&D Team","https://jobs.lever.co/deepsky/163bcbc9-bfbe-4728-b240-08e3ee56568f","public_job_posting","Coordinate with software, mechanical, manufacturing, and test partners to move electrical systems from concept to production.","cluster_coordination","Core","0.78","0.54","reviewed_for_gap_fill","0.80","reviewed_public_job_posting|review_batch=tenth_tranche_2026_03|source_refs=elec_01|elec_02|elec_03"
"occ_17_2112_00","jd_ind_01","Saronic","Industrial Engineer","https://jobs.lever.co/saronic/e7fc119b-e6ff-4124-97fd-329ff4bb52e8","public_job_posting","Analyze production flow, cycle time, waste, and throughput data to identify where systems are constraining output.","cluster_analysis","Core","0.82","0.74","reviewed_for_gap_fill","0.81","reviewed_public_job_posting|review_batch=tenth_tranche_2026_03|source_refs=ind_01|ind_02|ind_03"
"occ_17_2112_00","jd_ind_02","Penumbra","Industiral Engineer I","https://jobs.lever.co/penumbrainc/77f45893-a915-4ec8-b332-eef39bfc71a2","public_job_posting","Recommend process, layout, and resource changes that improve efficiency, quality, and labor utilization across operations.","cluster_decision_support","Core","0.78","0.72","reviewed_for_gap_fill","0.80","reviewed_public_job_posting|review_batch=tenth_tranche_2026_03|source_refs=ind_01|ind_02|ind_03"
"occ_17_2112_00","jd_ind_03","ERG","Supply Chain Analyst/Industrial Engineer","https://jobs.lever.co/erg/5705e1f9-8ed3-4da9-8a25-8defa70ac117","public_job_posting","Coordinate with operations, quality, and engineering teams to implement process improvements and keep multiple efforts aligned.","cluster_coordination","Core","0.72","0.70","reviewed_for_gap_fill","0.80","reviewed_public_job_posting|review_batch=tenth_tranche_2026_03|source_refs=ind_01|ind_02|ind_03"
"occ_17_2112_00","jd_ind_04","Penumbra","Industiral Engineer I","https://jobs.lever.co/penumbrainc/77f45893-a915-4ec8-b332-eef39bfc71a2","public_job_posting","Run time studies, quality checks, and production reviews that verify whether process changes are actually working.","cluster_qa_review","Core","0.80","0.72","reviewed_for_gap_fill","0.80","reviewed_public_job_posting|review_batch=tenth_tranche_2026_03|source_refs=ind_01|ind_02|ind_03"
"occ_43_1011_00","jd_oas_01","Field AI","Office Manager - Boston Location","https://jobs.lever.co/field-ai/f297171b-a689-417a-92d3-b1c5631d4dc0","public_job_posting","Supervise administrative operations, set workflow standards, and make sure office support work is sequenced and completed reliably.","cluster_oversight_strategy","Core","0.74","0.70","reviewed_for_gap_fill","0.80","reviewed_public_job_posting|review_batch=tenth_tranche_2026_03|source_refs=oas_01|oas_02|oas_03"
"occ_43_1011_00","jd_oas_02","Portage Point Partners","Office Manager","https://jobs.lever.co/portagepointpartners/63ab7b13-c4c8-419d-b7e6-49b21ebdf651","public_job_posting","Manage vendor relationships, scheduling, supplies, facilities coordination, and routine office systems that staff depend on.","cluster_workflow_admin","Core","0.82","0.70","reviewed_for_gap_fill","0.80","reviewed_public_job_posting|review_batch=tenth_tranche_2026_03|source_refs=oas_01|oas_02|oas_03"
"occ_43_1011_00","jd_oas_03","Hive","Office Manager","https://jobs.lever.co/hive/1624ed08-f492-40a6-9751-35b546762bdb","public_job_posting","Coordinate leadership, employees, and outside parties when office requests, facilities issues, or service problems need escalation.","cluster_coordination","Core","0.70","0.68","reviewed_for_gap_fill","0.80","reviewed_public_job_posting|review_batch=tenth_tranche_2026_03|source_refs=oas_01|oas_02|oas_03"
"occ_43_1011_00","jd_oas_04","Field AI","Office Manager - Boston Location","https://jobs.lever.co/field-ai/f297171b-a689-417a-92d3-b1c5631d4dc0","public_job_posting","Handle front-facing service issues, internal requests, and employee support needs so the office remains usable and responsive.","cluster_client_interaction","Core","0.68","0.66","reviewed_for_gap_fill","0.80","reviewed_public_job_posting|review_batch=tenth_tranche_2026_03|source_refs=oas_01|oas_02|oas_03"
"occ_11_3071_00","jd_tsdm_01","Brooks Running","Manager, Transportation EMEA","https://jobs.lever.co/brooksrunning/f7814fc7-d205-4d96-adb6-e2bb9e2a62aa","public_job_posting","Set transportation strategy, budget priorities, carrier plans, and service standards across inbound and outbound logistics operations.","cluster_oversight_strategy","Core","0.80","0.56","reviewed_for_gap_fill","0.81","reviewed_public_job_posting|review_batch=eleventh_tranche_2026_03|source_refs=tsdm_01|tsdm_02|tsdm_03"
"occ_11_3071_00","jd_tsdm_02","American Battery Technology Company","Logistics Manager","https://jobs.lever.co/batterymetals/51503efa-9bc5-400e-9682-0abf2b59d1ec","public_job_posting","Negotiate with carriers and logistics providers and choose routing, service, and provider options under cost and compliance constraints.","cluster_decision_support","Core","0.78","0.58","reviewed_for_gap_fill","0.80","reviewed_public_job_posting|review_batch=eleventh_tranche_2026_03|source_refs=tsdm_01|tsdm_03"
"occ_11_3071_00","jd_tsdm_03","US Mobile","Logistics Manager","https://jobs.lever.co/USMobile/8aa34717-6071-4d23-b33a-4cb7d106fcb7","public_job_posting","Coordinate warehousing, inventory, transportation, and supply-chain partners so goods move reliably from suppliers to customers.","cluster_coordination","Core","0.78","0.62","reviewed_for_gap_fill","0.80","reviewed_public_job_posting|review_batch=eleventh_tranche_2026_03|source_refs=tsdm_01|tsdm_02|tsdm_03"
"occ_11_3071_00","jd_tsdm_04","Brooks Running","Manager, Transportation EMEA","https://jobs.lever.co/brooksrunning/f7814fc7-d205-4d96-adb6-e2bb9e2a62aa","public_job_posting","Track transportation KPIs, cost trends, claims, and SOP documentation so the distribution network stays efficient and auditable.","cluster_analysis","Core","0.80","0.60","reviewed_for_gap_fill","0.80","reviewed_public_job_posting|review_batch=eleventh_tranche_2026_03|source_refs=tsdm_01|tsdm_02"
"occ_15_1241_00","jd_neta_01","Pattern","Network Architect","https://jobs.lever.co/pattern/570e9510-f1d1-4d8e-919d-4cb2a43530ba","public_job_posting","Design enterprise network topology, standards, and site buildout plans across offices, warehouses, data centers, or cloud environments.","cluster_drafting","Core","0.82","0.58","reviewed_for_gap_fill","0.81","reviewed_public_job_posting|review_batch=eleventh_tranche_2026_03|source_refs=neta_01|neta_02|neta_03"
"occ_15_1241_00","jd_neta_02","Brillio","Network Architect - R01557220","https://jobs.lever.co/brillio-2/6f425e54-8e30-40aa-82be-8590ce431020","public_job_posting","Evaluate network technologies and architecture tradeoffs to improve resiliency, performance, security, and integration fit.","cluster_decision_support","Core","0.80","0.56","reviewed_for_gap_fill","0.80","reviewed_public_job_posting|review_batch=eleventh_tranche_2026_03|source_refs=neta_01|neta_02|neta_03"
"occ_15_1241_00","jd_neta_03","Pattern","Network Architect","https://jobs.lever.co/pattern/570e9510-f1d1-4d8e-919d-4cb2a43530ba","public_job_posting","Coordinate vendors, IT leaders, and implementation teams to deliver network projects and resolve high-level technical escalations.","cluster_coordination","Core","0.74","0.54","reviewed_for_gap_fill","0.80","reviewed_public_job_posting|review_batch=eleventh_tranche_2026_03|source_refs=neta_01|neta_03"
"occ_15_1241_00","jd_neta_04","CoreWeave","HPC Network Architect","https://boards.greenhouse.io/embed/job_app?token=4579499006","public_job_posting","Maintain architecture diagrams, design documents, and standards that keep complex network environments understandable and repeatable.","cluster_documentation","Core","0.78","0.56","reviewed_for_gap_fill","0.80","reviewed_public_job_posting|review_batch=eleventh_tranche_2026_03|source_refs=neta_01|neta_03"
"occ_41_3031_00","jd_fss_01","North Star Resource Group","Financial Consultant - Austin, TX","https://boards.greenhouse.io/embed/job_app?token=8104722002","public_job_posting","Prospect for clients, build trust, and develop new business relationships around financial products and advisory opportunities.","cluster_relationship_management","Core","0.54","0.76","reviewed_for_gap_fill","0.80","reviewed_public_job_posting|review_batch=eleventh_tranche_2026_03|source_refs=fss_01|fss_02|fss_03"
"occ_41_3031_00","jd_fss_02","Callan","Investment Consultant, Atlanta","https://jobs.lever.co/callan/95628dfc-39ad-4288-8590-f4807c5c7a86","public_job_posting","Present investment ideas, explain financial products, and recommend strategies that fit client objectives, constraints, and risk appetite.","cluster_decision_support","Core","0.62","0.78","reviewed_for_gap_fill","0.80","reviewed_public_job_posting|review_batch=eleventh_tranche_2026_03|source_refs=fss_01|fss_02|fss_03"
"occ_41_3031_00","jd_fss_03","Mercer Advisors","Regional Vice President, Channel (Nashville)","https://boards.greenhouse.io/embed/job_app?token=4758213008","public_job_posting","Manage partner channels, referral pipelines, and sales follow-through so financial-services revenue opportunities move toward close.","cluster_coordination","Core","0.56","0.74","reviewed_for_gap_fill","0.80","reviewed_public_job_posting|review_batch=eleventh_tranche_2026_03|source_refs=fss_01|fss_02|fss_03"
"occ_41_3031_00","jd_fss_04","North Star Resource Group","Financial Consultant - Austin, TX","https://boards.greenhouse.io/embed/job_app?token=8104722002","public_job_posting","Maintain CRM records, planning materials, proposal paperwork, and regulated sales documentation for client accounts and prospects.","cluster_documentation","Core","0.72","0.72","reviewed_for_gap_fill","0.80","reviewed_public_job_posting|review_batch=eleventh_tranche_2026_03|source_refs=fss_01|fss_03"
"occ_41_4011_00","jd_tsr_01","VGS","Technical Sales Representative","https://jobs.lever.co/verygoodsecurity/4f52e36e-ab8a-4e0d-830d-5b80c9b95bca","public_job_posting","Run discovery and customer conversations that surface technical requirements, business pain, and solution-fit for complex products.","cluster_client_interaction","Core","0.60","0.78","reviewed_for_gap_fill","0.80","reviewed_public_job_posting|review_batch=eleventh_tranche_2026_03|source_refs=tsr_01|tsr_02|tsr_03"
"occ_41_4011_00","jd_tsr_02","Highspot","Solutions Consultant - Remote","https://jobs.lever.co/highspot/2ae81874-a34c-42a9-a14f-41243b7018fe","public_job_posting","Tailor demos, workshops, and technical presentations that show prospects how a product fits their existing systems and workflow.","cluster_decision_support","Core","0.66","0.80","reviewed_for_gap_fill","0.80","reviewed_public_job_posting|review_batch=eleventh_tranche_2026_03|source_refs=tsr_01|tsr_02|tsr_03"
"occ_41_4011_00","jd_tsr_03","Hyperscience","Sales Engineer - (West or Central)","https://jobs.lever.co/hyperscience/76c67146-c166-4e5b-9246-e6f746dd77d9","public_job_posting","Coordinate account executives, product teams, and engineers on proof-of-concept work, solution validation, and deal progression.","cluster_coordination","Core","0.58","0.76","reviewed_for_gap_fill","0.80","reviewed_public_job_posting|review_batch=eleventh_tranche_2026_03|source_refs=tsr_01|tsr_02|tsr_03"
"occ_41_4011_00","jd_tsr_04","Highspot","Solutions Consultant - Remote","https://jobs.lever.co/highspot/2ae81874-a34c-42a9-a14f-41243b7018fe","public_job_posting","Prepare responses to RFPs, security reviews, and technical questionnaires and keep solution documents clear for the sales cycle.","cluster_documentation","Core","0.74","0.74","reviewed_for_gap_fill","0.80","reviewed_public_job_posting|review_batch=eleventh_tranche_2026_03|source_refs=tsr_01|tsr_02|tsr_03"
"occ_43_4031_00","jd_clerk_01","36th District Court","Courtroom Clerk","https://www.36thdistrictcourtmi.gov/docs/default-source/human-resources/career-opportunities/courtroom-clerk-job-announcement.pdf","public_job_posting","Maintain dockets, schedule proceedings, and update official case records so court operations stay accurate and current.","cluster_workflow_admin","Core","0.82","0.68","reviewed_for_gap_fill","0.80","reviewed_public_job_posting|review_batch=eleventh_tranche_2026_03|source_refs=clerk_01|clerk_02|clerk_03"
"occ_43_4031_00","jd_clerk_02","Village of Horseheads","Part-Time Court Clerk","https://www.horseheads.org/court/page/job-opening-part-time-court-clerk","public_job_posting","Answer questions from the public, explain filing or hearing steps, and help people navigate routine court or licensing processes.","cluster_client_interaction","Core","0.70","0.66","reviewed_for_gap_fill","0.80","reviewed_public_job_posting|review_batch=eleventh_tranche_2026_03|source_refs=clerk_01|clerk_02|clerk_03"
"occ_43_4031_00","jd_clerk_03","36th District Court","Courtroom Clerk","https://www.36thdistrictcourtmi.gov/docs/default-source/human-resources/career-opportunities/courtroom-clerk-job-announcement.pdf","public_job_posting","Review filings, hearing materials, and case paperwork for completeness and process compliance before matters move forward.","cluster_qa_review","Core","0.80","0.64","reviewed_for_gap_fill","0.80","reviewed_public_job_posting|review_batch=eleventh_tranche_2026_03|source_refs=clerk_01|clerk_02|clerk_03"
"occ_43_4031_00","jd_clerk_04","City of Hackensack","Municipal Clerk","https://www.hackensack.org/jobs/municipal-clerk/","public_job_posting","Prepare agendas, minutes, licenses, permits, resolutions, and other public-record materials across municipal workflow cycles.","cluster_documentation","Core","0.78","0.66","reviewed_for_gap_fill","0.80","reviewed_public_job_posting|review_batch=eleventh_tranche_2026_03|source_refs=clerk_01|clerk_02|clerk_03"
"occ_43_4031_00","jd_clerk2_01","36th District Court","Courtroom Clerk","https://www.36thdistrictcourtmi.gov/docs/default-source/human-resources/career-opportunities/courtroom-clerk-job-announcement.pdf","public_job_posting","Collect fees, receipts, or payment records and reconcile daily transaction logs against court or municipal systems.","cluster_documentation","Core","0.82","0.60","reviewed_for_gap_fill","0.80","reviewed_public_job_posting|review_batch=density_pass_admin_2026_03|source_refs=clerk_01|clerk_03"
"occ_43_4031_00","jd_clerk2_02","Village of Horseheads","Part-Time Court Clerk","https://www.horseheads.org/court/page/job-opening-part-time-court-clerk","public_job_posting","Coordinate schedule changes, courtroom readiness, and communications among judges, attorneys, officers, and the public.","cluster_coordination","Core","0.72","0.54","reviewed_for_gap_fill","0.79","reviewed_public_job_posting|review_batch=density_pass_admin_2026_03|source_refs=clerk_01|clerk_02|clerk_03"
"occ_43_4031_00","jd_clerk2_03","City of Hackensack","Municipal Clerk","https://www.hackensack.org/jobs/municipal-clerk/","public_job_posting","Verify deadlines, filing prerequisites, and procedural steps before cases, licenses, or permits advance in the workflow.","cluster_qa_review","Core","0.78","0.56","reviewed_for_gap_fill","0.80","reviewed_public_job_posting|review_batch=density_pass_admin_2026_03|source_refs=clerk_01|clerk_02|clerk_03"
"occ_43_4031_00","jd_clerk2_04","36th District Court","Courtroom Clerk","https://www.36thdistrictcourtmi.gov/docs/default-source/human-resources/career-opportunities/courtroom-clerk-job-announcement.pdf","public_job_posting","Handle sealed, sensitive, or exception-case materials by routing them to the right authority and maintaining correct chain-of-custody records.","cluster_decision_support","Core","0.70","0.48","reviewed_for_gap_fill","0.79","reviewed_public_job_posting|review_batch=density_pass_admin_2026_03|source_refs=clerk_01|clerk_03"
"occ_15_1212_00","jd_isa2_01","Galvanick","Threat Hunter / Security Analyst","https://jobs.lever.co/galvanick/66d633a8-8451-40fd-ab67-86a02b51e951","public_job_posting","Hunt for suspicious behavior, analyze detections, and investigate security activity beyond routine alert triage.","cluster_analysis","Core","0.82","0.60","reviewed_for_gap_fill","0.81","reviewed_public_job_posting|review_batch=twelfth_tranche_2026_03|source_refs=isa2_01|isa2_02|isa2_03"
"occ_15_1212_00","jd_isa2_02","Atmosera","Information Security Analyst (Remote)","https://jobs.lever.co/atmosera/26a08d11-ac95-4d48-84be-f9c9c4abbb78","public_job_posting","Assess third-party or managed-service security posture and turn findings into governance and remediation actions.","cluster_decision_support","Core","0.78","0.56","reviewed_for_gap_fill","0.80","reviewed_public_job_posting|review_batch=twelfth_tranche_2026_03|source_refs=isa2_01|isa2_02|isa2_03"
"occ_15_1212_00","jd_isa2_03","e.l.f. Beauty","IT Security Analyst","https://jobs.lever.co/elfbeauty/f11fdcb2-609b-4e1c-badb-3b493e3f5bb2","public_job_posting","Run security operations for network, host, cloud, and email controls and respond when those systems report active risk.","cluster_qa_review","Core","0.82","0.62","reviewed_for_gap_fill","0.80","reviewed_public_job_posting|review_batch=twelfth_tranche_2026_03|source_refs=isa2_01|isa2_02|isa2_03"
"occ_15_1212_00","jd_isa2_04","Atmosera","Information Security Analyst (Remote)","https://jobs.lever.co/atmosera/26a08d11-ac95-4d48-84be-f9c9c4abbb78","public_job_posting","Prepare governance updates, risk reports, and security guidance so technical findings can drive policy and operational change.","cluster_documentation","Core","0.76","0.54","reviewed_for_gap_fill","0.80","reviewed_public_job_posting|review_batch=twelfth_tranche_2026_03|source_refs=isa2_02|isa2_03"
"occ_13_1051_00","jd_est2_01","SpawGlass","Preconstruction Estimator","https://jobs.lever.co/spawglass/ec32777b-81fb-4e0c-96c7-027136f13909","public_job_posting","Prepare bidder instructions, scope breakdowns, and tender-ready estimate packages for fast-moving preconstruction cycles.","cluster_documentation","Core","0.80","0.60","reviewed_for_gap_fill","0.80","reviewed_public_job_posting|review_batch=twelfth_tranche_2026_03|source_refs=est2_01|est2_02|est2_03"
"occ_13_1051_00","jd_est2_02","Flow","Construction Estimator","https://jobs.lever.co/flowlife/b3455ff3-8a23-49d3-9930-178a0273e1bc","public_job_posting","Compare bids, negotiate vendor terms, and recommend best-value options when cost, schedule, and scope pull in different directions.","cluster_decision_support","Core","0.80","0.58","reviewed_for_gap_fill","0.80","reviewed_public_job_posting|review_batch=twelfth_tranche_2026_03|source_refs=est2_01|est2_02|est2_03"
"occ_13_1051_00","jd_est2_03","RenoFi","Construction Estimator (Residential Renovations) – Remote, US Only","https://jobs.lever.co/renofi/031e22ec-8c4b-4242-abb1-173772b3aac0","public_job_posting","Check whether submitted plans, contracts, and budgets fully cover the work so projects are not under-scoped or under-priced.","cluster_qa_review","Core","0.82","0.64","reviewed_for_gap_fill","0.80","reviewed_public_job_posting|review_batch=twelfth_tranche_2026_03|source_refs=est2_01|est2_02|est2_03"
"occ_13_1051_00","jd_est2_04","SpawGlass","Preconstruction Estimator","https://jobs.lever.co/spawglass/ec32777b-81fb-4e0c-96c7-027136f13909","public_job_posting","Maintain cost libraries, bidder lists, and proposal materials so estimating workflows stay current across projects.","cluster_workflow_admin","Core","0.78","0.58","reviewed_for_gap_fill","0.80","reviewed_public_job_posting|review_batch=twelfth_tranche_2026_03|source_refs=est2_01|est2_03"
"occ_13_1041_00","jd_co2_01","Nitra","Compliance Officer","https://jobs.lever.co/nitra/8d0c99f6-211f-499b-9453-b4274cd2fe1c","public_job_posting","Draft and update compliance policies and procedures so the program stays aligned with new regulations and products.","cluster_documentation","Core","0.78","0.58","reviewed_for_gap_fill","0.80","reviewed_public_job_posting|review_batch=twelfth_tranche_2026_03|source_refs=co2_01|co2_02|co2_03"
"occ_13_1041_00","jd_co2_02","Superside","Risk and Compliance Officer","https://jobs.lever.co/superside/811809f6-0864-4f25-9136-02ca65f368d9","public_job_posting","Assess risks and advise business teams on how controls, process changes, and governance should respond.","cluster_decision_support","Core","0.74","0.60","reviewed_for_gap_fill","0.80","reviewed_public_job_posting|review_batch=twelfth_tranche_2026_03|source_refs=co2_01|co2_02|co2_03"
"occ_13_1041_00","jd_co2_03","Caliza","Compliance Officer & Money Laundering Reporting Officer","https://jobs.lever.co/caliza-financial-technologies/8abe5e30-6de1-4b78-8d4e-fcb88f7a8632","public_job_posting","Coordinate regulatory reviews, audits, investigations, and reporting obligations when external scrutiny or escalation occurs.","cluster_coordination","Core","0.72","0.58","reviewed_for_gap_fill","0.80","reviewed_public_job_posting|review_batch=twelfth_tranche_2026_03|source_refs=co2_01|co2_02|co2_03"
"occ_13_1041_00","jd_co2_04","Nitra","Compliance Officer","https://jobs.lever.co/nitra/8d0c99f6-211f-499b-9453-b4274cd2fe1c","public_job_posting","Provide recurring training and build compliance materials that translate policy requirements into daily operating behavior.","cluster_oversight_strategy","Core","0.66","0.56","reviewed_for_gap_fill","0.80","reviewed_public_job_posting|review_batch=twelfth_tranche_2026_03|source_refs=co2_01|co2_03"
"occ_13_1111_00","jd_ma2_01","Farfetch","Operations Business Analyst","https://jobs.lever.co/farfetch/4fa19125-f554-4e2e-8341-02ab44ff1a22","public_job_posting","Model operational KPIs, profitability, and workflow bottlenecks so leaders can see where process changes matter most.","cluster_analysis","Core","0.82","0.64","reviewed_for_gap_fill","0.80","reviewed_public_job_posting|review_batch=twelfth_tranche_2026_03|source_refs=ma2_01|ma2_02|ma2_03"
"occ_13_1111_00","jd_ma2_02","Hello Neighbor","Strategy & Operations Manager","https://jobs.lever.co/helloneighbor.io/184e4b7d-de20-4106-b744-5ae3625e2ff3","public_job_posting","Turn diagnoses into operating recommendations, process redesign, and decision-ready business cases for leadership.","cluster_decision_support","Core","0.78","0.60","reviewed_for_gap_fill","0.80","reviewed_public_job_posting|review_batch=twelfth_tranche_2026_03|source_refs=ma2_01|ma2_02|ma2_03"
"occ_13_1111_00","jd_ma2_03","Attentive","Messaging Strategy & Operations Associate","https://jobs.lever.co/attentive/0e61492a-3447-4d17-8377-8ebb19079dbe","public_job_posting","Manage implementation follow-through, investigations, and cross-functional issue resolution once new operating changes are underway.","cluster_coordination","Core","0.76","0.62","reviewed_for_gap_fill","0.80","reviewed_public_job_posting|review_batch=twelfth_tranche_2026_03|source_refs=ma2_01|ma2_02|ma2_03"
"occ_13_1111_00","jd_ma2_04","Hello Neighbor","Strategy & Operations Manager","https://jobs.lever.co/helloneighbor.io/184e4b7d-de20-4106-b744-5ae3625e2ff3","public_job_posting","Build playbooks, governance routines, and operational standards that keep improvements from fading after rollout.","cluster_oversight_strategy","Core","0.74","0.56","reviewed_for_gap_fill","0.80","reviewed_public_job_posting|review_batch=twelfth_tranche_2026_03|source_refs=ma2_02|ma2_03"
"occ_15_1232_00","jd_its2_01","Equativ","IT Support Specialist","https://jobs.lever.co/equativ/6aebeeb2-6d74-413d-be9f-228e897bd392","public_job_posting","Provide first- and second-line support across operating systems, peripherals, SaaS tools, and office hardware.","cluster_client_interaction","Core","0.84","0.72","reviewed_for_gap_fill","0.80","reviewed_public_job_posting|review_batch=twelfth_tranche_2026_03|source_refs=its2_01|its2_02|its2_03"
"occ_15_1232_00","jd_its2_02","Arbol","IT Support Specialist","https://jobs.lever.co/Arbol/015ae171-6d09-4c10-ac5c-3ceb49068507","public_job_posting","Diagnose more complex issues, support upgrades or installations, and coordinate infrastructure changes with other teams.","cluster_coordination","Core","0.80","0.66","reviewed_for_gap_fill","0.80","reviewed_public_job_posting|review_batch=twelfth_tranche_2026_03|source_refs=its2_01|its2_02|its2_03"
"occ_15_1232_00","jd_its2_03","Sword Health","IT Support Specialist","https://jobs.lever.co/swordhealth/edede9c4-57c1-4e20-970d-14d72d49e24c","public_job_posting","Manage onboarding and offboarding, identity setup, and device provisioning so user access stays secure and timely.","cluster_workflow_admin","Core","0.82","0.70","reviewed_for_gap_fill","0.80","reviewed_public_job_posting|review_batch=twelfth_tranche_2026_03|source_refs=its2_01|its2_02|its2_03"
"occ_15_1232_00","jd_its2_04","Equativ","IT Support Specialist","https://jobs.lever.co/equativ/6aebeeb2-6d74-413d-be9f-228e897bd392","public_job_posting","Improve internal guides, troubleshooting steps, and knowledge articles so recurring IT issues resolve faster over time.","cluster_documentation","Core","0.78","0.64","reviewed_for_gap_fill","0.80","reviewed_public_job_posting|review_batch=twelfth_tranche_2026_03|source_refs=its2_01|its2_03"
"occ_13_1199_00","jd_bo2_01","Camber","Business Operations Analyst, Commercial Strategy","https://jobs.lever.co/camber/3746ff75-5db8-4b86-886a-44de251a0e21","public_job_posting","Gather requirements, map dependencies, and synthesize process pain points before recommending operational changes.","cluster_research_synthesis","Core","0.80","0.60","reviewed_for_gap_fill","0.80","reviewed_public_job_posting|review_batch=thirteenth_tranche_2026_03|source_refs=bo_01|bo_02|bo_03"
"occ_13_1199_00","jd_bo2_02","Rillet","Business Operations Associate","https://jobs.lever.co/rillet/c5741970-b3a3-4d67-978a-24ef9d5964a7","public_job_posting","Maintain operating trackers, recurring cadences, and workflow systems that keep cross-functional execution moving.","cluster_workflow_admin","Core","0.80","0.64","reviewed_for_gap_fill","0.80","reviewed_public_job_posting|review_batch=thirteenth_tranche_2026_03|source_refs=bo_01|bo_03"
"occ_13_1199_00","jd_bo2_03","Saviynt","Global Entity & Compliance Associate","https://jobs.lever.co/saviynt/6cd6e28d-97bb-42ec-a894-454e16f27aa8","public_job_posting","Document procedures, controls, and operating guidance so routine business processes stay consistent and auditable.","cluster_documentation","Core","0.78","0.58","reviewed_for_gap_fill","0.80","reviewed_public_job_posting|review_batch=thirteenth_tranche_2026_03|source_refs=bo_01|bo_04"
"occ_13_1199_00","jd_bo2_04","Venteur","Technical Operations Specialist","https://jobs.lever.co/venteur/edfc0018-b4b3-4699-b9d4-23b983be754c","public_job_posting","Audit operational exceptions and verify that workflow fixes and control changes actually resolve the underlying issue.","cluster_qa_review","Core","0.76","0.56","reviewed_for_gap_fill","0.80","reviewed_public_job_posting|review_batch=thirteenth_tranche_2026_03|source_refs=bo_03|bo_04"
"occ_15_2051_00","jd_ds2_01","Fullscript","Lead Data Scientist","https://jobs.lever.co/fullscript/5ec81b29-153d-4483-a7ba-b4f1d8397512","public_job_posting","Document methodology, assumptions, model behavior, and stakeholder guidance so data science work remains explainable and reusable.","cluster_documentation","Core","0.80","0.58","reviewed_for_gap_fill","0.80","reviewed_public_job_posting|review_batch=thirteenth_tranche_2026_03|source_refs=ds_01|ds_03|ds_05"
"occ_15_2051_00","jd_ds2_02","Samba TV","Senior Data Scientist, Measurement","https://jobs.lever.co/sambatv/c9666321-7b7a-4229-844d-4b72ca7321b1","public_job_posting","Manage production data workflows, feature pipelines, experiment infrastructure, and model-support tooling after launch.","cluster_workflow_admin","Core","0.78","0.56","reviewed_for_gap_fill","0.80","reviewed_public_job_posting|review_batch=thirteenth_tranche_2026_03|source_refs=ds_02|ds_04|ds_05"
"occ_15_2051_00","jd_ds2_03","Xero","Sr. Data Scientist (Product Data Science)","https://jobs.lever.co/xero/0df9a23e-59e5-4280-83a9-bc9f3fcf07b9","public_job_posting","Present results, uncertainty, and experiment interpretation to product or business partners in decision-ready language.","cluster_drafting","Core","0.76","0.62","reviewed_for_gap_fill","0.80","reviewed_public_job_posting|review_batch=thirteenth_tranche_2026_03|source_refs=ds_03|ds_05"
"occ_15_2051_00","jd_ds2_04","SpyCloud","Senior Data Scientist","https://boards.greenhouse.io/embed/job_app?token=6651905003","public_job_posting","Monitor model performance, investigate drift, and analyze failure modes once systems are live in production.","cluster_analysis","Core","0.80","0.60","reviewed_for_gap_fill","0.80","reviewed_public_job_posting|review_batch=thirteenth_tranche_2026_03|source_refs=ds_01|ds_03|ds_04"
"occ_17_2051_00","jd_ce2_01","Foth","Civil Engineer- Transportation Design","https://jobs.lever.co/foth/42de5dc1-688e-4633-b2ec-b0ace61061be","public_job_posting","Compare design options and recommend choices that balance code, cost, schedule, constructability, and stakeholder constraints.","cluster_decision_support","Core","0.78","0.58","reviewed_for_gap_fill","0.80","reviewed_public_job_posting|review_batch=thirteenth_tranche_2026_03|source_refs=ce_01|ce_02|ce_03"
"occ_17_2051_00","jd_ce2_02","TKDA","Professional Civil Engineer, Utilities & Infrastructure Design","https://jobs.lever.co/tkda/bda34db3-dd97-4b15-8f87-f38d7066b81e","public_job_posting","Prepare permit narratives, design packages, and construction documentation that let projects move through review and delivery.","cluster_documentation","Core","0.80","0.60","reviewed_for_gap_fill","0.80","reviewed_public_job_posting|review_batch=thirteenth_tranche_2026_03|source_refs=ce_01|ce_02"
"occ_17_2051_00","jd_ce2_03","Milhouse Engineering and Construction, Inc.","Civil Engineer III/IV","https://jobs.lever.co/milhouseinc/aea5fa9a-4187-42ac-bb70-b38321c3d61f","public_job_posting","Manage RFIs, submittals, field follow-through, and construction-phase workflow tasks after design work leaves the desk.","cluster_workflow_admin","Core","0.74","0.56","reviewed_for_gap_fill","0.80","reviewed_public_job_posting|review_batch=thirteenth_tranche_2026_03|source_refs=ce_02|ce_03"
"occ_17_2051_00","jd_ce2_04","TKDA","Professional Civil Engineer, Utilities & Infrastructure Design","https://jobs.lever.co/tkda/bda34db3-dd97-4b15-8f87-f38d7066b81e","public_job_posting","Gather site, utility, and regulatory context and synthesize technical inputs before detailed civil design begins.","cluster_research_synthesis","Core","0.76","0.54","reviewed_for_gap_fill","0.80","reviewed_public_job_posting|review_batch=thirteenth_tranche_2026_03|source_refs=ce_01|ce_02|ce_03"
"occ_23_2011_00","jd_para2_01","Agile Legal","Paralegal","https://jobs.lever.co/agilelegal/7e0c5e23-f620-4124-a4bf-319963dbf3f8","public_job_posting","Research legal authorities, gather facts, and organize matter background so attorneys can make procedural or substantive decisions faster.","cluster_research_synthesis","Core","0.78","0.58","reviewed_for_gap_fill","0.80","reviewed_public_job_posting|review_batch=thirteenth_tranche_2026_03|source_refs=para_01|para_03|para_04"
"occ_23_2011_00","jd_para2_02","Parnall Law","Legal Assistant / Paralegal","https://jobs.lever.co/parnalllaw/3a1850f0-8dc9-4224-930f-a75d60752408","public_job_posting","Communicate with clients, witnesses, and outside parties to collect information and keep case-related follow-through moving.","cluster_client_interaction","Core","0.72","0.56","reviewed_for_gap_fill","0.80","reviewed_public_job_posting|review_batch=thirteenth_tranche_2026_03|source_refs=para_02|para_04"
"occ_23_2011_00","jd_para2_03","Rivkin Radler","Paralegal - Tax & Trusts","https://jobs.lever.co/rivkinradler/f01ef36a-f1ef-4285-aa4e-2509d4d18122","public_job_posting","Review filings, record sets, and legal-support materials for completeness and procedural accuracy before attorney submission.","cluster_qa_review","Core","0.80","0.60","reviewed_for_gap_fill","0.80","reviewed_public_job_posting|review_batch=thirteenth_tranche_2026_03|source_refs=para_01|para_02|para_04"
"occ_23_2011_00","jd_para2_04","NewsBreak","Paralegal / Legal Operations Specialist","https://jobs.lever.co/newsbreak/617a9a6e-8165-44c2-8ca4-7ac4d191c76a","public_job_posting","Summarize procedural status, matter risks, and next-step options so attorneys and business partners can decide what to do next.","cluster_decision_support","Core","0.74","0.58","reviewed_for_gap_fill","0.80","reviewed_public_job_posting|review_batch=thirteenth_tranche_2026_03|source_refs=para_01|para_03|para_04"
"occ_43_4051_00","jd_cs2_01","Glue","Customer Support Specialist","https://jobs.lever.co/gluegroups/5b779c9a-1593-497e-a157-0f2bba954f7c","public_job_posting","Update account records, case fields, refunds, and service workflows so support work stays administratively current.","cluster_workflow_admin","Core","0.82","0.68","reviewed_for_gap_fill","0.80","reviewed_public_job_posting|review_batch=thirteenth_tranche_2026_03|source_refs=cs_01|cs_02|cs_03"
"occ_43_4051_00","jd_cs2_02","Circadia Health","Customer Support Representative","https://jobs.lever.co/circadiahealth/fcee14a3-a7de-4f2d-87bb-fd5147aca1cf","public_job_posting","Analyze recurring complaint patterns and escalation causes so support and product teams can reduce repeat issues.","cluster_analysis","Core","0.76","0.60","reviewed_for_gap_fill","0.80","reviewed_public_job_posting|review_batch=thirteenth_tranche_2026_03|source_refs=cs_01|cs_03|cs_04"
"occ_43_4051_00","jd_cs2_03","WeSalute","Customer Support Representative","https://jobs.lever.co/WeSalute/5b6cdb4e-049e-48a2-b9d1-eaa0e53556df","public_job_posting","Handle high-sensitivity customer situations where retention, trust, or policy exceptions require extra judgment.","cluster_relationship_management","Core","0.68","0.56","reviewed_for_gap_fill","0.80","reviewed_public_job_posting|review_batch=thirteenth_tranche_2026_03|source_refs=cs_02|cs_03"
"occ_43_4051_00","jd_cs2_04","Instructure","Customer Support Engineer","https://jobs.lever.co/instructure/f36ac629-1f3e-4e26-bee5-dae65401669a","public_job_posting","Recommend the right next-step resolution path when support issues involve product limitations, workarounds, or cross-team tradeoffs.","cluster_decision_support","Core","0.70","0.58","reviewed_for_gap_fill","0.80","reviewed_public_job_posting|review_batch=thirteenth_tranche_2026_03|source_refs=cs_01|cs_04"
"occ_11_1021_00","jd_gm2_01","Samsara","Business Operations Manager - GTM","https://boards.greenhouse.io/samsara/jobs/7271233","public_job_posting","Investigate root causes behind recurring operating problems and synthesize cross-team findings before redesigning the workflow.","cluster_research_synthesis","Core","0.78","0.58","reviewed_for_gap_fill","0.80","reviewed_public_job_posting|review_batch=fourteenth_tranche_2026_03|source_refs=gm_01|gm_02|gm_03"
"occ_11_1021_00","jd_gm2_02","Discord","Workplace Operations Program Manager","https://boards.greenhouse.io/discord/jobs/8428843002","public_job_posting","Document SOPs, service standards, and operating guidance so scaled operations remain consistent across teams and vendors.","cluster_documentation","Core","0.78","0.56","reviewed_for_gap_fill","0.80","reviewed_public_job_posting|review_batch=fourteenth_tranche_2026_03|source_refs=gm_02|gm_04"
"occ_11_1021_00","jd_gm2_03","Figma","Operations Program Manager","https://boards.greenhouse.io/figma/jobs/5801730004","public_job_posting","Monitor execution quality, review exceptions, and audit whether process changes are improving service rather than only shifting workload.","cluster_qa_review","Core","0.76","0.54","reviewed_for_gap_fill","0.80","reviewed_public_job_posting|review_batch=fourteenth_tranche_2026_03|source_refs=gm_01|gm_02|gm_04"
"occ_11_1021_00","jd_gm2_04","Discord","Workplace Operations Program Manager","https://boards.greenhouse.io/discord/jobs/8428843002","public_job_posting","Handle stakeholder-facing operational escalations when employee experience, vendor service, or delivery failures need fast resolution.","cluster_client_interaction","Core","0.70","0.56","reviewed_for_gap_fill","0.80","reviewed_public_job_posting|review_batch=fourteenth_tranche_2026_03|source_refs=gm_02|gm_04"
"occ_11_2022_00","jd_sm2_01","HubSpot","Senior Manager, Sales","https://boards.greenhouse.io/embed/job_app?gh_src=240b46771&token=5831802","public_job_posting","Review calls, deals, and pipeline behavior to check execution quality and identify where reps need specific coaching or correction.","cluster_qa_review","Core","0.68","0.60","reviewed_for_gap_fill","0.80","reviewed_public_job_posting|review_batch=fourteenth_tranche_2026_03|source_refs=sm_01|sm_02"
"occ_11_2022_00","jd_sm2_02","B-Stock","Sales Manager","https://boards.greenhouse.io/embed/job_app?token=5619110004","public_job_posting","Maintain forecasting cadences, CRM discipline, and inspection routines so sales management runs on current and usable information.","cluster_workflow_admin","Core","0.74","0.62","reviewed_for_gap_fill","0.80","reviewed_public_job_posting|review_batch=fourteenth_tranche_2026_03|source_refs=sm_01|sm_02|sm_03"
"occ_11_2022_00","jd_sm2_03","Public","Sales Manager, High Net Worth","https://boards.greenhouse.io/embed/job_app?token=6629422003","public_job_posting","Handle important customer or partner conversations when live deals require senior judgment, trust repair, or commercial reassurance.","cluster_client_interaction","Core","0.56","0.62","reviewed_for_gap_fill","0.80","reviewed_public_job_posting|review_batch=fourteenth_tranche_2026_03|source_refs=sm_01|sm_03"
"occ_11_2022_00","jd_sm2_04","HubSpot","Senior Manager, Sales","https://boards.greenhouse.io/embed/job_app?gh_src=240b46771&token=5831802","public_job_posting","Build playbooks, enablement materials, and manager guidance that standardize how the team sells and improves over time.","cluster_documentation","Core","0.62","0.66","reviewed_for_gap_fill","0.80","reviewed_public_job_posting|review_batch=fourteenth_tranche_2026_03|source_refs=sm_01|sm_02"
"occ_11_3021_00","jd_itm2_01","TKDA","Information Technology (IT) Manager","https://jobs.lever.co/tkda/194b5163-339b-4dc1-ac22-5a9a767ec99c","public_job_posting","Evaluate new systems, vendors, and architecture changes before committing the organization to a technology path.","cluster_decision_support","Core","0.64","0.74","reviewed_for_gap_fill","0.80","reviewed_public_job_posting|review_batch=fourteenth_tranche_2026_03|source_refs=itm_01|itm_02|itm_03"
"occ_11_3021_00","jd_itm2_02","Lendbuzz","Senior IT Manager","https://jobs.lever.co/lendbuzz/97053467-b569-4c62-b6fc-2c36d5b05e15","public_job_posting","Track service metrics, capacity, incident patterns, and operational health so IT priorities respond to the real constraint.","cluster_analysis","Core","0.72","0.70","reviewed_for_gap_fill","0.80","reviewed_public_job_posting|review_batch=fourteenth_tranche_2026_03|source_refs=itm_01|itm_03"
"occ_11_3021_00","jd_itm2_03","C12 Quantum Electronics","IT Manager","https://jobs.lever.co/c12qe/9656afb1-fc0f-4137-8cfb-e403ca898267","public_job_posting","Publish SOPs, security guidance, and internal IT standards so support and infrastructure work remains consistent and auditable.","cluster_documentation","Core","0.78","0.66","reviewed_for_gap_fill","0.80","reviewed_public_job_posting|review_batch=fourteenth_tranche_2026_03|source_refs=itm_02|itm_03"
"occ_11_3021_00","jd_itm2_04","Lendbuzz","Senior IT Manager","https://jobs.lever.co/lendbuzz/97053467-b569-4c62-b6fc-2c36d5b05e15","public_job_posting","Handle executive and department-level escalations when outages, access issues, or delivery problems affect business operations.","cluster_client_interaction","Core","0.58","0.64","reviewed_for_gap_fill","0.80","reviewed_public_job_posting|review_batch=fourteenth_tranche_2026_03|source_refs=itm_01|itm_02"
"occ_11_3031_00","jd_fm2_01","Aleph","Finance Manager (Reporting and Compliance Team) - APAC","https://jobs.lever.co/aleph/817e2f25-995c-486f-9068-784d0bb7a933","public_job_posting","Prepare finance narratives, reporting decks, and board-ready materials that explain performance and risk clearly to stakeholders.","cluster_documentation","Core","0.72","0.70","reviewed_for_gap_fill","0.80","reviewed_public_job_posting|review_batch=fourteenth_tranche_2026_03|source_refs=fm_01|fm_02|fm_03"
"occ_11_3031_00","jd_fm2_02","Paytm","Business Finance - Process Re-Engineering","https://jobs.lever.co/paytm/c67a41ca-812b-40f8-a544-91e87ee31d1a","public_job_posting","Own finance workflows, calendars, and operational follow-through that keep close, planning, and reporting cycles moving.","cluster_workflow_admin","Core","0.80","0.68","reviewed_for_gap_fill","0.80","reviewed_public_job_posting|review_batch=fourteenth_tranche_2026_03|source_refs=fm_01|fm_03"
"occ_11_3031_00","jd_fm2_03","Curri","Financial Manager, FP&A","https://jobs.lever.co/curri/5ed5d4b7-fc0c-41ff-b91f-7676b162d9b9","public_job_posting","Set finance priorities and planning rhythms across departments so resource tradeoffs and performance management stay aligned.","cluster_oversight_strategy","Core","0.62","0.72","reviewed_for_gap_fill","0.80","reviewed_public_job_posting|review_batch=fourteenth_tranche_2026_03|source_refs=fm_01|fm_03"
"occ_11_3031_00","jd_fm2_04","Curri","Financial Manager, FP&A","https://jobs.lever.co/curri/5ed5d4b7-fc0c-41ff-b91f-7676b162d9b9","public_job_posting","Translate financial implications for business leaders and work through disagreements when targets, assumptions, or accountability conflict.","cluster_relationship_management","Core","0.54","0.70","reviewed_for_gap_fill","0.80","reviewed_public_job_posting|review_batch=fourteenth_tranche_2026_03|source_refs=fm_01|fm_02"
"occ_13_1161_00","jd_mk2_01","Instacart","Senior Marketing Analyst (Multiple Levels)","https://boards.greenhouse.io/instacart/jobs/7562845","public_job_posting","Run market, audience, and performance research that turns scattered channel signals into a coherent picture of what is changing.","cluster_research_synthesis","Core","0.80","0.62","reviewed_for_gap_fill","0.80","reviewed_public_job_posting|review_batch=fourteenth_tranche_2026_03|source_refs=mk_01|mk_03|mk_04"
"occ_13_1161_00","jd_mk2_02","FreedomPay","Marketing Analyst","https://jobs.lever.co/freedompay/d4e76479-f3c4-439e-8dfb-e43be45baa2e","public_job_posting","Build stakeholder-facing summaries, briefs, and insight narratives that explain what the data means for marketing action.","cluster_drafting","Core","0.76","0.64","reviewed_for_gap_fill","0.80","reviewed_public_job_posting|review_batch=fourteenth_tranche_2026_03|source_refs=mk_01|mk_03"
"occ_13_1161_00","jd_mk2_03","Brex","Senior Marketing Operations Manager, B2B Sales","https://boards.greenhouse.io/brex/jobs/8380680002","public_job_posting","Audit campaign data, routing logic, and attribution assumptions to verify that the marketing system is measuring performance correctly.","cluster_qa_review","Core","0.78","0.60","reviewed_for_gap_fill","0.80","reviewed_public_job_posting|review_batch=fourteenth_tranche_2026_03|source_refs=mk_01|mk_02|mk_04"
"occ_13_1161_00","jd_mk2_04","Samsara","Marketing Operations Manager","https://boards.greenhouse.io/samsara/jobs/7681215","public_job_posting","Maintain operating documentation, process rules, and change logs that keep lifecycle and campaign workflows coordinated across teams.","cluster_documentation","Core","0.80","0.62","reviewed_for_gap_fill","0.80","reviewed_public_job_posting|review_batch=fourteenth_tranche_2026_03|source_refs=mk_02|mk_03|mk_04"
"occ_15_1252_00","jd_dev2_01","Jasper","Software Engineer, Product","https://boards.greenhouse.io/embed/job_app?token=5380125004","public_job_posting","Translate product requirements into implementation plans, technical tradeoffs, and scoped engineering decisions before build work starts.","cluster_decision_support","Core","0.74","0.62","reviewed_for_gap_fill","0.80","reviewed_public_job_posting|review_batch=fifteenth_tranche_2026_03|source_refs=sd_01|sd_02|sd_03"
"occ_15_1252_00","jd_dev2_02","Mercury","Software Engineer - Backend","https://jobs.lever.co/mercury/32084f17-4eb4-46e7-9be9-6f2ec1d40f92","public_job_posting","Review designs, code paths, and failure modes to verify reliability, security, and correctness before changes ship widely.","cluster_qa_review","Core","0.78","0.64","reviewed_for_gap_fill","0.80","reviewed_public_job_posting|review_batch=fifteenth_tranche_2026_03|source_refs=sd_01|sd_02|sd_04"
"occ_15_1252_00","jd_dev2_03","Together AI","Software Engineer, Inference","https://jobs.lever.co/togetherai/42c2b983-67bf-4649-81b2-efda5184a363","public_job_posting","Document architecture, interface expectations, and operational guidance so systems remain maintainable beyond the original implementer.","cluster_documentation","Core","0.74","0.66","reviewed_for_gap_fill","0.80","reviewed_public_job_posting|review_batch=fifteenth_tranche_2026_03|source_refs=sd_02|sd_03|sd_04"
"occ_15_1252_00","jd_dev2_04","Mercury","Software Engineer - Backend","https://jobs.lever.co/mercury/32084f17-4eb4-46e7-9be9-6f2ec1d40f92","public_job_posting","Coordinate with product, design, infrastructure, and peer engineers when implementation requires sequencing across teams.","cluster_coordination","Core","0.68","0.62","reviewed_for_gap_fill","0.80","reviewed_public_job_posting|review_batch=fifteenth_tranche_2026_03|source_refs=sd_01|sd_04"
"occ_15_2031_00","jd_ora2_01","Xero","Operations Research / Decision Scientist","https://jobs.lever.co/xero/e7997e89-4e06-41eb-b7b5-c0d4655040af","public_job_posting","Frame optimization problems, choose modeling approaches, and recommend decision rules for operations or product systems.","cluster_decision_support","Core","0.74","0.80","reviewed_for_gap_fill","0.80","reviewed_public_job_posting|review_batch=fifteenth_tranche_2026_03|source_refs=ora_01|ora_02|ora_03"
"occ_15_2031_00","jd_ora2_02","Aurora","Operations Research Scientist","https://boards.greenhouse.io/aurorainnovation/jobs/8232957002","public_job_posting","Run simulations, sensitivity analysis, and validation loops to verify that optimization outputs remain robust under changing assumptions.","cluster_qa_review","Core","0.80","0.76","reviewed_for_gap_fill","0.80","reviewed_public_job_posting|review_batch=fifteenth_tranche_2026_03|source_refs=ora_01|ora_02|ora_03"
"occ_15_2031_00","jd_ora2_03","Xero","Operations Research / Decision Scientist","https://jobs.lever.co/xero/e7997e89-4e06-41eb-b7b5-c0d4655040af","public_job_posting","Explain model logic, tradeoffs, and recommended actions to operators and leaders who will use the output in real decisions.","cluster_drafting","Core","0.68","0.78","reviewed_for_gap_fill","0.80","reviewed_public_job_posting|review_batch=fifteenth_tranche_2026_03|source_refs=ora_01|ora_03"
"occ_15_2031_00","jd_ora2_04","Aurora","Operations Research Scientist","https://boards.greenhouse.io/aurorainnovation/jobs/8232957002","public_job_posting","Manage data, experiment, and optimization workflows that keep model-backed decision systems updated and usable over time.","cluster_workflow_admin","Core","0.76","0.76","reviewed_for_gap_fill","0.80","reviewed_public_job_posting|review_batch=fifteenth_tranche_2026_03|source_refs=ora_01|ora_02"
"occ_43_9111_00","jd_st2_01","Instacart","Data Analyst, Legal Compliance","https://boards.greenhouse.io/instacart/jobs/7536747","public_job_posting","Review source data, coding rules, and input quality before records are passed into analysis or compliance reporting workflows.","cluster_qa_review","Core","0.82","0.70","reviewed_for_gap_fill","0.80","reviewed_public_job_posting|review_batch=fifteenth_tranche_2026_03|source_refs=st_01|st_02|st_03"
"occ_43_9111_00","jd_st2_02","Figma","People Analyst","https://boards.greenhouse.io/figma/jobs/5737300004","public_job_posting","Gather context from stakeholders and translate reporting questions into clean definitions, fields, and analysis-ready requests.","cluster_client_interaction","Core","0.68","0.70","reviewed_for_gap_fill","0.80","reviewed_public_job_posting|review_batch=fifteenth_tranche_2026_03|source_refs=st_01|st_04"
"occ_43_9111_00","jd_st2_03","Aurora","Safety Data Analyst","https://boards.greenhouse.io/aurorainnovation/jobs/8296980002","public_job_posting","Prepare recurring report decks, summaries, and written interpretations that help non-analysts use the numbers correctly.","cluster_drafting","Core","0.74","0.72","reviewed_for_gap_fill","0.80","reviewed_public_job_posting|review_batch=fifteenth_tranche_2026_03|source_refs=st_02|st_04"
"occ_43_9111_00","jd_st2_04","Samsara","Senior Customer Success Quality Analyst","https://boards.greenhouse.io/samsara/jobs/7373807","public_job_posting","Coordinate handoffs and issue resolution when data questions depend on operational, product, or quality partners to close the loop.","cluster_coordination","Core","0.70","0.68","reviewed_for_gap_fill","0.80","reviewed_public_job_posting|review_batch=fifteenth_tranche_2026_03|source_refs=st_01|st_03|st_04"
"occ_13_1051_00","jd_est3_01","Wade Trim","Construction Cost Estimator - #2715.36","https://jobs.lever.co/wadetrim/85e2ebce-f4c6-46f3-9776-38130c632139","public_job_posting","Investigate drawing packages, assumptions, and project requirements to identify missing scope before the estimate is locked.","cluster_research_synthesis","Core","0.78","0.60","reviewed_for_gap_fill","0.80","reviewed_public_job_posting|review_batch=fifteenth_tranche_2026_03|source_refs=est_01|est2_01|est2_03"
"occ_13_1051_00","jd_est3_02","Procon Consulting","Senior Construction Cost Estimator - Federal Sector","https://jobs.lever.co/proconconsulting/edf055c5-6401-4e02-b959-0bc712e096ca","public_job_posting","Build presentation-ready estimate narratives and pricing explanations that let stakeholders understand where the money is going.","cluster_drafting","Core","0.74","0.64","reviewed_for_gap_fill","0.80","reviewed_public_job_posting|review_batch=fifteenth_tranche_2026_03|source_refs=est_01|est_03|est2_02"
"occ_13_1051_00","jd_est3_03","Flow","Construction Estimator","https://jobs.lever.co/flowlife/b3455ff3-8a23-49d3-9930-178a0273e1bc","public_job_posting","Coordinate architects, builders, and procurement stakeholders when estimate changes ripple across schedule and delivery plans.","cluster_coordination","Core","0.68","0.60","reviewed_for_gap_fill","0.80","reviewed_public_job_posting|review_batch=fifteenth_tranche_2026_03|source_refs=est2_01|est2_02|est2_03"
"occ_13_1051_00","jd_est3_04","RenoFi","Construction Estimator (Residential Renovations) – Remote, US Only","https://jobs.lever.co/renofi/031e22ec-8c4b-4242-abb1-173772b3aac0","public_job_posting","Advise teams on how estimate changes should affect budgets, loan thresholds, and downstream project decisions.","cluster_decision_support","Core","0.70","0.62","reviewed_for_gap_fill","0.80","reviewed_public_job_posting|review_batch=fifteenth_tranche_2026_03|source_refs=est_02|est2_02|est2_03"
