"occupation_id","task_id","onet_task_id","task_statement","task_family_id","task_type","time_share_prior","value_centrality","bargaining_power_weight","role_criticality","ai_support_observability","source_mix","source_confidence","notes"
"occ_11_1021_00","task_occ_11_1021_00_19501","19501","Implement or oversee environmental management or sustainability programs addressing issues such as recycling, conservation, or waste management.","cluster_execution_routine","Supplemental","0.0111","0.1986","0.2262","optional","0.3175","src_onet_30_1|src_v2_role_graph_seed_2026_03","0.3875","seeded_from_onet_task_inventory"
"occ_11_1021_00","task_occ_11_1021_00_20699","20699","Review financial statements, sales or activity reports, or other performance data to measure productivity or goal achievement or to identify areas needing cost reduction or program improvement.","cluster_execution_routine","Core","0.0165","0.5346","0.4211","supporting","0.3175","src_onet_30_1|src_v2_role_graph_seed_2026_03","0.4275","seeded_from_onet_task_inventory"
"occ_11_1021_00","task_occ_11_1021_00_20700","20700","Direct administrative activities directly related to making products or providing services.","cluster_execution_routine","Core","0.0785","0.6650","0.4967","supporting","0.3175","src_onet_30_1|src_v2_role_graph_seed_2026_03","0.4275","seeded_from_onet_task_inventory"
"occ_11_1021_00","task_occ_11_1021_00_20701","20701","Prepare staff work schedules and assign specific duties.","cluster_execution_routine","Core","0.0775","0.6588","0.4931","supporting","0.3175","src_onet_30_1|src_v2_role_graph_seed_2026_03","0.4275","seeded_from_onet_task_inventory"
"occ_11_1021_00","task_occ_11_1021_00_20702","20702","Monitor suppliers to ensure that they efficiently and effectively provide needed goods or services within budgetary limits.","cluster_execution_routine","Core","0.0128","0.4182","0.3536","supporting","0.3175","src_onet_30_1|src_v2_role_graph_seed_2026_03","0.4275","seeded_from_onet_task_inventory"
"occ_11_1021_00","task_occ_11_1021_00_20703","20703","Direct or coordinate financial or budget activities to fund operations, maximize investments, or increase efficiency.","cluster_execution_routine","Core","0.0158","0.5200","0.4126","supporting","0.3175","src_onet_30_1|src_v2_role_graph_seed_2026_03","0.4275","seeded_from_onet_task_inventory"
"occ_11_1021_00","task_occ_11_1021_00_20704","20704","Establish or implement departmental policies, goals, objectives, or procedures in conjunction with board members, organization officials, or staff members.","cluster_execution_routine","Core","0.0145","0.4678","0.3823","supporting","0.3175","src_onet_30_1|src_v2_role_graph_seed_2026_03","0.4275","seeded_from_onet_task_inventory"
"occ_11_1021_00","task_occ_11_1021_00_20705","20705","Perform personnel functions, such as selection, training, or evaluation.","cluster_execution_routine","Core","0.0147","0.4740","0.3859","supporting","0.3175","src_onet_30_1|src_v2_role_graph_seed_2026_03","0.4275","seeded_from_onet_task_inventory"
"occ_11_1021_00","task_occ_11_1021_00_20706","20706","Plan or direct activities, such as sales promotions, that require coordination with other department managers.","cluster_execution_routine","Core","0.0558","0.6002","0.4591","supporting","0.3175","src_onet_30_1|src_v2_role_graph_seed_2026_03","0.4275","seeded_from_onet_task_inventory"
"occ_11_1021_00","task_occ_11_1021_00_20707","20707","Set prices or credit terms for goods or services, based on forecasts of customer demand.","cluster_execution_routine","Supplemental","0.0550","0.4470","0.3703","supporting","0.3175","src_onet_30_1|src_v2_role_graph_seed_2026_03","0.3875","seeded_from_onet_task_inventory"
"occ_11_1021_00","task_occ_11_1021_00_20708","20708","Manage the movement of goods into and out of production facilities to ensure efficiency, effectiveness, or sustainability of operations.","cluster_execution_routine","Supplemental","0.0661","0.4740","0.3859","supporting","0.3175","src_onet_30_1|src_v2_role_graph_seed_2026_03","0.3875","seeded_from_onet_task_inventory"
"occ_11_1021_00","task_occ_11_1021_00_933","933","Direct and coordinate activities of businesses or departments concerned with the production, pricing, sales, or distribution of products.","cluster_execution_routine","Core","0.0817","0.6836","0.5075","supporting","0.3175","src_onet_30_1|src_v2_role_graph_seed_2026_03","0.4275","seeded_from_onet_task_inventory"
"occ_11_1021_00","task_occ_11_1021_00_944","944","Perform sales floor work, such as greeting or assisting customers, stocking shelves, or taking inventory.","cluster_execution_routine","Supplemental","0.0754","0.4764","0.3873","supporting","0.3175","src_onet_30_1|src_v2_role_graph_seed_2026_03","0.3875","seeded_from_onet_task_inventory"
"occ_11_1021_00","task_occ_11_1021_00_945","945","Develop or implement product-marketing strategies, including advertising campaigns or sales promotions.","cluster_execution_routine","Supplemental","0.0134","0.2668","0.2657","optional","0.3175","src_onet_30_1|src_v2_role_graph_seed_2026_03","0.3875","seeded_from_onet_task_inventory"
"occ_11_1021_00","task_occ_11_1021_00_947","947","Direct non-merchandising departments of businesses, such as advertising or purchasing.","cluster_execution_routine","Supplemental","0.0231","0.3166","0.2946","optional","0.3175","src_onet_30_1|src_v2_role_graph_seed_2026_03","0.3875","seeded_from_onet_task_inventory"
"occ_11_1021_00","task_occ_11_1021_00_948","948","Recommend locations for new facilities, or oversee the remodeling or renovating of current facilities.","cluster_execution_routine","Supplemental","0.0094","0.1810","0.2160","optional","0.3175","src_onet_30_1|src_v2_role_graph_seed_2026_03","0.3875","seeded_from_onet_task_inventory"
"occ_11_1021_00","task_occ_11_1021_00_949","949","Plan store layouts or design displays.","cluster_execution_routine","Supplemental","0.0101","0.1676","0.2082","optional","0.3175","src_onet_30_1|src_v2_role_graph_seed_2026_03","0.3875","seeded_from_onet_task_inventory"
"occ_11_1021_00","task_occ_11_1021_00_jd_gm_01","jd_gm_01","Own cross-functional operating programs from problem definition through execution, with milestones, operating cadences, and escalation paths.","cluster_coordination","Core","0.0532","0.8876","0.8796","core","0.5540","src_manual_job_description_review_2026_03|src_v2_role_graph_seed_2026_03","0.7835","seeded_from_job_description_expansion"
"occ_11_1021_00","task_occ_11_1021_00_jd_gm_02","jd_gm_02","Define success metrics, risks, and process or tooling improvements that let operations scale without losing quality.","cluster_oversight_strategy","Core","0.0469","0.9800","0.9900","core","0.5160","src_manual_job_description_review_2026_03|src_v2_role_graph_seed_2026_03","0.7730","seeded_from_job_description_expansion"
"occ_11_1021_00","task_occ_11_1021_00_jd_gm_03","jd_gm_03","Manage budget-linked operational workflows such as billing, collections, reconciliations, and handoffs between operations and finance.","cluster_workflow_admin","Core","0.0490","0.6496","0.3694","supporting","0.2715","src_manual_job_description_review_2026_03|src_v2_role_graph_seed_2026_03","0.8325","seeded_from_job_description_expansion"
"occ_11_1021_00","task_occ_11_1021_00_jd_gm_04","jd_gm_04","Drive policy updates, vendor management, and change adoption so day-to-day operations remain reliable and employee-facing services improve over time.","cluster_decision_support","Core","0.0425","0.9068","0.9187","core","0.5740","src_manual_job_description_review_2026_03|src_v2_role_graph_seed_2026_03","0.7870","seeded_from_job_description_expansion"
"occ_11_1021_00","task_occ_11_1021_00_jd_gm2_01","jd_gm2_01","Investigate root causes behind recurring operating problems and synthesize cross-team findings before redesigning the workflow.","cluster_research_synthesis","Core","0.0474","0.7964","0.7383","core","0.5770","src_manual_job_description_review_2026_03|src_v2_role_graph_seed_2026_03","0.7590","seeded_from_job_description_expansion"
"occ_11_1021_00","task_occ_11_1021_00_jd_gm2_02","jd_gm2_02","Document SOPs, service standards, and operating guidance so scaled operations remain consistent across teams and vendors.","cluster_documentation","Core","0.0457","0.6632","0.5107","supporting","0.5580","src_manual_job_description_review_2026_03|src_v2_role_graph_seed_2026_03","0.7590","seeded_from_job_description_expansion"
"occ_11_1021_00","task_occ_11_1021_00_jd_gm2_03","jd_gm2_03","Monitor execution quality, review exceptions, and audit whether process changes are improving service rather than only shifting workload.","cluster_qa_review","Core","0.0430","0.7576","0.7352","core","0.0075","src_manual_job_description_review_2026_03|src_v2_role_graph_seed_2026_03","0.5910","seeded_from_job_description_expansion"
"occ_11_1021_00","task_occ_11_1021_00_jd_gm2_04","jd_gm2_04","Handle stakeholder-facing operational escalations when employee experience, vendor service, or delivery failures need fast resolution.","cluster_client_interaction","Core","0.0410","0.8236","0.8945","core","0.1525","src_manual_job_description_review_2026_03|src_v2_role_graph_seed_2026_03","0.7555","seeded_from_job_description_expansion"
"occ_11_2021_00","task_occ_11_2021_00_19502","19502","Consult with buying personnel to gain advice regarding environmentally sound or sustainable products.","cluster_execution_routine","Supplemental","0.0146","0.2420","0.2514","optional","0.3175","src_onet_30_1|src_v2_role_graph_seed_2026_03","0.3875","seeded_from_onet_task_inventory"
"occ_11_2021_00","task_occ_11_2021_00_19503","19503","Develop business cases for environmental marketing strategies.","cluster_execution_routine","Supplemental","0.0102","0.1304","0.1866","optional","0.3175","src_onet_30_1|src_v2_role_graph_seed_2026_03","0.3875","seeded_from_onet_task_inventory"
"occ_11_2021_00","task_occ_11_2021_00_19504","19504","Integrate environmental information into product or company marketing strategies, policies, or activities.","cluster_execution_routine","Supplemental","0.0098","0.1180","0.1794","optional","0.3175","src_onet_30_1|src_v2_role_graph_seed_2026_03","0.3875","seeded_from_onet_task_inventory"
"occ_11_2021_00","task_occ_11_2021_00_19505","19505","Recommend modifications to products, packaging, production processes, or other characteristics to improve the environmental soundness or sustainability of products.","cluster_execution_routine","Supplemental","0.0129","0.1986","0.2262","optional","0.3175","src_onet_30_1|src_v2_role_graph_seed_2026_03","0.3875","seeded_from_onet_task_inventory"
"occ_11_2021_00","task_occ_11_2021_00_20709","20709","Formulate, direct, or coordinate marketing activities or policies to promote products or services, working with advertising or promotion managers.","cluster_execution_routine","Core","0.0988","0.7022","0.5183","core","0.3175","src_onet_30_1|src_v2_role_graph_seed_2026_03","0.4275","seeded_from_onet_task_inventory"
"occ_11_2021_00","task_occ_11_2021_00_950","950","Develop pricing strategies, balancing firm objectives and customer satisfaction.","cluster_execution_routine","Core","0.0176","0.4864","0.3931","supporting","0.3175","src_onet_30_1|src_v2_role_graph_seed_2026_03","0.4275","seeded_from_onet_task_inventory"
"occ_11_2021_00","task_occ_11_2021_00_951","951","Identify, develop, or evaluate marketing strategy, based on knowledge of establishment objectives, market characteristics, and cost and markup factors.","cluster_execution_routine","Core","0.0870","0.6876","0.5098","supporting","0.3175","src_onet_30_1|src_v2_role_graph_seed_2026_03","0.4275","seeded_from_onet_task_inventory"
"occ_11_2021_00","task_occ_11_2021_00_952","952","Evaluate the financial aspects of product development, such as budgets, expenditures, research and development appropriations, or return-on-investment and profit-loss projections.","cluster_execution_routine","Core","0.0183","0.5050","0.4039","supporting","0.3175","src_onet_30_1|src_v2_role_graph_seed_2026_03","0.4275","seeded_from_onet_task_inventory"
"occ_11_2021_00","task_occ_11_2021_00_954","954","Direct the hiring, training, or performance evaluations of marketing or sales staff and oversee their daily activities.","cluster_execution_routine","Core","0.0752","0.6026","0.4605","supporting","0.3175","src_onet_30_1|src_v2_role_graph_seed_2026_03","0.4275","seeded_from_onet_task_inventory"
"occ_11_2021_00","task_occ_11_2021_00_955","955","Negotiate contracts with vendors or distributors to manage product distribution, establishing distribution networks or developing distribution strategies.","cluster_execution_routine","Core","0.0154","0.4306","0.3607","supporting","0.3175","src_onet_30_1|src_v2_role_graph_seed_2026_03","0.4275","seeded_from_onet_task_inventory"
"occ_11_2021_00","task_occ_11_2021_00_956","956","Consult with product development personnel on product specifications, such as design, color, or packaging.","cluster_execution_routine","Core","0.0161","0.4492","0.3715","supporting","0.3175","src_onet_30_1|src_v2_role_graph_seed_2026_03","0.4275","seeded_from_onet_task_inventory"
"occ_11_2021_00","task_occ_11_2021_00_957","957","Compile lists describing product or service offerings.","cluster_execution_routine","Core","0.0166","0.4616","0.3787","supporting","0.3175","src_onet_30_1|src_v2_role_graph_seed_2026_03","0.4275","seeded_from_onet_task_inventory"
"occ_11_2021_00","task_occ_11_2021_00_958","958","Use sales forecasting or strategic planning to ensure the sale and profitability of products, lines, or services, analyzing business developments and monitoring market trends.","cluster_execution_routine","Core","0.0156","0.4368","0.3643","supporting","0.3175","src_onet_30_1|src_v2_role_graph_seed_2026_03","0.4275","seeded_from_onet_task_inventory"
"occ_11_2021_00","task_occ_11_2021_00_959","959","Select products or accessories to be displayed at trade or special production shows.","cluster_execution_routine","Supplemental","0.0105","0.1366","0.1902","optional","0.3175","src_onet_30_1|src_v2_role_graph_seed_2026_03","0.3875","seeded_from_onet_task_inventory"
"occ_11_2021_00","task_occ_11_2021_00_960","960","Confer with legal staff to resolve problems, such as copyright infringement or royalty sharing with outside producers or distributors.","cluster_execution_routine","Core","0.0132","0.3748","0.3284","supporting","0.3175","src_onet_30_1|src_v2_role_graph_seed_2026_03","0.4275","seeded_from_onet_task_inventory"
"occ_11_2021_00","task_occ_11_2021_00_961","961","Coordinate or participate in promotional activities or trade shows, working with developers, advertisers, or production managers, to market products or services.","cluster_execution_routine","Core","0.0146","0.4120","0.3500","supporting","0.3175","src_onet_30_1|src_v2_role_graph_seed_2026_03","0.4275","seeded_from_onet_task_inventory"
"occ_11_2021_00","task_occ_11_2021_00_962","962","Advise business or other groups on local, national, or international factors affecting the buying or selling of products or services.","cluster_execution_routine","Supplemental","0.0127","0.1924","0.2226","optional","0.3175","src_onet_30_1|src_v2_role_graph_seed_2026_03","0.3875","seeded_from_onet_task_inventory"
"occ_11_2021_00","task_occ_11_2021_00_963","963","Initiate market research studies, or analyze their findings.","cluster_execution_routine","Core","0.0146","0.4136","0.3509","supporting","0.3175","src_onet_30_1|src_v2_role_graph_seed_2026_03","0.4275","seeded_from_onet_task_inventory"
"occ_11_2021_00","task_occ_11_2021_00_964","964","Consult with buying personnel to gain advice regarding the types of products or services expected to be in demand.","cluster_execution_routine","Supplemental","0.0146","0.2420","0.2514","optional","0.3175","src_onet_30_1|src_v2_role_graph_seed_2026_03","0.3875","seeded_from_onet_task_inventory"
"occ_11_2021_00","task_occ_11_2021_00_965","965","Conduct economic or commercial surveys to identify potential markets for products or services.","cluster_execution_routine","Supplemental","0.0132","0.2048","0.2298","optional","0.3175","src_onet_30_1|src_v2_role_graph_seed_2026_03","0.3875","seeded_from_onet_task_inventory"
"occ_11_2021_00","task_occ_11_2021_00_jd_mmgr_01","jd_mmgr_01","Set growth or go-to-market direction by choosing campaign priorities, channel mixes, and funnel bets that align marketing with revenue goals.","cluster_oversight_strategy","Core","0.0560","0.9800","0.9900","core","0.0100","src_manual_job_description_review_2026_03|src_v2_role_graph_seed_2026_03","0.5910","seeded_from_job_description_expansion"
"occ_11_2021_00","task_occ_11_2021_00_jd_mmgr_02","jd_mmgr_02","Plan and run multi-channel lifecycle campaigns, webinars, events, and follow-up programs with sales and success partners.","cluster_coordination","Core","0.0585","0.8720","0.8700","core","0.0995","src_manual_job_description_review_2026_03|src_v2_role_graph_seed_2026_03","0.7345","seeded_from_job_description_expansion"
"occ_11_2021_00","task_occ_11_2021_00_jd_mmgr_03","jd_mmgr_03","Track funnel performance, run experiments, and analyze conversion data to improve campaign efficiency and lead quality.","cluster_analysis","Core","0.0620","0.8476","0.7268","core","0.6430","src_manual_job_description_review_2026_03|src_v2_role_graph_seed_2026_03","0.7870","seeded_from_job_description_expansion"
"occ_11_2021_00","task_occ_11_2021_00_jd_mmgr_04","jd_mmgr_04","Develop marketing collateral, messaging, and field-ready content that keeps brand programs and promotions consistent across channels.","cluster_drafting","Core","0.0571","0.7196","0.6532","core","0.0155","src_manual_job_description_review_2026_03|src_v2_role_graph_seed_2026_03","0.5910","seeded_from_job_description_expansion"
"occ_11_2021_00","task_occ_11_2021_00_jd_mmgr2_01","jd_mmgr2_01","Interview sales, success, and customer-facing teams so campaigns reflect actual objections, lifecycle friction, and handoff needs.","cluster_client_interaction","Core","0.0647","0.8464","0.9025","core","0.1535","src_manual_job_description_review_2026_03|src_v2_role_graph_seed_2026_03","0.7730","seeded_from_job_description_expansion"
"occ_11_2021_00","task_occ_11_2021_00_jd_mmgr2_02","jd_mmgr2_02","Review creative, launch assets, and campaign setup before release so targeting, brand standards, and offer details stay aligned.","cluster_qa_review","Core","0.0668","0.7772","0.6764","core","0.6430","src_manual_job_description_review_2026_03|src_v2_role_graph_seed_2026_03","0.7555","seeded_from_job_description_expansion"
"occ_11_2021_00","task_occ_11_2021_00_jd_mmgr2_03","jd_mmgr2_03","Maintain campaign calendars, briefs, budget trackers, and reporting handoffs so marketing execution stays coherent across channels.","cluster_workflow_admin","Core","0.0667","0.6564","0.4409","supporting","0.3695","src_manual_job_description_review_2026_03|src_v2_role_graph_seed_2026_03","0.8220","seeded_from_job_description_expansion"
"occ_11_2021_00","task_occ_11_2021_00_jd_mmgr2_04","jd_mmgr2_04","Recommend spend, channel, and messaging shifts when funnel results, revenue targets, and partner constraints no longer point to the same plan.","cluster_decision_support","Core","0.0666","0.8988","0.9103","core","0.1860","src_manual_job_description_review_2026_03|src_v2_role_graph_seed_2026_03","0.7975","seeded_from_job_description_expansion"
"occ_11_2022_00","task_occ_11_2022_00_1","1","Resolve customer complaints regarding sales and service.","cluster_execution_routine","Core","0.1062","0.7208","0.5291","core","0.3175","src_onet_30_1|src_v2_role_graph_seed_2026_03","0.4275","seeded_from_onet_task_inventory"
"occ_11_2022_00","task_occ_11_2022_00_10","10","Represent company at trade association meetings to promote products.","cluster_execution_routine","Core","0.0147","0.3996","0.3428","supporting","0.3175","src_onet_30_1|src_v2_role_graph_seed_2026_03","0.4275","seeded_from_onet_task_inventory"
"occ_11_2022_00","task_occ_11_2022_00_11","11","Plan and direct staffing, training, and performance evaluations to develop and control sales and service programs.","cluster_execution_routine","Core","0.0202","0.5360","0.4219","supporting","0.3175","src_onet_30_1|src_v2_role_graph_seed_2026_03","0.4275","seeded_from_onet_task_inventory"
"occ_11_2022_00","task_occ_11_2022_00_12","12","Visit franchised dealers to stimulate interest in establishment or expansion of leasing programs.","cluster_execution_routine","Core","0.0157","0.4244","0.3572","supporting","0.3175","src_onet_30_1|src_v2_role_graph_seed_2026_03","0.4275","seeded_from_onet_task_inventory"
"occ_11_2022_00","task_occ_11_2022_00_13","13","Confer with potential customers regarding equipment needs, and advise customers on types of equipment to purchase.","cluster_execution_routine","Core","0.0779","0.6638","0.4960","supporting","0.3175","src_onet_30_1|src_v2_role_graph_seed_2026_03","0.4275","seeded_from_onet_task_inventory"
"occ_11_2022_00","task_occ_11_2022_00_14","14","Oversee regional and local sales managers and their staffs.","cluster_execution_routine","Core","0.1151","0.7642","0.5542","core","0.3175","src_onet_30_1|src_v2_role_graph_seed_2026_03","0.4275","seeded_from_onet_task_inventory"
"occ_11_2022_00","task_occ_11_2022_00_15","15","Direct clerical staff to keep records of export correspondence, bid requests, and credit collections, and to maintain current information on tariffs, licenses, and restrictions.","cluster_execution_routine","Core","0.0126","0.3500","0.3140","supporting","0.3175","src_onet_30_1|src_v2_role_graph_seed_2026_03","0.4275","seeded_from_onet_task_inventory"
"occ_11_2022_00","task_occ_11_2022_00_16","16","Direct foreign sales and service outlets of an organization.","cluster_execution_routine","Supplemental","0.0121","0.1676","0.2082","optional","0.3175","src_onet_30_1|src_v2_role_graph_seed_2026_03","0.3875","seeded_from_onet_task_inventory"
"occ_11_2022_00","task_occ_11_2022_00_17","17","Assess marketing potential of new and existing store locations, considering statistics and expenditures.","cluster_execution_routine","Supplemental","0.0142","0.2172","0.2370","optional","0.3175","src_onet_30_1|src_v2_role_graph_seed_2026_03","0.3875","seeded_from_onet_task_inventory"
"occ_11_2022_00","task_occ_11_2022_00_2","2","Monitor customer preferences to determine focus of sales efforts.","cluster_execution_routine","Core","0.0653","0.6492","0.4875","supporting","0.3175","src_onet_30_1|src_v2_role_graph_seed_2026_03","0.4275","seeded_from_onet_task_inventory"
"occ_11_2022_00","task_occ_11_2022_00_3","3","Direct and coordinate activities involving sales of manufactured products, services, commodities, real estate, or other subjects of sale.","cluster_execution_routine","Core","0.0190","0.5050","0.4039","supporting","0.3175","src_onet_30_1|src_v2_role_graph_seed_2026_03","0.4275","seeded_from_onet_task_inventory"
"occ_11_2022_00","task_occ_11_2022_00_4","4","Determine price schedules and discount rates.","cluster_execution_routine","Core","0.0187","0.4988","0.4003","supporting","0.3175","src_onet_30_1|src_v2_role_graph_seed_2026_03","0.4275","seeded_from_onet_task_inventory"
"occ_11_2022_00","task_occ_11_2022_00_5","5","Review operational records and reports to project sales and determine profitability.","cluster_execution_routine","Core","0.0202","0.5360","0.4219","supporting","0.3175","src_onet_30_1|src_v2_role_graph_seed_2026_03","0.4275","seeded_from_onet_task_inventory"
"occ_11_2022_00","task_occ_11_2022_00_6","6","Direct, coordinate, and review sales and service accounting and record-keeping, as well as receiving and shipping.","cluster_execution_routine","Core","0.0132","0.3624","0.3212","supporting","0.3175","src_onet_30_1|src_v2_role_graph_seed_2026_03","0.4275","seeded_from_onet_task_inventory"
"occ_11_2022_00","task_occ_11_2022_00_7","7","Confer or consult with department heads to plan advertising services and to secure information on equipment and customer specifications.","cluster_execution_routine","Core","0.0159","0.4306","0.3607","supporting","0.3175","src_onet_30_1|src_v2_role_graph_seed_2026_03","0.4275","seeded_from_onet_task_inventory"
"occ_11_2022_00","task_occ_11_2022_00_8","8","Advise dealers and distributors on policies and operating procedures to ensure functional effectiveness of business.","cluster_execution_routine","Core","0.0142","0.3872","0.3356","supporting","0.3175","src_onet_30_1|src_v2_role_graph_seed_2026_03","0.4275","seeded_from_onet_task_inventory"
"occ_11_2022_00","task_occ_11_2022_00_9","9","Prepare budgets and approve budget expenditures.","cluster_execution_routine","Core","0.0172","0.4616","0.3787","supporting","0.3175","src_onet_30_1|src_v2_role_graph_seed_2026_03","0.4275","seeded_from_onet_task_inventory"
"occ_11_2022_00","task_occ_11_2022_00_jd_sm_01","jd_sm_01","Coach sales reps and enforce KPI, pipeline, and deal-review discipline so the team improves execution instead of just reporting activity.","cluster_oversight_strategy","Core","0.0592","0.9800","0.9594","core","0.3175","src_manual_job_description_review_2026_03|src_v2_role_graph_seed_2026_03","0.7065","seeded_from_job_description_expansion"
"occ_11_2022_00","task_occ_11_2022_00_jd_sm_02","jd_sm_02","Inspect forecasts, pipeline health, CRM data, and conversion patterns to identify where deals or reps need intervention.","cluster_analysis","Core","0.0587","0.8288","0.7517","core","0.3175","src_manual_job_description_review_2026_03|src_v2_role_graph_seed_2026_03","0.7065","seeded_from_job_description_expansion"
"occ_11_2022_00","task_occ_11_2022_00_jd_sm_03","jd_sm_03","Shape territory, account, and deal strategy by helping reps choose priorities, messaging, and next-step decisions in live opportunities.","cluster_decision_support","Core","0.0538","0.9008","0.9153","core","0.4910","src_manual_job_description_review_2026_03|src_v2_role_graph_seed_2026_03","0.7520","seeded_from_job_description_expansion"
"occ_11_2022_00","task_occ_11_2022_00_jd_sm_04","jd_sm_04","Coordinate recruiting, onboarding, and cross-functional deal support so team capacity and execution stay aligned with revenue goals.","cluster_coordination","Core","0.0505","0.8252","0.8484","core","0.0865","src_manual_job_description_review_2026_03|src_v2_role_graph_seed_2026_03","0.7555","seeded_from_job_description_expansion"
"occ_11_2022_00","task_occ_11_2022_00_jd_sm2_01","jd_sm2_01","Review calls, deals, and pipeline behavior to check execution quality and identify where reps need specific coaching or correction.","cluster_qa_review","Core","0.0516","0.7176","0.6672","core","0.3175","src_manual_job_description_review_2026_03|src_v2_role_graph_seed_2026_03","0.7065","seeded_from_job_description_expansion"
"occ_11_2022_00","task_occ_11_2022_00_jd_sm2_02","jd_sm2_02","Maintain forecasting cadences, CRM discipline, and inspection routines so sales management runs on current and usable information.","cluster_workflow_admin","Core","0.0580","0.6280","0.4698","supporting","0.4820","src_manual_job_description_review_2026_03|src_v2_role_graph_seed_2026_03","0.7485","seeded_from_job_description_expansion"
"occ_11_2022_00","task_occ_11_2022_00_jd_sm2_03","jd_sm2_03","Handle important customer or partner conversations when live deals require senior judgment, trust repair, or commercial reassurance.","cluster_client_interaction","Core","0.0439","0.7464","0.7795","core","0.2365","src_manual_job_description_review_2026_03|src_v2_role_graph_seed_2026_03","0.8150","seeded_from_job_description_expansion"
"occ_11_2022_00","task_occ_11_2022_00_jd_sm2_04","jd_sm2_04","Build playbooks, enablement materials, and manager guidance that standardize how the team sells and improves over time.","cluster_documentation","Core","0.0518","0.5800","0.5132","supporting","0.0975","src_manual_job_description_review_2026_03|src_v2_role_graph_seed_2026_03","0.7590","seeded_from_job_description_expansion"
"occ_11_3021_00","task_occ_11_3021_00_15198","15198","Provide users with technical support for computer problems.","cluster_execution_routine","Core","0.1003","0.6650","0.4967","supporting","0.3175","src_onet_30_1|src_v2_role_graph_seed_2026_03","0.4275","seeded_from_onet_task_inventory"
"occ_11_3021_00","task_occ_11_3021_00_966","966","Manage backup, security and user help systems.","cluster_execution_routine","Supplemental","0.1070","0.5260","0.4161","supporting","0.3175","src_onet_30_1|src_v2_role_graph_seed_2026_03","0.3875","seeded_from_onet_task_inventory"
"occ_11_3021_00","task_occ_11_3021_00_967","967","Consult with users, management, vendors, and technicians to assess computing needs and system requirements.","cluster_execution_routine","Core","0.0190","0.4802","0.3895","supporting","0.3175","src_onet_30_1|src_v2_role_graph_seed_2026_03","0.4275","seeded_from_onet_task_inventory"
"occ_11_3021_00","task_occ_11_3021_00_968","968","Direct daily operations of department, analyzing workflow, establishing priorities, developing standards and setting deadlines.","cluster_execution_routine","Core","0.0355","0.5780","0.4462","supporting","0.3175","src_onet_30_1|src_v2_role_graph_seed_2026_03","0.4275","seeded_from_onet_task_inventory"
"occ_11_3021_00","task_occ_11_3021_00_969","969","Assign and review the work of systems analysts, programmers, and other computer-related workers.","cluster_execution_routine","Core","0.0203","0.5208","0.4131","supporting","0.3175","src_onet_30_1|src_v2_role_graph_seed_2026_03","0.4275","seeded_from_onet_task_inventory"
"occ_11_3021_00","task_occ_11_3021_00_970","970","Stay abreast of advances in technology.","cluster_execution_routine","Core","0.0193","0.4864","0.3931","supporting","0.3175","src_onet_30_1|src_v2_role_graph_seed_2026_03","0.4275","seeded_from_onet_task_inventory"
"occ_11_3021_00","task_occ_11_3021_00_971","971","Develop computer information resources, providing for data security and control, strategic computing, and disaster recovery.","cluster_execution_routine","Core","0.0195","0.4926","0.3967","supporting","0.3175","src_onet_30_1|src_v2_role_graph_seed_2026_03","0.4275","seeded_from_onet_task_inventory"
"occ_11_3021_00","task_occ_11_3021_00_972","972","Review and approve all systems charts and programs prior to their implementation.","cluster_execution_routine","Core","0.0179","0.4554","0.3751","supporting","0.3175","src_onet_30_1|src_v2_role_graph_seed_2026_03","0.4275","seeded_from_onet_task_inventory"
"occ_11_3021_00","task_occ_11_3021_00_973","973","Evaluate the organization's technology use and needs and recommend improvements, such as hardware and software upgrades.","cluster_execution_routine","Core","0.0182","0.4616","0.3787","supporting","0.3175","src_onet_30_1|src_v2_role_graph_seed_2026_03","0.4275","seeded_from_onet_task_inventory"
"occ_11_3021_00","task_occ_11_3021_00_974","974","Control operational budget and expenditures.","cluster_execution_routine","Core","0.0169","0.4306","0.3607","supporting","0.3175","src_onet_30_1|src_v2_role_graph_seed_2026_03","0.4275","seeded_from_onet_task_inventory"
"occ_11_3021_00","task_occ_11_3021_00_975","975","Meet with department heads, managers, supervisors, vendors, and others, to solicit cooperation and resolve problems.","cluster_execution_routine","Core","0.0206","0.5174","0.4111","supporting","0.3175","src_onet_30_1|src_v2_role_graph_seed_2026_03","0.4275","seeded_from_onet_task_inventory"
"occ_11_3021_00","task_occ_11_3021_00_976","976","Develop and interpret organizational goals, policies, and procedures.","cluster_execution_routine","Core","0.0182","0.4792","0.3889","supporting","0.3175","src_onet_30_1|src_v2_role_graph_seed_2026_03","0.4275","seeded_from_onet_task_inventory"
"occ_11_3021_00","task_occ_11_3021_00_977","977","Recruit, hire, train and supervise staff, or participate in staffing decisions.","cluster_execution_routine","Core","0.0193","0.4944","0.3978","supporting","0.3175","src_onet_30_1|src_v2_role_graph_seed_2026_03","0.4275","seeded_from_onet_task_inventory"
"occ_11_3021_00","task_occ_11_3021_00_978","978","Review project plans to plan and coordinate project activity.","cluster_execution_routine","Core","0.0206","0.5174","0.4111","supporting","0.3175","src_onet_30_1|src_v2_role_graph_seed_2026_03","0.4275","seeded_from_onet_task_inventory"
"occ_11_3021_00","task_occ_11_3021_00_979","979","Evaluate data processing proposals to assess project feasibility and requirements.","cluster_execution_routine","Core","0.0174","0.4430","0.3679","supporting","0.3175","src_onet_30_1|src_v2_role_graph_seed_2026_03","0.4275","seeded_from_onet_task_inventory"
"occ_11_3021_00","task_occ_11_3021_00_980","980","Prepare and review operational reports or project progress reports.","cluster_execution_routine","Core","0.0177","0.4492","0.3715","supporting","0.3175","src_onet_30_1|src_v2_role_graph_seed_2026_03","0.4275","seeded_from_onet_task_inventory"
"occ_11_3021_00","task_occ_11_3021_00_981","981","Purchase necessary equipment.","cluster_execution_routine","Core","0.0161","0.4120","0.3500","supporting","0.3175","src_onet_30_1|src_v2_role_graph_seed_2026_03","0.4275","seeded_from_onet_task_inventory"
"occ_11_3021_00","task_occ_11_3021_00_jd_itm_01","jd_itm_01","Set IT roadmap, budget priorities, vendor strategy, and service standards so technology operations scale with business goals.","cluster_oversight_strategy","Core","0.0592","0.9800","0.9900","core","0.0210","src_manual_job_description_review_2026_03|src_v2_role_graph_seed_2026_03","0.5945","seeded_from_job_description_expansion"
"occ_11_3021_00","task_occ_11_3021_00_jd_itm_02","jd_itm_02","Lead IT staff, service management, onboarding and offboarding, and project delivery across a growing organization.","cluster_coordination","Core","0.0642","0.8720","0.8736","core","0.1305","src_manual_job_description_review_2026_03|src_v2_role_graph_seed_2026_03","0.8080","seeded_from_job_description_expansion"
"occ_11_3021_00","task_occ_11_3021_00_jd_itm_03","jd_itm_03","Own endpoint, identity, network, and access-control administration so employees can work securely on reliable systems.","cluster_workflow_admin","Core","0.0636","0.6712","0.5661","supporting","0.0055","src_manual_job_description_review_2026_03|src_v2_role_graph_seed_2026_03","0.5875","seeded_from_job_description_expansion"
"occ_11_3021_00","task_occ_11_3021_00_jd_itm_04","jd_itm_04","Run incident, request, change, and compliance review loops and improve reporting, automation, and operational resilience.","cluster_qa_review","Core","0.0599","0.7856","0.5968","core","0.2860","src_manual_job_description_review_2026_03|src_v2_role_graph_seed_2026_03","0.8290","seeded_from_job_description_expansion"
"occ_11_3021_00","task_occ_11_3021_00_jd_itm2_01","jd_itm2_01","Evaluate new systems, vendors, and architecture changes before committing the organization to a technology path.","cluster_decision_support","Core","0.0634","0.8552","0.9018","core","0.0075","src_manual_job_description_review_2026_03|src_v2_role_graph_seed_2026_03","0.5910","seeded_from_job_description_expansion"
"occ_11_3021_00","task_occ_11_3021_00_jd_itm2_02","jd_itm2_02","Track service metrics, capacity, incident patterns, and operational health so IT priorities respond to the real constraint.","cluster_analysis","Core","0.0674","0.7984","0.6269","core","0.2470","src_manual_job_description_review_2026_03|src_v2_role_graph_seed_2026_03","0.8080","seeded_from_job_description_expansion"
"occ_11_3021_00","task_occ_11_3021_00_jd_itm2_03","jd_itm2_03","Publish SOPs, security guidance, and internal IT standards so support and infrastructure work remains consistent and auditable.","cluster_documentation","Core","0.0689","0.6792","0.4731","supporting","0.6405","src_manual_job_description_review_2026_03|src_v2_role_graph_seed_2026_03","0.7695","seeded_from_job_description_expansion"
"occ_11_3021_00","task_occ_11_3021_00_jd_itm2_04","jd_itm2_04","Handle executive and department-level escalations when outages, access issues, or delivery problems affect business operations.","cluster_client_interaction","Core","0.0497","0.7620","0.8230","core","0.3175","src_manual_job_description_review_2026_03|src_v2_role_graph_seed_2026_03","0.7065","seeded_from_job_description_expansion"
"occ_11_3031_00","task_occ_11_3031_00_21311","21311","Establish and maintain relationships with individual or business customers or provide assistance with problems these customers may encounter.","cluster_execution_routine","Core","0.0741","0.7084","0.4289","core","0.5515","src_onet_30_1|src_v2_role_graph_seed_2026_03","0.5080","seeded_from_onet_task_inventory"
"occ_11_3031_00","task_occ_11_3031_00_21312","21312","Plan, direct, or coordinate the activities of workers in branches, offices, or departments of establishments, such as branch banks, brokerage firms, risk and insurance departments, or credit departments.","cluster_execution_routine","Core","0.0691","0.6804","0.4126","supporting","0.5515","src_onet_30_1|src_v2_role_graph_seed_2026_03","0.5080","seeded_from_onet_task_inventory"
"occ_11_3031_00","task_occ_11_3031_00_21313","21313","Recruit staff members.","cluster_execution_routine","Core","0.0125","0.4678","0.2893","supporting","0.5515","src_onet_30_1|src_v2_role_graph_seed_2026_03","0.5080","seeded_from_onet_task_inventory"
"occ_11_3031_00","task_occ_11_3031_00_21314","21314","Prepare operational or risk reports for management analysis.","cluster_execution_routine","Supplemental","0.0119","0.2792","0.1799","optional","0.5515","src_onet_30_1|src_v2_role_graph_seed_2026_03","0.4680","seeded_from_onet_task_inventory"
"occ_11_3031_00","task_occ_11_3031_00_21315","21315","Evaluate data pertaining to costs to plan budgets.","cluster_execution_routine","Core","0.0587","0.6030","0.3677","supporting","0.5515","src_onet_30_1|src_v2_role_graph_seed_2026_03","0.5080","seeded_from_onet_task_inventory"
"occ_11_3031_00","task_occ_11_3031_00_21316","21316","Oversee training programs.","cluster_execution_routine","Core","0.0112","0.4244","0.2642","supporting","0.5515","src_onet_30_1|src_v2_role_graph_seed_2026_03","0.5080","seeded_from_onet_task_inventory"
"occ_11_3031_00","task_occ_11_3031_00_21317","21317","Examine, evaluate, or process loan applications.","cluster_execution_routine","Supplemental","0.0622","0.4776","0.2950","supporting","0.5515","src_onet_30_1|src_v2_role_graph_seed_2026_03","0.4680","seeded_from_onet_task_inventory"
"occ_11_3031_00","task_occ_11_3031_00_21318","21318","Approve, reject, or coordinate the approval or rejection of lines of credit or commercial, real estate, or personal loans.","cluster_execution_routine","Supplemental","0.0139","0.3474","0.2195","optional","0.5515","src_onet_30_1|src_v2_role_graph_seed_2026_03","0.4680","seeded_from_onet_task_inventory"
"occ_11_3031_00","task_occ_11_3031_00_21319","21319","Oversee the flow of cash or financial instruments.","cluster_execution_routine","Core","0.0643","0.6784","0.4115","supporting","0.5515","src_onet_30_1|src_v2_role_graph_seed_2026_03","0.5080","seeded_from_onet_task_inventory"
"occ_11_3031_00","task_occ_11_3031_00_21320","21320","Prepare financial or regulatory reports required by laws, regulations, or boards of directors.","cluster_execution_routine","Supplemental","0.0687","0.5012","0.3087","supporting","0.5515","src_onet_30_1|src_v2_role_graph_seed_2026_03","0.4680","seeded_from_onet_task_inventory"
"occ_11_3031_00","task_occ_11_3031_00_21321","21321","Develop or analyze information to assess the current or future financial status of firms.","cluster_execution_routine","Supplemental","0.0705","0.5136","0.3159","supporting","0.5515","src_onet_30_1|src_v2_role_graph_seed_2026_03","0.4680","seeded_from_onet_task_inventory"
"occ_11_3031_00","task_occ_11_3031_00_21322","21322","Communicate with stockholders or other investors to provide information or to raise capital.","cluster_execution_routine","Supplemental","0.0146","0.3722","0.2339","optional","0.5515","src_onet_30_1|src_v2_role_graph_seed_2026_03","0.4680","seeded_from_onet_task_inventory"
"occ_11_3031_00","task_occ_11_3031_00_21323","21323","Evaluate financial reporting systems, accounting or collection procedures, or investment activities and make recommendations for changes to procedures, operating systems, budgets, or other financial control functions.","cluster_execution_routine","Supplemental","0.0633","0.4640","0.2871","supporting","0.5515","src_onet_30_1|src_v2_role_graph_seed_2026_03","0.4680","seeded_from_onet_task_inventory"
"occ_11_3031_00","task_occ_11_3031_00_21325","21325","Network within communities to find and attract new business.","cluster_execution_routine","Supplemental","0.0125","0.2978","0.1907","optional","0.5515","src_onet_30_1|src_v2_role_graph_seed_2026_03","0.4680","seeded_from_onet_task_inventory"
"occ_11_3031_00","task_occ_11_3031_00_21326","21326","Review collection reports to determine the status of collections and the amounts of outstanding balances.","cluster_execution_routine","Supplemental","0.0117","0.2730","0.1763","optional","0.5515","src_onet_30_1|src_v2_role_graph_seed_2026_03","0.4680","seeded_from_onet_task_inventory"
"occ_11_3031_00","task_occ_11_3031_00_21327","21327","Establish procedures for custody or control of assets, records, loan collateral, or securities to ensure safekeeping.","cluster_execution_routine","Supplemental","0.0357","0.4660","0.2883","supporting","0.5515","src_onet_30_1|src_v2_role_graph_seed_2026_03","0.4680","seeded_from_onet_task_inventory"
"occ_11_3031_00","task_occ_11_3031_00_21329","21329","Review reports of securities transactions or price lists to analyze market conditions.","cluster_execution_routine","Supplemental","0.0099","0.2110","0.1404","optional","0.5515","src_onet_30_1|src_v2_role_graph_seed_2026_03","0.4680","seeded_from_onet_task_inventory"
"occ_11_3031_00","task_occ_11_3031_00_jd_fm_01","jd_fm_01","Build budgets, forecasts, and scenario plans that turn operating assumptions into decision-ready finance views for leadership.","cluster_decision_support","Core","0.0445","0.9444","0.9446","core","0.1300","src_manual_job_description_review_2026_03|src_v2_role_graph_seed_2026_03","0.8115","seeded_from_job_description_expansion"
"occ_11_3031_00","task_occ_11_3031_00_jd_fm_02","jd_fm_02","Prepare KPI reporting, variance analysis, and performance reviews that explain what moved results and what needs intervention.","cluster_analysis","Core","0.0430","0.8412","0.6283","core","0.2860","src_manual_job_description_review_2026_03|src_v2_role_graph_seed_2026_03","0.8150","seeded_from_job_description_expansion"
"occ_11_3031_00","task_occ_11_3031_00_jd_fm_03","jd_fm_03","Partner with business, operations, and finance teams to align performance reviews, planning cycles, and operating follow-through.","cluster_coordination","Core","0.0395","0.8532","0.8259","core","0.3175","src_manual_job_description_review_2026_03|src_v2_role_graph_seed_2026_03","0.7065","seeded_from_job_description_expansion"
"occ_11_3031_00","task_occ_11_3031_00_jd_fm_04","jd_fm_04","Run reporting controls, audit support, and compliance checks that keep finance outputs reliable under internal and external scrutiny.","cluster_qa_review","Core","0.0390","0.7824","0.5898","core","0.2925","src_manual_job_description_review_2026_03|src_v2_role_graph_seed_2026_03","0.8290","seeded_from_job_description_expansion"
"occ_11_3031_00","task_occ_11_3031_00_jd_fm2_01","jd_fm2_01","Prepare finance narratives, reporting decks, and board-ready materials that explain performance and risk clearly to stakeholders.","cluster_documentation","Core","0.0455","0.6484","0.4449","supporting","0.5595","src_manual_job_description_review_2026_03|src_v2_role_graph_seed_2026_03","0.7625","seeded_from_job_description_expansion"
"occ_11_3031_00","task_occ_11_3031_00_jd_fm2_02","jd_fm2_02","Own finance workflows, calendars, and operational follow-through that keep close, planning, and reporting cycles moving.","cluster_workflow_admin","Core","0.0492","0.6748","0.5224","supporting","0.3175","src_manual_job_description_review_2026_03|src_v2_role_graph_seed_2026_03","0.7065","seeded_from_job_description_expansion"
"occ_11_3031_00","task_occ_11_3031_00_jd_fm2_03","jd_fm2_03","Set finance priorities and planning rhythms across departments so resource tradeoffs and performance management stay aligned.","cluster_oversight_strategy","Core","0.0403","0.9196","0.9612","core","0.1205","src_manual_job_description_review_2026_03|src_v2_role_graph_seed_2026_03","0.8010","seeded_from_job_description_expansion"
"occ_11_3031_00","task_occ_11_3031_00_jd_fm2_04","jd_fm2_04","Translate financial implications for business leaders and work through disagreements when targets, assumptions, or accountability conflict.","cluster_relationship_management","Core","0.0342","0.7868","0.7575","core","0.2940","src_manual_job_description_review_2026_03|src_v2_role_graph_seed_2026_03","0.8325","seeded_from_job_description_expansion"
"occ_11_3071_00","task_occ_11_3071_00_21340","21340","Supervise the activities of workers engaged in receiving, storing, testing, and shipping products or materials.","cluster_execution_routine","Core","0.0735","0.7518","0.4774","core","0.5465","src_onet_30_1|src_v2_role_graph_seed_2026_03","0.5080","seeded_from_onet_task_inventory"
"occ_11_3071_00","task_occ_11_3071_00_21341","21341","Plan, develop, or implement warehouse safety and security programs and activities.","cluster_execution_routine","Core","0.0137","0.5546","0.3631","supporting","0.5465","src_onet_30_1|src_v2_role_graph_seed_2026_03","0.5080","seeded_from_onet_task_inventory"
"occ_11_3071_00","task_occ_11_3071_00_21342","21342","Inspect physical conditions of warehouses, vehicle fleets, or equipment and order testing, maintenance, repairs, or replacements.","cluster_execution_routine","Core","0.0399","0.6428","0.4142","supporting","0.5465","src_onet_30_1|src_v2_role_graph_seed_2026_03","0.5080","seeded_from_onet_task_inventory"
"occ_11_3071_00","task_occ_11_3071_00_21343","21343","Plan, organize, or manage the work of subordinate staff to ensure that the work is accomplished in a manner consistent with organizational requirements.","cluster_execution_routine","Core","0.0677","0.7084","0.4523","core","0.5465","src_onet_30_1|src_v2_role_graph_seed_2026_03","0.5080","seeded_from_onet_task_inventory"
"occ_11_3071_00","task_occ_11_3071_00_21344","21344","Collaborate with other departments to integrate logistics with business systems or processes, such as customer sales, order management, accounting, or shipping.","cluster_execution_routine","Core","0.0129","0.5236","0.3451","supporting","0.5465","src_onet_30_1|src_v2_role_graph_seed_2026_03","0.5080","seeded_from_onet_task_inventory"
"occ_11_3071_00","task_occ_11_3071_00_21345","21345","Analyze all aspects of corporate logistics to determine the most cost-effective or efficient means of transporting products or supplies.","cluster_execution_routine","Core","0.0127","0.5174","0.3415","supporting","0.5465","src_onet_30_1|src_v2_role_graph_seed_2026_03","0.5080","seeded_from_onet_task_inventory"
"occ_11_3071_00","task_occ_11_3071_00_21346","21346","Resolve problems concerning transportation, logistics systems, imports or exports, or customer issues.","cluster_execution_routine","Core","0.0248","0.5798","0.3777","supporting","0.5465","src_onet_30_1|src_v2_role_graph_seed_2026_03","0.5080","seeded_from_onet_task_inventory"
"occ_11_3071_00","task_occ_11_3071_00_21347","21347","Develop and document standard and emergency operating procedures for receiving, handling, storing, shipping, or salvaging products or materials.","cluster_execution_routine","Core","0.0126","0.5112","0.3379","supporting","0.5465","src_onet_30_1|src_v2_role_graph_seed_2026_03","0.5080","seeded_from_onet_task_inventory"
"occ_11_3071_00","task_occ_11_3071_00_21348","21348","Monitor operations to ensure that staff members comply with administrative policies and procedures, safety rules, union contracts, environmental policies, or government regulations.","cluster_execution_routine","Core","0.0628","0.6712","0.4307","supporting","0.5465","src_onet_30_1|src_v2_role_graph_seed_2026_03","0.5080","seeded_from_onet_task_inventory"
"occ_11_3071_00","task_occ_11_3071_00_21349","21349","Analyze the financial impact of proposed logistics changes, such as routing, shipping modes, product volumes or mixes, or carriers.","cluster_execution_routine","Core","0.0124","0.5050","0.3343","supporting","0.5465","src_onet_30_1|src_v2_role_graph_seed_2026_03","0.5080","seeded_from_onet_task_inventory"
"occ_11_3071_00","task_occ_11_3071_00_21350","21350","Monitor inventory levels of products or materials in warehouses.","cluster_execution_routine","Core","0.0124","0.5050","0.3343","supporting","0.5465","src_onet_30_1|src_v2_role_graph_seed_2026_03","0.5080","seeded_from_onet_task_inventory"
"occ_11_3071_00","task_occ_11_3071_00_21351","21351","Establish or monitor specific supply chain-based performance measurement systems.","cluster_execution_routine","Core","0.0121","0.4926","0.3271","supporting","0.5465","src_onet_30_1|src_v2_role_graph_seed_2026_03","0.5080","seeded_from_onet_task_inventory"
"occ_11_3071_00","task_occ_11_3071_00_21352","21352","Prepare and manage departmental budgets.","cluster_execution_routine","Core","0.0119","0.4864","0.3235","supporting","0.5465","src_onet_30_1|src_v2_role_graph_seed_2026_03","0.5080","seeded_from_onet_task_inventory"
"occ_11_3071_00","task_occ_11_3071_00_21353","21353","Monitor product import or export processes to ensure compliance with regulatory or legal requirements.","cluster_execution_routine","Core","0.0117","0.4802","0.3199","supporting","0.5465","src_onet_30_1|src_v2_role_graph_seed_2026_03","0.5080","seeded_from_onet_task_inventory"
"occ_11_3071_00","task_occ_11_3071_00_21354","21354","Prepare management recommendations, such as proposed fee and tariff increases or schedule changes.","cluster_execution_routine","Core","0.0586","0.6402","0.4127","supporting","0.5465","src_onet_30_1|src_v2_role_graph_seed_2026_03","0.5080","seeded_from_onet_task_inventory"
"occ_11_3071_00","task_occ_11_3071_00_21355","21355","Interview, select, and train warehouse and supervisory personnel.","cluster_execution_routine","Core","0.0114","0.4678","0.3127","supporting","0.5465","src_onet_30_1|src_v2_role_graph_seed_2026_03","0.5080","seeded_from_onet_task_inventory"
"occ_11_3071_00","task_occ_11_3071_00_21356","21356","Advise sales and billing departments of transportation charges for customers' accounts.","cluster_execution_routine","Core","0.0114","0.4678","0.3127","supporting","0.5465","src_onet_30_1|src_v2_role_graph_seed_2026_03","0.5080","seeded_from_onet_task_inventory"
"occ_11_3071_00","task_occ_11_3071_00_21357","21357","Analyze expenditures and other financial information to develop plans, policies, or budgets for increasing profits or improving services.","cluster_execution_routine","Core","0.0114","0.4678","0.3127","supporting","0.5465","src_onet_30_1|src_v2_role_graph_seed_2026_03","0.5080","seeded_from_onet_task_inventory"
"occ_11_3071_00","task_occ_11_3071_00_21358","21358","Confer with department heads to coordinate warehouse activities, such as production, sales, records control, or purchasing.","cluster_execution_routine","Core","0.0331","0.5560","0.3639","supporting","0.5465","src_onet_30_1|src_v2_role_graph_seed_2026_03","0.5080","seeded_from_onet_task_inventory"
"occ_11_3071_00","task_occ_11_3071_00_21359","21359","Implement specific customer requirements, such as internal reporting or customized transportation metrics.","cluster_execution_routine","Core","0.0112","0.4616","0.3091","supporting","0.5465","src_onet_30_1|src_v2_role_graph_seed_2026_03","0.5080","seeded_from_onet_task_inventory"
"occ_11_3071_00","task_occ_11_3071_00_21360","21360","Maintain metrics, reports, process documentation, customer service logs, or training or safety records.","cluster_execution_routine","Core","0.0230","0.5272","0.3472","supporting","0.5465","src_onet_30_1|src_v2_role_graph_seed_2026_03","0.5080","seeded_from_onet_task_inventory"
"occ_11_3071_00","task_occ_11_3071_00_21361","21361","Examine invoices and shipping manifests for conformity to tariff and customs regulations.","cluster_execution_routine","Core","0.0111","0.4554","0.3055","supporting","0.5465","src_onet_30_1|src_v2_role_graph_seed_2026_03","0.5080","seeded_from_onet_task_inventory"
"occ_11_3071_00","task_occ_11_3071_00_21362","21362","Plan or implement energy saving changes to transportation services, such as reducing routes, optimizing capacities, employing alternate modes of transportation, or minimizing idling.","cluster_execution_routine","Core","0.0111","0.4874","0.3241","supporting","0.5465","src_onet_30_1|src_v2_role_graph_seed_2026_03","0.5080","seeded_from_onet_task_inventory"
"occ_11_3071_00","task_occ_11_3071_00_21363","21363","Evaluate contractors or business partners for operational efficiency or safety or environmental performance records.","cluster_execution_routine","Core","0.0107","0.4430","0.2983","supporting","0.5465","src_onet_30_1|src_v2_role_graph_seed_2026_03","0.5080","seeded_from_onet_task_inventory"
"occ_11_3071_00","task_occ_11_3071_00_21364","21364","Negotiate with carriers, warehouse operators, or insurance company representatives for services and preferential rates.","cluster_execution_routine","Core","0.0106","0.4368","0.2947","supporting","0.5465","src_onet_30_1|src_v2_role_graph_seed_2026_03","0.5080","seeded_from_onet_task_inventory"
"occ_11_3071_00","task_occ_11_3071_00_21365","21365","Develop or implement plans for facility modification or expansion, such as equipment purchase or changes in space allocation or structural design.","cluster_execution_routine","Core","0.0106","0.4368","0.2947","supporting","0.5465","src_onet_30_1|src_v2_role_graph_seed_2026_03","0.5080","seeded_from_onet_task_inventory"
"occ_11_3071_00","task_occ_11_3071_00_21366","21366","Direct inbound or outbound operations, such as transportation or warehouse activities, safety performance, and logistics quality management.","cluster_execution_routine","n/a","0.0248","0.3720","0.2572","optional","0.5465","src_onet_30_1|src_v2_role_graph_seed_2026_03","0.4680","seeded_from_onet_task_inventory"
"occ_11_3071_00","task_occ_11_3071_00_21367","21367","Plan or implement improvements to internal or external systems or processes.","cluster_execution_routine","n/a","0.0248","0.3720","0.2572","optional","0.5465","src_onet_30_1|src_v2_role_graph_seed_2026_03","0.4680","seeded_from_onet_task_inventory"
"occ_11_3071_00","task_occ_11_3071_00_21368","21368","Recommend or authorize capital expenditures for acquisition of new equipment or property to increase efficiency and services.","cluster_execution_routine","n/a","0.0248","0.3720","0.2572","optional","0.5465","src_onet_30_1|src_v2_role_graph_seed_2026_03","0.4680","seeded_from_onet_task_inventory"
"occ_11_3071_00","task_occ_11_3071_00_21369","21369","Review invoices, work orders, consumption reports, or demand forecasts to estimate peak performance periods and to issue work assignments.","cluster_execution_routine","n/a","0.0248","0.3720","0.2572","optional","0.5465","src_onet_30_1|src_v2_role_graph_seed_2026_03","0.4680","seeded_from_onet_task_inventory"
"occ_11_3071_00","task_occ_11_3071_00_jd_tsdm_01","jd_tsdm_01","Set transportation strategy, budget priorities, carrier plans, and service standards across inbound and outbound logistics operations.","cluster_oversight_strategy","Core","0.0370","0.9800","0.9594","core","0.3175","src_manual_job_description_review_2026_03|src_v2_role_graph_seed_2026_03","0.7065","seeded_from_job_description_expansion"
"occ_11_3071_00","task_occ_11_3071_00_jd_tsdm_02","jd_tsdm_02","Negotiate with carriers and logistics providers and choose routing, service, and provider options under cost and compliance constraints.","cluster_decision_support","Core","0.0374","0.9164","0.8905","core","0.5705","src_manual_job_description_review_2026_03|src_v2_role_graph_seed_2026_03","0.7520","seeded_from_job_description_expansion"
"occ_11_3071_00","task_occ_11_3071_00_jd_tsdm_03","jd_tsdm_03","Coordinate warehousing, inventory, transportation, and supply-chain partners so goods move reliably from suppliers to customers.","cluster_coordination","Core","0.0399","0.8628","0.8346","core","0.5505","src_manual_job_description_review_2026_03|src_v2_role_graph_seed_2026_03","0.7800","seeded_from_job_description_expansion"
"occ_11_3071_00","task_occ_11_3071_00_jd_tsdm_04","jd_tsdm_04","Track transportation KPIs, cost trends, claims, and SOP documentation so the distribution network stays efficient and auditable.","cluster_analysis","Core","0.0396","0.8320","0.6932","core","0.4190","src_manual_job_description_review_2026_03|src_v2_role_graph_seed_2026_03","0.8290","seeded_from_job_description_expansion"
"occ_11_3071_00","task_occ_11_3071_00_jd_tsdm2_01","jd_tsdm2_01","Rebalance carrier mix, routing rules, and service levels when cost, capacity, or delivery constraints shift across the network.","cluster_decision_support","Core","0.0377","0.9072","0.8852","core","0.5705","src_manual_job_description_review_2026_03|src_v2_role_graph_seed_2026_03","0.7520","seeded_from_job_description_expansion"
"occ_11_3071_00","task_occ_11_3071_00_jd_tsdm2_02","jd_tsdm2_02","Review claims, service failures, and lane performance data so transportation problems are corrected before they spread downstream.","cluster_qa_review","Core","0.0406","0.8044","0.7176","core","0.3175","src_manual_job_description_review_2026_03|src_v2_role_graph_seed_2026_03","0.7065","seeded_from_job_description_expansion"
"occ_11_3071_00","task_occ_11_3071_00_jd_tsdm2_03","jd_tsdm2_03","Coordinate warehousing, procurement, and customer operations when shortages, delays, or customs issues disrupt planned shipments.","cluster_coordination","Core","0.0410","0.8752","0.8418","core","0.5505","src_manual_job_description_review_2026_03|src_v2_role_graph_seed_2026_03","0.7800","seeded_from_job_description_expansion"
"occ_11_3071_00","task_occ_11_3071_00_jd_tsdm2_04","jd_tsdm2_04","Maintain SOPs, contingency plans, and shipment-exception workflows so transportation operations stay resilient under change.","cluster_workflow_admin","Core","0.0326","0.5844","0.5138","supporting","0.0120","src_manual_job_description_review_2026_03|src_v2_role_graph_seed_2026_03","0.5910","seeded_from_job_description_expansion"
"occ_11_3121_00","task_occ_11_3121_00_1000","1000","Prepare personnel forecast to project employment needs.","cluster_execution_routine","Core","0.0134","0.4244","0.3572","supporting","0.3175","src_onet_30_1|src_v2_role_graph_seed_2026_03","0.4275","seeded_from_onet_task_inventory"
"occ_11_3121_00","task_occ_11_3121_00_1001","1001","Prepare and follow budgets for personnel operations.","cluster_execution_routine","Core","0.0156","0.4864","0.3931","supporting","0.3175","src_onet_30_1|src_v2_role_graph_seed_2026_03","0.4275","seeded_from_onet_task_inventory"
"occ_11_3121_00","task_occ_11_3121_00_1002","1002","Develop, administer, and evaluate applicant tests.","cluster_execution_routine","Supplemental","0.0353","0.2688","0.2669","optional","0.3175","src_onet_30_1|src_v2_role_graph_seed_2026_03","0.3875","seeded_from_onet_task_inventory"
"occ_11_3121_00","task_occ_11_3121_00_1003","1003","Oversee the evaluation, classification, and rating of occupations and job positions.","cluster_execution_routine","Core","0.0138","0.4368","0.3643","supporting","0.3175","src_onet_30_1|src_v2_role_graph_seed_2026_03","0.4275","seeded_from_onet_task_inventory"
"occ_11_3121_00","task_occ_11_3121_00_1004","1004","Study legislation, arbitration decisions, and collective bargaining contracts to assess industry trends.","cluster_execution_routine","Core","0.0128","0.4058","0.3464","supporting","0.3175","src_onet_30_1|src_v2_role_graph_seed_2026_03","0.4275","seeded_from_onet_task_inventory"
"occ_11_3121_00","task_occ_11_3121_00_1005","1005","Develop or administer special projects in areas such as pay equity, savings bond programs, day care, and employee awards.","cluster_execution_routine","Core","0.0119","0.3810","0.3320","supporting","0.3175","src_onet_30_1|src_v2_role_graph_seed_2026_03","0.4275","seeded_from_onet_task_inventory"
"occ_11_3121_00","task_occ_11_3121_00_1006","1006","Provide terminated employees with outplacement or relocation assistance.","cluster_execution_routine","Supplemental","0.0065","0.0560","0.1435","optional","0.3175","src_onet_30_1|src_v2_role_graph_seed_2026_03","0.3875","seeded_from_onet_task_inventory"
"occ_11_3121_00","task_occ_11_3121_00_1007","1007","Contract with vendors to provide employee services, such as food service, transportation, or relocation service.","cluster_execution_routine","Supplemental","0.0078","0.0932","0.1651","optional","0.3175","src_onet_30_1|src_v2_role_graph_seed_2026_03","0.3875","seeded_from_onet_task_inventory"
"occ_11_3121_00","task_occ_11_3121_00_982","982","Administer compensation, benefits, and performance management systems, and safety and recreation programs.","cluster_execution_routine","Core","0.0158","0.4926","0.3967","supporting","0.3175","src_onet_30_1|src_v2_role_graph_seed_2026_03","0.4275","seeded_from_onet_task_inventory"
"occ_11_3121_00","task_occ_11_3121_00_983","983","Identify staff vacancies and recruit, interview, and select applicants.","cluster_execution_routine","Core","0.0164","0.5112","0.4075","supporting","0.3175","src_onet_30_1|src_v2_role_graph_seed_2026_03","0.4275","seeded_from_onet_task_inventory"
"occ_11_3121_00","task_occ_11_3121_00_984","984","Allocate human resources, ensuring appropriate matches between personnel.","cluster_execution_routine","Core","0.0138","0.4368","0.3643","supporting","0.3175","src_onet_30_1|src_v2_role_graph_seed_2026_03","0.4275","seeded_from_onet_task_inventory"
"occ_11_3121_00","task_occ_11_3121_00_985","985","Provide current and prospective employees with information about policies, job duties, working conditions, wages, opportunities for promotion, and employee benefits.","cluster_execution_routine","Core","0.0145","0.4554","0.3751","supporting","0.3175","src_onet_30_1|src_v2_role_graph_seed_2026_03","0.4275","seeded_from_onet_task_inventory"
"occ_11_3121_00","task_occ_11_3121_00_986","986","Perform difficult staffing duties, including dealing with understaffing, refereeing disputes, firing employees, and administering disciplinary procedures.","cluster_execution_routine","Core","0.0592","0.6802","0.5055","supporting","0.3175","src_onet_30_1|src_v2_role_graph_seed_2026_03","0.4275","seeded_from_onet_task_inventory"
"occ_11_3121_00","task_occ_11_3121_00_987","987","Advise managers on organizational policy matters, such as equal employment opportunity and sexual harassment, and recommend needed changes.","cluster_execution_routine","Core","0.0179","0.5546","0.4327","supporting","0.3175","src_onet_30_1|src_v2_role_graph_seed_2026_03","0.4275","seeded_from_onet_task_inventory"
"occ_11_3121_00","task_occ_11_3121_00_988","988","Analyze and modify compensation and benefits policies to establish competitive programs and ensure compliance with legal requirements.","cluster_execution_routine","Core","0.0164","0.5112","0.4075","supporting","0.3175","src_onet_30_1|src_v2_role_graph_seed_2026_03","0.4275","seeded_from_onet_task_inventory"
"occ_11_3121_00","task_occ_11_3121_00_989","989","Plan and conduct new employee orientation to foster positive attitude toward organizational objectives.","cluster_execution_routine","Core","0.0166","0.5174","0.4111","supporting","0.3175","src_onet_30_1|src_v2_role_graph_seed_2026_03","0.4275","seeded_from_onet_task_inventory"
"occ_11_3121_00","task_occ_11_3121_00_990","990","Serve as a link between management and employees by handling questions, interpreting and administering contracts and helping resolve work-related problems.","cluster_execution_routine","Core","0.0995","0.7704","0.5578","core","0.3175","src_onet_30_1|src_v2_role_graph_seed_2026_03","0.4275","seeded_from_onet_task_inventory"
"occ_11_3121_00","task_occ_11_3121_00_991","991","Plan, direct, supervise, and coordinate work activities of subordinates and staff relating to employment, compensation, labor relations, and employee relations.","cluster_execution_routine","Core","0.0962","0.7518","0.5470","core","0.3175","src_onet_30_1|src_v2_role_graph_seed_2026_03","0.4275","seeded_from_onet_task_inventory"
"occ_11_3121_00","task_occ_11_3121_00_992","992","Analyze training needs to design employee development, language training, and health and safety programs.","cluster_execution_routine","Core","0.0138","0.4368","0.3643","supporting","0.3175","src_onet_30_1|src_v2_role_graph_seed_2026_03","0.4275","seeded_from_onet_task_inventory"
"occ_11_3121_00","task_occ_11_3121_00_993","993","Maintain records and compile statistical reports concerning personnel-related data such as hires, transfers, performance appraisals, and absenteeism rates.","cluster_execution_routine","Core","0.0149","0.4678","0.3823","supporting","0.3175","src_onet_30_1|src_v2_role_graph_seed_2026_03","0.4275","seeded_from_onet_task_inventory"
"occ_11_3121_00","task_occ_11_3121_00_994","994","Analyze statistical data and reports to identify and determine causes of personnel problems and develop recommendations for improvement of organization's personnel policies and practices.","cluster_execution_routine","Core","0.0162","0.5050","0.4039","supporting","0.3175","src_onet_30_1|src_v2_role_graph_seed_2026_03","0.4275","seeded_from_onet_task_inventory"
"occ_11_3121_00","task_occ_11_3121_00_995","995","Plan, organize, direct, control, or coordinate the personnel, training, or labor relations activities of an organization.","cluster_execution_routine","Core","0.0143","0.4492","0.3715","supporting","0.3175","src_onet_30_1|src_v2_role_graph_seed_2026_03","0.4275","seeded_from_onet_task_inventory"
"occ_11_3121_00","task_occ_11_3121_00_996","996","Conduct exit interviews to identify reasons for employee termination.","cluster_execution_routine","Core","0.0143","0.4492","0.3715","supporting","0.3175","src_onet_30_1|src_v2_role_graph_seed_2026_03","0.4275","seeded_from_onet_task_inventory"
"occ_11_3121_00","task_occ_11_3121_00_997","997","Investigate and report on industrial accidents for insurance carriers.","cluster_execution_routine","Core","0.0162","0.5050","0.4039","supporting","0.3175","src_onet_30_1|src_v2_role_graph_seed_2026_03","0.4275","seeded_from_onet_task_inventory"
"occ_11_3121_00","task_occ_11_3121_00_998","998","Represent organization at personnel-related hearings and investigations.","cluster_execution_routine","Core","0.0184","0.5670","0.4399","supporting","0.3175","src_onet_30_1|src_v2_role_graph_seed_2026_03","0.4275","seeded_from_onet_task_inventory"
"occ_11_3121_00","task_occ_11_3121_00_999","999","Negotiate bargaining agreements and help interpret labor contracts.","cluster_execution_routine","Core","0.0179","0.5546","0.4327","supporting","0.3175","src_onet_30_1|src_v2_role_graph_seed_2026_03","0.4275","seeded_from_onet_task_inventory"
"occ_11_3121_00","task_occ_11_3121_00_jd_hrm_01","jd_hrm_01","Set people-process standards across recruiting, evaluation, compensation, and employee lifecycle systems so HR runs consistently.","cluster_oversight_strategy","Core","0.0489","0.9800","0.9406","core","0.2320","src_manual_job_description_review_2026_03|src_v2_role_graph_seed_2026_03","0.8185","seeded_from_job_description_expansion"
"occ_11_3121_00","task_occ_11_3121_00_jd_hrm_02","jd_hrm_02","Handle employee relations, grievances, investigations, and manager guidance when workplace issues need judgment and policy interpretation.","cluster_relationship_management","Core","0.0451","0.8792","0.9541","core","0.1370","src_manual_job_description_review_2026_03|src_v2_role_graph_seed_2026_03","0.8115","seeded_from_job_description_expansion"
"occ_11_3121_00","task_occ_11_3121_00_jd_hrm_03","jd_hrm_03","Run compliance, audits, HRIS administration, and policy execution so federal, state, and local employment requirements are met.","cluster_qa_review","Core","0.0509","0.7704","0.6984","core","0.5350","src_manual_job_description_review_2026_03|src_v2_role_graph_seed_2026_03","0.7485","seeded_from_job_description_expansion"
"occ_11_3121_00","task_occ_11_3121_00_jd_hrm_04","jd_hrm_04","Coordinate with managers, legal, finance, and operations teams on workforce planning, onboarding, and personnel process changes.","cluster_coordination","Core","0.0441","0.7976","0.8264","core","0.4940","src_manual_job_description_review_2026_03|src_v2_role_graph_seed_2026_03","0.7765","seeded_from_job_description_expansion"
"occ_11_3121_00","task_occ_11_3121_00_jd_hrm2_01","jd_hrm2_01","Review workforce patterns, case volume, turnover signals, and manager requests to identify where people processes are breaking down.","cluster_analysis","Core","0.0515","0.7736","0.6853","core","0.4065","src_manual_job_description_review_2026_03|src_v2_role_graph_seed_2026_03","0.8395","seeded_from_job_description_expansion"
"occ_11_3121_00","task_occ_11_3121_00_jd_hrm2_02","jd_hrm2_02","Maintain policy guidance, manager playbooks, and procedural documentation so HR decisions stay consistent across teams.","cluster_documentation","Core","0.0576","0.6640","0.4111","supporting","0.2985","src_manual_job_description_review_2026_03|src_v2_role_graph_seed_2026_03","0.8325","seeded_from_job_description_expansion"
"occ_11_3121_00","task_occ_11_3121_00_jd_hrm2_03","jd_hrm2_03","Run escalation queues, investigation follow-through, and corrective-action workflows when people issues need tracked resolution.","cluster_workflow_admin","Core","0.0530","0.6160","0.5331","supporting","0.0075","src_manual_job_description_review_2026_03|src_v2_role_graph_seed_2026_03","0.5910","seeded_from_job_description_expansion"
"occ_11_3121_00","task_occ_11_3121_00_jd_hrm2_04","jd_hrm2_04","Explain tradeoffs, policy limits, and organizational implications to leaders when staffing or employee decisions require senior judgment.","cluster_client_interaction","Core","0.0393","0.7344","0.8438","core","0.4650","src_manual_job_description_review_2026_03|src_v2_role_graph_seed_2026_03","0.7590","seeded_from_job_description_expansion"
"occ_11_9041_00","task_occ_11_9041_00_1060","1060","Confer with management, production, or marketing staff to discuss project specifications or procedures.","cluster_execution_routine","Core","0.0151","0.4120","0.3168","supporting","0.4645","src_onet_30_1|src_v2_role_graph_seed_2026_03","0.4730","seeded_from_onet_task_inventory"
"occ_11_9041_00","task_occ_11_9041_00_1063","1063","Plan or direct the installation, testing, operation, maintenance, or repair of facilities or equipment.","cluster_execution_routine","Supplemental","0.0704","0.3772","0.2966","optional","0.4645","src_onet_30_1|src_v2_role_graph_seed_2026_03","0.4330","seeded_from_onet_task_inventory"
"occ_11_9041_00","task_occ_11_9041_00_1070","1070","Present and explain proposals, reports, or findings to clients.","cluster_execution_routine","Core","0.0153","0.4182","0.3204","supporting","0.4645","src_onet_30_1|src_v2_role_graph_seed_2026_03","0.4730","seeded_from_onet_task_inventory"
"occ_11_9041_00","task_occ_11_9041_00_1071","1071","Consult or negotiate with clients to prepare project specifications.","cluster_execution_routine","Core","0.0179","0.4802","0.3563","supporting","0.4645","src_onet_30_1|src_v2_role_graph_seed_2026_03","0.4730","seeded_from_onet_task_inventory"
"occ_11_9041_00","task_occ_11_9041_00_19525","19525","Develop or implement programs to improve sustainability or reduce the environmental impacts of engineering or architecture activities or operations.","cluster_execution_routine","Core","0.0133","0.3686","0.2916","supporting","0.4645","src_onet_30_1|src_v2_role_graph_seed_2026_03","0.4730","seeded_from_onet_task_inventory"
"occ_11_9041_00","task_occ_11_9041_00_19526","19526","Evaluate environmental regulations or social pressures related to environmental issues to inform strategic or operational decision-making.","cluster_execution_routine","Supplemental","0.0121","0.1676","0.1750","optional","0.4645","src_onet_30_1|src_v2_role_graph_seed_2026_03","0.4330","seeded_from_onet_task_inventory"
"occ_11_9041_00","task_occ_11_9041_00_19527","19527","Evaluate the environmental impacts of engineering, architecture, or research and development activities.","cluster_execution_routine","Core","0.0231","0.4138","0.3178","supporting","0.4645","src_onet_30_1|src_v2_role_graph_seed_2026_03","0.4730","seeded_from_onet_task_inventory"
"occ_11_9041_00","task_occ_11_9041_00_19528","19528","Identify environmental threats or opportunities associated with the development and launch of new technologies.","cluster_execution_routine","Supplemental","0.0141","0.2172","0.2038","optional","0.4645","src_onet_30_1|src_v2_role_graph_seed_2026_03","0.4330","seeded_from_onet_task_inventory"
"occ_11_9041_00","task_occ_11_9041_00_20170","20170","Manage the coordination and overall integration of technical activities in architecture or engineering projects.","cluster_execution_routine","Core","0.1019","0.7022","0.4851","core","0.4645","src_onet_30_1|src_v2_role_graph_seed_2026_03","0.4730","seeded_from_onet_task_inventory"
"occ_11_9041_00","task_occ_11_9041_00_20171","20171","Direct, review, or approve project design changes.","cluster_execution_routine","Core","0.0943","0.6650","0.4635","supporting","0.4645","src_onet_30_1|src_v2_role_graph_seed_2026_03","0.4730","seeded_from_onet_task_inventory"
"occ_11_9041_00","task_occ_11_9041_00_20172","20172","Prepare budgets, bids, or contracts.","cluster_execution_routine","Core","0.0156","0.4244","0.3240","supporting","0.4645","src_onet_30_1|src_v2_role_graph_seed_2026_03","0.4730","seeded_from_onet_task_inventory"
"occ_11_9041_00","task_occ_11_9041_00_20173","20173","Assess project feasibility by analyzing technology, resource needs, or market demand.","cluster_execution_routine","Core","0.0151","0.4120","0.3168","supporting","0.4645","src_onet_30_1|src_v2_role_graph_seed_2026_03","0.4730","seeded_from_onet_task_inventory"
"occ_11_9041_00","task_occ_11_9041_00_20174","20174","Direct recruitment, placement, and evaluation of architecture or engineering project staff.","cluster_execution_routine","Core","0.0136","0.3748","0.2952","supporting","0.4645","src_onet_30_1|src_v2_role_graph_seed_2026_03","0.4730","seeded_from_onet_task_inventory"
"occ_11_9041_00","task_occ_11_9041_00_20175","20175","Review, recommend, or approve contracts or cost estimates.","cluster_execution_routine","Core","0.0148","0.4058","0.3132","supporting","0.4645","src_onet_30_1|src_v2_role_graph_seed_2026_03","0.4730","seeded_from_onet_task_inventory"
"occ_11_9041_00","task_occ_11_9041_00_20176","20176","Develop or implement policies, standards, or procedures for engineering and technical work.","cluster_execution_routine","Core","0.0452","0.4988","0.3671","supporting","0.4645","src_onet_30_1|src_v2_role_graph_seed_2026_03","0.4730","seeded_from_onet_task_inventory"
"occ_11_9041_00","task_occ_11_9041_00_20177","20177","Perform administrative functions, such as reviewing or writing reports, approving expenditures, enforcing rules, or purchasing of materials or services.","cluster_execution_routine","Core","0.0136","0.3748","0.2952","supporting","0.4645","src_onet_30_1|src_v2_role_graph_seed_2026_03","0.4730","seeded_from_onet_task_inventory"
"occ_11_9041_00","task_occ_11_9041_00_20178","20178","Establish scientific or technical goals within broad outlines provided by top management.","cluster_execution_routine","Core","0.0136","0.3748","0.2952","supporting","0.4645","src_onet_30_1|src_v2_role_graph_seed_2026_03","0.4730","seeded_from_onet_task_inventory"
"occ_11_9041_00","task_occ_11_9041_00_20179","20179","Solicit project support by conferring with officials or providing information to the public.","cluster_execution_routine","Supplemental","0.0116","0.1552","0.1678","optional","0.4645","src_onet_30_1|src_v2_role_graph_seed_2026_03","0.4330","seeded_from_onet_task_inventory"
"occ_11_9041_00","task_occ_11_9041_00_20180","20180","Plan, direct, or coordinate survey work with other project activities.","cluster_execution_routine","Supplemental","0.0136","0.2048","0.1966","optional","0.4645","src_onet_30_1|src_v2_role_graph_seed_2026_03","0.4330","seeded_from_onet_task_inventory"
"occ_11_9041_00","task_occ_11_9041_00_jd_aem_01","jd_aem_01","Set engineering priorities, budget direction, staffing plans, and long-horizon asset strategies across facilities or technical programs.","cluster_oversight_strategy","Core","0.0570","0.9800","0.9900","core","0.0975","src_manual_job_description_review_2026_03|src_v2_role_graph_seed_2026_03","0.7520","seeded_from_job_description_expansion"
"occ_11_9041_00","task_occ_11_9041_00_jd_aem_02","jd_aem_02","Review engineering changes, equipment investments, and process-improvement options and make tradeoff decisions across safety, cost, and reliability.","cluster_decision_support","Core","0.0577","0.9380","0.9382","core","0.1835","src_manual_job_description_review_2026_03|src_v2_role_graph_seed_2026_03","0.8150","seeded_from_job_description_expansion"
"occ_11_9041_00","task_occ_11_9041_00_jd_aem_03","jd_aem_03","Lead engineering teams, assign work, manage vendors, and coordinate delivery across maintenance, operations, and support groups.","cluster_coordination","Core","0.0604","0.8720","0.8716","core","0.4685","src_manual_job_description_review_2026_03|src_v2_role_graph_seed_2026_03","0.7590","seeded_from_job_description_expansion"
"occ_11_9041_00","task_occ_11_9041_00_jd_aem_04","jd_aem_04","Own safety, quality, reliability, and compliance review loops so engineering work meets operational and regulatory standards.","cluster_qa_review","Core","0.0598","0.8012","0.7215","core","0.5095","src_manual_job_description_review_2026_03|src_v2_role_graph_seed_2026_03","0.7835","seeded_from_job_description_expansion"
"occ_11_9041_00","task_occ_11_9041_00_jd_aem2_01","jd_aem2_01","Analyze capacity, reliability, maintenance, and capital needs so engineering priorities reflect the actual operating bottlenecks.","cluster_analysis","Core","0.0577","0.7428","0.6972","core","0.5095","src_manual_job_description_review_2026_03|src_v2_role_graph_seed_2026_03","0.7870","seeded_from_job_description_expansion"
"occ_11_9041_00","task_occ_11_9041_00_jd_aem2_02","jd_aem2_02","Maintain staffing plans, project trackers, budgets, and vendor work queues so engineering operations stay synchronized over time.","cluster_workflow_admin","Core","0.0599","0.6036","0.4811","supporting","0.3175","src_manual_job_description_review_2026_03|src_v2_role_graph_seed_2026_03","0.7065","seeded_from_job_description_expansion"
"occ_11_9041_00","task_occ_11_9041_00_jd_aem2_03","jd_aem2_03","Explain tradeoffs, timing, and technical constraints to executives, operators, and vendors when engineering choices affect the wider plant or facility.","cluster_client_interaction","Core","0.0554","0.7812","0.8673","core","0.1130","src_manual_job_description_review_2026_03|src_v2_role_graph_seed_2026_03","0.7625","seeded_from_job_description_expansion"
"occ_11_9041_00","task_occ_11_9041_00_jd_aem2_04","jd_aem2_04","Prepare engineering standards, capital justifications, and operating documentation that let teams execute against the same technical expectations.","cluster_documentation","Core","0.0579","0.6020","0.4778","supporting","0.4725","src_manual_job_description_review_2026_03|src_v2_role_graph_seed_2026_03","0.7660","seeded_from_job_description_expansion"
"occ_11_9141_00","task_occ_11_9141_00_7219","7219","Meet with prospective tenants to show properties, explain terms of occupancy, and provide information about local areas.","cluster_execution_routine","Supplemental","0.0142","0.3102","0.2213","optional","0.5465","src_onet_30_1|src_v2_role_graph_seed_2026_03","0.4680","seeded_from_onet_task_inventory"
"occ_11_9141_00","task_occ_11_9141_00_7220","7220","Direct collection of monthly assessments, rental fees, and deposits and payment of insurance premiums, mortgage, taxes, and incurred operating expenses.","cluster_execution_routine","Core","0.0170","0.5670","0.3703","supporting","0.5465","src_onet_30_1|src_v2_role_graph_seed_2026_03","0.5080","seeded_from_onet_task_inventory"
"occ_11_9141_00","task_occ_11_9141_00_7221","7221","Inspect grounds, facilities, and equipment routinely to determine necessity of repairs or maintenance.","cluster_execution_routine","Core","0.0150","0.5050","0.3343","supporting","0.5465","src_onet_30_1|src_v2_role_graph_seed_2026_03","0.5080","seeded_from_onet_task_inventory"
"occ_11_9141_00","task_occ_11_9141_00_7222","7222","Investigate complaints, disturbances, and violations and resolve problems, following management rules and regulations.","cluster_execution_routine","Core","0.0152","0.5112","0.3379","supporting","0.5465","src_onet_30_1|src_v2_role_graph_seed_2026_03","0.5080","seeded_from_onet_task_inventory"
"occ_11_9141_00","task_occ_11_9141_00_7223","7223","Plan, schedule, and coordinate general maintenance, major repairs, and remodeling or construction projects for commercial or residential properties.","cluster_execution_routine","Core","0.0870","0.7394","0.4703","core","0.5465","src_onet_30_1|src_v2_role_graph_seed_2026_03","0.5080","seeded_from_onet_task_inventory"
"occ_11_9141_00","task_occ_11_9141_00_7224","7224","Manage and oversee operations, maintenance, administration, and improvement of commercial, industrial, or residential properties.","cluster_execution_routine","Core","0.0890","0.7518","0.4774","core","0.5465","src_onet_30_1|src_v2_role_graph_seed_2026_03","0.5080","seeded_from_onet_task_inventory"
"occ_11_9141_00","task_occ_11_9141_00_7225","7225","Negotiate the sale, lease, or development of property and complete or review appropriate documents and forms.","cluster_execution_routine","Supplemental","0.0128","0.2668","0.1961","optional","0.5465","src_onet_30_1|src_v2_role_graph_seed_2026_03","0.4680","seeded_from_onet_task_inventory"
"occ_11_9141_00","task_occ_11_9141_00_7226","7226","Maintain records of sales, rental or usage activity, special permits issued, maintenance and operating costs, or property availability.","cluster_execution_routine","Core","0.0144","0.4864","0.3235","supporting","0.5465","src_onet_30_1|src_v2_role_graph_seed_2026_03","0.5080","seeded_from_onet_task_inventory"
"occ_11_9141_00","task_occ_11_9141_00_7227","7227","Determine and certify the eligibility of prospective tenants, following government regulations.","cluster_execution_routine","Supplemental","0.0150","0.3350","0.2357","optional","0.5465","src_onet_30_1|src_v2_role_graph_seed_2026_03","0.4680","seeded_from_onet_task_inventory"
"occ_11_9141_00","task_occ_11_9141_00_7228","7228","Prepare detailed budgets and financial reports for properties.","cluster_execution_routine","Core","0.0182","0.6042","0.3918","supporting","0.5465","src_onet_30_1|src_v2_role_graph_seed_2026_03","0.5080","seeded_from_onet_task_inventory"
"occ_11_9141_00","task_occ_11_9141_00_7229","7229","Direct and coordinate the activities of staff and contract personnel and evaluate their performance.","cluster_execution_routine","Core","0.0570","0.6742","0.4324","supporting","0.5465","src_onet_30_1|src_v2_role_graph_seed_2026_03","0.5080","seeded_from_onet_task_inventory"
"occ_11_9141_00","task_occ_11_9141_00_7230","7230","Maintain contact with insurance carriers, fire and police departments, and other agencies to ensure protection and compliance with codes and regulations.","cluster_execution_routine","Core","0.0138","0.4678","0.3127","supporting","0.5465","src_onet_30_1|src_v2_role_graph_seed_2026_03","0.5080","seeded_from_onet_task_inventory"
"occ_11_9141_00","task_occ_11_9141_00_7231","7231","Market vacant space to prospective tenants through leasing agents, advertising, or other methods.","cluster_execution_routine","Core","0.0160","0.5360","0.3523","supporting","0.5465","src_onet_30_1|src_v2_role_graph_seed_2026_03","0.5080","seeded_from_onet_task_inventory"
"occ_11_9141_00","task_occ_11_9141_00_7232","7232","Solicit and analyze bids from contractors for repairs, renovations, and maintenance.","cluster_execution_routine","Core","0.0142","0.4802","0.3199","supporting","0.5465","src_onet_30_1|src_v2_role_graph_seed_2026_03","0.5080","seeded_from_onet_task_inventory"
"occ_11_9141_00","task_occ_11_9141_00_7233","7233","Review rents to ensure that they are in line with rental markets.","cluster_execution_routine","Supplemental","0.0172","0.4032","0.2753","optional","0.5465","src_onet_30_1|src_v2_role_graph_seed_2026_03","0.4680","seeded_from_onet_task_inventory"
"occ_11_9141_00","task_occ_11_9141_00_7234","7234","Prepare and administer contracts for provision of property services, such as cleaning, maintenance, and security services.","cluster_execution_routine","Core","0.0166","0.5546","0.3631","supporting","0.5465","src_onet_30_1|src_v2_role_graph_seed_2026_03","0.5080","seeded_from_onet_task_inventory"
"occ_11_9141_00","task_occ_11_9141_00_7235","7235","Purchase building and maintenance supplies, equipment, or furniture.","cluster_execution_routine","Core","0.0112","0.3872","0.2660","supporting","0.5465","src_onet_30_1|src_v2_role_graph_seed_2026_03","0.5080","seeded_from_onet_task_inventory"
"occ_11_9141_00","task_occ_11_9141_00_7236","7236","Act as liaisons between on-site managers or tenants and owners.","cluster_execution_routine","Core","0.0152","0.5112","0.3379","supporting","0.5465","src_onet_30_1|src_v2_role_graph_seed_2026_03","0.5080","seeded_from_onet_task_inventory"
"occ_11_9141_00","task_occ_11_9141_00_7237","7237","Confer regularly with community association members to ensure their needs are being met.","cluster_execution_routine","Supplemental","0.0150","0.3350","0.2357","optional","0.5465","src_onet_30_1|src_v2_role_graph_seed_2026_03","0.4680","seeded_from_onet_task_inventory"
"occ_11_9141_00","task_occ_11_9141_00_7238","7238","Meet with boards of directors and committees to discuss and resolve legal and environmental issues or disputes between neighbors.","cluster_execution_routine","Core","0.0144","0.4864","0.3235","supporting","0.5465","src_onet_30_1|src_v2_role_graph_seed_2026_03","0.5080","seeded_from_onet_task_inventory"
"occ_11_9141_00","task_occ_11_9141_00_7239","7239","Confer with legal authorities to ensure that renting and advertising practices are not discriminatory and that properties comply with state and federal regulations.","cluster_execution_routine","Core","0.0130","0.4430","0.2983","supporting","0.5465","src_onet_30_1|src_v2_role_graph_seed_2026_03","0.5080","seeded_from_onet_task_inventory"
"occ_11_9141_00","task_occ_11_9141_00_7240","7240","Clean common areas, change light bulbs, and make minor property repairs.","cluster_execution_routine","Supplemental","0.0770","0.5074","0.3357","supporting","0.5465","src_onet_30_1|src_v2_role_graph_seed_2026_03","0.4680","seeded_from_onet_task_inventory"
"occ_11_9141_00","task_occ_11_9141_00_7241","7241","Meet with clients to negotiate management and service contracts, determine priorities, and discuss the financial and operational status of properties.","cluster_execution_routine","Core","0.0170","0.5670","0.3703","supporting","0.5465","src_onet_30_1|src_v2_role_graph_seed_2026_03","0.5080","seeded_from_onet_task_inventory"
"occ_11_9141_00","task_occ_11_9141_00_7242","7242","Negotiate short- and long-term loans to finance construction and ownership of structures.","cluster_execution_routine","Supplemental","0.0114","0.2234","0.1710","optional","0.5465","src_onet_30_1|src_v2_role_graph_seed_2026_03","0.4680","seeded_from_onet_task_inventory"
"occ_11_9141_00","task_occ_11_9141_00_7243","7243","Contract with architectural firms to draw up detailed plans for new structures.","cluster_execution_routine","Supplemental","0.0124","0.2544","0.1890","optional","0.5465","src_onet_30_1|src_v2_role_graph_seed_2026_03","0.4680","seeded_from_onet_task_inventory"
"occ_11_9141_00","task_occ_11_9141_00_7244","7244","Negotiate with government leaders, businesses, special interest representatives, and utility companies to gain support for new projects and to eliminate potential obstacles.","cluster_execution_routine","Supplemental","0.0100","0.1800","0.1458","optional","0.5465","src_onet_30_1|src_v2_role_graph_seed_2026_03","0.4680","seeded_from_onet_task_inventory"
"occ_11_9141_00","task_occ_11_9141_00_7245","7245","Analyze information on property values, taxes, zoning, population growth, and traffic volume and patterns to determine if properties should be acquired.","cluster_execution_routine","Supplemental","0.0138","0.2978","0.2141","optional","0.5465","src_onet_30_1|src_v2_role_graph_seed_2026_03","0.4680","seeded_from_onet_task_inventory"
"occ_11_9141_00","task_occ_11_9141_00_jd_prop_01","jd_prop_01","Set property operating priorities, budget targets, occupancy goals, and on-site performance standards for the community.","cluster_oversight_strategy","Core","0.0448","0.9800","0.9900","core","0.0055","src_manual_job_description_review_2026_03|src_v2_role_graph_seed_2026_03","0.5875","seeded_from_job_description_expansion"
"occ_11_9141_00","task_occ_11_9141_00_jd_prop_02","jd_prop_02","Manage tenant relationships, resident or client issues, renewals, and service expectations across the property portfolio.","cluster_relationship_management","Core","0.0441","0.9040","0.9353","core","0.3175","src_manual_job_description_review_2026_03|src_v2_role_graph_seed_2026_03","0.7065","seeded_from_job_description_expansion"
"occ_11_9141_00","task_occ_11_9141_00_jd_prop_03","jd_prop_03","Maintain leases, applications, financial records, and property-management system workflows so the portfolio stays administratively current.","cluster_workflow_admin","Core","0.0496","0.6652","0.4044","supporting","0.2740","src_manual_job_description_review_2026_03|src_v2_role_graph_seed_2026_03","0.8325","seeded_from_job_description_expansion"
"occ_11_9141_00","task_occ_11_9141_00_jd_prop_04","jd_prop_04","Coordinate vendors, maintenance, leasing, accounting, and on-site staff so property issues are resolved without operational drift.","cluster_coordination","Core","0.0468","0.8596","0.7900","core","0.2225","src_manual_job_description_review_2026_03|src_v2_role_graph_seed_2026_03","0.8010","seeded_from_job_description_expansion"
"occ_11_9141_00","task_occ_11_9141_00_jd_prop2_01","jd_prop2_01","Build owner and asset-management updates that translate occupancy, maintenance, and budget signals into recommended actions and tradeoffs.","cluster_decision_support","Core","0.0444","0.8948","0.8780","core","0.5705","src_manual_job_description_review_2026_03|src_v2_role_graph_seed_2026_03","0.7520","seeded_from_job_description_expansion"
"occ_11_9141_00","task_occ_11_9141_00_jd_prop2_02","jd_prop2_02","Review vendor proposals, contract scopes, and service performance to decide when work should be escalated, renegotiated, or reassigned.","cluster_qa_review","Core","0.0418","0.7392","0.5465","core","0.2910","src_manual_job_description_review_2026_03|src_v2_role_graph_seed_2026_03","0.8255","seeded_from_job_description_expansion"
"occ_11_9141_00","task_occ_11_9141_00_jd_prop2_03","jd_prop2_03","Prepare inspection summaries, incident follow-up, and compliance records that keep property operations audit-ready.","cluster_documentation","Core","0.0383","0.5920","0.5282","supporting","0.0175","src_manual_job_description_review_2026_03|src_v2_role_graph_seed_2026_03","0.5910","seeded_from_job_description_expansion"
"occ_11_9141_00","task_occ_11_9141_00_jd_prop2_04","jd_prop2_04","Handle leasing, turnover, and maintenance exceptions with residents, vendors, and on-site teams so property operations stay on plan.","cluster_client_interaction","Core","0.0468","0.8796","0.9048","core","0.5215","src_manual_job_description_review_2026_03|src_v2_role_graph_seed_2026_03","0.7555","seeded_from_job_description_expansion"
"occ_13_1023_00","task_occ_13_1023_00_1142","1142","Purchase the highest quality merchandise at the lowest possible price and in correct amounts.","cluster_execution_routine","Core","0.0880","0.7518","0.4774","core","0.5465","src_onet_30_1|src_v2_role_graph_seed_2026_03","0.5080","seeded_from_onet_task_inventory"
"occ_13_1023_00","task_occ_13_1023_00_1143","1143","Prepare purchase orders, solicit bid proposals, and review requisitions for goods and services.","cluster_execution_routine","Core","0.0596","0.6806","0.4361","supporting","0.5465","src_onet_30_1|src_v2_role_graph_seed_2026_03","0.5080","seeded_from_onet_task_inventory"
"occ_13_1023_00","task_occ_13_1023_00_1144","1144","Research and evaluate suppliers, based on price, quality, selection, service, support, availability, reliability, production and distribution capabilities, and the supplier's reputation and history.","cluster_execution_routine","Core","0.0156","0.5298","0.3487","supporting","0.5465","src_onet_30_1|src_v2_role_graph_seed_2026_03","0.5080","seeded_from_onet_task_inventory"
"occ_13_1023_00","task_occ_13_1023_00_1145","1145","Analyze price proposals, financial reports, and other data and information to determine reasonable prices.","cluster_execution_routine","Core","0.0791","0.6960","0.4451","supporting","0.5465","src_onet_30_1|src_v2_role_graph_seed_2026_03","0.5080","seeded_from_onet_task_inventory"
"occ_13_1023_00","task_occ_13_1023_00_1146","1146","Monitor and follow applicable laws and regulations.","cluster_execution_routine","Core","0.0949","0.7952","0.5026","core","0.5465","src_onet_30_1|src_v2_role_graph_seed_2026_03","0.5080","seeded_from_onet_task_inventory"
"occ_13_1023_00","task_occ_13_1023_00_1147","1147","Negotiate, renegotiate, and administer contracts with suppliers, vendors, and other representatives.","cluster_execution_routine","Core","0.0150","0.5112","0.3379","supporting","0.5465","src_onet_30_1|src_v2_role_graph_seed_2026_03","0.5080","seeded_from_onet_task_inventory"
"occ_13_1023_00","task_occ_13_1023_00_1148","1148","Monitor shipments to ensure that goods come in on time, and resolve problems related to undelivered goods.","cluster_execution_routine","Core","0.0128","0.4430","0.2983","supporting","0.5465","src_onet_30_1|src_v2_role_graph_seed_2026_03","0.5080","seeded_from_onet_task_inventory"
"occ_13_1023_00","task_occ_13_1023_00_1149","1149","Confer with staff, users, and vendors to discuss defective or unacceptable goods or services and determine corrective action.","cluster_execution_routine","Core","0.0136","0.4678","0.3127","supporting","0.5465","src_onet_30_1|src_v2_role_graph_seed_2026_03","0.5080","seeded_from_onet_task_inventory"
"occ_13_1023_00","task_occ_13_1023_00_1150","1150","Evaluate and monitor contract performance to ensure compliance with contractual obligations and to determine need for changes.","cluster_execution_routine","Core","0.0150","0.5112","0.3379","supporting","0.5465","src_onet_30_1|src_v2_role_graph_seed_2026_03","0.5080","seeded_from_onet_task_inventory"
"occ_13_1023_00","task_occ_13_1023_00_1151","1151","Maintain and review computerized or manual records of purchased items, costs, deliveries, product performance, and inventories.","cluster_execution_routine","Core","0.0518","0.5894","0.3833","supporting","0.5465","src_onet_30_1|src_v2_role_graph_seed_2026_03","0.5080","seeded_from_onet_task_inventory"
"occ_13_1023_00","task_occ_13_1023_00_1152","1152","Review catalogs, industry periodicals, directories, trade journals, and Internet sites and consult with other department personnel to locate necessary goods and services.","cluster_execution_routine","Core","0.0121","0.4182","0.2840","supporting","0.5465","src_onet_30_1|src_v2_role_graph_seed_2026_03","0.5080","seeded_from_onet_task_inventory"
"occ_13_1023_00","task_occ_13_1023_00_1153","1153","Study sales records and inventory levels of current stock to develop strategic purchasing programs that facilitate employee access to supplies.","cluster_execution_routine","Core","0.0140","0.4802","0.3199","supporting","0.5465","src_onet_30_1|src_v2_role_graph_seed_2026_03","0.5080","seeded_from_onet_task_inventory"
"occ_13_1023_00","task_occ_13_1023_00_1154","1154","Interview vendors and visit suppliers' plants and distribution centers to examine and learn about products, services, and prices.","cluster_execution_routine","Supplemental","0.0095","0.1676","0.1386","optional","0.5465","src_onet_30_1|src_v2_role_graph_seed_2026_03","0.4680","seeded_from_onet_task_inventory"
"occ_13_1023_00","task_occ_13_1023_00_1155","1155","Arrange the payment of duty and freight charges.","cluster_execution_routine","Supplemental","0.0494","0.3400","0.2386","optional","0.5465","src_onet_30_1|src_v2_role_graph_seed_2026_03","0.4680","seeded_from_onet_task_inventory"
"occ_13_1023_00","task_occ_13_1023_00_1156","1156","Hire, train, or supervise purchasing clerks, buyers, and expediters.","cluster_execution_routine","Core","0.0156","0.5298","0.3487","supporting","0.5465","src_onet_30_1|src_v2_role_graph_seed_2026_03","0.5080","seeded_from_onet_task_inventory"
"occ_13_1023_00","task_occ_13_1023_00_1157","1157","Write and review product specifications, maintaining a working technical knowledge of the goods or services to be purchased.","cluster_execution_routine","Core","0.0160","0.5422","0.3559","supporting","0.5465","src_onet_30_1|src_v2_role_graph_seed_2026_03","0.5080","seeded_from_onet_task_inventory"
"occ_13_1023_00","task_occ_13_1023_00_1158","1158","Monitor changes affecting supply and demand, tracking market conditions, price trends, or futures markets.","cluster_execution_routine","Core","0.0132","0.4554","0.3055","supporting","0.5465","src_onet_30_1|src_v2_role_graph_seed_2026_03","0.5080","seeded_from_onet_task_inventory"
"occ_13_1023_00","task_occ_13_1023_00_1159","1159","Formulate policies and procedures for bid proposals and procurement of goods and services.","cluster_execution_routine","Core","0.0168","0.5670","0.3703","supporting","0.5465","src_onet_30_1|src_v2_role_graph_seed_2026_03","0.5080","seeded_from_onet_task_inventory"
"occ_13_1023_00","task_occ_13_1023_00_1160","1160","Attend meetings, trade shows, conferences, conventions, and seminars to network with people in other purchasing departments.","cluster_execution_routine","Core","0.0121","0.4182","0.2840","supporting","0.5465","src_onet_30_1|src_v2_role_graph_seed_2026_03","0.5080","seeded_from_onet_task_inventory"
"occ_13_1023_00","task_occ_13_1023_00_jd_proc_01","jd_proc_01","Collect quotes, compare vendors, and negotiate purchasing terms so internal buyers can choose acceptable options on cost, timing, and fit.","cluster_decision_support","Core","0.0486","0.9444","0.9068","core","0.5705","src_manual_job_description_review_2026_03|src_v2_role_graph_seed_2026_03","0.7520","seeded_from_job_description_expansion"
"occ_13_1023_00","task_occ_13_1023_00_jd_proc_02","jd_proc_02","Issue purchase orders and maintain supplier, contract, and procurement records so requests move through approvals without losing traceability.","cluster_workflow_admin","Core","0.0506","0.6684","0.5129","supporting","0.2245","src_manual_job_description_review_2026_03|src_v2_role_graph_seed_2026_03","0.8185","seeded_from_job_description_expansion"
"occ_13_1023_00","task_occ_13_1023_00_jd_proc_03","jd_proc_03","Coordinate internal requirements, delivery timing, approvals, and exception handling across requesters, finance, and suppliers.","cluster_coordination","Core","0.0447","0.8564","0.8309","core","0.5505","src_manual_job_description_review_2026_03|src_v2_role_graph_seed_2026_03","0.7800","seeded_from_job_description_expansion"
"occ_13_1023_00","task_occ_13_1023_00_jd_proc_04","jd_proc_04","Monitor supplier performance, pricing, cycle-time metrics, and policy compliance so procurement problems are visible before they escalate.","cluster_analysis","Core","0.0443","0.8256","0.6582","core","0.2720","src_manual_job_description_review_2026_03|src_v2_role_graph_seed_2026_03","0.8255","seeded_from_job_description_expansion"
"occ_13_1023_00","task_occ_13_1023_00_jd_proc2_01","jd_proc2_01","Clarify stakeholder requirements, vendor capabilities, and negotiation tradeoffs before sourcing decisions are locked in.","cluster_client_interaction","Core","0.0511","0.8432","0.8837","core","0.5215","src_manual_job_description_review_2026_03|src_v2_role_graph_seed_2026_03","0.7555","seeded_from_job_description_expansion"
"occ_13_1023_00","task_occ_13_1023_00_jd_proc2_02","jd_proc2_02","Review contracts, order details, supplier terms, and policy requirements before purchases advance or exceptions are granted.","cluster_qa_review","Core","0.0527","0.7740","0.6187","core","0.3985","src_manual_job_description_review_2026_03|src_v2_role_graph_seed_2026_03","0.8430","seeded_from_job_description_expansion"
"occ_13_1023_00","task_occ_13_1023_00_jd_proc2_03","jd_proc2_03","Prepare bid summaries, comparison tables, and purchasing documentation so reviewers can see scope, price, and supplier differences clearly.","cluster_documentation","Core","0.0526","0.6732","0.4827","supporting","0.5545","src_manual_job_description_review_2026_03|src_v2_role_graph_seed_2026_03","0.7730","seeded_from_job_description_expansion"
"occ_13_1023_00","task_occ_13_1023_00_jd_proc2_04","jd_proc2_04","Recommend next-step sourcing actions when timing, pricing, supplier risk, and internal constraints no longer point to the same choice.","cluster_decision_support","Core","0.0512","0.8924","0.8766","core","0.5705","src_manual_job_description_review_2026_03|src_v2_role_graph_seed_2026_03","0.7520","seeded_from_job_description_expansion"
"occ_13_1031_00","task_occ_13_1031_00_21417","21417","Examine claims forms and other records to determine insurance coverage.","cluster_execution_routine","Core","0.0439","0.7890","0.6134","core","0.0020","src_onet_30_1|src_v2_role_graph_seed_2026_03","0.3085","seeded_from_onet_task_inventory"
"occ_13_1031_00","task_occ_13_1031_00_21418","21418","Analyze information gathered by investigation and report findings and recommendations.","cluster_execution_routine","Core","0.0434","0.7828","0.6098","core","0.0020","src_onet_30_1|src_v2_role_graph_seed_2026_03","0.3085","seeded_from_onet_task_inventory"
"occ_13_1031_00","task_occ_13_1031_00_21419","21419","Review police reports, medical treatment records, medical bills, or physical property damage to determine the extent of liability.","cluster_execution_routine","Core","0.0425","0.7704","0.6026","core","0.0020","src_onet_30_1|src_v2_role_graph_seed_2026_03","0.3085","seeded_from_onet_task_inventory"
"occ_13_1031_00","task_occ_13_1031_00_21420","21420","Investigate and assess damage to property and create or review property damage estimates.","cluster_execution_routine","Core","0.0420","0.7642","0.5990","core","0.0020","src_onet_30_1|src_v2_role_graph_seed_2026_03","0.3085","seeded_from_onet_task_inventory"
"occ_13_1031_00","task_occ_13_1031_00_21421","21421","Interview or correspond with agents and claimants to correct errors or omissions and to investigate questionable claims.","cluster_execution_routine","Core","0.0420","0.7642","0.5990","core","0.0020","src_onet_30_1|src_v2_role_graph_seed_2026_03","0.3085","seeded_from_onet_task_inventory"
"occ_13_1031_00","task_occ_13_1031_00_21422","21422","Interview or correspond with claimants, witnesses, police, physicians, or other relevant parties to determine claim settlement, denial, or review.","cluster_execution_routine","Core","0.0416","0.7580","0.5954","core","0.0020","src_onet_30_1|src_v2_role_graph_seed_2026_03","0.3085","seeded_from_onet_task_inventory"
"occ_13_1031_00","task_occ_13_1031_00_21423","21423","Investigate, evaluate, and settle claims, applying technical knowledge and human relations skills to effect fair and prompt disposal of cases and to contribute to a reduced loss ratio.","cluster_execution_routine","Core","0.0434","0.7828","0.6098","core","0.0020","src_onet_30_1|src_v2_role_graph_seed_2026_03","0.3085","seeded_from_onet_task_inventory"
"occ_13_1031_00","task_occ_13_1031_00_21424","21424","Adjust reserves or provide reserve recommendations to ensure that reserve activities are consistent with corporate policies.","cluster_execution_routine","Core","0.0397","0.7332","0.5811","core","0.0020","src_onet_30_1|src_v2_role_graph_seed_2026_03","0.3085","seeded_from_onet_task_inventory"
"occ_13_1031_00","task_occ_13_1031_00_21425","21425","Resolve complex, severe exposure claims, using high service oriented file handling.","cluster_execution_routine","Core","0.0402","0.7394","0.5847","core","0.0020","src_onet_30_1|src_v2_role_graph_seed_2026_03","0.3085","seeded_from_onet_task_inventory"
"occ_13_1031_00","task_occ_13_1031_00_21426","21426","Pay and process claims within designated authority level.","cluster_execution_routine","Core","0.0434","0.7828","0.6098","core","0.0020","src_onet_30_1|src_v2_role_graph_seed_2026_03","0.3085","seeded_from_onet_task_inventory"
"occ_13_1031_00","task_occ_13_1031_00_21427","21427","Examine claims investigated by insurance adjusters, further investigating questionable claims to determine whether to authorize payments.","cluster_execution_routine","Core","0.0392","0.7270","0.5775","core","0.0020","src_onet_30_1|src_v2_role_graph_seed_2026_03","0.3085","seeded_from_onet_task_inventory"
"occ_13_1031_00","task_occ_13_1031_00_21428","21428","Verify and analyze data used in settling claims to ensure that claims are valid and that settlements are made according to company practices and procedures.","cluster_execution_routine","Core","0.0425","0.7704","0.6026","core","0.0020","src_onet_30_1|src_v2_role_graph_seed_2026_03","0.3085","seeded_from_onet_task_inventory"
"occ_13_1031_00","task_occ_13_1031_00_21429","21429","Enter claim payments, reserves and new claims on computer system, inputting concise yet sufficient file documentation.","cluster_execution_routine","Core","0.0411","0.7518","0.5918","core","0.0020","src_onet_30_1|src_v2_role_graph_seed_2026_03","0.3085","seeded_from_onet_task_inventory"
"occ_13_1031_00","task_occ_13_1031_00_21430","21430","Refer questionable claims to investigator or claims adjuster for investigation or settlement.","cluster_execution_routine","Core","0.0091","0.5868","0.4961","supporting","0.0020","src_onet_30_1|src_v2_role_graph_seed_2026_03","0.3085","seeded_from_onet_task_inventory"
"occ_13_1031_00","task_occ_13_1031_00_21431","21431","Collect evidence to support contested claims in court.","cluster_execution_routine","Core","0.0322","0.6798","0.5501","supporting","0.0020","src_onet_30_1|src_v2_role_graph_seed_2026_03","0.3085","seeded_from_onet_task_inventory"
"occ_13_1031_00","task_occ_13_1031_00_21432","21432","Confer with legal counsel on claims requiring litigation.","cluster_execution_routine","Core","0.0271","0.6774","0.5487","supporting","0.0020","src_onet_30_1|src_v2_role_graph_seed_2026_03","0.3085","seeded_from_onet_task_inventory"
"occ_13_1031_00","task_occ_13_1031_00_21433","21433","Contact or interview claimants, doctors, medical specialists, or employers to get additional information.","cluster_execution_routine","Core","0.0351","0.6712","0.5451","supporting","0.0020","src_onet_30_1|src_v2_role_graph_seed_2026_03","0.3085","seeded_from_onet_task_inventory"
"occ_13_1031_00","task_occ_13_1031_00_21434","21434","Maintain claim files, such as records of settled claims and an inventory of claims requiring detailed analysis.","cluster_execution_routine","Core","0.0379","0.7084","0.5667","core","0.0020","src_onet_30_1|src_v2_role_graph_seed_2026_03","0.3085","seeded_from_onet_task_inventory"
"occ_13_1031_00","task_occ_13_1031_00_21435","21435","Present cases and participate in their discussion at claim committee meetings.","cluster_execution_routine","Core","0.0270","0.6206","0.5157","supporting","0.0020","src_onet_30_1|src_v2_role_graph_seed_2026_03","0.3085","seeded_from_onet_task_inventory"
"occ_13_1031_00","task_occ_13_1031_00_21436","21436","Supervise claims adjusters to ensure that adjusters have followed proper methods.","cluster_execution_routine","Supplemental","0.0365","0.5198","0.4573","supporting","0.0020","src_onet_30_1|src_v2_role_graph_seed_2026_03","0.2685","seeded_from_onet_task_inventory"
"occ_13_1031_00","task_occ_13_1031_00_21437","21437","Conduct detailed bill reviews to implement sound litigation management and expense control.","cluster_execution_routine","Supplemental","0.0069","0.3350","0.3501","optional","0.0020","src_onet_30_1|src_v2_role_graph_seed_2026_03","0.2685","seeded_from_onet_task_inventory"
"occ_13_1031_00","task_occ_13_1031_00_21438","21438","Examine titles to property to determine validity and act as company agent in transactions with property owners.","cluster_execution_routine","Supplemental","0.0088","0.3364","0.3509","optional","0.0020","src_onet_30_1|src_v2_role_graph_seed_2026_03","0.2685","seeded_from_onet_task_inventory"
"occ_13_1031_00","task_occ_13_1031_00_21439","21439","Report overpayments, underpayments, and other irregularities.","cluster_execution_routine","Core","0.0068","0.5076","0.4502","supporting","0.0020","src_onet_30_1|src_v2_role_graph_seed_2026_03","0.3085","seeded_from_onet_task_inventory"
"occ_13_1031_00","task_occ_13_1031_00_21440","21440","Communicate with reinsurance brokers to obtain information necessary for processing claims.","cluster_execution_routine","Supplemental","0.0068","0.3288","0.3465","optional","0.0020","src_onet_30_1|src_v2_role_graph_seed_2026_03","0.2685","seeded_from_onet_task_inventory"
"occ_13_1031_00","task_occ_13_1031_00_21441","21441","Prepare reports to be submitted to company's data processing department.","cluster_execution_routine","Supplemental","0.0129","0.3572","0.3630","optional","0.0020","src_onet_30_1|src_v2_role_graph_seed_2026_03","0.2685","seeded_from_onet_task_inventory"
"occ_13_1031_00","task_occ_13_1031_00_21442","21442","Obtain credit information from banks and other credit services.","cluster_execution_routine","Supplemental","0.0053","0.2060","0.2753","optional","0.0020","src_onet_30_1|src_v2_role_graph_seed_2026_03","0.2685","seeded_from_onet_task_inventory"
"occ_13_1031_00","task_occ_13_1031_00_21443","21443","Attend mediations or trials.","cluster_execution_routine","Core","0.0226","0.5768","0.4903","supporting","0.0020","src_onet_30_1|src_v2_role_graph_seed_2026_03","0.3085","seeded_from_onet_task_inventory"
"occ_13_1031_00","task_occ_13_1031_00_21444","21444","Communicate with former associates to verify employment record or to obtain background information regarding persons or businesses applying for credit.","cluster_execution_routine","n/a","0.0139","0.3720","0.3716","optional","0.0020","src_onet_30_1|src_v2_role_graph_seed_2026_03","0.2685","seeded_from_onet_task_inventory"
"occ_13_1031_00","task_occ_13_1031_00_21445","21445","Negotiate claim settlements or recommend litigation when settlement cannot be negotiated.","cluster_execution_routine","n/a","0.0139","0.3720","0.3716","optional","0.0020","src_onet_30_1|src_v2_role_graph_seed_2026_03","0.2685","seeded_from_onet_task_inventory"
"occ_13_1031_00","task_occ_13_1031_00_jd_clm_01","jd_clm_01","Investigate claims by collecting statements, records, and other evidence needed to establish what happened and what is supportable.","cluster_research_synthesis","Core","0.0229","0.8152","0.7402","core","0.2265","src_manual_job_description_review_2026_03|src_v2_role_graph_seed_2026_03","0.8080","seeded_from_job_description_expansion"
"occ_13_1031_00","task_occ_13_1031_00_jd_clm_02","jd_clm_02","Interpret coverage, apply policy terms, and recommend claim decisions or reserves under legal and company guidelines.","cluster_decision_support","Core","0.0202","0.9132","0.8887","core","0.5705","src_manual_job_description_review_2026_03|src_v2_role_graph_seed_2026_03","0.7520","seeded_from_job_description_expansion"
"occ_13_1031_00","task_occ_13_1031_00_jd_clm_03","jd_clm_03","Coordinate claim vendors, counsel, repair partners, and internal stakeholders so complex files keep moving toward resolution.","cluster_coordination","Core","0.0190","0.8376","0.8200","core","0.5505","src_manual_job_description_review_2026_03|src_v2_role_graph_seed_2026_03","0.7800","seeded_from_job_description_expansion"
"occ_13_1031_00","task_occ_13_1031_00_jd_clm_04","jd_clm_04","Maintain claim documentation, notices, filings, and compliance trail requirements so regulated claim handling stays complete and auditable.","cluster_documentation","Core","0.0216","0.6696","0.5742","supporting","0.0020","src_manual_job_description_review_2026_03|src_v2_role_graph_seed_2026_03","0.5910","seeded_from_job_description_expansion"
"occ_13_1031_00","task_occ_13_1031_00_jd_clm2_01","jd_clm2_01","Review medical, repair, wage, or vendor estimates against file facts and policy rules before approving payments or reserve changes.","cluster_qa_review","Core","0.0194","0.7700","0.7364","core","0.1190","src_manual_job_description_review_2026_03|src_v2_role_graph_seed_2026_03","0.8045","seeded_from_job_description_expansion"
"occ_13_1031_00","task_occ_13_1031_00_jd_clm2_02","jd_clm2_02","Explain coverage positions, settlement options, and next steps to claimants, brokers, or employers during difficult claim interactions.","cluster_client_interaction","Core","0.0162","0.8140","0.8667","core","0.5215","src_manual_job_description_review_2026_03|src_v2_role_graph_seed_2026_03","0.7555","seeded_from_job_description_expansion"
"occ_13_1031_00","task_occ_13_1031_00_jd_clm2_03","jd_clm2_03","Analyze loss patterns, liability drivers, and reserve adequacy across open files so higher-risk claims are surfaced early.","cluster_analysis","Core","0.0151","0.7384","0.5843","core","0.2955","src_manual_job_description_review_2026_03|src_v2_role_graph_seed_2026_03","0.8430","seeded_from_job_description_expansion"
"occ_13_1031_00","task_occ_13_1031_00_jd_clm2_04","jd_clm2_04","Manage diary deadlines, authority thresholds, and escalation timing so open claims stay within process and regulatory guardrails.","cluster_workflow_admin","Core","0.0182","0.6244","0.3964","supporting","0.2295","src_manual_job_description_review_2026_03|src_v2_role_graph_seed_2026_03","0.8255","seeded_from_job_description_expansion"
"occ_13_1041_00","task_occ_13_1041_00_21446","21446","Warn violators of infractions or penalties.","cluster_execution_routine","Core","0.0541","0.7270","0.4801","core","0.4810","src_onet_30_1|src_v2_role_graph_seed_2026_03","0.5640","seeded_from_onet_task_inventory"
"occ_13_1041_00","task_occ_13_1041_00_21447","21447","Evaluate applications, records, or documents to gather information about eligibility or liability issues.","cluster_execution_routine","Core","0.0535","0.7208","0.4765","core","0.4810","src_onet_30_1|src_v2_role_graph_seed_2026_03","0.5640","seeded_from_onet_task_inventory"
"occ_13_1041_00","task_occ_13_1041_00_21448","21448","Advise licensees or other individuals or groups concerning licensing, permit, or passport regulations.","cluster_execution_routine","Core","0.0535","0.7208","0.4765","core","0.4810","src_onet_30_1|src_v2_role_graph_seed_2026_03","0.5640","seeded_from_onet_task_inventory"
"occ_13_1041_00","task_occ_13_1041_00_21449","21449","Prepare reports of activities, evaluations, recommendations, or decisions.","cluster_execution_routine","Core","0.0522","0.7084","0.4693","core","0.4810","src_onet_30_1|src_v2_role_graph_seed_2026_03","0.5640","seeded_from_onet_task_inventory"
"occ_13_1041_00","task_occ_13_1041_00_21450","21450","Report law or regulation violations to appropriate boards or agencies.","cluster_execution_routine","Core","0.0503","0.6898","0.4585","supporting","0.4810","src_onet_30_1|src_v2_role_graph_seed_2026_03","0.5640","seeded_from_onet_task_inventory"
"occ_13_1041_00","task_occ_13_1041_00_21451","21451","Confer with or interview officials, technical or professional specialists, or applicants to obtain information or to clarify facts relevant to licensing decisions.","cluster_execution_routine","Core","0.0484","0.6712","0.4477","supporting","0.4810","src_onet_30_1|src_v2_role_graph_seed_2026_03","0.5640","seeded_from_onet_task_inventory"
"occ_13_1041_00","task_occ_13_1041_00_21452","21452","Issue licenses to individuals meeting standards.","cluster_execution_routine","Supplemental","0.0560","0.5756","0.3922","supporting","0.4810","src_onet_30_1|src_v2_role_graph_seed_2026_03","0.5240","seeded_from_onet_task_inventory"
"occ_13_1041_00","task_occ_13_1041_00_21453","21453","Collect fees for licenses.","cluster_execution_routine","Supplemental","0.0548","0.5632","0.3851","supporting","0.4810","src_onet_30_1|src_v2_role_graph_seed_2026_03","0.5240","seeded_from_onet_task_inventory"
"occ_13_1041_00","task_occ_13_1041_00_21454","21454","Administer oral, written, road, or flight tests to license applicants.","cluster_execution_routine","Supplemental","0.0541","0.5570","0.3815","supporting","0.4810","src_onet_30_1|src_v2_role_graph_seed_2026_03","0.5240","seeded_from_onet_task_inventory"
"occ_13_1041_00","task_occ_13_1041_00_21455","21455","Visit establishments to verify that valid licenses or permits are displayed and that licensing standards are being upheld.","cluster_execution_routine","Supplemental","0.0107","0.3908","0.2851","optional","0.4810","src_onet_30_1|src_v2_role_graph_seed_2026_03","0.5240","seeded_from_onet_task_inventory"
"occ_13_1041_00","task_occ_13_1041_00_21456","21456","Score tests and observe equipment operation and control to rate ability of applicants.","cluster_execution_routine","Supplemental","0.0522","0.5384","0.3707","supporting","0.4810","src_onet_30_1|src_v2_role_graph_seed_2026_03","0.5240","seeded_from_onet_task_inventory"
"occ_13_1041_00","task_occ_13_1041_00_21457","21457","Prepare correspondence to inform concerned parties of licensing decisions or appeals processes.","cluster_execution_routine","Supplemental","0.0490","0.5074","0.3527","supporting","0.4810","src_onet_30_1|src_v2_role_graph_seed_2026_03","0.5240","seeded_from_onet_task_inventory"
"occ_13_1041_00","task_occ_13_1041_00_21458","21458","Identify compliance issues that require follow-up or investigation.","cluster_execution_routine","n/a","0.0191","0.3720","0.2742","optional","0.4810","src_onet_30_1|src_v2_role_graph_seed_2026_03","0.5240","seeded_from_onet_task_inventory"
"occ_13_1041_00","task_occ_13_1041_00_21459","21459","Keep informed regarding pending industry changes, trends, or best practices.","cluster_execution_routine","n/a","0.0191","0.3720","0.2742","optional","0.4810","src_onet_30_1|src_v2_role_graph_seed_2026_03","0.5240","seeded_from_onet_task_inventory"
"occ_13_1041_00","task_occ_13_1041_00_21460","21460","Provide assistance to internal or external auditors in compliance reviews.","cluster_execution_routine","n/a","0.0191","0.3720","0.2742","optional","0.4810","src_onet_30_1|src_v2_role_graph_seed_2026_03","0.5240","seeded_from_onet_task_inventory"
"occ_13_1041_00","task_occ_13_1041_00_21461","21461","Verify that all firm and regulatory policies and procedures have been documented, implemented, and communicated.","cluster_execution_routine","n/a","0.0191","0.3720","0.2742","optional","0.4810","src_onet_30_1|src_v2_role_graph_seed_2026_03","0.5240","seeded_from_onet_task_inventory"
"occ_13_1041_00","task_occ_13_1041_00_jd_co_01","jd_co_01","Translate regulations, contract obligations, and control expectations into concrete policies, training, and operating requirements for business teams.","cluster_oversight_strategy","Core","0.0282","0.9800","0.9594","core","0.3175","src_manual_job_description_review_2026_03|src_v2_role_graph_seed_2026_03","0.7065","seeded_from_job_description_expansion"
"occ_13_1041_00","task_occ_13_1041_00_jd_co_02","jd_co_02","Manage complaints, audits, examinations, and issue-remediation workflows so compliance gaps are investigated, tracked, and closed.","cluster_qa_review","Core","0.0285","0.7856","0.7066","core","0.3175","src_manual_job_description_review_2026_03|src_v2_role_graph_seed_2026_03","0.7065","seeded_from_job_description_expansion"
"occ_13_1041_00","task_occ_13_1041_00_jd_co_03","jd_co_03","Advise product, trading, or operating teams on new activities, conduct risk, and regulatory constraints before decisions are executed.","cluster_decision_support","Core","0.0261","0.9284","0.9443","core","0.0020","src_manual_job_description_review_2026_03|src_v2_role_graph_seed_2026_03","0.5875","seeded_from_job_description_expansion"
"occ_13_1041_00","task_occ_13_1041_00_jd_co_04","jd_co_04","Monitor regulatory changes, program status, and escalation themes and report compliance risk to leadership through structured governance rhythms.","cluster_coordination","Core","0.0238","0.8404","0.8216","core","0.5505","src_manual_job_description_review_2026_03|src_v2_role_graph_seed_2026_03","0.7800","seeded_from_job_description_expansion"
"occ_13_1041_00","task_occ_13_1041_00_jd_co2_01","jd_co2_01","Draft and update compliance policies and procedures so the program stays aligned with new regulations and products.","cluster_documentation","Core","0.0288","0.6664","0.4697","supporting","0.3840","src_manual_job_description_review_2026_03|src_v2_role_graph_seed_2026_03","0.8500","seeded_from_job_description_expansion"
"occ_13_1041_00","task_occ_13_1041_00_jd_co2_02","jd_co2_02","Assess risks and advise business teams on how controls, process changes, and governance should respond.","cluster_decision_support","Core","0.0283","0.8948","0.9248","core","0.0020","src_manual_job_description_review_2026_03|src_v2_role_graph_seed_2026_03","0.5875","seeded_from_job_description_expansion"
"occ_13_1041_00","task_occ_13_1041_00_jd_co2_03","jd_co2_03","Coordinate regulatory reviews, audits, investigations, and reporting obligations when external scrutiny or escalation occurs.","cluster_coordination","Core","0.0266","0.8192","0.8093","core","0.5505","src_manual_job_description_review_2026_03|src_v2_role_graph_seed_2026_03","0.7800","seeded_from_job_description_expansion"
"occ_13_1041_00","task_occ_13_1041_00_jd_co2_04","jd_co2_04","Provide recurring training and build compliance materials that translate policy requirements into daily operating behavior.","cluster_oversight_strategy","Core","0.0235","0.9188","0.9239","core","0.3175","src_manual_job_description_review_2026_03|src_v2_role_graph_seed_2026_03","0.7065","seeded_from_job_description_expansion"
"occ_13_1041_00","task_occ_13_1041_00_jd_co3_01","jd_co3_01","Counsel product, support, and operations teams through complaint patterns, control questions, and investigation follow-through in live workflows.","cluster_client_interaction","Core","0.0268","0.7596","0.8604","core","0.0865","src_manual_job_description_review_2026_03|src_v2_role_graph_seed_2026_03","0.7765","seeded_from_job_description_expansion"
"occ_13_1041_00","task_occ_13_1041_00_jd_co3_02","jd_co3_02","Analyze monitoring results, complaint themes, and control breakdowns so remediation work targets the highest-risk recurring failures.","cluster_analysis","Core","0.0300","0.7460","0.7037","core","0.3175","src_manual_job_description_review_2026_03|src_v2_role_graph_seed_2026_03","0.7065","seeded_from_job_description_expansion"
"occ_13_1041_00","task_occ_13_1041_00_jd_co3_03","jd_co3_03","Maintain issue logs, evidence requests, remediation trackers, and filing calendars so compliance follow-through survives across teams.","cluster_workflow_admin","Core","0.0321","0.6192","0.4309","supporting","0.5615","src_manual_job_description_review_2026_03|src_v2_role_graph_seed_2026_03","0.7765","seeded_from_job_description_expansion"
"occ_13_1041_00","task_occ_13_1041_00_jd_co3_04","jd_co3_04","Review submissions, exam packages, and issue-closure evidence before they leave the company or close internally.","cluster_qa_review","Core","0.0320","0.7400","0.6802","core","0.3175","src_manual_job_description_review_2026_03|src_v2_role_graph_seed_2026_03","0.7065","seeded_from_job_description_expansion"
"occ_13_1051_00","task_occ_13_1051_00_20846","20846","Collect historical cost data to estimate costs for current or future products.","cluster_execution_routine","Core","0.0191","0.5298","0.3487","supporting","0.5465","src_onet_30_1|src_v2_role_graph_seed_2026_03","0.5080","seeded_from_onet_task_inventory"
"occ_13_1051_00","task_occ_13_1051_00_80","80","Analyze blueprints and other documentation to prepare time, cost, materials, and labor estimates.","cluster_execution_routine","Core","0.0990","0.7084","0.4523","core","0.5465","src_onet_30_1|src_v2_role_graph_seed_2026_03","0.5080","seeded_from_onet_task_inventory"
"occ_13_1051_00","task_occ_13_1051_00_81","81","Assess cost effectiveness of products, projects or services, tracking actual costs relative to bids as the project develops.","cluster_execution_routine","Core","0.0186","0.5174","0.3415","supporting","0.5465","src_onet_30_1|src_v2_role_graph_seed_2026_03","0.5080","seeded_from_onet_task_inventory"
"occ_13_1051_00","task_occ_13_1051_00_82","82","Consult with clients, vendors, personnel in other departments, or construction foremen to discuss and formulate estimates and resolve issues.","cluster_execution_routine","Core","0.0181","0.5050","0.3343","supporting","0.5465","src_onet_30_1|src_v2_role_graph_seed_2026_03","0.5080","seeded_from_onet_task_inventory"
"occ_13_1051_00","task_occ_13_1051_00_83","83","Confer with engineers, architects, owners, contractors, and subcontractors on changes and adjustments to cost estimates.","cluster_execution_routine","Core","0.0193","0.5360","0.3523","supporting","0.5465","src_onet_30_1|src_v2_role_graph_seed_2026_03","0.5080","seeded_from_onet_task_inventory"
"occ_13_1051_00","task_occ_13_1051_00_84","84","Prepare estimates used by management for purposes such as planning, organizing, and scheduling work.","cluster_execution_routine","Core","0.0181","0.5050","0.3343","supporting","0.5465","src_onet_30_1|src_v2_role_graph_seed_2026_03","0.5080","seeded_from_onet_task_inventory"
"occ_13_1051_00","task_occ_13_1051_00_85","85","Prepare estimates for use in selecting vendors or subcontractors.","cluster_execution_routine","Core","0.0181","0.5050","0.3343","supporting","0.5465","src_onet_30_1|src_v2_role_graph_seed_2026_03","0.5080","seeded_from_onet_task_inventory"
"occ_13_1051_00","task_occ_13_1051_00_86","86","Review material and labor requirements to decide whether it is more cost-effective to produce or purchase components.","cluster_execution_routine","Core","0.0167","0.4678","0.3127","supporting","0.5465","src_onet_30_1|src_v2_role_graph_seed_2026_03","0.5080","seeded_from_onet_task_inventory"
"occ_13_1051_00","task_occ_13_1051_00_87","87","Prepare cost and expenditure statements and other necessary documentation at regular intervals for the duration of the project.","cluster_execution_routine","Core","0.0164","0.4616","0.3091","supporting","0.5465","src_onet_30_1|src_v2_role_graph_seed_2026_03","0.5080","seeded_from_onet_task_inventory"
"occ_13_1051_00","task_occ_13_1051_00_88","88","Prepare and maintain a directory of suppliers, contractors and subcontractors.","cluster_execution_routine","Core","0.0130","0.3748","0.2588","supporting","0.5465","src_onet_30_1|src_v2_role_graph_seed_2026_03","0.5080","seeded_from_onet_task_inventory"
"occ_13_1051_00","task_occ_13_1051_00_89","89","Set up cost monitoring and reporting systems and procedures.","cluster_execution_routine","Core","0.0179","0.4988","0.3307","supporting","0.5465","src_onet_30_1|src_v2_role_graph_seed_2026_03","0.5080","seeded_from_onet_task_inventory"
"occ_13_1051_00","task_occ_13_1051_00_90","90","Establish and maintain tendering process, and conduct negotiations.","cluster_execution_routine","Core","0.0181","0.5050","0.3343","supporting","0.5465","src_onet_30_1|src_v2_role_graph_seed_2026_03","0.5080","seeded_from_onet_task_inventory"
"occ_13_1051_00","task_occ_13_1051_00_91","91","Conduct special studies to develop and establish standard hour and related cost data or to reduce cost.","cluster_execution_routine","Core","0.0152","0.4306","0.2911","supporting","0.5465","src_onet_30_1|src_v2_role_graph_seed_2026_03","0.5080","seeded_from_onet_task_inventory"
"occ_13_1051_00","task_occ_13_1051_00_92","92","Visit site and record information about access, drainage and topography, and availability of utility services.","cluster_execution_routine","Core","0.0140","0.3996","0.2732","supporting","0.5465","src_onet_30_1|src_v2_role_graph_seed_2026_03","0.5080","seeded_from_onet_task_inventory"
"occ_13_1051_00","task_occ_13_1051_00_jd_est_01","jd_est_01","Prepare quantity takeoffs and scope breakdowns from drawings and planning documents so construction estimates start from a defensible basis.","cluster_analysis","Core","0.0669","0.8664","0.7735","core","0.3175","src_manual_job_description_review_2026_03|src_v2_role_graph_seed_2026_03","0.7065","seeded_from_job_description_expansion"
"occ_13_1051_00","task_occ_13_1051_00_jd_est_02","jd_est_02","Collect vendor pricing, compare subcontractor coverage, and select or recommend cost assumptions under changing market conditions.","cluster_decision_support","Core","0.0580","0.9320","0.8996","core","0.5705","src_manual_job_description_review_2026_03|src_v2_role_graph_seed_2026_03","0.7520","seeded_from_job_description_expansion"
"occ_13_1051_00","task_occ_13_1051_00_jd_est_03","jd_est_03","Build basis-of-estimate packages, quantity backup, cost data, and estimate narratives for proposal and review workflows.","cluster_documentation","Core","0.0546","0.6664","0.4787","supporting","0.5545","src_manual_job_description_review_2026_03|src_v2_role_graph_seed_2026_03","0.7730","seeded_from_job_description_expansion"
"occ_13_1051_00","task_occ_13_1051_00_jd_est_04","jd_est_04","Coordinate with engineers, project managers, and construction stakeholders to refine assumptions, constructability, and estimate revisions.","cluster_coordination","Core","0.0514","0.8408","0.8219","core","0.5505","src_manual_job_description_review_2026_03|src_v2_role_graph_seed_2026_03","0.7800","seeded_from_job_description_expansion"
"occ_13_1051_00","task_occ_13_1051_00_jd_est2_01","jd_est2_01","Prepare bidder instructions, scope breakdowns, and tender-ready estimate packages for fast-moving preconstruction cycles.","cluster_documentation","Core","0.0580","0.6820","0.4878","supporting","0.5545","src_manual_job_description_review_2026_03|src_v2_role_graph_seed_2026_03","0.7730","seeded_from_job_description_expansion"
"occ_13_1051_00","task_occ_13_1051_00_jd_est2_02","jd_est2_02","Compare bids, negotiate vendor terms, and recommend best-value options when cost, schedule, and scope pull in different directions.","cluster_decision_support","Core","0.0560","0.9288","0.8977","core","0.5705","src_manual_job_description_review_2026_03|src_v2_role_graph_seed_2026_03","0.7520","seeded_from_job_description_expansion"
"occ_13_1051_00","task_occ_13_1051_00_jd_est2_03","jd_est2_03","Check whether submitted plans, contracts, and budgets fully cover the work so projects are not under-scoped or under-priced.","cluster_qa_review","Core","0.0634","0.8108","0.7213","core","0.3175","src_manual_job_description_review_2026_03|src_v2_role_graph_seed_2026_03","0.7065","seeded_from_job_description_expansion"
"occ_13_1051_00","task_occ_13_1051_00_jd_est2_04","jd_est2_04","Maintain cost libraries, bidder lists, and proposal materials so estimating workflows stay current across projects.","cluster_workflow_admin","Core","0.0546","0.6464","0.4467","supporting","0.5615","src_manual_job_description_review_2026_03|src_v2_role_graph_seed_2026_03","0.7765","seeded_from_job_description_expansion"
"occ_13_1051_00","task_occ_13_1051_00_jd_est3_01","jd_est3_01","Investigate drawing packages, assumptions, and project requirements to identify missing scope before the estimate is locked.","cluster_research_synthesis","Core","0.0565","0.7996","0.7448","core","0.3175","src_manual_job_description_review_2026_03|src_v2_role_graph_seed_2026_03","0.7065","seeded_from_job_description_expansion"
"occ_13_1051_00","task_occ_13_1051_00_jd_est3_02","jd_est3_02","Build presentation-ready estimate narratives and pricing explanations that let stakeholders understand where the money is going.","cluster_drafting","Core","0.0572","0.7012","0.6335","core","0.3125","src_manual_job_description_review_2026_03|src_v2_role_graph_seed_2026_03","0.8080","seeded_from_job_description_expansion"
"occ_13_1051_00","task_occ_13_1051_00_jd_est3_03","jd_est3_03","Coordinate architects, builders, and procurement stakeholders when estimate changes ripple across schedule and delivery plans.","cluster_coordination","Core","0.0493","0.7976","0.7968","core","0.5505","src_manual_job_description_review_2026_03|src_v2_role_graph_seed_2026_03","0.7800","seeded_from_job_description_expansion"
"occ_13_1051_00","task_occ_13_1051_00_jd_est3_04","jd_est3_04","Advise teams on how estimate changes should affect budgets, loan thresholds, and downstream project decisions.","cluster_decision_support","Core","0.0524","0.8732","0.8655","core","0.5705","src_manual_job_description_review_2026_03|src_v2_role_graph_seed_2026_03","0.7520","seeded_from_job_description_expansion"
"occ_13_1071_00","task_occ_13_1071_00_18852","18852","Address employee relations issues, such as harassment allegations, work complaints, or other employee concerns.","cluster_execution_routine","Core","0.0113","0.5546","0.4327","supporting","0.3175","src_onet_30_1|src_v2_role_graph_seed_2026_03","0.4275","seeded_from_onet_task_inventory"
"occ_13_1071_00","task_occ_13_1071_00_18853","18853","Analyze employment-related data and prepare required reports.","cluster_execution_routine","Core","0.0310","0.5780","0.4462","supporting","0.3175","src_onet_30_1|src_v2_role_graph_seed_2026_03","0.4275","seeded_from_onet_task_inventory"
"occ_13_1071_00","task_occ_13_1071_00_18854","18854","Conduct exit interviews and ensure that necessary employment termination paperwork is completed.","cluster_execution_routine","Core","0.0098","0.4864","0.3931","supporting","0.3175","src_onet_30_1|src_v2_role_graph_seed_2026_03","0.4275","seeded_from_onet_task_inventory"
"occ_13_1071_00","task_occ_13_1071_00_18855","18855","Conduct reference or background checks on job applicants.","cluster_execution_routine","Supplemental","0.0112","0.3784","0.3305","optional","0.3175","src_onet_30_1|src_v2_role_graph_seed_2026_03","0.3875","seeded_from_onet_task_inventory"
"occ_13_1071_00","task_occ_13_1071_00_18856","18856","Confer with management to develop or implement personnel policies or procedures.","cluster_execution_routine","Core","0.0102","0.5050","0.4039","supporting","0.3175","src_onet_30_1|src_v2_role_graph_seed_2026_03","0.4275","seeded_from_onet_task_inventory"
"occ_13_1071_00","task_occ_13_1071_00_18857","18857","Contact job applicants to inform them of the status of their applications.","cluster_execution_routine","Core","0.0497","0.6526","0.4895","supporting","0.3175","src_onet_30_1|src_v2_role_graph_seed_2026_03","0.4275","seeded_from_onet_task_inventory"
"occ_13_1071_00","task_occ_13_1071_00_18858","18858","Develop or implement recruiting strategies to meet current or anticipated staffing needs.","cluster_execution_routine","Core","0.0306","0.5672","0.4400","supporting","0.3175","src_onet_30_1|src_v2_role_graph_seed_2026_03","0.4275","seeded_from_onet_task_inventory"
"occ_13_1071_00","task_occ_13_1071_00_18859","18859","Hire employees and process hiring-related paperwork.","cluster_execution_routine","Core","0.0600","0.7456","0.5434","core","0.3175","src_onet_30_1|src_v2_role_graph_seed_2026_03","0.4275","seeded_from_onet_task_inventory"
"occ_13_1071_00","task_occ_13_1071_00_18860","18860","Inform job applicants of details such as duties and responsibilities, compensation, benefits, schedules, working conditions, or promotion opportunities.","cluster_execution_routine","Core","0.0108","0.5458","0.4276","supporting","0.3175","src_onet_30_1|src_v2_role_graph_seed_2026_03","0.4275","seeded_from_onet_task_inventory"
"occ_13_1071_00","task_occ_13_1071_00_18861","18861","Interpret and explain human resources policies, procedures, laws, standards, or regulations.","cluster_execution_routine","Core","0.0313","0.6904","0.5114","supporting","0.3175","src_onet_30_1|src_v2_role_graph_seed_2026_03","0.4275","seeded_from_onet_task_inventory"
"occ_13_1071_00","task_occ_13_1071_00_18862","18862","Interview job applicants to obtain information on work history, training, education, or job skills.","cluster_execution_routine","Core","0.0491","0.6464","0.4859","supporting","0.3175","src_onet_30_1|src_v2_role_graph_seed_2026_03","0.4275","seeded_from_onet_task_inventory"
"occ_13_1071_00","task_occ_13_1071_00_18863","18863","Maintain and update human resources documents, such as organizational charts, employee handbooks or directories, or performance evaluation forms.","cluster_execution_routine","Core","0.0102","0.5050","0.4039","supporting","0.3175","src_onet_30_1|src_v2_role_graph_seed_2026_03","0.4275","seeded_from_onet_task_inventory"
"occ_13_1071_00","task_occ_13_1071_00_18864","18864","Maintain current knowledge of Equal Employment Opportunity (EEO) and affirmative action guidelines and laws, such as the Americans with Disabilities Act (ADA).","cluster_execution_routine","Core","0.0117","0.5908","0.4537","supporting","0.3175","src_onet_30_1|src_v2_role_graph_seed_2026_03","0.4275","seeded_from_onet_task_inventory"
"occ_13_1071_00","task_occ_13_1071_00_18865","18865","Perform searches for qualified job candidates, using sources such as computer databases, networking, Internet recruiting resources, media advertisements, job fairs, recruiting firms, or employee referrals.","cluster_execution_routine","Core","0.0484","0.6402","0.4823","supporting","0.3175","src_onet_30_1|src_v2_role_graph_seed_2026_03","0.4275","seeded_from_onet_task_inventory"
"occ_13_1071_00","task_occ_13_1071_00_18866","18866","Prepare or maintain employment records related to events, such as hiring, termination, leaves, transfers, or promotions, using human resources management system software.","cluster_execution_routine","Core","0.0136","0.5930","0.4549","supporting","0.3175","src_onet_30_1|src_v2_role_graph_seed_2026_03","0.4275","seeded_from_onet_task_inventory"
"occ_13_1071_00","task_occ_13_1071_00_18867","18867","Provide management with information or training related to interviewing, performance appraisals, counseling techniques, or documentation of performance issues.","cluster_execution_routine","Core","0.0097","0.4802","0.3895","supporting","0.3175","src_onet_30_1|src_v2_role_graph_seed_2026_03","0.4275","seeded_from_onet_task_inventory"
"occ_13_1071_00","task_occ_13_1071_00_18868","18868","Review employment applications and job orders to match applicants with job requirements.","cluster_execution_routine","Core","0.0538","0.6898","0.5111","supporting","0.3175","src_onet_30_1|src_v2_role_graph_seed_2026_03","0.4275","seeded_from_onet_task_inventory"
"occ_13_1071_00","task_occ_13_1071_00_18869","18869","Schedule or administer skill, intelligence, psychological, or drug tests for current or prospective employees.","cluster_execution_routine","Supplemental","0.0396","0.4966","0.3990","supporting","0.3175","src_onet_30_1|src_v2_role_graph_seed_2026_03","0.3875","seeded_from_onet_task_inventory"
"occ_13_1071_00","task_occ_13_1071_00_18870","18870","Schedule or conduct new employee orientations.","cluster_execution_routine","Core","0.0144","0.5668","0.4397","supporting","0.3175","src_onet_30_1|src_v2_role_graph_seed_2026_03","0.4275","seeded_from_onet_task_inventory"
"occ_13_1071_00","task_occ_13_1071_00_18871","18871","Select qualified job applicants or refer them to managers, making hiring recommendations when appropriate.","cluster_execution_routine","Core","0.0538","0.6898","0.5111","supporting","0.3175","src_onet_30_1|src_v2_role_graph_seed_2026_03","0.4275","seeded_from_onet_task_inventory"
"occ_13_1071_00","task_occ_13_1071_00_18872","18872","Advise management on organizing, preparing, or implementing recruiting or retention programs.","cluster_execution_routine","Core","0.0463","0.6216","0.4715","supporting","0.3175","src_onet_30_1|src_v2_role_graph_seed_2026_03","0.4275","seeded_from_onet_task_inventory"
"occ_13_1071_00","task_occ_13_1071_00_18873","18873","Coordinate with outside staffing agencies to secure temporary employees, based on departmental needs.","cluster_execution_routine","Supplemental","0.0188","0.3356","0.3056","optional","0.3175","src_onet_30_1|src_v2_role_graph_seed_2026_03","0.3875","seeded_from_onet_task_inventory"
"occ_13_1071_00","task_occ_13_1071_00_18874","18874","Evaluate recruitment or selection criteria to ensure conformance to professional, statistical, or testing standards, recommending revisions, as needed.","cluster_execution_routine","Supplemental","0.0348","0.4392","0.3657","supporting","0.3175","src_onet_30_1|src_v2_role_graph_seed_2026_03","0.3875","seeded_from_onet_task_inventory"
"occ_13_1071_00","task_occ_13_1071_00_18875","18875","Evaluate selection or testing techniques by conducting research or follow-up activities and conferring with management or supervisory personnel.","cluster_execution_routine","Supplemental","0.0084","0.2544","0.2586","optional","0.3175","src_onet_30_1|src_v2_role_graph_seed_2026_03","0.3875","seeded_from_onet_task_inventory"
"occ_13_1071_00","task_occ_13_1071_00_18876","18876","Review and evaluate applicant qualifications or eligibility for specified licensing, according to established guidelines and designated licensing codes.","cluster_execution_routine","Supplemental","0.0532","0.5136","0.4089","supporting","0.3175","src_onet_30_1|src_v2_role_graph_seed_2026_03","0.3875","seeded_from_onet_task_inventory"
"occ_13_1071_00","task_occ_13_1071_00_21097","21097","Administer employee benefit plans.","cluster_execution_routine","Supplemental","0.0299","0.4848","0.3922","supporting","0.3175","src_onet_30_1|src_v2_role_graph_seed_2026_03","0.3875","seeded_from_onet_task_inventory"
"occ_13_1071_00","task_occ_13_1071_00_jd_hr_01","jd_hr_01","Advise managers and employees on employee relations, compensation, performance, policy, or leave issues while applying HR laws and company processes.","cluster_decision_support","Core","0.0335","0.9444","0.9526","core","0.0175","src_manual_job_description_review_2026_03|src_v2_role_graph_seed_2026_03","0.5910","seeded_from_job_description_expansion"
"occ_13_1071_00","task_occ_13_1071_00_jd_hr_02","jd_hr_02","Run onboarding, offboarding, payroll, contract, and HRIS record processes that keep employee data and employee transitions accurate.","cluster_workflow_admin","Core","0.0360","0.6716","0.5017","supporting","0.1975","src_manual_job_description_review_2026_03|src_v2_role_graph_seed_2026_03","0.8010","seeded_from_job_description_expansion"
"occ_13_1071_00","task_occ_13_1071_00_jd_hr_03","jd_hr_03","Partner with leaders on hiring strategy, candidate pipelines, and full-cycle recruiting for priority roles or organizational changes.","cluster_coordination","Core","0.0308","0.8564","0.8605","core","0.4940","src_manual_job_description_review_2026_03|src_v2_role_graph_seed_2026_03","0.7765","seeded_from_job_description_expansion"
"occ_13_1071_00","task_occ_13_1071_00_jd_hr_04","jd_hr_04","Identify and improve people programs and operating processes using employee feedback, business needs, and legal or policy requirements.","cluster_oversight_strategy","Core","0.0276","0.9800","0.9900","core","0.0075","src_manual_job_description_review_2026_03|src_v2_role_graph_seed_2026_03","0.5875","seeded_from_job_description_expansion"
"occ_13_1071_00","task_occ_13_1071_00_jd_hr2_01","jd_hr2_01","Review employee cases, hiring flow, and support-ticket patterns to identify recurring people issues before they escalate.","cluster_analysis","Core","0.0304","0.7856","0.6142","core","0.2910","src_manual_job_description_review_2026_03|src_v2_role_graph_seed_2026_03","0.8395","seeded_from_job_description_expansion"
"occ_13_1071_00","task_occ_13_1071_00_jd_hr2_02","jd_hr2_02","Maintain HR guidance, onboarding materials, and process documentation so employees and managers can follow standard people workflows.","cluster_documentation","Core","0.0331","0.6636","0.5617","supporting","0.4210","src_manual_job_description_review_2026_03|src_v2_role_graph_seed_2026_03","0.8325","seeded_from_job_description_expansion"
"occ_13_1071_00","task_occ_13_1071_00_jd_hr2_03","jd_hr2_03","Check employee records, policy steps, and compliance details before actions are finalized across onboarding, leave, or employee relations work.","cluster_qa_review","Core","0.0340","0.7860","0.6205","core","0.2580","src_manual_job_description_review_2026_03|src_v2_role_graph_seed_2026_03","0.8220","seeded_from_job_description_expansion"
"occ_13_1071_00","task_occ_13_1071_00_jd_hr2_04","jd_hr2_04","Handle direct conversations with candidates, employees, and managers when hiring or people-process questions need real-time clarification.","cluster_client_interaction","Core","0.0229","0.7524","0.8542","core","0.4650","src_manual_job_description_review_2026_03|src_v2_role_graph_seed_2026_03","0.7590","seeded_from_job_description_expansion"
"occ_13_1081_00","task_occ_13_1081_00_20847","20847","Perform managerial duties such as hiring and training employees and overseeing facility needs or requirements.","cluster_execution_routine","Core","0.0410","0.5994","0.3891","supporting","0.5465","src_onet_30_1|src_v2_role_graph_seed_2026_03","0.5080","seeded_from_onet_task_inventory"
"occ_13_1081_00","task_occ_13_1081_00_8932","8932","Maintain and develop positive business relationships with a customer's key personnel involved in, or directly relevant to, a logistics activity.","cluster_execution_routine","Core","0.0797","0.7332","0.4667","core","0.5465","src_onet_30_1|src_v2_role_graph_seed_2026_03","0.5080","seeded_from_onet_task_inventory"
"occ_13_1081_00","task_occ_13_1081_00_8933","8933","Develop an understanding of customers' needs and take actions to ensure that such needs are met.","cluster_execution_routine","Core","0.0769","0.7146","0.4559","core","0.5465","src_onet_30_1|src_v2_role_graph_seed_2026_03","0.5080","seeded_from_onet_task_inventory"
"occ_13_1081_00","task_occ_13_1081_00_8934","8934","Direct availability and allocation of materials, supplies, and finished products.","cluster_execution_routine","Core","0.0714","0.6774","0.4343","supporting","0.5465","src_onet_30_1|src_v2_role_graph_seed_2026_03","0.5080","seeded_from_onet_task_inventory"
"occ_13_1081_00","task_occ_13_1081_00_8935","8935","Collaborate with other departments as necessary to meet customer requirements, to take advantage of sales opportunities or, in the case of shortages, to minimize negative impacts on a business.","cluster_execution_routine","Core","0.0137","0.4988","0.3307","supporting","0.5465","src_onet_30_1|src_v2_role_graph_seed_2026_03","0.5080","seeded_from_onet_task_inventory"
"occ_13_1081_00","task_occ_13_1081_00_8936","8936","Protect and control proprietary materials.","cluster_execution_routine","Core","0.0374","0.5760","0.3755","supporting","0.5465","src_onet_30_1|src_v2_role_graph_seed_2026_03","0.5080","seeded_from_onet_task_inventory"
"occ_13_1081_00","task_occ_13_1081_00_8937","8937","Review logistics performance with customers against targets, benchmarks, and service agreements.","cluster_execution_routine","Core","0.0145","0.5236","0.3451","supporting","0.5465","src_onet_30_1|src_v2_role_graph_seed_2026_03","0.5080","seeded_from_onet_task_inventory"
"occ_13_1081_00","task_occ_13_1081_00_8938","8938","Develop and implement technical project management tools, such as plans, schedules, and responsibility and compliance matrices.","cluster_execution_routine","Core","0.0122","0.4492","0.3019","supporting","0.5465","src_onet_30_1|src_v2_role_graph_seed_2026_03","0.5080","seeded_from_onet_task_inventory"
"occ_13_1081_00","task_occ_13_1081_00_8939","8939","Direct team activities, establishing task priorities, scheduling and tracking work assignments, providing guidance, and ensuring the availability of resources.","cluster_execution_routine","Core","0.0389","0.5946","0.3863","supporting","0.5465","src_onet_30_1|src_v2_role_graph_seed_2026_03","0.5080","seeded_from_onet_task_inventory"
"occ_13_1081_00","task_occ_13_1081_00_8940","8940","Report project plans, progress, and results.","cluster_execution_routine","Core","0.0135","0.4926","0.3271","supporting","0.5465","src_onet_30_1|src_v2_role_graph_seed_2026_03","0.5080","seeded_from_onet_task_inventory"
"occ_13_1081_00","task_occ_13_1081_00_8941","8941","Direct and support the compilation and analysis of technical source data necessary for product development.","cluster_execution_routine","Core","0.0341","0.4882","0.3246","supporting","0.5465","src_onet_30_1|src_v2_role_graph_seed_2026_03","0.5080","seeded_from_onet_task_inventory"
"occ_13_1081_00","task_occ_13_1081_00_8942","8942","Explain proposed solutions to customers, management, or other interested parties through written proposals and oral presentations.","cluster_execution_routine","Core","0.0394","0.6008","0.3899","supporting","0.5465","src_onet_30_1|src_v2_role_graph_seed_2026_03","0.5080","seeded_from_onet_task_inventory"
"occ_13_1081_00","task_occ_13_1081_00_8943","8943","Develop proposals that include documentation for estimates.","cluster_execution_routine","Core","0.0145","0.5236","0.3451","supporting","0.5465","src_onet_30_1|src_v2_role_graph_seed_2026_03","0.5080","seeded_from_onet_task_inventory"
"occ_13_1081_00","task_occ_13_1081_00_8944","8944","Plan, organize, and execute logistics support activities, such as maintenance planning, repair analysis, and test equipment recommendations.","cluster_execution_routine","Core","0.0382","0.5132","0.3391","supporting","0.5465","src_onet_30_1|src_v2_role_graph_seed_2026_03","0.5080","seeded_from_onet_task_inventory"
"occ_13_1081_00","task_occ_13_1081_00_8945","8945","Provide project management services, including the provision and analysis of technical data.","cluster_execution_routine","Core","0.0120","0.4430","0.2983","supporting","0.5465","src_onet_30_1|src_v2_role_graph_seed_2026_03","0.5080","seeded_from_onet_task_inventory"
"occ_13_1081_00","task_occ_13_1081_00_8946","8946","Participate in the assessment and review of design alternatives and design change proposal impacts.","cluster_execution_routine","Core","0.0106","0.3934","0.2696","supporting","0.5465","src_onet_30_1|src_v2_role_graph_seed_2026_03","0.5080","seeded_from_onet_task_inventory"
"occ_13_1081_00","task_occ_13_1081_00_8947","8947","Support the development of training materials and technical manuals.","cluster_execution_routine","Core","0.0093","0.3500","0.2444","supporting","0.5465","src_onet_30_1|src_v2_role_graph_seed_2026_03","0.5080","seeded_from_onet_task_inventory"
"occ_13_1081_00","task_occ_13_1081_00_8948","8948","Stay informed of logistics technology advances and apply appropriate technology to improve logistics processes.","cluster_execution_routine","Core","0.0334","0.5464","0.3583","supporting","0.5465","src_onet_30_1|src_v2_role_graph_seed_2026_03","0.5080","seeded_from_onet_task_inventory"
"occ_13_1081_00","task_occ_13_1081_00_8949","8949","Redesign the movement of goods to maximize value and minimize costs.","cluster_execution_routine","Core","0.0141","0.5112","0.3379","supporting","0.5465","src_onet_30_1|src_v2_role_graph_seed_2026_03","0.5080","seeded_from_onet_task_inventory"
"occ_13_1081_00","task_occ_13_1081_00_8950","8950","Manage subcontractor activities, reviewing proposals, developing performance specifications, and serving as liaisons between subcontractors and organizations.","cluster_execution_routine","Core","0.0146","0.5298","0.3487","supporting","0.5465","src_onet_30_1|src_v2_role_graph_seed_2026_03","0.5080","seeded_from_onet_task_inventory"
"occ_13_1081_00","task_occ_13_1081_00_8951","8951","Manage the logistical aspects of product life cycles, including coordination or provisioning of samples, and the minimization of obsolescence.","cluster_execution_routine","Core","0.0113","0.4182","0.2840","supporting","0.5465","src_onet_30_1|src_v2_role_graph_seed_2026_03","0.5080","seeded_from_onet_task_inventory"
"occ_13_1081_00","task_occ_13_1081_00_8952","8952","Perform system lifecycle cost analysis and develop component studies.","cluster_execution_routine","Core","0.0306","0.4954","0.3287","supporting","0.5465","src_onet_30_1|src_v2_role_graph_seed_2026_03","0.5080","seeded_from_onet_task_inventory"
"occ_13_1081_00","task_occ_13_1081_00_jd_log_01","jd_log_01","Coordinate forward logistics, deployments, sustainment, and reverse-logistics workflows across field teams, vendors, and internal operators.","cluster_coordination","Core","0.0471","0.8876","0.8490","core","0.5505","src_manual_job_description_review_2026_03|src_v2_role_graph_seed_2026_03","0.7800","seeded_from_job_description_expansion"
"occ_13_1081_00","task_occ_13_1081_00_jd_log_02","jd_log_02","Manage inventory, MRP, purchase orders, and supplier commitments so materials arrive when needed and supply continuity is preserved.","cluster_oversight_strategy","Core","0.0441","0.9800","0.9594","core","0.3175","src_manual_job_description_review_2026_03|src_v2_role_graph_seed_2026_03","0.7065","seeded_from_job_description_expansion"
"occ_13_1081_00","task_occ_13_1081_00_jd_log_03","jd_log_03","Analyze transportation cost, service, and KPI data to identify bottlenecks, forecast needs, and improve logistics performance.","cluster_analysis","Core","0.0400","0.8224","0.7786","core","0.1040","src_manual_job_description_review_2026_03|src_v2_role_graph_seed_2026_03","0.7590","seeded_from_job_description_expansion"
"occ_13_1081_00","task_occ_13_1081_00_jd_log_04","jd_log_04","Develop sourcing, negotiation, and supply-risk strategies with engineering and operations partners for critical components and suppliers.","cluster_decision_support","Core","0.0371","0.9160","0.8903","core","0.5705","src_manual_job_description_review_2026_03|src_v2_role_graph_seed_2026_03","0.7520","seeded_from_job_description_expansion"
"occ_13_1081_00","task_occ_13_1081_00_jd_log2_01","jd_log2_01","Run shipment, deployment, and exception queues so logistics work keeps moving when timelines, inventory, or routing conditions change.","cluster_workflow_admin","Core","0.0448","0.6528","0.4492","supporting","0.2135","src_manual_job_description_review_2026_03|src_v2_role_graph_seed_2026_03","0.7870","seeded_from_job_description_expansion"
"occ_13_1081_00","task_occ_13_1081_00_jd_log2_02","jd_log2_02","Maintain shipping records, inventory notes, supplier instructions, and logistics SOPs so material flow remains traceable and repeatable.","cluster_documentation","Core","0.0474","0.6884","0.5761","supporting","0.1325","src_manual_job_description_review_2026_03|src_v2_role_graph_seed_2026_03","0.8045","seeded_from_job_description_expansion"
"occ_13_1081_00","task_occ_13_1081_00_jd_log2_03","jd_log2_03","Verify shipment status, carrier performance, inventory reconciliations, and order details before logistics issues cascade into stockouts or delays.","cluster_qa_review","Core","0.0448","0.7828","0.7050","core","0.3175","src_manual_job_description_review_2026_03|src_v2_role_graph_seed_2026_03","0.7065","seeded_from_job_description_expansion"
"occ_13_1081_00","task_occ_13_1081_00_jd_log2_04","jd_log2_04","Work with suppliers, field teams, carriers, and internal operators when delivery changes or shortages require rapid coordination and tradeoffs.","cluster_client_interaction","Core","0.0334","0.7680","0.8722","core","0.0000","src_manual_job_description_review_2026_03|src_v2_role_graph_seed_2026_03","0.5875","seeded_from_job_description_expansion"
"occ_13_1082_00","task_occ_13_1082_00_21462","21462","Assign duties or responsibilities to project personnel.","cluster_execution_routine","n/a","0.0302","0.3720","0.3268","optional","0.3175","src_onet_30_1|src_v2_role_graph_seed_2026_03","0.3875","seeded_from_onet_task_inventory"
"occ_13_1082_00","task_occ_13_1082_00_21463","21463","Communicate with key stakeholders to determine project requirements and objectives.","cluster_execution_routine","n/a","0.0302","0.3720","0.3268","optional","0.3175","src_onet_30_1|src_v2_role_graph_seed_2026_03","0.3875","seeded_from_onet_task_inventory"
"occ_13_1082_00","task_occ_13_1082_00_21464","21464","Confer with project personnel to identify and resolve problems.","cluster_execution_routine","n/a","0.0302","0.3720","0.3268","optional","0.3175","src_onet_30_1|src_v2_role_graph_seed_2026_03","0.3875","seeded_from_onet_task_inventory"
"occ_13_1082_00","task_occ_13_1082_00_21465","21465","Create project status presentations for delivery to customers or project personnel.","cluster_execution_routine","n/a","0.0302","0.3720","0.3268","optional","0.3175","src_onet_30_1|src_v2_role_graph_seed_2026_03","0.3875","seeded_from_onet_task_inventory"
"occ_13_1082_00","task_occ_13_1082_00_21466","21466","Develop or update project plans including information such as objectives, technologies, schedules, funding, and staffing.","cluster_execution_routine","n/a","0.0302","0.3720","0.3268","optional","0.3175","src_onet_30_1|src_v2_role_graph_seed_2026_03","0.3875","seeded_from_onet_task_inventory"
"occ_13_1082_00","task_occ_13_1082_00_21467","21467","Identify project needs such as resources, staff, or finances by reviewing project objectives and schedules.","cluster_execution_routine","n/a","0.0302","0.3720","0.3268","optional","0.3175","src_onet_30_1|src_v2_role_graph_seed_2026_03","0.3875","seeded_from_onet_task_inventory"
"occ_13_1082_00","task_occ_13_1082_00_21468","21468","Identify, review, or select vendors or consultants to meet project needs.","cluster_execution_routine","n/a","0.0302","0.3720","0.3268","optional","0.3175","src_onet_30_1|src_v2_role_graph_seed_2026_03","0.3875","seeded_from_onet_task_inventory"
"occ_13_1082_00","task_occ_13_1082_00_21469","21469","Monitor costs incurred by project staff to identify budget issues.","cluster_execution_routine","n/a","0.0302","0.3720","0.3268","optional","0.3175","src_onet_30_1|src_v2_role_graph_seed_2026_03","0.3875","seeded_from_onet_task_inventory"
"occ_13_1082_00","task_occ_13_1082_00_21470","21470","Monitor project milestones and deliverables.","cluster_execution_routine","n/a","0.0302","0.3720","0.3268","optional","0.3175","src_onet_30_1|src_v2_role_graph_seed_2026_03","0.3875","seeded_from_onet_task_inventory"
"occ_13_1082_00","task_occ_13_1082_00_21471","21471","Monitor the performance of project team members to provide performance feedback.","cluster_execution_routine","n/a","0.0302","0.3720","0.3268","optional","0.3175","src_onet_30_1|src_v2_role_graph_seed_2026_03","0.3875","seeded_from_onet_task_inventory"
"occ_13_1082_00","task_occ_13_1082_00_21472","21472","Negotiate with project stakeholders or suppliers to obtain resources or materials.","cluster_execution_routine","n/a","0.0302","0.3720","0.3268","optional","0.3175","src_onet_30_1|src_v2_role_graph_seed_2026_03","0.3875","seeded_from_onet_task_inventory"
"occ_13_1082_00","task_occ_13_1082_00_21473","21473","Plan, schedule, or coordinate project activities to meet deadlines.","cluster_execution_routine","n/a","0.0302","0.3720","0.3268","optional","0.3175","src_onet_30_1|src_v2_role_graph_seed_2026_03","0.3875","seeded_from_onet_task_inventory"
"occ_13_1082_00","task_occ_13_1082_00_21474","21474","Prepare and submit budget estimates, progress reports, or cost tracking reports.","cluster_execution_routine","n/a","0.0302","0.3720","0.3268","optional","0.3175","src_onet_30_1|src_v2_role_graph_seed_2026_03","0.3875","seeded_from_onet_task_inventory"
"occ_13_1082_00","task_occ_13_1082_00_21475","21475","Produce and distribute project documents.","cluster_execution_routine","n/a","0.0302","0.3720","0.3268","optional","0.3175","src_onet_30_1|src_v2_role_graph_seed_2026_03","0.3875","seeded_from_onet_task_inventory"
"occ_13_1082_00","task_occ_13_1082_00_21476","21476","Propose, review, or approve modifications to project plans.","cluster_execution_routine","n/a","0.0302","0.3720","0.3268","optional","0.3175","src_onet_30_1|src_v2_role_graph_seed_2026_03","0.3875","seeded_from_onet_task_inventory"
"occ_13_1082_00","task_occ_13_1082_00_21477","21477","Recruit or hire project personnel.","cluster_execution_routine","n/a","0.0302","0.3720","0.3268","optional","0.3175","src_onet_30_1|src_v2_role_graph_seed_2026_03","0.3875","seeded_from_onet_task_inventory"
"occ_13_1082_00","task_occ_13_1082_00_21478","21478","Report project status, such as budget, resources, technical issues, or customer satisfaction, to managers.","cluster_execution_routine","n/a","0.0302","0.3720","0.3268","optional","0.3175","src_onet_30_1|src_v2_role_graph_seed_2026_03","0.3875","seeded_from_onet_task_inventory"
"occ_13_1082_00","task_occ_13_1082_00_21479","21479","Request and review project updates to ensure deadlines are met.","cluster_execution_routine","n/a","0.0302","0.3720","0.3268","optional","0.3175","src_onet_30_1|src_v2_role_graph_seed_2026_03","0.3875","seeded_from_onet_task_inventory"
"occ_13_1082_00","task_occ_13_1082_00_21480","21480","Schedule or facilitate project meetings.","cluster_execution_routine","n/a","0.0302","0.3720","0.3268","optional","0.3175","src_onet_30_1|src_v2_role_graph_seed_2026_03","0.3875","seeded_from_onet_task_inventory"
"occ_13_1082_00","task_occ_13_1082_00_21481","21481","Submit project deliverables to clients, ensuring adherence to quality standards.","cluster_execution_routine","n/a","0.0302","0.3720","0.3268","optional","0.3175","src_onet_30_1|src_v2_role_graph_seed_2026_03","0.3875","seeded_from_onet_task_inventory"
"occ_13_1082_00","task_occ_13_1082_00_jd_pm_01","jd_pm_01","Translate project goals into clear workstreams, meeting cadences, task owners, and action tracking across internal and client teams.","cluster_coordination","Core","0.0528","0.8908","0.8815","core","0.5540","src_manual_job_description_review_2026_03|src_v2_role_graph_seed_2026_03","0.7835","seeded_from_job_description_expansion"
"occ_13_1082_00","task_occ_13_1082_00_jd_pm_02","jd_pm_02","Manage risks, dependencies, and escalations across multiple stakeholders when delivery tradeoffs threaten scope, quality, or timing.","cluster_oversight_strategy","Core","0.0490","0.9800","0.9900","core","0.5160","src_manual_job_description_review_2026_03|src_v2_role_graph_seed_2026_03","0.7730","seeded_from_job_description_expansion"
"occ_13_1082_00","task_occ_13_1082_00_jd_pm_03","jd_pm_03","Maintain project systems, reporting, and budget or resource trackers that keep distributed teams aligned on status and next actions.","cluster_workflow_admin","Core","0.0474","0.6404","0.5356","supporting","0.1765","src_manual_job_description_review_2026_03|src_v2_role_graph_seed_2026_03","0.8010","seeded_from_job_description_expansion"
"occ_13_1082_00","task_occ_13_1082_00_jd_pm_04","jd_pm_04","Turn status, dependencies, and delivery tradeoffs into decision-ready updates for leaders or clients so projects keep moving.","cluster_decision_support","Core","0.0440","0.9132","0.9225","core","0.5740","src_manual_job_description_review_2026_03|src_v2_role_graph_seed_2026_03","0.7870","seeded_from_job_description_expansion"
"occ_13_1082_00","task_occ_13_1082_00_jd_pm2_01","jd_pm2_01","Run stakeholder meetings, negotiate sequencing, and keep clients or internal owners aligned when delivery priorities start to conflict.","cluster_client_interaction","Core","0.0467","0.7876","0.8756","core","0.5250","src_manual_job_description_review_2026_03|src_v2_role_graph_seed_2026_03","0.7695","seeded_from_job_description_expansion"
"occ_13_1082_00","task_occ_13_1082_00_jd_pm2_02","jd_pm2_02","Analyze schedule slips, resource bottlenecks, and dependency collisions so recovery plans address the real source of delay.","cluster_analysis","Core","0.0505","0.7708","0.7181","core","0.3175","src_manual_job_description_review_2026_03|src_v2_role_graph_seed_2026_03","0.7065","seeded_from_job_description_expansion"
"occ_13_1082_00","task_occ_13_1082_00_jd_pm2_03","jd_pm2_03","Prepare plans, RAID logs, decision records, and handoff notes so project knowledge survives across people and meetings.","cluster_documentation","Core","0.0536","0.6640","0.5111","supporting","0.5580","src_manual_job_description_review_2026_03|src_v2_role_graph_seed_2026_03","0.7590","seeded_from_job_description_expansion"
"occ_13_1082_00","task_occ_13_1082_00_jd_pm2_04","jd_pm2_04","Review deliverables, status artifacts, and change requests for completeness before the next team or customer action depends on them.","cluster_qa_review","Core","0.0522","0.7616","0.5621","core","0.3070","src_manual_job_description_review_2026_03|src_v2_role_graph_seed_2026_03","0.8325","seeded_from_job_description_expansion"
"occ_13_1111_00","task_occ_13_1111_00_7276","7276","Gather and organize information on problems or procedures.","cluster_execution_routine","Core","0.0525","0.6802","0.5055","supporting","0.3175","src_onet_30_1|src_v2_role_graph_seed_2026_03","0.4275","seeded_from_onet_task_inventory"
"occ_13_1111_00","task_occ_13_1111_00_7277","7277","Analyze data gathered and develop solutions or alternative methods of proceeding.","cluster_execution_routine","Core","0.0165","0.5732","0.4435","supporting","0.3175","src_onet_30_1|src_v2_role_graph_seed_2026_03","0.4275","seeded_from_onet_task_inventory"
"occ_13_1111_00","task_occ_13_1111_00_7278","7278","Confer with personnel concerned to ensure successful functioning of newly implemented systems or procedures.","cluster_execution_routine","Core","0.0167","0.5794","0.4471","supporting","0.3175","src_onet_30_1|src_v2_role_graph_seed_2026_03","0.4275","seeded_from_onet_task_inventory"
"occ_13_1111_00","task_occ_13_1111_00_7279","7279","Develop and implement records management program for filing, protection, and retrieval of records, and assure compliance with program.","cluster_execution_routine","Core","0.0125","0.4430","0.3679","supporting","0.3175","src_onet_30_1|src_v2_role_graph_seed_2026_03","0.4275","seeded_from_onet_task_inventory"
"occ_13_1111_00","task_occ_13_1111_00_7280","7280","Review forms and reports and confer with management and users about format, distribution, and purpose, identifying problems and improvements.","cluster_execution_routine","Core","0.0132","0.4678","0.3823","supporting","0.3175","src_onet_30_1|src_v2_role_graph_seed_2026_03","0.4275","seeded_from_onet_task_inventory"
"occ_13_1111_00","task_occ_13_1111_00_7281","7281","Interview personnel and conduct on-site observation to ascertain unit functions, work performed, and methods, equipment, and personnel used.","cluster_execution_routine","Core","0.0148","0.5174","0.4111","supporting","0.3175","src_onet_30_1|src_v2_role_graph_seed_2026_03","0.4275","seeded_from_onet_task_inventory"
"occ_13_1111_00","task_occ_13_1111_00_7282","7282","Document findings of study and prepare recommendations for implementation of new systems, procedures, or organizational changes.","cluster_execution_routine","Core","0.0155","0.5422","0.4255","supporting","0.3175","src_onet_30_1|src_v2_role_graph_seed_2026_03","0.4275","seeded_from_onet_task_inventory"
"occ_13_1111_00","task_occ_13_1111_00_7283","7283","Prepare manuals and train workers in use of new forms, reports, procedures or equipment, according to organizational policy.","cluster_execution_routine","Core","0.0136","0.4802","0.3895","supporting","0.3175","src_onet_30_1|src_v2_role_graph_seed_2026_03","0.4275","seeded_from_onet_task_inventory"
"occ_13_1111_00","task_occ_13_1111_00_7284","7284","Design, evaluate, recommend, and approve changes of forms and reports.","cluster_execution_routine","Core","0.0105","0.3810","0.3320","supporting","0.3175","src_onet_30_1|src_v2_role_graph_seed_2026_03","0.4275","seeded_from_onet_task_inventory"
"occ_13_1111_00","task_occ_13_1111_00_7285","7285","Plan study of work problems and procedures, such as organizational change, communications, information flow, integrated production methods, inventory control, or cost analysis.","cluster_execution_routine","Core","0.0148","0.5174","0.4111","supporting","0.3175","src_onet_30_1|src_v2_role_graph_seed_2026_03","0.4275","seeded_from_onet_task_inventory"
"occ_13_1111_00","task_occ_13_1111_00_7286","7286","Recommend purchase of storage equipment and design area layout to locate equipment in space available.","cluster_execution_routine","Supplemental","0.0527","0.3710","0.3262","optional","0.3175","src_onet_30_1|src_v2_role_graph_seed_2026_03","0.3875","seeded_from_onet_task_inventory"
"occ_13_1111_00","task_occ_13_1111_00_jd_ma_01","jd_ma_01","Translate business needs into scoped requirements, process maps, and decision-ready business cases for cross-functional initiatives.","cluster_decision_support","Core","0.0456","0.9412","0.9375","core","0.1755","src_manual_job_description_review_2026_03|src_v2_role_graph_seed_2026_03","0.8045","seeded_from_job_description_expansion"
"occ_13_1111_00","task_occ_13_1111_00_jd_ma_02","jd_ma_02","Validate process or system changes through pilots, testing, or rollout checkpoints before wider implementation.","cluster_qa_review","Core","0.0349","0.7480","0.6848","core","0.3175","src_manual_job_description_review_2026_03|src_v2_role_graph_seed_2026_03","0.7065","seeded_from_job_description_expansion"
"occ_13_1111_00","task_occ_13_1111_00_jd_ma_03","jd_ma_03","Drive adoption by aligning stakeholders, documenting decisions, and closing execution gaps after recommendations are approved.","cluster_coordination","Core","0.0460","0.8720","0.7062","core","0.2915","src_manual_job_description_review_2026_03|src_v2_role_graph_seed_2026_03","0.8255","seeded_from_job_description_expansion"
"occ_13_1111_00","task_occ_13_1111_00_jd_ma_04","jd_ma_04","Build repeatable operating playbooks, tooling, or governance rhythms that sustain improvements after the initial project push.","cluster_oversight_strategy","Core","0.0344","0.9772","0.9900","core","0.5620","src_manual_job_description_review_2026_03|src_v2_role_graph_seed_2026_03","0.7520","seeded_from_job_description_expansion"
"occ_13_1111_00","task_occ_13_1111_00_jd_ma2_01","jd_ma2_01","Model operational KPIs, profitability, and workflow bottlenecks so leaders can see where process changes matter most.","cluster_analysis","Core","0.0503","0.8508","0.7951","core","0.3625","src_manual_job_description_review_2026_03|src_v2_role_graph_seed_2026_03","0.8115","seeded_from_job_description_expansion"
"occ_13_1111_00","task_occ_13_1111_00_jd_ma2_02","jd_ma2_02","Turn diagnoses into operating recommendations, process redesign, and decision-ready business cases for leadership.","cluster_decision_support","Core","0.0448","0.9196","0.9250","core","0.1755","src_manual_job_description_review_2026_03|src_v2_role_graph_seed_2026_03","0.8045","seeded_from_job_description_expansion"
"occ_13_1111_00","task_occ_13_1111_00_jd_ma2_03","jd_ma2_03","Manage implementation follow-through, investigations, and cross-functional issue resolution once new operating changes are underway.","cluster_coordination","Core","0.0451","0.8504","0.6936","core","0.2915","src_manual_job_description_review_2026_03|src_v2_role_graph_seed_2026_03","0.8255","seeded_from_job_description_expansion"
"occ_13_1111_00","task_occ_13_1111_00_jd_ma2_04","jd_ma2_04","Build playbooks, governance routines, and operational standards that keep improvements from fading after rollout.","cluster_oversight_strategy","Core","0.0397","0.9684","0.9855","core","0.5620","src_manual_job_description_review_2026_03|src_v2_role_graph_seed_2026_03","0.7520","seeded_from_job_description_expansion"
"occ_13_1111_00","task_occ_13_1111_00_jd_ma3_01","jd_ma3_01","Run stakeholder interviews and working sessions that surface process pain, local constraints, and non-obvious implementation risks.","cluster_client_interaction","Core","0.0429","0.7752","0.8598","core","0.5710","src_manual_job_description_review_2026_03|src_v2_role_graph_seed_2026_03","0.7730","seeded_from_job_description_expansion"
"occ_13_1111_00","task_occ_13_1111_00_jd_ma3_02","jd_ma3_02","Write operating models, process maps, and decision memos that let leaders compare options without reconstructing the analysis.","cluster_documentation","Core","0.0496","0.6424","0.5574","supporting","0.0310","src_manual_job_description_review_2026_03|src_v2_role_graph_seed_2026_03","0.6015","seeded_from_job_description_expansion"
"occ_13_1111_00","task_occ_13_1111_00_jd_ma3_03","jd_ma3_03","Maintain action trackers, implementation cadences, and cross-functional decision logs so approved changes keep moving after kickoff.","cluster_workflow_admin","Core","0.0495","0.6132","0.4867","supporting","0.3175","src_manual_job_description_review_2026_03|src_v2_role_graph_seed_2026_03","0.7065","seeded_from_job_description_expansion"
"occ_13_1111_00","task_occ_13_1111_00_jd_ma3_04","jd_ma3_04","Review KPI definitions, pilot evidence, and rollout assumptions before leadership treats a proposed process change as proven.","cluster_qa_review","Core","0.0481","0.7308","0.6749","core","0.3175","src_manual_job_description_review_2026_03|src_v2_role_graph_seed_2026_03","0.7065","seeded_from_job_description_expansion"
"occ_13_1111_00","task_occ_13_1111_00_manual_ma_01","manual_ma_01","Frame client problem statements, hypotheses, and success metrics before analysis begins.","cluster_decision_support","Core","0.0566","0.9636","0.9505","core","0.1755","src_manual_role_graph_review_2026_03","0.8045","seeded_from_manual_task_expansion"
"occ_13_1111_00","task_occ_13_1111_00_manual_ma_02","manual_ma_02","Diagnose operating bottlenecks across teams, workflows, and handoffs.","cluster_analysis","Core","0.0521","0.8448","0.7916","core","0.3625","src_manual_role_graph_review_2026_03","0.8115","seeded_from_manual_task_expansion"
"occ_13_1111_00","task_occ_13_1111_00_manual_ma_03","manual_ma_03","Design target-state processes, governance, or operating models.","cluster_oversight_strategy","Core","0.0427","0.9800","0.9900","core","0.5620","src_manual_role_graph_review_2026_03","0.7520","seeded_from_manual_task_expansion"
"occ_13_1111_00","task_occ_13_1111_00_manual_ma_04","manual_ma_04","Facilitate stakeholder workshops to align findings and recommendations.","cluster_coordination","Core","0.0440","0.8380","0.6864","core","0.2915","src_manual_role_graph_review_2026_03","0.8255","seeded_from_manual_task_expansion"
"occ_13_1111_00","task_occ_13_1111_00_manual_ma_05","manual_ma_05","Build implementation roadmaps, workplans, and change-management actions.","cluster_coordination","Core","0.0406","0.8254","0.6791","core","0.2915","src_manual_role_graph_review_2026_03","0.8255","seeded_from_manual_task_expansion"
"occ_13_1151_00","task_occ_13_1151_00_100","100","Coordinate recruitment and placement of training program participants.","cluster_execution_routine","Core","0.0176","0.4368","0.3643","supporting","0.3175","src_onet_30_1|src_v2_role_graph_seed_2026_03","0.4275","seeded_from_onet_task_inventory"
"occ_13_1151_00","task_occ_13_1151_00_101","101","Evaluate training materials prepared by instructors, such as outlines, text, or handouts.","cluster_execution_routine","Core","0.0206","0.5050","0.4039","supporting","0.3175","src_onet_30_1|src_v2_role_graph_seed_2026_03","0.4275","seeded_from_onet_task_inventory"
"occ_13_1151_00","task_occ_13_1151_00_102","102","Develop alternative training methods if expected improvements are not seen.","cluster_execution_routine","Core","0.0212","0.5174","0.4111","supporting","0.3175","src_onet_30_1|src_v2_role_graph_seed_2026_03","0.4275","seeded_from_onet_task_inventory"
"occ_13_1151_00","task_occ_13_1151_00_103","103","Assess training needs through surveys, interviews with employees, focus groups, or consultation with managers, instructors, or customer representatives.","cluster_execution_routine","Core","0.0236","0.5732","0.4435","supporting","0.3175","src_onet_30_1|src_v2_role_graph_seed_2026_03","0.4275","seeded_from_onet_task_inventory"
"occ_13_1151_00","task_occ_13_1151_00_105","105","Select and assign instructors to conduct training.","cluster_execution_routine","Core","0.0170","0.4244","0.3572","supporting","0.3175","src_onet_30_1|src_v2_role_graph_seed_2026_03","0.4275","seeded_from_onet_task_inventory"
"occ_13_1151_00","task_occ_13_1151_00_106","106","Devise programs to develop executive potential among employees in lower-level positions.","cluster_execution_routine","Core","0.0192","0.4740","0.3859","supporting","0.3175","src_onet_30_1|src_v2_role_graph_seed_2026_03","0.4275","seeded_from_onet_task_inventory"
"occ_13_1151_00","task_occ_13_1151_00_108","108","Negotiate contracts with clients for desired training outcomes, fees, or expenses.","cluster_execution_routine","Core","0.0170","0.4244","0.3572","supporting","0.3175","src_onet_30_1|src_v2_role_graph_seed_2026_03","0.4275","seeded_from_onet_task_inventory"
"occ_13_1151_00","task_occ_13_1151_00_111","111","Refer trainees to employer relations representatives, to locations offering job placement assistance, or to appropriate social services agencies, if warranted.","cluster_execution_routine","Supplemental","0.0126","0.1552","0.2010","optional","0.3175","src_onet_30_1|src_v2_role_graph_seed_2026_03","0.3875","seeded_from_onet_task_inventory"
"occ_13_1151_00","task_occ_13_1151_00_19558","19558","Develop or implement training programs related to efficiency, recycling, or other issues with environmental impacts.","cluster_execution_routine","Supplemental","0.0110","0.1180","0.1794","optional","0.3175","src_onet_30_1|src_v2_role_graph_seed_2026_03","0.3875","seeded_from_onet_task_inventory"
"occ_13_1151_00","task_occ_13_1151_00_19559","19559","Evaluate modes of training delivery, such as in-person or virtual, to optimize training effectiveness, training costs, or environmental impacts.","cluster_execution_routine","Core","0.0698","0.6676","0.4982","supporting","0.3175","src_onet_30_1|src_v2_role_graph_seed_2026_03","0.4275","seeded_from_onet_task_inventory"
"occ_13_1151_00","task_occ_13_1151_00_20474","20474","Design, plan, organize, or direct orientation and training programs for employees or customers.","cluster_execution_routine","Core","0.0228","0.5546","0.4327","supporting","0.3175","src_onet_30_1|src_v2_role_graph_seed_2026_03","0.4275","seeded_from_onet_task_inventory"
"occ_13_1151_00","task_occ_13_1151_00_20475","20475","Obtain, organize, or develop training procedure manuals, guides, or course materials, such as handouts or visual materials.","cluster_execution_routine","Core","0.0250","0.6042","0.4614","supporting","0.3175","src_onet_30_1|src_v2_role_graph_seed_2026_03","0.4275","seeded_from_onet_task_inventory"
"occ_13_1151_00","task_occ_13_1151_00_20476","20476","Monitor training costs and prepare budget reports to justify expenditures.","cluster_execution_routine","Core","0.0192","0.4740","0.3859","supporting","0.3175","src_onet_30_1|src_v2_role_graph_seed_2026_03","0.4275","seeded_from_onet_task_inventory"
"occ_13_1151_00","task_occ_13_1151_00_20477","20477","Supervise, evaluate, or refer instructors to skill development classes.","cluster_execution_routine","Core","0.0165","0.4120","0.3500","supporting","0.3175","src_onet_30_1|src_v2_role_graph_seed_2026_03","0.4275","seeded_from_onet_task_inventory"
"occ_13_1151_00","task_occ_13_1151_00_93","93","Keep up with developments in area of expertise by reading current journals, books, or magazine articles.","cluster_execution_routine","Core","0.0187","0.4616","0.3787","supporting","0.3175","src_onet_30_1|src_v2_role_graph_seed_2026_03","0.4275","seeded_from_onet_task_inventory"
"occ_13_1151_00","task_occ_13_1151_00_94","94","Present information with a variety of instructional techniques or formats, such as role playing, simulations, team exercises, group discussions, videos, or lectures.","cluster_execution_routine","Core","0.0738","0.6986","0.5162","supporting","0.3175","src_onet_30_1|src_v2_role_graph_seed_2026_03","0.4275","seeded_from_onet_task_inventory"
"occ_13_1151_00","task_occ_13_1151_00_95","95","Schedule classes based on availability of classrooms, equipment, or instructors.","cluster_execution_routine","Core","0.0154","0.3872","0.3356","supporting","0.3175","src_onet_30_1|src_v2_role_graph_seed_2026_03","0.4275","seeded_from_onet_task_inventory"
"occ_13_1151_00","task_occ_13_1151_00_97","97","Offer specific training programs to help workers maintain or improve job skills.","cluster_execution_routine","Core","0.0236","0.5732","0.4435","supporting","0.3175","src_onet_30_1|src_v2_role_graph_seed_2026_03","0.4275","seeded_from_onet_task_inventory"
"occ_13_1151_00","task_occ_13_1151_00_98","98","Monitor, evaluate, or record training activities or program effectiveness.","cluster_execution_routine","Core","0.0234","0.5670","0.4399","supporting","0.3175","src_onet_30_1|src_v2_role_graph_seed_2026_03","0.4275","seeded_from_onet_task_inventory"
"occ_13_1151_00","task_occ_13_1151_00_99","99","Attend meetings or seminars to obtain information for use in training programs or to inform management of training program status.","cluster_execution_routine","Core","0.0184","0.4554","0.3751","supporting","0.3175","src_onet_30_1|src_v2_role_graph_seed_2026_03","0.4275","seeded_from_onet_task_inventory"
"occ_13_1151_00","task_occ_13_1151_00_jd_td_01","jd_td_01","Translate complex product or process changes into curriculum, courseware, and learning paths for different learner personas.","cluster_drafting","Core","0.0638","0.7288","0.6595","core","0.0055","src_manual_job_description_review_2026_03|src_v2_role_graph_seed_2026_03","0.5875","seeded_from_job_description_expansion"
"occ_13_1151_00","task_occ_13_1151_00_jd_td_02","jd_td_02","Build hands-on labs, simulations, eLearning modules, and instructor-led materials that let users practice real workflows.","cluster_documentation","Core","0.0601","0.6632","0.5081","supporting","0.4980","src_manual_job_description_review_2026_03|src_v2_role_graph_seed_2026_03","0.7660","seeded_from_job_description_expansion"
"occ_13_1151_00","task_occ_13_1151_00_jd_td_03","jd_td_03","Coordinate with product, engineering, customer success, or enablement leaders to validate training accuracy and release readiness.","cluster_coordination","Core","0.0564","0.8376","0.6992","core","0.2505","src_manual_job_description_review_2026_03|src_v2_role_graph_seed_2026_03","0.8325","seeded_from_job_description_expansion"
"occ_13_1151_00","task_occ_13_1151_00_jd_td_04","jd_td_04","Measure training effectiveness with feedback, assessments, and adoption metrics, then update programs and materials accordingly.","cluster_analysis","Core","0.0488","0.7756","0.7666","core","0.0000","src_manual_job_description_review_2026_03|src_v2_role_graph_seed_2026_03","0.5875","seeded_from_job_description_expansion"
"occ_13_1151_00","task_occ_13_1151_00_jd_td2_01","jd_td2_01","Decide which learner segments, behaviors, and business goals matter most before new training work is scoped or prioritized.","cluster_decision_support","Core","0.0682","0.8524","0.8846","core","0.5140","src_manual_job_description_review_2026_03|src_v2_role_graph_seed_2026_03","0.7520","seeded_from_job_description_expansion"
"occ_13_1151_00","task_occ_13_1151_00_jd_td2_02","jd_td2_02","Interview subject-matter experts and learners to surface confusion, prerequisite gaps, and workflow friction before content is built.","cluster_client_interaction","Core","0.0654","0.7908","0.7637","core","0.2655","src_manual_job_description_review_2026_03|src_v2_role_graph_seed_2026_03","0.8395","seeded_from_job_description_expansion"
"occ_13_1151_00","task_occ_13_1151_00_jd_td2_03","jd_td2_03","Review course flow, assessments, and release updates before publication so training stays accurate and instructionally coherent.","cluster_qa_review","Core","0.0733","0.7648","0.6952","core","0.5350","src_manual_job_description_review_2026_03|src_v2_role_graph_seed_2026_03","0.7485","seeded_from_job_description_expansion"
"occ_13_1151_00","task_occ_13_1151_00_jd_td2_04","jd_td2_04","Maintain learning calendars, revision queues, release handoffs, and asset libraries so training operations keep pace with product change.","cluster_workflow_admin","Core","0.0773","0.6504","0.4802","supporting","0.5050","src_manual_job_description_review_2026_03|src_v2_role_graph_seed_2026_03","0.7765","seeded_from_job_description_expansion"
"occ_13_1161_00","task_occ_13_1161_00_5433","5433","Collect and analyze data on customer demographics, preferences, needs, and buying habits to identify potential markets and factors affecting product demand.","cluster_execution_routine","Core","0.0180","0.5608","0.4363","supporting","0.3175","src_onet_30_1|src_v2_role_graph_seed_2026_03","0.4275","seeded_from_onet_task_inventory"
"occ_13_1161_00","task_occ_13_1161_00_5434","5434","Prepare reports of findings, illustrating data graphically and translating complex findings into written text.","cluster_execution_routine","Core","0.0569","0.6924","0.5126","supporting","0.3175","src_onet_30_1|src_v2_role_graph_seed_2026_03","0.4275","seeded_from_onet_task_inventory"
"occ_13_1161_00","task_occ_13_1161_00_5435","5435","Measure and assess customer and employee satisfaction.","cluster_execution_routine","Core","0.0178","0.5546","0.4327","supporting","0.3175","src_onet_30_1|src_v2_role_graph_seed_2026_03","0.4275","seeded_from_onet_task_inventory"
"occ_13_1161_00","task_occ_13_1161_00_5436","5436","Forecast and track marketing and sales trends, analyzing collected data.","cluster_execution_routine","Core","0.0159","0.4988","0.4003","supporting","0.3175","src_onet_30_1|src_v2_role_graph_seed_2026_03","0.4275","seeded_from_onet_task_inventory"
"occ_13_1161_00","task_occ_13_1161_00_5437","5437","Seek and provide information to help companies determine their position in the marketplace.","cluster_execution_routine","Core","0.0159","0.4988","0.4003","supporting","0.3175","src_onet_30_1|src_v2_role_graph_seed_2026_03","0.4275","seeded_from_onet_task_inventory"
"occ_13_1161_00","task_occ_13_1161_00_5438","5438","Measure the effectiveness of marketing, advertising, and communications programs and strategies.","cluster_execution_routine","Core","0.0165","0.5174","0.4111","supporting","0.3175","src_onet_30_1|src_v2_role_graph_seed_2026_03","0.4275","seeded_from_onet_task_inventory"
"occ_13_1161_00","task_occ_13_1161_00_5439","5439","Conduct research on consumer opinions and marketing strategies, collaborating with marketing professionals, statisticians, pollsters, and other professionals.","cluster_execution_routine","Core","0.0901","0.7208","0.5291","core","0.3175","src_onet_30_1|src_v2_role_graph_seed_2026_03","0.4275","seeded_from_onet_task_inventory"
"occ_13_1161_00","task_occ_13_1161_00_5440","5440","Attend staff conferences to provide management with information and proposals concerning the promotion, distribution, design, and pricing of company products or services.","cluster_execution_routine","Core","0.0142","0.4492","0.3715","supporting","0.3175","src_onet_30_1|src_v2_role_graph_seed_2026_03","0.4275","seeded_from_onet_task_inventory"
"occ_13_1161_00","task_occ_13_1161_00_5441","5441","Gather data on competitors and analyze their prices, sales, and method of marketing and distribution.","cluster_execution_routine","Core","0.0159","0.4988","0.4003","supporting","0.3175","src_onet_30_1|src_v2_role_graph_seed_2026_03","0.4275","seeded_from_onet_task_inventory"
"occ_13_1161_00","task_occ_13_1161_00_5442","5442","Monitor industry statistics and follow trends in trade literature.","cluster_execution_routine","Core","0.0148","0.4678","0.3823","supporting","0.3175","src_onet_30_1|src_v2_role_graph_seed_2026_03","0.4275","seeded_from_onet_task_inventory"
"occ_13_1161_00","task_occ_13_1161_00_5443","5443","Devise and evaluate methods and procedures for collecting data, such as surveys, opinion polls, or questionnaires, or arrange to obtain existing data.","cluster_execution_routine","Core","0.0879","0.7084","0.5219","core","0.3175","src_onet_30_1|src_v2_role_graph_seed_2026_03","0.4275","seeded_from_onet_task_inventory"
"occ_13_1161_00","task_occ_13_1161_00_5444","5444","Develop and implement procedures for identifying advertising needs.","cluster_execution_routine","Core","0.0112","0.3624","0.3212","supporting","0.3175","src_onet_30_1|src_v2_role_graph_seed_2026_03","0.4275","seeded_from_onet_task_inventory"
"occ_13_1161_00","task_occ_13_1161_00_5445","5445","Direct trained survey interviewers.","cluster_execution_routine","Core","0.0133","0.4244","0.3572","supporting","0.3175","src_onet_30_1|src_v2_role_graph_seed_2026_03","0.4275","seeded_from_onet_task_inventory"
"occ_13_1161_00","task_occ_13_1161_00_jd_mk_01","jd_mk_01","Build marketing performance, attribution, and funnel reporting that turns campaign and GTM data into decision-ready insights.","cluster_analysis","Core","0.0528","0.8444","0.7056","core","0.4130","src_manual_job_description_review_2026_03|src_v2_role_graph_seed_2026_03","0.8325","seeded_from_job_description_expansion"
"occ_13_1161_00","task_occ_13_1161_00_jd_mk_02","jd_mk_02","Own marketing automation, CRM workflows, and data hygiene so campaigns, segmentation, and reporting run reliably.","cluster_workflow_admin","Core","0.0498","0.6588","0.5411","supporting","0.1145","src_manual_job_description_review_2026_03|src_v2_role_graph_seed_2026_03","0.7625","seeded_from_job_description_expansion"
"occ_13_1161_00","task_occ_13_1161_00_jd_mk_03","jd_mk_03","Coordinate lifecycle, lead-management, and sales handoff processes across marketing, sales, and product teams.","cluster_coordination","Core","0.0468","0.8532","0.8687","core","0.0195","src_manual_job_description_review_2026_03|src_v2_role_graph_seed_2026_03","0.5980","seeded_from_job_description_expansion"
"occ_13_1161_00","task_occ_13_1161_00_jd_mk_04","jd_mk_04","Use testing results and market signals to recommend audience, messaging, or spend-allocation changes.","cluster_decision_support","Core","0.0418","0.9036","0.8851","core","0.3175","src_manual_job_description_review_2026_03|src_v2_role_graph_seed_2026_03","0.7065","seeded_from_job_description_expansion"
"occ_13_1161_00","task_occ_13_1161_00_jd_mk2_01","jd_mk2_01","Run market, audience, and performance research that turns scattered channel signals into a coherent picture of what is changing.","cluster_research_synthesis","Core","0.0532","0.8152","0.7986","core","0.0075","src_manual_job_description_review_2026_03|src_v2_role_graph_seed_2026_03","0.5910","seeded_from_job_description_expansion"
"occ_13_1161_00","task_occ_13_1161_00_jd_mk2_02","jd_mk2_02","Build stakeholder-facing summaries, briefs, and insight narratives that explain what the data means for marketing action.","cluster_drafting","Core","0.0522","0.7136","0.5509","core","0.6290","src_manual_job_description_review_2026_03|src_v2_role_graph_seed_2026_03","0.7835","seeded_from_job_description_expansion"
"occ_13_1161_00","task_occ_13_1161_00_jd_mk2_03","jd_mk2_03","Audit campaign data, routing logic, and attribution assumptions to verify that the marketing system is measuring performance correctly.","cluster_qa_review","Core","0.0502","0.7796","0.6778","core","0.6430","src_manual_job_description_review_2026_03|src_v2_role_graph_seed_2026_03","0.7555","seeded_from_job_description_expansion"
"occ_13_1161_00","task_occ_13_1161_00_jd_mk2_04","jd_mk2_04","Maintain operating documentation, process rules, and change logs that keep lifecycle and campaign workflows coordinated across teams.","cluster_documentation","Core","0.0532","0.6852","0.5832","supporting","0.0075","src_manual_job_description_review_2026_03|src_v2_role_graph_seed_2026_03","0.5910","seeded_from_job_description_expansion"
"occ_13_1161_00","task_occ_13_1161_00_manual_mr_01","manual_mr_01","Define research questions with product, sales, or marketing stakeholders.","cluster_decision_support","Core","0.0498","0.9288","0.8997","core","0.3175","src_manual_role_graph_review_2026_03","0.7065","seeded_from_manual_task_expansion"
"occ_13_1161_00","task_occ_13_1161_00_manual_mr_02","manual_mr_02","Design surveys, interview guides, or test plans for target audiences.","cluster_drafting","Core","0.0497","0.7088","0.5481","core","0.6290","src_manual_role_graph_review_2026_03","0.7835","seeded_from_manual_task_expansion"
"occ_13_1161_00","task_occ_13_1161_00_manual_mr_03","manual_mr_03","Segment audiences and interpret demand, usage, or campaign signals.","cluster_analysis","Core","0.0615","0.8604","0.7148","core","0.4130","src_manual_role_graph_review_2026_03","0.8325","seeded_from_manual_task_expansion"
"occ_13_1161_00","task_occ_13_1161_00_manual_mr_04","manual_mr_04","Translate findings into positioning, messaging, or campaign recommendations.","cluster_decision_support","Core","0.0508","0.9258","0.8980","core","0.3175","src_manual_role_graph_review_2026_03","0.7065","seeded_from_manual_task_expansion"
"occ_13_1199_00","task_occ_13_1199_00_jd_bo_01","jd_bo_01","Build recurring operating reports, forecasts, and leadership updates that turn messy business signals into decision-ready summaries.","cluster_decision_support","Core","0.0376","0.9196","0.9080","core","0.6200","src_manual_job_description_review_2026_03|src_v2_role_graph_seed_2026_03","0.7940","seeded_from_job_description_expansion"
"occ_13_1199_00","task_occ_13_1199_00_jd_bo_02","jd_bo_02","Design or refine cross-functional processes, tooling, and operating cadences that reduce manual work and make execution scale.","cluster_oversight_strategy","Core","0.0360","0.9800","0.9900","core","0.5620","src_manual_job_description_review_2026_03|src_v2_role_graph_seed_2026_03","0.7520","seeded_from_job_description_expansion"
"occ_13_1199_00","task_occ_13_1199_00_jd_bo_03","jd_bo_03","Own vendor, compliance, or internal service workflows that require follow-through across finance, people, and operating teams.","cluster_coordination","Core","0.0379","0.8504","0.8430","core","0.6000","src_manual_job_description_review_2026_03|src_v2_role_graph_seed_2026_03","0.7695","seeded_from_job_description_expansion"
"occ_13_1199_00","task_occ_13_1199_00_jd_bo_04","jd_bo_04","Identify broken operational workflows and implement automation or control improvements before they create downstream exceptions.","cluster_analysis","Core","0.0343","0.8316","0.7279","core","0.6410","src_manual_job_description_review_2026_03|src_v2_role_graph_seed_2026_03","0.7870","seeded_from_job_description_expansion"
"occ_13_1199_00","task_occ_13_1199_00_jd_bo2_01","jd_bo2_01","Gather requirements, map dependencies, and synthesize process pain points before recommending operational changes.","cluster_research_synthesis","Core","0.0386","0.8120","0.7520","core","0.3175","src_manual_job_description_review_2026_03|src_v2_role_graph_seed_2026_03","0.7065","seeded_from_job_description_expansion"
"occ_13_1199_00","task_occ_13_1199_00_jd_bo2_02","jd_bo2_02","Maintain operating trackers, recurring cadences, and workflow systems that keep cross-functional execution moving.","cluster_workflow_admin","Core","0.0411","0.6684","0.5187","supporting","0.3175","src_manual_job_description_review_2026_03|src_v2_role_graph_seed_2026_03","0.7065","seeded_from_job_description_expansion"
"occ_13_1199_00","task_occ_13_1199_00_jd_bo2_03","jd_bo2_03","Document procedures, controls, and operating guidance so routine business processes stay consistent and auditable.","cluster_documentation","Core","0.0364","0.6664","0.4943","supporting","0.6040","src_manual_job_description_review_2026_03|src_v2_role_graph_seed_2026_03","0.7590","seeded_from_job_description_expansion"
"occ_13_1199_00","task_occ_13_1199_00_jd_bo2_04","jd_bo2_04","Audit operational exceptions and verify that workflow fixes and control changes actually resolve the underlying issue.","cluster_qa_review","Core","0.0342","0.7608","0.6923","core","0.3175","src_manual_job_description_review_2026_03|src_v2_role_graph_seed_2026_03","0.7065","seeded_from_job_description_expansion"
"occ_13_1199_00","task_occ_13_1199_00_jd_bo3_01","jd_bo3_01","Work directly with internal teams to clarify operating requirements, intake ambiguity, and handoff failures before process changes are finalized.","cluster_client_interaction","Core","0.0360","0.7752","0.8598","core","0.5710","src_manual_job_description_review_2026_03|src_v2_role_graph_seed_2026_03","0.7730","seeded_from_job_description_expansion"
"occ_13_1199_00","task_occ_13_1199_00_jd_bo3_02","jd_bo3_02","Recommend process, tooling, and staffing changes when throughput, control quality, and team burden no longer point to the same fix.","cluster_decision_support","Core","0.0389","0.8492","0.8671","core","0.6200","src_manual_job_description_review_2026_03|src_v2_role_graph_seed_2026_03","0.7940","seeded_from_job_description_expansion"
"occ_13_1199_00","task_occ_13_1199_00_jd_bo3_03","jd_bo3_03","Analyze recurring workflow breakdowns, exception patterns, and control misses so operating fixes target the real bottlenecks.","cluster_analysis","Core","0.0428","0.7956","0.7070","core","0.6410","src_manual_job_description_review_2026_03|src_v2_role_graph_seed_2026_03","0.7870","seeded_from_job_description_expansion"
"occ_13_1199_00","task_occ_13_1199_00_jd_bo3_04","jd_bo3_04","Shape operating standards, ownership rules, and recurring governance so newer workflows stay stable after the launch push ends.","cluster_oversight_strategy","Core","0.0366","0.9136","0.9537","core","0.5620","src_manual_job_description_review_2026_03|src_v2_role_graph_seed_2026_03","0.7520","seeded_from_job_description_expansion"
"occ_13_1199_00","task_occ_13_1199_00_manual_bo_01","manual_bo_01","Triage operational requests across teams and assign owners for follow-up.","cluster_coordination","Core","0.0382","0.8320","0.8324","core","0.6000","src_manual_role_graph_review_2026_03","0.7695","seeded_from_manual_task_expansion"
"occ_13_1199_00","task_occ_13_1199_00_manual_bo_02","manual_bo_02","Prepare status dashboards, trackers, and exception summaries for leaders.","cluster_documentation","Supplemental","0.0339","0.4408","0.3635","supporting","0.6040","src_manual_role_graph_review_2026_03","0.7190","seeded_from_manual_task_expansion"
"occ_13_1199_00","task_occ_13_1199_00_manual_bo_03","manual_bo_03","Investigate process breakdowns and recommend operational fixes.","cluster_analysis","Core","0.0381","0.8258","0.7246","core","0.6410","src_manual_role_graph_review_2026_03","0.7870","seeded_from_manual_task_expansion"
"occ_13_1199_00","task_occ_13_1199_00_manual_bo_04","manual_bo_04","Maintain vendor, compliance, or program trackers used by multiple teams.","cluster_workflow_admin","Core","0.0416","0.6224","0.4920","supporting","0.3175","src_manual_role_graph_review_2026_03","0.7065","seeded_from_manual_task_expansion"
"occ_13_1199_00","task_occ_13_1199_00_manual_bo_05","manual_bo_05","Support cross-functional rollout plans and follow up on open actions.","cluster_coordination","Core","0.0375","0.8396","0.8368","core","0.6000","src_manual_role_graph_review_2026_03","0.7695","seeded_from_manual_task_expansion"
"occ_13_1199_00","task_occ_13_1199_00_manual_bo_06","manual_bo_06","Draft SOP updates and process guidance when workflows change.","cluster_documentation","Supplemental","0.0311","0.4374","0.3615","supporting","0.6040","src_manual_role_graph_review_2026_03","0.7190","seeded_from_manual_task_expansion"
"occ_13_1199_00","task_occ_13_1199_00_manual_bo_07","manual_bo_07","Monitor handoffs and escalate unresolved blockers before they delay delivery.","cluster_coordination","Core","0.0368","0.8426","0.8385","core","0.6000","src_manual_role_graph_review_2026_03","0.7695","seeded_from_manual_task_expansion"
"occ_13_1199_00","task_occ_13_1199_00_manual_bo_08","manual_bo_08","Reconcile inputs from finance, operations, and customer teams before decisions are made.","cluster_analysis","Core","0.0340","0.7854","0.7011","core","0.6410","src_manual_role_graph_review_2026_03","0.7870","seeded_from_manual_task_expansion"
"occ_13_1199_00","task_occ_13_1199_00_manual_bo_09","manual_bo_09","Coordinate vendor onboarding, documentation, and issue follow-up across stakeholders.","cluster_coordination","Core","0.0316","0.7990","0.8132","core","0.6000","src_manual_role_graph_review_2026_03","0.7695","seeded_from_manual_task_expansion"
"occ_13_1199_00","task_occ_13_1199_00_manual_bo_10","manual_bo_10","Audit trackers or program records for missing data, exceptions, and overdue items.","cluster_qa_review","Core","0.0342","0.7362","0.6780","core","0.3175","src_manual_role_graph_review_2026_03","0.7065","seeded_from_manual_task_expansion"
"occ_13_1199_00","task_occ_13_1199_00_manual_bo_11","manual_bo_11","Prepare decision memos or summaries for operational tradeoffs and escalations.","cluster_decision_support","Core","0.0325","0.8914","0.8916","core","0.6200","src_manual_role_graph_review_2026_03","0.7940","seeded_from_manual_task_expansion"
"occ_13_1199_00","task_occ_13_1199_00_manual_bo_12","manual_bo_12","Maintain recurring meeting cadences, agendas, and follow-up logs for operating reviews.","cluster_workflow_admin","Supplemental","0.0355","0.4210","0.3752","supporting","0.3175","src_manual_role_graph_review_2026_03","0.6665","seeded_from_manual_task_expansion"
"occ_13_1199_00","task_occ_13_1199_00_manual_bo_13","manual_bo_13","Support invoice, purchasing, or budget coordination for cross-team initiatives.","cluster_execution_routine","Supplemental","0.0314","0.3598","0.3197","optional","0.3175","src_manual_role_graph_review_2026_03","0.6665","seeded_from_manual_task_expansion"
"occ_13_1199_00","task_occ_13_1199_00_manual_bo_14","manual_bo_14","Translate policy or compliance changes into operational checklists and workflow updates.","cluster_documentation","Core","0.0307","0.6212","0.4681","supporting","0.6040","src_manual_role_graph_review_2026_03","0.7590","seeded_from_manual_task_expansion"
"occ_13_1199_00","task_occ_13_1199_00_manual_bo_15","manual_bo_15","Surface program risks, unresolved dependencies, and decisions needed from leadership.","cluster_decision_support","Core","0.0311","0.8928","0.8924","core","0.6200","src_manual_role_graph_review_2026_03","0.7940","seeded_from_manual_task_expansion"
"occ_13_1199_00","task_occ_13_1199_00_manual_bo_16","manual_bo_16","Coordinate onboarding or enablement tasks when new processes, vendors, or systems launch.","cluster_coordination","Core","0.0315","0.8036","0.8159","core","0.6000","src_manual_role_graph_review_2026_03","0.7695","seeded_from_manual_task_expansion"
"occ_13_2011_00","task_occ_13_2011_00_21505","21505","Prepare detailed reports on audit findings.","cluster_execution_routine","Core","0.0168","0.5980","0.3648","supporting","0.5515","src_onet_30_1|src_v2_role_graph_seed_2026_03","0.5080","seeded_from_onet_task_inventory"
"occ_13_2011_00","task_occ_13_2011_00_21506","21506","Report to management about asset utilization and audit results, and recommend changes in operations and financial activities.","cluster_execution_routine","Core","0.0167","0.5918","0.3612","supporting","0.5515","src_onet_30_1|src_v2_role_graph_seed_2026_03","0.5080","seeded_from_onet_task_inventory"
"occ_13_2011_00","task_occ_13_2011_00_21507","21507","Collect and analyze data to detect deficient controls, duplicated effort, extravagance, fraud, or non-compliance with laws, regulations, and management policies.","cluster_execution_routine","Core","0.0165","0.5856","0.3576","supporting","0.5515","src_onet_30_1|src_v2_role_graph_seed_2026_03","0.5080","seeded_from_onet_task_inventory"
"occ_13_2011_00","task_occ_13_2011_00_21508","21508","Inspect account books and accounting systems for efficiency, effectiveness, and use of accepted accounting procedures to record transactions.","cluster_execution_routine","Core","0.0552","0.6928","0.4198","supporting","0.5515","src_onet_30_1|src_v2_role_graph_seed_2026_03","0.5080","seeded_from_onet_task_inventory"
"occ_13_2011_00","task_occ_13_2011_00_21509","21509","Supervise auditing of establishments, and determine scope of investigation required.","cluster_execution_routine","Core","0.0552","0.6928","0.4198","supporting","0.5515","src_onet_30_1|src_v2_role_graph_seed_2026_03","0.5080","seeded_from_onet_task_inventory"
"occ_13_2011_00","task_occ_13_2011_00_21510","21510","Confer with company officials about financial and regulatory matters.","cluster_execution_routine","Core","0.0153","0.5484","0.3361","supporting","0.5515","src_onet_30_1|src_v2_role_graph_seed_2026_03","0.5080","seeded_from_onet_task_inventory"
"occ_13_2011_00","task_occ_13_2011_00_21511","21511","Examine and evaluate financial and information systems, recommending controls to ensure system reliability and data integrity.","cluster_execution_routine","Core","0.0153","0.5484","0.3361","supporting","0.5515","src_onet_30_1|src_v2_role_graph_seed_2026_03","0.5080","seeded_from_onet_task_inventory"
"occ_13_2011_00","task_occ_13_2011_00_21512","21512","Inspect cash on hand, notes receivable and payable, negotiable securities, and canceled checks to confirm records are accurate.","cluster_execution_routine","Core","0.0508","0.6494","0.3947","supporting","0.5515","src_onet_30_1|src_v2_role_graph_seed_2026_03","0.5080","seeded_from_onet_task_inventory"
"occ_13_2011_00","task_occ_13_2011_00_21513","21513","Examine records and interview workers to ensure recording of transactions and compliance with laws and regulations.","cluster_execution_routine","Core","0.0478","0.6430","0.3909","supporting","0.5515","src_onet_30_1|src_v2_role_graph_seed_2026_03","0.5080","seeded_from_onet_task_inventory"
"occ_13_2011_00","task_occ_13_2011_00_21514","21514","Prepare, examine, or analyze accounting records, financial statements, or other financial reports to assess accuracy, completeness, and conformance to reporting and procedural standards.","cluster_execution_routine","Core","0.0152","0.5422","0.3325","supporting","0.5515","src_onet_30_1|src_v2_role_graph_seed_2026_03","0.5080","seeded_from_onet_task_inventory"
"occ_13_2011_00","task_occ_13_2011_00_21515","21515","Prepare adjusting journal entries.","cluster_execution_routine","Core","0.0152","0.5422","0.3325","supporting","0.5515","src_onet_30_1|src_v2_role_graph_seed_2026_03","0.5080","seeded_from_onet_task_inventory"
"occ_13_2011_00","task_occ_13_2011_00_21516","21516","Review accounts for discrepancies and reconcile differences.","cluster_execution_routine","Core","0.0152","0.5422","0.3325","supporting","0.5515","src_onet_30_1|src_v2_role_graph_seed_2026_03","0.5080","seeded_from_onet_task_inventory"
"occ_13_2011_00","task_occ_13_2011_00_21517","21517","Establish tables of accounts and assign entries to proper accounts.","cluster_execution_routine","Core","0.0212","0.5700","0.3486","supporting","0.5515","src_onet_30_1|src_v2_role_graph_seed_2026_03","0.5080","seeded_from_onet_task_inventory"
"occ_13_2011_00","task_occ_13_2011_00_21518","21518","Examine inventory to verify journal and ledger entries.","cluster_execution_routine","Core","0.0146","0.5236","0.3217","supporting","0.5515","src_onet_30_1|src_v2_role_graph_seed_2026_03","0.5080","seeded_from_onet_task_inventory"
"occ_13_2011_00","task_occ_13_2011_00_21519","21519","Analyze business operations, trends, costs, revenues, financial commitments, and obligations to project future revenues and expenses or to provide advice.","cluster_execution_routine","Core","0.0142","0.5112","0.3145","supporting","0.5515","src_onet_30_1|src_v2_role_graph_seed_2026_03","0.5080","seeded_from_onet_task_inventory"
"occ_13_2011_00","task_occ_13_2011_00_21520","21520","Report to management regarding the finances of establishment.","cluster_execution_routine","Core","0.0434","0.6088","0.3711","supporting","0.5515","src_onet_30_1|src_v2_role_graph_seed_2026_03","0.5080","seeded_from_onet_task_inventory"
"occ_13_2011_00","task_occ_13_2011_00_21521","21521","Develop, implement, modify, and document recordkeeping and accounting systems, making use of current computer technology.","cluster_execution_routine","Core","0.0449","0.6074","0.3703","supporting","0.5515","src_onet_30_1|src_v2_role_graph_seed_2026_03","0.5080","seeded_from_onet_task_inventory"
"occ_13_2011_00","task_occ_13_2011_00_21522","21522","Evaluate taxpayer finances to determine tax liability, using knowledge of interest and discount rates, annuities, valuation of stocks and bonds, and amortization valuation of depletable assets.","cluster_execution_routine","Core","0.0131","0.4740","0.2929","supporting","0.5515","src_onet_30_1|src_v2_role_graph_seed_2026_03","0.5080","seeded_from_onet_task_inventory"
"occ_13_2011_00","task_occ_13_2011_00_21523","21523","Examine whether the organization's objectives are reflected in its management activities, and whether employees understand the objectives.","cluster_execution_routine","Core","0.0125","0.4554","0.2821","supporting","0.5515","src_onet_30_1|src_v2_role_graph_seed_2026_03","0.5080","seeded_from_onet_task_inventory"
"occ_13_2011_00","task_occ_13_2011_00_21524","21524","Audit payroll and personnel records to determine unemployment insurance premiums, workers' compensation coverage, liabilities, and compliance with tax laws.","cluster_execution_routine","Core","0.0116","0.4244","0.2642","supporting","0.5515","src_onet_30_1|src_v2_role_graph_seed_2026_03","0.5080","seeded_from_onet_task_inventory"
"occ_13_2011_00","task_occ_13_2011_00_21525","21525","Review taxpayer accounts, and conduct audits on-site, by correspondence, or by summoning taxpayer to office.","cluster_execution_routine","Supplemental","0.0150","0.3660","0.2303","optional","0.5515","src_onet_30_1|src_v2_role_graph_seed_2026_03","0.4680","seeded_from_onet_task_inventory"
"occ_13_2011_00","task_occ_13_2011_00_21526","21526","Compute taxes owed and prepare tax returns, ensuring compliance with payment, reporting, or other tax requirements.","cluster_execution_routine","Supplemental","0.0146","0.3536","0.2231","optional","0.5515","src_onet_30_1|src_v2_role_graph_seed_2026_03","0.4680","seeded_from_onet_task_inventory"
"occ_13_2011_00","task_occ_13_2011_00_21527","21527","Advise clients in areas such as compensation, employee health care benefits, the design of accounting or data processing systems, or long-range tax or estate plans.","cluster_execution_routine","Supplemental","0.0146","0.3536","0.2231","optional","0.5515","src_onet_30_1|src_v2_role_graph_seed_2026_03","0.4680","seeded_from_onet_task_inventory"
"occ_13_2011_00","task_occ_13_2011_00_21529","21529","Direct activities of personnel engaged in filing, recording, compiling, and transmitting financial records.","cluster_execution_routine","Supplemental","0.0131","0.3040","0.1943","optional","0.5515","src_onet_30_1|src_v2_role_graph_seed_2026_03","0.4680","seeded_from_onet_task_inventory"
"occ_13_2011_00","task_occ_13_2011_00_21530","21530","Conduct pre-implementation audits to determine if systems and programs under development will work as planned.","cluster_execution_routine","Supplemental","0.0125","0.2854","0.1835","optional","0.5515","src_onet_30_1|src_v2_role_graph_seed_2026_03","0.4680","seeded_from_onet_task_inventory"
"occ_13_2011_00","task_occ_13_2011_00_21531","21531","Develop, maintain, or analyze budgets, preparing periodic reports that compare budgeted costs to actual costs.","cluster_execution_routine","n/a","0.0281","0.3720","0.2338","optional","0.5515","src_onet_30_1|src_v2_role_graph_seed_2026_03","0.4680","seeded_from_onet_task_inventory"
"occ_13_2011_00","task_occ_13_2011_00_21532","21532","Prepare, analyze, or verify annual reports, financial statements, and other records, using accepted accounting and statistical procedures to assess financial condition and facilitate financial planning.","cluster_execution_routine","n/a","0.0281","0.3720","0.2338","optional","0.5515","src_onet_30_1|src_v2_role_graph_seed_2026_03","0.4680","seeded_from_onet_task_inventory"
"occ_13_2011_00","task_occ_13_2011_00_21533","21533","Process invoices for payment.","cluster_execution_routine","n/a","0.0281","0.3720","0.2338","optional","0.5515","src_onet_30_1|src_v2_role_graph_seed_2026_03","0.4680","seeded_from_onet_task_inventory"
"occ_13_2011_00","task_occ_13_2011_00_21534","21534","Review data about material assets, net worth, liabilities, capital stock, surplus, income, or expenditures.","cluster_execution_routine","n/a","0.0281","0.3720","0.2338","optional","0.5515","src_onet_30_1|src_v2_role_graph_seed_2026_03","0.4680","seeded_from_onet_task_inventory"
"occ_13_2011_00","task_occ_13_2011_00_jd_acc_01","jd_acc_01","Own close-related reconciliations, journal entries, and review checkpoints that keep month-end reporting accurate and timely.","cluster_qa_review","Core","0.0476","0.8076","0.7652","core","0.0055","src_manual_job_description_review_2026_03|src_v2_role_graph_seed_2026_03","0.5875","seeded_from_job_description_expansion"
"occ_13_2011_00","task_occ_13_2011_00_jd_acc_02","jd_acc_02","Partner with cross-functional teams to improve accounting systems, close workflows, and internal controls as the business scales.","cluster_oversight_strategy","Core","0.0404","0.9800","0.9594","core","0.3175","src_manual_job_description_review_2026_03|src_v2_role_graph_seed_2026_03","0.7065","seeded_from_job_description_expansion"
"occ_13_2011_00","task_occ_13_2011_00_jd_acc_03","jd_acc_03","Prepare audit-ready support, policy documentation, and controls evidence for internal and external review cycles.","cluster_documentation","Core","0.0370","0.6444","0.5576","supporting","0.0250","src_manual_job_description_review_2026_03|src_v2_role_graph_seed_2026_03","0.5980","seeded_from_job_description_expansion"
"occ_13_2011_00","task_occ_13_2011_00_jd_acc_04","jd_acc_04","Analyze unusual transactions, policy edge cases, or control breakdowns and escalate them into accountable financial judgments.","cluster_decision_support","Core","0.0344","0.9096","0.8632","core","0.5755","src_manual_job_description_review_2026_03|src_v2_role_graph_seed_2026_03","0.7765","seeded_from_job_description_expansion"
"occ_13_2011_00","task_occ_13_2011_00_jd_acc2_01","jd_acc2_01","Analyze flux, balance-sheet rollforwards, and reporting variances so anomalies are understood before close is finalized.","cluster_analysis","Core","0.0394","0.8100","0.6544","core","0.3370","src_manual_job_description_review_2026_03|src_v2_role_graph_seed_2026_03","0.8360","seeded_from_job_description_expansion"
"occ_13_2011_00","task_occ_13_2011_00_jd_acc2_02","jd_acc2_02","Coordinate with payroll, FP&A, tax, and operating teams to collect support and resolve close issues that cross system boundaries.","cluster_coordination","Core","0.0380","0.8068","0.7989","core","0.3175","src_manual_job_description_review_2026_03|src_v2_role_graph_seed_2026_03","0.7065","seeded_from_job_description_expansion"
"occ_13_2011_00","task_occ_13_2011_00_jd_acc2_03","jd_acc2_03","Review revenue, lease, accrual, or policy-support packages before conclusions are signed off or handed to auditors.","cluster_qa_review","Core","0.0380","0.7668","0.7415","core","0.0055","src_manual_job_description_review_2026_03|src_v2_role_graph_seed_2026_03","0.5875","seeded_from_job_description_expansion"
"occ_13_2011_00","task_occ_13_2011_00_jd_acc2_04","jd_acc2_04","Prepare management-ready summaries that explain accounting impacts, close risks, and remediation steps to non-accounting stakeholders.","cluster_client_interaction","Core","0.0325","0.7740","0.8201","core","0.5265","src_manual_job_description_review_2026_03|src_v2_role_graph_seed_2026_03","0.7520","seeded_from_job_description_expansion"
"occ_13_2051_00","task_occ_13_2051_00_21579","21579","Advise clients on aspects of capitalization, such as amounts, sources, or timing.","cluster_execution_routine","n/a","0.0269","0.3720","0.2338","optional","0.5515","src_onet_30_1|src_v2_role_graph_seed_2026_03","0.4680","seeded_from_onet_task_inventory"
"occ_13_2051_00","task_occ_13_2051_00_21580","21580","Analyze financial or operational performance of companies facing financial difficulties to identify or recommend remedies.","cluster_execution_routine","n/a","0.0269","0.3720","0.2338","optional","0.5515","src_onet_30_1|src_v2_role_graph_seed_2026_03","0.4680","seeded_from_onet_task_inventory"
"occ_13_2051_00","task_occ_13_2051_00_21581","21581","Assess companies as investments for clients by examining company facilities.","cluster_execution_routine","n/a","0.0269","0.3720","0.2338","optional","0.5515","src_onet_30_1|src_v2_role_graph_seed_2026_03","0.4680","seeded_from_onet_task_inventory"
"occ_13_2051_00","task_occ_13_2051_00_21582","21582","Collaborate on projects with other professionals, such as lawyers, accountants, or public relations experts.","cluster_execution_routine","n/a","0.0269","0.3720","0.2338","optional","0.5515","src_onet_30_1|src_v2_role_graph_seed_2026_03","0.4680","seeded_from_onet_task_inventory"
"occ_13_2051_00","task_occ_13_2051_00_21583","21583","Collaborate with investment bankers to attract new corporate clients.","cluster_execution_routine","n/a","0.0269","0.3720","0.2338","optional","0.5515","src_onet_30_1|src_v2_role_graph_seed_2026_03","0.4680","seeded_from_onet_task_inventory"
"occ_13_2051_00","task_occ_13_2051_00_21584","21584","Conduct financial analyses related to investments in green construction or green retrofitting projects.","cluster_execution_routine","n/a","0.0269","0.3720","0.2338","optional","0.5515","src_onet_30_1|src_v2_role_graph_seed_2026_03","0.4680","seeded_from_onet_task_inventory"
"occ_13_2051_00","task_occ_13_2051_00_21585","21585","Confer with clients to restructure debt, refinance debt, or raise new debt.","cluster_execution_routine","n/a","0.0269","0.3720","0.2338","optional","0.5515","src_onet_30_1|src_v2_role_graph_seed_2026_03","0.4680","seeded_from_onet_task_inventory"
"occ_13_2051_00","task_occ_13_2051_00_21586","21586","Create client presentations of plan details.","cluster_execution_routine","n/a","0.0269","0.3720","0.2338","optional","0.5515","src_onet_30_1|src_v2_role_graph_seed_2026_03","0.4680","seeded_from_onet_task_inventory"
"occ_13_2051_00","task_occ_13_2051_00_21587","21587","Determine the prices at which securities should be syndicated and offered to the public.","cluster_execution_routine","n/a","0.0269","0.3720","0.2338","optional","0.5515","src_onet_30_1|src_v2_role_graph_seed_2026_03","0.4680","seeded_from_onet_task_inventory"
"occ_13_2051_00","task_occ_13_2051_00_21588","21588","Develop and maintain client relationships.","cluster_execution_routine","n/a","0.0269","0.3720","0.2338","optional","0.5515","src_onet_30_1|src_v2_role_graph_seed_2026_03","0.4680","seeded_from_onet_task_inventory"
"occ_13_2051_00","task_occ_13_2051_00_21589","21589","Draw charts and graphs, using computer spreadsheets, to illustrate technical reports.","cluster_execution_routine","n/a","0.0269","0.3720","0.2338","optional","0.5515","src_onet_30_1|src_v2_role_graph_seed_2026_03","0.4680","seeded_from_onet_task_inventory"
"occ_13_2051_00","task_occ_13_2051_00_21590","21590","Employ financial models to develop solutions to financial problems or to assess the financial or capital impact of transactions.","cluster_execution_routine","n/a","0.0269","0.3720","0.2338","optional","0.5515","src_onet_30_1|src_v2_role_graph_seed_2026_03","0.4680","seeded_from_onet_task_inventory"
"occ_13_2051_00","task_occ_13_2051_00_21591","21591","Evaluate and compare the relative quality of various securities in a given industry.","cluster_execution_routine","n/a","0.0269","0.3720","0.2338","optional","0.5515","src_onet_30_1|src_v2_role_graph_seed_2026_03","0.4680","seeded_from_onet_task_inventory"
"occ_13_2051_00","task_occ_13_2051_00_21592","21592","Evaluate capital needs of clients and assess market conditions to inform structuring of financial packages.","cluster_execution_routine","n/a","0.0269","0.3720","0.2338","optional","0.5515","src_onet_30_1|src_v2_role_graph_seed_2026_03","0.4680","seeded_from_onet_task_inventory"
"occ_13_2051_00","task_occ_13_2051_00_21593","21593","Inform investment decisions by analyzing financial information to forecast business, industry, or economic conditions.","cluster_execution_routine","n/a","0.0269","0.3720","0.2338","optional","0.5515","src_onet_30_1|src_v2_role_graph_seed_2026_03","0.4680","seeded_from_onet_task_inventory"
"occ_13_2051_00","task_occ_13_2051_00_21594","21594","Interpret data on price, yield, stability, future investment-risk trends, economic influences, and other factors affecting investment programs.","cluster_execution_routine","n/a","0.0269","0.3720","0.2338","optional","0.5515","src_onet_30_1|src_v2_role_graph_seed_2026_03","0.4680","seeded_from_onet_task_inventory"
"occ_13_2051_00","task_occ_13_2051_00_21595","21595","Monitor developments in the fields of industrial technology, business, finance, and economic theory.","cluster_execution_routine","n/a","0.0269","0.3720","0.2338","optional","0.5515","src_onet_30_1|src_v2_role_graph_seed_2026_03","0.4680","seeded_from_onet_task_inventory"
"occ_13_2051_00","task_occ_13_2051_00_21596","21596","Monitor fundamental economic, industrial, and corporate developments by analyzing information from financial publications and services, investment banking firms, government agencies, trade publications, company sources, or personal interviews.","cluster_execution_routine","n/a","0.0269","0.3720","0.2338","optional","0.5515","src_onet_30_1|src_v2_role_graph_seed_2026_03","0.4680","seeded_from_onet_task_inventory"
"occ_13_2051_00","task_occ_13_2051_00_21597","21597","Perform securities valuation or pricing.","cluster_execution_routine","n/a","0.0269","0.3720","0.2338","optional","0.5515","src_onet_30_1|src_v2_role_graph_seed_2026_03","0.4680","seeded_from_onet_task_inventory"
"occ_13_2051_00","task_occ_13_2051_00_21598","21598","Prepare all materials for transactions or execution of deals.","cluster_execution_routine","n/a","0.0269","0.3720","0.2338","optional","0.5515","src_onet_30_1|src_v2_role_graph_seed_2026_03","0.4680","seeded_from_onet_task_inventory"
"occ_13_2051_00","task_occ_13_2051_00_21599","21599","Prepare plans of action for investment, using financial analyses.","cluster_execution_routine","n/a","0.0269","0.3720","0.2338","optional","0.5515","src_onet_30_1|src_v2_role_graph_seed_2026_03","0.4680","seeded_from_onet_task_inventory"
"occ_13_2051_00","task_occ_13_2051_00_21600","21600","Present oral or written reports on general economic trends, individual corporations, and entire industries.","cluster_execution_routine","n/a","0.0269","0.3720","0.2338","optional","0.5515","src_onet_30_1|src_v2_role_graph_seed_2026_03","0.4680","seeded_from_onet_task_inventory"
"occ_13_2051_00","task_occ_13_2051_00_21601","21601","Purchase investments for companies in accordance with company policy.","cluster_execution_routine","n/a","0.0269","0.3720","0.2338","optional","0.5515","src_onet_30_1|src_v2_role_graph_seed_2026_03","0.4680","seeded_from_onet_task_inventory"
"occ_13_2051_00","task_occ_13_2051_00_21602","21602","Recommend investments and investment timing to companies, investment firm staff, or the public.","cluster_execution_routine","n/a","0.0269","0.3720","0.2338","optional","0.5515","src_onet_30_1|src_v2_role_graph_seed_2026_03","0.4680","seeded_from_onet_task_inventory"
"occ_13_2051_00","task_occ_13_2051_00_21603","21603","Specialize in green financial instruments, such as socially responsible mutual funds or exchange-traded funds (ETF) that are comprised of green companies.","cluster_execution_routine","n/a","0.0269","0.3720","0.2338","optional","0.5515","src_onet_30_1|src_v2_role_graph_seed_2026_03","0.4680","seeded_from_onet_task_inventory"
"occ_13_2051_00","task_occ_13_2051_00_21604","21604","Supervise, train, or mentor junior team members.","cluster_execution_routine","n/a","0.0269","0.3720","0.2338","optional","0.5515","src_onet_30_1|src_v2_role_graph_seed_2026_03","0.4680","seeded_from_onet_task_inventory"
"occ_13_2051_00","task_occ_13_2051_00_jd_fa_01","jd_fa_01","Build and maintain driver-based revenue or spend forecasts that connect operating assumptions to financial outcomes.","cluster_analysis","Core","0.0456","0.8476","0.7828","core","0.1340","src_manual_job_description_review_2026_03|src_v2_role_graph_seed_2026_03","0.7660","seeded_from_job_description_expansion"
"occ_13_2051_00","task_occ_13_2051_00_jd_fa_02","jd_fa_02","Turn operational trends into scenario analyses and executive-ready narratives that guide resourcing and investment choices.","cluster_decision_support","Core","0.0402","0.9256","0.9426","core","0.0075","src_manual_job_description_review_2026_03|src_v2_role_graph_seed_2026_03","0.5875","seeded_from_job_description_expansion"
"occ_13_2051_00","task_occ_13_2051_00_jd_fa_03","jd_fa_03","Partner with finance, accounting, product, and talent teams on headcount planning, expense forecasting, and resource allocation.","cluster_coordination","Core","0.0406","0.8564","0.8277","core","0.3175","src_manual_job_description_review_2026_03|src_v2_role_graph_seed_2026_03","0.7065","seeded_from_job_description_expansion"
"occ_13_2051_00","task_occ_13_2051_00_jd_fa_04","jd_fa_04","Improve planning, close, and reporting processes through automation, stronger models, and more decision-useful dashboards.","cluster_workflow_admin","Core","0.0355","0.6244","0.3990","supporting","0.2535","src_manual_job_description_review_2026_03|src_v2_role_graph_seed_2026_03","0.8080","seeded_from_job_description_expansion"
"occ_13_2051_00","task_occ_13_2051_00_jd_fa2_01","jd_fa2_01","Build board, executive, or planning packages that translate model outputs into clear recommendations, risks, and tradeoffs.","cluster_client_interaction","Core","0.0345","0.7928","0.7908","core","0.2080","src_manual_job_description_review_2026_03|src_v2_role_graph_seed_2026_03","0.8185","seeded_from_job_description_expansion"
"occ_13_2051_00","task_occ_13_2051_00_jd_fa2_02","jd_fa2_02","Benchmark performance against peers, historical baselines, and alternative scenarios so leaders can compare strategic options.","cluster_research_synthesis","Core","0.0339","0.7404","0.7104","core","0.3175","src_manual_job_description_review_2026_03|src_v2_role_graph_seed_2026_03","0.7065","seeded_from_job_description_expansion"
"occ_13_2051_00","task_occ_13_2051_00_jd_fa2_03","jd_fa2_03","Validate forecast assumptions, driver logic, and planning model outputs before they are used in executive or budget decisions.","cluster_qa_review","Core","0.0345","0.7420","0.6274","core","0.5965","src_manual_job_description_review_2026_03|src_v2_role_graph_seed_2026_03","0.7730","seeded_from_job_description_expansion"
"occ_13_2051_00","task_occ_13_2051_00_jd_fa2_04","jd_fa2_04","Track ad hoc planning requests, funding decisions, and follow-up actions so strategic finance work converts into actual operating changes.","cluster_workflow_admin","Core","0.0352","0.5936","0.3811","supporting","0.2535","src_manual_job_description_review_2026_03|src_v2_role_graph_seed_2026_03","0.8080","seeded_from_job_description_expansion"
"occ_13_2052_00","task_occ_13_2052_00_12904","12904","Analyze financial information obtained from clients to determine strategies for meeting clients' financial objectives.","cluster_execution_routine","Core","0.0257","0.6042","0.3684","supporting","0.5515","src_onet_30_1|src_v2_role_graph_seed_2026_03","0.5080","seeded_from_onet_task_inventory"
"occ_13_2052_00","task_occ_13_2052_00_12905","12905","Answer clients' questions about the purposes and details of financial plans and strategies.","cluster_execution_routine","Core","0.0251","0.5918","0.3612","supporting","0.5515","src_onet_30_1|src_v2_role_graph_seed_2026_03","0.5080","seeded_from_onet_task_inventory"
"occ_13_2052_00","task_occ_13_2052_00_12907","12907","Interview clients to determine their current income, expenses, insurance coverage, tax status, financial objectives, risk tolerance, or other information needed to develop a financial plan.","cluster_execution_routine","Core","0.0257","0.6042","0.3684","supporting","0.5515","src_onet_30_1|src_v2_role_graph_seed_2026_03","0.5080","seeded_from_onet_task_inventory"
"occ_13_2052_00","task_occ_13_2052_00_12909","12909","Implement financial planning recommendations, or refer clients to someone who can assist them with plan implementation.","cluster_execution_routine","Core","0.0226","0.5360","0.3289","supporting","0.5515","src_onet_30_1|src_v2_role_graph_seed_2026_03","0.5080","seeded_from_onet_task_inventory"
"occ_13_2052_00","task_occ_13_2052_00_12913","12913","Prepare or interpret for clients information, such as investment performance reports, financial document summaries, or income projections.","cluster_execution_routine","Core","0.0215","0.5112","0.3145","supporting","0.5515","src_onet_30_1|src_v2_role_graph_seed_2026_03","0.5080","seeded_from_onet_task_inventory"
"occ_13_2052_00","task_occ_13_2052_00_12914","12914","Guide clients in the gathering of information, such as bank account records, income tax returns, life and disability insurance records, pension plans, or wills.","cluster_execution_routine","Core","0.0200","0.4802","0.2965","supporting","0.5515","src_onet_30_1|src_v2_role_graph_seed_2026_03","0.5080","seeded_from_onet_task_inventory"
"occ_13_2052_00","task_occ_13_2052_00_12915","12915","Contact clients periodically to determine any changes in their financial status.","cluster_execution_routine","Core","0.0220","0.5236","0.3217","supporting","0.5515","src_onet_30_1|src_v2_role_graph_seed_2026_03","0.5080","seeded_from_onet_task_inventory"
"occ_13_2052_00","task_occ_13_2052_00_12916","12916","Meet with clients' other advisors, such as attorneys, accountants, trust officers, or investment bankers, to fully understand clients' financial goals and circumstances.","cluster_execution_routine","Core","0.0169","0.4120","0.2570","supporting","0.5515","src_onet_30_1|src_v2_role_graph_seed_2026_03","0.5080","seeded_from_onet_task_inventory"
"occ_13_2052_00","task_occ_13_2052_00_12917","12917","Devise debt liquidation plans that include payoff priorities and timelines.","cluster_execution_routine","Core","0.0167","0.4058","0.2534","supporting","0.5515","src_onet_30_1|src_v2_role_graph_seed_2026_03","0.5080","seeded_from_onet_task_inventory"
"occ_13_2052_00","task_occ_13_2052_00_12918","12918","Open accounts for clients, and disburse funds from accounts to creditors as agent for clients.","cluster_execution_routine","Supplemental","0.0200","0.3102","0.1979","optional","0.5515","src_onet_30_1|src_v2_role_graph_seed_2026_03","0.4680","seeded_from_onet_task_inventory"
"occ_13_2052_00","task_occ_13_2052_00_12919","12919","Conduct seminars or workshops on financial planning topics, such as retirement planning, estate planning, or the evaluation of severance packages.","cluster_execution_routine","Supplemental","0.0076","0.0500","0.0470","optional","0.5515","src_onet_30_1|src_v2_role_graph_seed_2026_03","0.4680","seeded_from_onet_task_inventory"
"occ_13_2052_00","task_occ_13_2052_00_19570","19570","Inform clients about tax benefits, government rebates, or other financial benefits of alternative-fuel vehicle purchases or energy-efficient home construction, improvements, or remodeling.","cluster_execution_routine","Supplemental","0.0124","0.1428","0.1008","optional","0.5515","src_onet_30_1|src_v2_role_graph_seed_2026_03","0.4680","seeded_from_onet_task_inventory"
"occ_13_2052_00","task_occ_13_2052_00_19571","19571","Recommend environmentally responsible investments, such as cleantech, alternative energy, or conservation technologies, companies, or funds.","cluster_execution_routine","Supplemental","0.0110","0.1118","0.0828","optional","0.5515","src_onet_30_1|src_v2_role_graph_seed_2026_03","0.4680","seeded_from_onet_task_inventory"
"occ_13_2052_00","task_occ_13_2052_00_20182","20182","Recommend to clients strategies in cash management, insurance coverage, investment planning, or other areas to help them achieve their financial goals.","cluster_execution_routine","Core","0.0240","0.5670","0.3469","supporting","0.5515","src_onet_30_1|src_v2_role_graph_seed_2026_03","0.5080","seeded_from_onet_task_inventory"
"occ_13_2052_00","task_occ_13_2052_00_20183","20183","Review clients' accounts and plans regularly to determine whether life changes, economic changes, environmental concerns, or financial performance indicate a need for plan reassessment.","cluster_execution_routine","Core","0.0243","0.5732","0.3505","supporting","0.5515","src_onet_30_1|src_v2_role_graph_seed_2026_03","0.5080","seeded_from_onet_task_inventory"
"occ_13_2052_00","task_occ_13_2052_00_20184","20184","Manage client portfolios, keeping client plans up-to-date.","cluster_execution_routine","Core","0.0243","0.5732","0.3505","supporting","0.5515","src_onet_30_1|src_v2_role_graph_seed_2026_03","0.5080","seeded_from_onet_task_inventory"
"occ_13_2052_00","task_occ_13_2052_00_20185","20185","Recruit and maintain client bases.","cluster_execution_routine","Core","0.0175","0.4244","0.2642","supporting","0.5515","src_onet_30_1|src_v2_role_graph_seed_2026_03","0.5080","seeded_from_onet_task_inventory"
"occ_13_2052_00","task_occ_13_2052_00_20186","20186","Explain to clients the personal financial advisor's responsibilities and the types of services to be provided.","cluster_execution_routine","Core","0.0212","0.5050","0.3109","supporting","0.5515","src_onet_30_1|src_v2_role_graph_seed_2026_03","0.5080","seeded_from_onet_task_inventory"
"occ_13_2052_00","task_occ_13_2052_00_20187","20187","Investigate available investment opportunities to determine compatibility with client financial plans.","cluster_execution_routine","Core","0.0209","0.4988","0.3073","supporting","0.5515","src_onet_30_1|src_v2_role_graph_seed_2026_03","0.5080","seeded_from_onet_task_inventory"
"occ_13_2052_00","task_occ_13_2052_00_20188","20188","Monitor financial market trends to ensure that client plans are responsive.","cluster_execution_routine","Core","0.0486","0.5278","0.3241","supporting","0.5515","src_onet_30_1|src_v2_role_graph_seed_2026_03","0.5080","seeded_from_onet_task_inventory"
"occ_13_2052_00","task_occ_13_2052_00_20189","20189","Recommend financial products, such as stocks, bonds, mutual funds, or insurance.","cluster_execution_routine","Core","0.0226","0.5360","0.3289","supporting","0.5515","src_onet_30_1|src_v2_role_graph_seed_2026_03","0.5080","seeded_from_onet_task_inventory"
"occ_13_2052_00","task_occ_13_2052_00_jd_pfa_01","jd_pfa_01","Build and maintain trusted client relationships by leading planning conversations around long-term goals, tradeoffs, and life changes.","cluster_relationship_management","Core","0.0622","0.8212","0.8873","core","0.3175","src_manual_job_description_review_2026_03|src_v2_role_graph_seed_2026_03","0.7065","seeded_from_job_description_expansion"
"occ_13_2052_00","task_occ_13_2052_00_jd_pfa_02","jd_pfa_02","Recommend investment, tax, retirement, and wealth-structuring strategies that fit client circumstances and risk tolerance.","cluster_decision_support","Core","0.0727","0.8740","0.8907","core","0.1785","src_manual_job_description_review_2026_03|src_v2_role_graph_seed_2026_03","0.7835","seeded_from_job_description_expansion"
"occ_13_2052_00","task_occ_13_2052_00_jd_pfa_03","jd_pfa_03","Analyze client financial situations, account performance, and planning gaps to produce actionable advisory recommendations.","cluster_analysis","Core","0.0729","0.7832","0.6609","core","0.5965","src_manual_job_description_review_2026_03|src_v2_role_graph_seed_2026_03","0.7905","seeded_from_job_description_expansion"
"occ_13_2052_00","task_occ_13_2052_00_jd_pfa_04","jd_pfa_04","Prepare suitability records, client paperwork, and follow-up workflows that keep advisory work compliant and moving.","cluster_documentation","Core","0.0732","0.6516","0.5647","supporting","0.0055","src_manual_job_description_review_2026_03|src_v2_role_graph_seed_2026_03","0.5875","seeded_from_job_description_expansion"
"occ_13_2052_00","task_occ_13_2052_00_jd_pfa2_01","jd_pfa2_01","Translate market moves, life changes, and account performance into updated client recommendations and next-step plans.","cluster_client_interaction","Core","0.0648","0.8028","0.8070","core","0.1970","src_manual_job_description_review_2026_03|src_v2_role_graph_seed_2026_03","0.7765","seeded_from_job_description_expansion"
"occ_13_2052_00","task_occ_13_2052_00_jd_pfa2_02","jd_pfa2_02","Review portfolio allocations, tax exposure, and suitability constraints before recommendations are finalized with the client.","cluster_qa_review","Core","0.0692","0.7460","0.6297","core","0.5965","src_manual_job_description_review_2026_03|src_v2_role_graph_seed_2026_03","0.7730","seeded_from_job_description_expansion"
"occ_13_2052_00","task_occ_13_2052_00_jd_pfa2_03","jd_pfa2_03","Coordinate handoffs with planners, tax specialists, and operations staff so advice turns into executed account changes.","cluster_coordination","Core","0.0752","0.8448","0.8210","core","0.3175","src_manual_job_description_review_2026_03|src_v2_role_graph_seed_2026_03","0.7065","seeded_from_job_description_expansion"
"occ_13_2052_00","task_occ_13_2052_00_jd_pfa2_04","jd_pfa2_04","Produce review packets, meeting notes, and follow-up checklists that keep ongoing advice and compliance obligations current.","cluster_workflow_admin","Core","0.0593","0.5540","0.4523","supporting","0.3175","src_manual_job_description_review_2026_03|src_v2_role_graph_seed_2026_03","0.7065","seeded_from_job_description_expansion"
"occ_13_2072_00","task_occ_13_2072_00_21635","21635","Assist in selection of financial award candidates using electronic databases to certify loan eligibility.","cluster_execution_routine","n/a","0.0227","0.3720","0.2338","optional","0.5515","src_onet_30_1|src_v2_role_graph_seed_2026_03","0.4680","seeded_from_onet_task_inventory"
"occ_13_2072_00","task_occ_13_2072_00_21636","21636","Authorize or sign mail collection letters.","cluster_execution_routine","n/a","0.0227","0.3720","0.2338","optional","0.5515","src_onet_30_1|src_v2_role_graph_seed_2026_03","0.4680","seeded_from_onet_task_inventory"
"occ_13_2072_00","task_occ_13_2072_00_21637","21637","Calculate amount of debt and funds available to plan methods of payoff and to estimate time for debt liquidation.","cluster_execution_routine","n/a","0.0227","0.3720","0.2338","optional","0.5515","src_onet_30_1|src_v2_role_graph_seed_2026_03","0.4680","seeded_from_onet_task_inventory"
"occ_13_2072_00","task_occ_13_2072_00_21638","21638","Confer with underwriters to resolve mortgage application problems.","cluster_execution_routine","n/a","0.0227","0.3720","0.2338","optional","0.5515","src_onet_30_1|src_v2_role_graph_seed_2026_03","0.4680","seeded_from_onet_task_inventory"
"occ_13_2072_00","task_occ_13_2072_00_21639","21639","Contact applicants or creditors to resolve questions about applications or to assist with completion of paperwork.","cluster_execution_routine","n/a","0.0227","0.3720","0.2338","optional","0.5515","src_onet_30_1|src_v2_role_graph_seed_2026_03","0.4680","seeded_from_onet_task_inventory"
"occ_13_2072_00","task_occ_13_2072_00_21640","21640","Contact borrowers with delinquent accounts to obtain payment in full or to negotiate repayment plans.","cluster_execution_routine","n/a","0.0227","0.3720","0.2338","optional","0.5515","src_onet_30_1|src_v2_role_graph_seed_2026_03","0.4680","seeded_from_onet_task_inventory"
"occ_13_2072_00","task_occ_13_2072_00_21641","21641","Counsel clients on personal and family financial problems, such as excessive spending or borrowing of funds.","cluster_execution_routine","n/a","0.0227","0.3720","0.2338","optional","0.5515","src_onet_30_1|src_v2_role_graph_seed_2026_03","0.4680","seeded_from_onet_task_inventory"
"occ_13_2072_00","task_occ_13_2072_00_21642","21642","Establish payment priorities according to credit terms and interest rates to reduce clients' overall costs.","cluster_execution_routine","n/a","0.0227","0.3720","0.2338","optional","0.5515","src_onet_30_1|src_v2_role_graph_seed_2026_03","0.4680","seeded_from_onet_task_inventory"
"occ_13_2072_00","task_occ_13_2072_00_21643","21643","Inform individuals and groups about the financial assistance available to college or university students.","cluster_execution_routine","n/a","0.0227","0.3720","0.2338","optional","0.5515","src_onet_30_1|src_v2_role_graph_seed_2026_03","0.4680","seeded_from_onet_task_inventory"
"occ_13_2072_00","task_occ_13_2072_00_21644","21644","Maintain and review account records, updating and recategorizing them according to status changes.","cluster_execution_routine","n/a","0.0227","0.3720","0.2338","optional","0.5515","src_onet_30_1|src_v2_role_graph_seed_2026_03","0.4680","seeded_from_onet_task_inventory"
"occ_13_2072_00","task_occ_13_2072_00_21645","21645","Match individuals' needs and eligibility with available financial aid programs to provide informed recommendations.","cluster_execution_routine","n/a","0.0227","0.3720","0.2338","optional","0.5515","src_onet_30_1|src_v2_role_graph_seed_2026_03","0.4680","seeded_from_onet_task_inventory"
"occ_13_2072_00","task_occ_13_2072_00_21646","21646","Review accounts to determine write-offs for collection agencies.","cluster_execution_routine","n/a","0.0227","0.3720","0.2338","optional","0.5515","src_onet_30_1|src_v2_role_graph_seed_2026_03","0.4680","seeded_from_onet_task_inventory"
"occ_13_2072_00","task_occ_13_2072_00_21647","21647","Review billing for accuracy.","cluster_execution_routine","n/a","0.0227","0.3720","0.2338","optional","0.5515","src_onet_30_1|src_v2_role_graph_seed_2026_03","0.4680","seeded_from_onet_task_inventory"
"occ_13_2072_00","task_occ_13_2072_00_3407","3407","Approve loans within specified limits, and refer loan applications outside those limits to management for approval.","cluster_execution_routine","Core","0.0315","0.6454","0.3923","supporting","0.5515","src_onet_30_1|src_v2_role_graph_seed_2026_03","0.5080","seeded_from_onet_task_inventory"
"occ_13_2072_00","task_occ_13_2072_00_3408","3408","Meet with applicants to obtain information for loan applications and to answer questions about the process.","cluster_execution_routine","Core","0.0571","0.7324","0.4428","core","0.5515","src_onet_30_1|src_v2_role_graph_seed_2026_03","0.5080","seeded_from_onet_task_inventory"
"occ_13_2072_00","task_occ_13_2072_00_3409","3409","Analyze applicants' financial status, credit, and property evaluations to determine feasibility of granting loans.","cluster_execution_routine","Core","0.0471","0.7038","0.4262","core","0.5515","src_onet_30_1|src_v2_role_graph_seed_2026_03","0.5080","seeded_from_onet_task_inventory"
"occ_13_2072_00","task_occ_13_2072_00_3410","3410","Explain to customers the different types of loans and credit options that are available, as well as the terms of those services.","cluster_execution_routine","Core","0.0583","0.7034","0.4260","core","0.5515","src_onet_30_1|src_v2_role_graph_seed_2026_03","0.5080","seeded_from_onet_task_inventory"
"occ_13_2072_00","task_occ_13_2072_00_3411","3411","Obtain and compile copies of loan applicants' credit histories, corporate financial statements, and other financial information.","cluster_execution_routine","Core","0.0118","0.5444","0.3338","supporting","0.5515","src_onet_30_1|src_v2_role_graph_seed_2026_03","0.5080","seeded_from_onet_task_inventory"
"occ_13_2072_00","task_occ_13_2072_00_3412","3412","Review and update credit and loan files.","cluster_execution_routine","Core","0.0430","0.6404","0.3894","supporting","0.5515","src_onet_30_1|src_v2_role_graph_seed_2026_03","0.5080","seeded_from_onet_task_inventory"
"occ_13_2072_00","task_occ_13_2072_00_3413","3413","Review loan agreements to ensure that they are complete and accurate according to policy.","cluster_execution_routine","Core","0.0118","0.5332","0.3273","supporting","0.5515","src_onet_30_1|src_v2_role_graph_seed_2026_03","0.5080","seeded_from_onet_task_inventory"
"occ_13_2072_00","task_occ_13_2072_00_3414","3414","Compute payment schedules.","cluster_execution_routine","Core","0.0106","0.4720","0.2918","supporting","0.5515","src_onet_30_1|src_v2_role_graph_seed_2026_03","0.5080","seeded_from_onet_task_inventory"
"occ_13_2072_00","task_occ_13_2072_00_3415","3415","Stay abreast of new types of loans and other financial services and products to better meet customers' needs.","cluster_execution_routine","Core","0.0109","0.4976","0.3066","supporting","0.5515","src_onet_30_1|src_v2_role_graph_seed_2026_03","0.5080","seeded_from_onet_task_inventory"
"occ_13_2072_00","task_occ_13_2072_00_3416","3416","Submit applications to credit analysts for verification and recommendation.","cluster_execution_routine","Core","0.0121","0.5360","0.3289","supporting","0.5515","src_onet_30_1|src_v2_role_graph_seed_2026_03","0.5080","seeded_from_onet_task_inventory"
"occ_13_2072_00","task_occ_13_2072_00_3417","3417","Handle customer complaints and take appropriate action to resolve them.","cluster_execution_routine","Core","0.0112","0.5196","0.3194","supporting","0.5515","src_onet_30_1|src_v2_role_graph_seed_2026_03","0.5080","seeded_from_onet_task_inventory"
"occ_13_2072_00","task_occ_13_2072_00_3418","3418","Work with clients to identify their financial goals and to find ways of reaching those goals.","cluster_execution_routine","Core","0.0112","0.5196","0.3194","supporting","0.5515","src_onet_30_1|src_v2_role_graph_seed_2026_03","0.5080","seeded_from_onet_task_inventory"
"occ_13_2072_00","task_occ_13_2072_00_3421","3421","Market bank products to individuals and firms, promoting bank services that may meet customers' needs.","cluster_execution_routine","Core","0.0106","0.4740","0.2929","supporting","0.5515","src_onet_30_1|src_v2_role_graph_seed_2026_03","0.5080","seeded_from_onet_task_inventory"
"occ_13_2072_00","task_occ_13_2072_00_3422","3422","Supervise loan personnel.","cluster_execution_routine","Supplemental","0.0551","0.4826","0.2979","supporting","0.5515","src_onet_30_1|src_v2_role_graph_seed_2026_03","0.4680","seeded_from_onet_task_inventory"
"occ_13_2072_00","task_occ_13_2072_00_3423","3423","Set credit policies, credit lines, procedures and standards in conjunction with senior managers.","cluster_execution_routine","Supplemental","0.0079","0.2212","0.1463","optional","0.5515","src_onet_30_1|src_v2_role_graph_seed_2026_03","0.4680","seeded_from_onet_task_inventory"
"occ_13_2072_00","task_occ_13_2072_00_3425","3425","Analyze potential loan markets and develop referral networks to locate prospects for loans.","cluster_execution_routine","Core","0.0104","0.4678","0.2893","supporting","0.5515","src_onet_30_1|src_v2_role_graph_seed_2026_03","0.5080","seeded_from_onet_task_inventory"
"occ_13_2072_00","task_occ_13_2072_00_3426","3426","Prepare reports to send to customers whose accounts are delinquent, and forward irreconcilable accounts for collector action.","cluster_execution_routine","Supplemental","0.0091","0.2420","0.1584","optional","0.5515","src_onet_30_1|src_v2_role_graph_seed_2026_03","0.4680","seeded_from_onet_task_inventory"
"occ_13_2072_00","task_occ_13_2072_00_jd_lo_01","jd_lo_01","Interview borrowers, explain financing options, collect application details, and qualify customers against lending needs and fit.","cluster_client_interaction","Core","0.0409","0.9140","0.8741","core","0.2360","src_manual_job_description_review_2026_03|src_v2_role_graph_seed_2026_03","0.8115","seeded_from_job_description_expansion"
"occ_13_2072_00","task_occ_13_2072_00_jd_lo_02","jd_lo_02","Evaluate borrower information and recommend loan structures that fit program rules, risk constraints, and customer circumstances.","cluster_decision_support","Core","0.0368","0.9536","0.9599","core","0.0055","src_manual_job_description_review_2026_03|src_v2_role_graph_seed_2026_03","0.5875","seeded_from_job_description_expansion"
"occ_13_2072_00","task_occ_13_2072_00_jd_lo_03","jd_lo_03","Manage the active loan pipeline with processors, underwriters, and closing partners so files move from application to funding.","cluster_coordination","Core","0.0375","0.8752","0.8386","core","0.3175","src_manual_job_description_review_2026_03|src_v2_role_graph_seed_2026_03","0.7065","seeded_from_job_description_expansion"
"occ_13_2072_00","task_occ_13_2072_00_jd_lo_04","jd_lo_04","Maintain disclosures, loan-origination-system records, and regulated documentation so applications remain complete and compliant.","cluster_documentation","Core","0.0354","0.6696","0.4572","supporting","0.5595","src_manual_job_description_review_2026_03|src_v2_role_graph_seed_2026_03","0.7625","seeded_from_job_description_expansion"
"occ_13_2072_00","task_occ_13_2072_00_jd_lo2_01","jd_lo2_01","Review borrower funnel patterns, pricing outcomes, and fallout risk to identify where loan opportunities are likely to stall or convert.","cluster_analysis","Core","0.0381","0.7984","0.7647","core","0.1455","src_manual_job_description_review_2026_03|src_v2_role_graph_seed_2026_03","0.7765","seeded_from_job_description_expansion"
"occ_13_2072_00","task_occ_13_2072_00_jd_lo2_02","jd_lo2_02","Run condition follow-up, closing checklists, and milestone tracking so regulated loan files keep moving toward approval and funding.","cluster_workflow_admin","Core","0.0411","0.6748","0.4958","supporting","0.1625","src_manual_job_description_review_2026_03|src_v2_role_graph_seed_2026_03","0.7800","seeded_from_job_description_expansion"
"occ_13_2072_00","task_occ_13_2072_00_jd_lo2_03","jd_lo2_03","Review borrower documents, disclosures, and income or asset details before files advance to avoid preventable underwriting issues.","cluster_qa_review","Core","0.0401","0.7924","0.5826","core","0.3000","src_manual_job_description_review_2026_03|src_v2_role_graph_seed_2026_03","0.8395","seeded_from_job_description_expansion"
"occ_13_2072_00","task_occ_13_2072_00_jd_lo2_04","jd_lo2_04","Maintain borrower, realtor, and referral-partner relationships through long loan cycles when expectations or timing become difficult.","cluster_relationship_management","Core","0.0261","0.7772","0.7546","core","0.2870","src_manual_job_description_review_2026_03|src_v2_role_graph_seed_2026_03","0.8010","seeded_from_job_description_expansion"
"occ_15_1211_00","task_occ_15_1211_00_20950","20950","Troubleshoot program and system malfunctions to restore normal functioning.","cluster_execution_routine","Core","0.0775","0.7022","0.5183","core","0.3175","src_onet_30_1|src_v2_role_graph_seed_2026_03","0.4275","seeded_from_onet_task_inventory"
"occ_15_1211_00","task_occ_15_1211_00_3464","3464","Provide staff and users with assistance solving computer-related problems, such as malfunctions and program problems.","cluster_execution_routine","Core","0.0727","0.6712","0.5003","supporting","0.3175","src_onet_30_1|src_v2_role_graph_seed_2026_03","0.4275","seeded_from_onet_task_inventory"
"occ_15_1211_00","task_occ_15_1211_00_3465","3465","Test, maintain, and monitor computer programs and systems, including coordinating the installation of computer programs and systems.","cluster_execution_routine","Core","0.0717","0.6650","0.4967","supporting","0.3175","src_onet_30_1|src_v2_role_graph_seed_2026_03","0.4275","seeded_from_onet_task_inventory"
"occ_15_1211_00","task_occ_15_1211_00_3466","3466","Use object-oriented programming languages, as well as client and server applications development processes and multimedia and Internet technology.","cluster_execution_routine","Core","0.0650","0.6216","0.4715","supporting","0.3175","src_onet_30_1|src_v2_role_graph_seed_2026_03","0.4275","seeded_from_onet_task_inventory"
"occ_15_1211_00","task_occ_15_1211_00_3467","3467","Confer with clients regarding the nature of the information processing or computation needs a computer program is to address.","cluster_execution_routine","Core","0.0099","0.3624","0.3212","supporting","0.3175","src_onet_30_1|src_v2_role_graph_seed_2026_03","0.4275","seeded_from_onet_task_inventory"
"occ_15_1211_00","task_occ_15_1211_00_3468","3468","Coordinate and link the computer systems within an organization to increase compatibility so that information can be shared.","cluster_execution_routine","Core","0.0343","0.5510","0.4306","supporting","0.3175","src_onet_30_1|src_v2_role_graph_seed_2026_03","0.4275","seeded_from_onet_task_inventory"
"occ_15_1211_00","task_occ_15_1211_00_3469","3469","Consult with management to ensure agreement on system principles.","cluster_execution_routine","Core","0.0122","0.4368","0.3643","supporting","0.3175","src_onet_30_1|src_v2_role_graph_seed_2026_03","0.4275","seeded_from_onet_task_inventory"
"occ_15_1211_00","task_occ_15_1211_00_3470","3470","Expand or modify system to serve new purposes or improve work flow.","cluster_execution_routine","Core","0.0119","0.4244","0.3572","supporting","0.3175","src_onet_30_1|src_v2_role_graph_seed_2026_03","0.4275","seeded_from_onet_task_inventory"
"occ_15_1211_00","task_occ_15_1211_00_3471","3471","Interview or survey workers, observe job performance, or perform the job to determine what information is processed and how it is processed.","cluster_execution_routine","Supplemental","0.0117","0.2594","0.2615","optional","0.3175","src_onet_30_1|src_v2_role_graph_seed_2026_03","0.3875","seeded_from_onet_task_inventory"
"occ_15_1211_00","task_occ_15_1211_00_3472","3472","Determine computer software or hardware needed to set up or alter systems.","cluster_execution_routine","Core","0.0111","0.4092","0.3483","supporting","0.3175","src_onet_30_1|src_v2_role_graph_seed_2026_03","0.4275","seeded_from_onet_task_inventory"
"occ_15_1211_00","task_occ_15_1211_00_3473","3473","Train staff and users to work with computer systems and programs.","cluster_execution_routine","Core","0.0117","0.4182","0.3536","supporting","0.3175","src_onet_30_1|src_v2_role_graph_seed_2026_03","0.4275","seeded_from_onet_task_inventory"
"occ_15_1211_00","task_occ_15_1211_00_3474","3474","Analyze information processing or computation needs and plan and design computer systems, using techniques such as structured analysis, data modeling, and information engineering.","cluster_execution_routine","Core","0.0622","0.6030","0.4607","supporting","0.3175","src_onet_30_1|src_v2_role_graph_seed_2026_03","0.4275","seeded_from_onet_task_inventory"
"occ_15_1211_00","task_occ_15_1211_00_3475","3475","Assess the usefulness of pre-developed application packages and adapt them to a user environment.","cluster_execution_routine","Core","0.0111","0.4156","0.3520","supporting","0.3175","src_onet_30_1|src_v2_role_graph_seed_2026_03","0.4275","seeded_from_onet_task_inventory"
"occ_15_1211_00","task_occ_15_1211_00_3476","3476","Define the goals of the system and devise flow charts and diagrams describing logical operational steps of programs.","cluster_execution_routine","Core","0.0099","0.3624","0.3212","supporting","0.3175","src_onet_30_1|src_v2_role_graph_seed_2026_03","0.4275","seeded_from_onet_task_inventory"
"occ_15_1211_00","task_occ_15_1211_00_3477","3477","Develop, document, and revise system design procedures, test procedures, and quality standards.","cluster_execution_routine","Core","0.0105","0.3810","0.3320","supporting","0.3175","src_onet_30_1|src_v2_role_graph_seed_2026_03","0.4275","seeded_from_onet_task_inventory"
"occ_15_1211_00","task_occ_15_1211_00_3478","3478","Review and analyze computer printouts and performance indicators to locate code problems, and correct errors by correcting codes.","cluster_execution_routine","Supplemental","0.0622","0.4330","0.3621","supporting","0.3175","src_onet_30_1|src_v2_role_graph_seed_2026_03","0.3875","seeded_from_onet_task_inventory"
"occ_15_1211_00","task_occ_15_1211_00_3479","3479","Recommend new equipment or software packages.","cluster_execution_routine","Core","0.0101","0.3686","0.3248","supporting","0.3175","src_onet_30_1|src_v2_role_graph_seed_2026_03","0.4275","seeded_from_onet_task_inventory"
"occ_15_1211_00","task_occ_15_1211_00_3480","3480","Read manuals, periodicals, and technical reports to learn how to develop programs that meet staff and user requirements.","cluster_execution_routine","Core","0.0105","0.3810","0.3320","supporting","0.3175","src_onet_30_1|src_v2_role_graph_seed_2026_03","0.4275","seeded_from_onet_task_inventory"
"occ_15_1211_00","task_occ_15_1211_00_3481","3481","Supervise computer programmers or other systems analysts or serve as project leaders for particular systems projects.","cluster_execution_routine","Supplemental","0.0327","0.3332","0.3043","optional","0.3175","src_onet_30_1|src_v2_role_graph_seed_2026_03","0.3875","seeded_from_onet_task_inventory"
"occ_15_1211_00","task_occ_15_1211_00_3482","3482","Use the computer in the analysis and solution of business problems, such as development of integrated production and inventory control and cost analysis systems.","cluster_execution_routine","Core","0.0594","0.6332","0.4783","supporting","0.3175","src_onet_30_1|src_v2_role_graph_seed_2026_03","0.4275","seeded_from_onet_task_inventory"
"occ_15_1211_00","task_occ_15_1211_00_3483","3483","Prepare cost-benefit and return-on-investment analyses to aid in decisions on system implementation.","cluster_execution_routine","Supplemental","0.0105","0.1828","0.2170","optional","0.3175","src_onet_30_1|src_v2_role_graph_seed_2026_03","0.3875","seeded_from_onet_task_inventory"
"occ_15_1211_00","task_occ_15_1211_00_3484","3484","Specify inputs accessed by the system and plan the distribution and use of the results.","cluster_execution_routine","Core","0.0119","0.4244","0.3572","supporting","0.3175","src_onet_30_1|src_v2_role_graph_seed_2026_03","0.4275","seeded_from_onet_task_inventory"
"occ_15_1211_00","task_occ_15_1211_00_jd_sa_01","jd_sa_01","Map business processes and translate stakeholder requirements into system designs, configurations, and implementation plans.","cluster_decision_support","Core","0.0471","0.9444","0.9526","core","0.0175","src_manual_job_description_review_2026_03|src_v2_role_graph_seed_2026_03","0.5945","seeded_from_job_description_expansion"
"occ_15_1211_00","task_occ_15_1211_00_jd_sa_02","jd_sa_02","Lead integrations, data-quality fixes, and workflow automation across enterprise or GTM systems.","cluster_oversight_strategy","Core","0.0428","0.9800","0.9652","core","0.5985","src_manual_job_description_review_2026_03|src_v2_role_graph_seed_2026_03","0.7555","seeded_from_job_description_expansion"
"occ_15_1211_00","task_occ_15_1211_00_jd_sa_03","jd_sa_03","Run testing, release validation, and issue triage so system changes land correctly in live operations.","cluster_qa_review","Core","0.0403","0.7700","0.7152","core","0.2440","src_manual_job_description_review_2026_03|src_v2_role_graph_seed_2026_03","0.7345","seeded_from_job_description_expansion"
"occ_15_1211_00","task_occ_15_1211_00_jd_sa_04","jd_sa_04","Maintain system documentation, change-management materials, and user training for adopted workflows.","cluster_documentation","Core","0.0354","0.6288","0.4439","supporting","0.6405","src_manual_job_description_review_2026_03|src_v2_role_graph_seed_2026_03","0.7695","seeded_from_job_description_expansion"
"occ_15_1211_00","task_occ_15_1211_00_jd_sa2_01","jd_sa2_01","Analyze upstream process failures, data gaps, and system exceptions to identify root causes before changes are scoped.","cluster_analysis","Core","0.0392","0.7976","0.7616","core","0.4630","src_manual_job_description_review_2026_03|src_v2_role_graph_seed_2026_03","0.8255","seeded_from_job_description_expansion"
"occ_15_1211_00","task_occ_15_1211_00_jd_sa2_02","jd_sa2_02","Coordinate rollout cutovers, stakeholder signoff, and post-launch issue follow-through across technical and business teams.","cluster_coordination","Core","0.0390","0.7976","0.8354","core","0.0430","src_manual_job_description_review_2026_03|src_v2_role_graph_seed_2026_03","0.6155","seeded_from_job_description_expansion"
"occ_15_1211_00","task_occ_15_1211_00_jd_sa2_03","jd_sa2_03","Maintain intake queues, enhancement backlogs, and issue-priority rules so system work is triaged consistently and visibly.","cluster_workflow_admin","Core","0.0399","0.6092","0.5261","supporting","0.0405","src_manual_job_description_review_2026_03|src_v2_role_graph_seed_2026_03","0.6085","seeded_from_job_description_expansion"
"occ_15_1211_00","task_occ_15_1211_00_jd_sa2_04","jd_sa2_04","Train users, explain system tradeoffs, and guide adoption decisions when workflows change or automation alters day-to-day work.","cluster_client_interaction","Core","0.0355","0.7896","0.8696","core","0.1940","src_manual_job_description_review_2026_03|src_v2_role_graph_seed_2026_03","0.6995","seeded_from_job_description_expansion"
"occ_15_1212_00","task_occ_15_1212_00_5313","5313","Train users and promote security awareness to ensure system security and to improve server and network efficiency.","cluster_execution_routine","Core","0.0097","0.4772","0.3378","supporting","0.4605","src_onet_30_1|src_v2_role_graph_seed_2026_03","0.5535","seeded_from_onet_task_inventory"
"occ_15_1212_00","task_occ_15_1212_00_5314","5314","Develop plans to safeguard computer files against accidental or unauthorized modification, destruction, or disclosure and to meet emergency data processing needs.","cluster_execution_routine","Core","0.0592","0.7270","0.4827","core","0.4605","src_onet_30_1|src_v2_role_graph_seed_2026_03","0.5535","seeded_from_onet_task_inventory"
"occ_15_1212_00","task_occ_15_1212_00_5315","5315","Confer with users to discuss issues such as computer data access needs, security violations, and programming changes.","cluster_execution_routine","Core","0.0341","0.5998","0.4089","supporting","0.4605","src_onet_30_1|src_v2_role_graph_seed_2026_03","0.5535","seeded_from_onet_task_inventory"
"occ_15_1212_00","task_occ_15_1212_00_5316","5316","Monitor current reports of computer viruses to determine when to update virus protection systems.","cluster_execution_routine","Core","0.0564","0.7022","0.4683","core","0.4605","src_onet_30_1|src_v2_role_graph_seed_2026_03","0.5535","seeded_from_onet_task_inventory"
"occ_15_1212_00","task_occ_15_1212_00_5317","5317","Modify computer security files to incorporate new software, correct errors, or change individual access status.","cluster_execution_routine","Core","0.0536","0.6774","0.4539","supporting","0.4605","src_onet_30_1|src_v2_role_graph_seed_2026_03","0.5535","seeded_from_onet_task_inventory"
"occ_15_1212_00","task_occ_15_1212_00_5318","5318","Coordinate implementation of computer system plan with establishment personnel and outside vendors.","cluster_execution_routine","Core","0.0100","0.4928","0.3468","supporting","0.4605","src_onet_30_1|src_v2_role_graph_seed_2026_03","0.5535","seeded_from_onet_task_inventory"
"occ_15_1212_00","task_occ_15_1212_00_5319","5319","Monitor use of data files and regulate access to safeguard information in computer files.","cluster_execution_routine","Core","0.0501","0.6464","0.4359","supporting","0.4605","src_onet_30_1|src_v2_role_graph_seed_2026_03","0.5535","seeded_from_onet_task_inventory"
"occ_15_1212_00","task_occ_15_1212_00_5320","5320","Perform risk assessments and execute tests of data processing system to ensure functioning of data processing activities and security measures.","cluster_execution_routine","Core","0.0304","0.6132","0.4167","supporting","0.4605","src_onet_30_1|src_v2_role_graph_seed_2026_03","0.5535","seeded_from_onet_task_inventory"
"occ_15_1212_00","task_occ_15_1212_00_5321","5321","Encrypt data transmissions and erect firewalls to conceal confidential information as it is being transmitted and to keep out tainted digital transfers.","cluster_execution_routine","Core","0.0550","0.6898","0.4611","supporting","0.4605","src_onet_30_1|src_v2_role_graph_seed_2026_03","0.5535","seeded_from_onet_task_inventory"
"occ_15_1212_00","task_occ_15_1212_00_5322","5322","Document computer security and emergency measures policies, procedures, and tests.","cluster_execution_routine","Core","0.0102","0.4942","0.3476","supporting","0.4605","src_onet_30_1|src_v2_role_graph_seed_2026_03","0.5535","seeded_from_onet_task_inventory"
"occ_15_1212_00","task_occ_15_1212_00_5323","5323","Review violations of computer security procedures and discuss procedures with violators to ensure violations are not repeated.","cluster_execution_routine","Core","0.0106","0.5160","0.3603","supporting","0.4605","src_onet_30_1|src_v2_role_graph_seed_2026_03","0.5535","seeded_from_onet_task_inventory"
"occ_15_1212_00","task_occ_15_1212_00_jd_isa_01","jd_isa_01","Monitor, investigate, and respond to security alerts and incidents across endpoints, cloud systems, networks, and identity tools.","cluster_qa_review","Core","0.0386","0.8264","0.6867","core","0.6775","src_manual_job_description_review_2026_03|src_v2_role_graph_seed_2026_03","0.7800","seeded_from_job_description_expansion"
"occ_15_1212_00","task_occ_15_1212_00_jd_isa_02","jd_isa_02","Run vulnerability assessments, security audits, remediation tracking, and risk reviews so weaknesses are found and prioritized early.","cluster_analysis","Core","0.0331","0.8412","0.7049","core","0.6775","src_manual_job_description_review_2026_03|src_v2_role_graph_seed_2026_03","0.7730","seeded_from_job_description_expansion"
"occ_15_1212_00","task_occ_15_1212_00_jd_isa_03","jd_isa_03","Develop and maintain security policies, standards, awareness materials, and compliance evidence for frameworks such as SOC 2 and ISO 27001.","cluster_documentation","Core","0.0286","0.6476","0.5446","supporting","0.4385","src_manual_job_description_review_2026_03|src_v2_role_graph_seed_2026_03","0.7975","seeded_from_job_description_expansion"
"occ_15_1212_00","task_occ_15_1212_00_jd_isa_04","jd_isa_04","Coordinate with IT, DevOps, and engineering teams to implement secure configurations, access controls, and incident remediation work.","cluster_coordination","Core","0.0312","0.8656","0.8768","core","0.0230","src_manual_job_description_review_2026_03|src_v2_role_graph_seed_2026_03","0.5980","seeded_from_job_description_expansion"
"occ_15_1212_00","task_occ_15_1212_00_jd_isa2_01","jd_isa2_01","Hunt for suspicious behavior, analyze detections, and investigate security activity beyond routine alert triage.","cluster_analysis","Core","0.0343","0.8444","0.7068","core","0.6775","src_manual_job_description_review_2026_03|src_v2_role_graph_seed_2026_03","0.7730","seeded_from_job_description_expansion"
"occ_15_1212_00","task_occ_15_1212_00_jd_isa2_02","jd_isa2_02","Assess third-party or managed-service security posture and turn findings into governance and remediation actions.","cluster_decision_support","Core","0.0304","0.9132","0.8907","core","0.3175","src_manual_job_description_review_2026_03|src_v2_role_graph_seed_2026_03","0.7065","seeded_from_job_description_expansion"
"occ_15_1212_00","task_occ_15_1212_00_jd_isa2_03","jd_isa2_03","Run security operations for network, host, cloud, and email controls and respond when those systems report active risk.","cluster_qa_review","Core","0.0354","0.8076","0.6758","core","0.6775","src_manual_job_description_review_2026_03|src_v2_role_graph_seed_2026_03","0.7800","seeded_from_job_description_expansion"
"occ_15_1212_00","task_occ_15_1212_00_jd_isa2_04","jd_isa2_04","Prepare governance updates, risk reports, and security guidance so technical findings can drive policy and operational change.","cluster_documentation","Core","0.0286","0.6476","0.5446","supporting","0.4385","src_manual_job_description_review_2026_03|src_v2_role_graph_seed_2026_03","0.7975","seeded_from_job_description_expansion"
"occ_15_1212_00","task_occ_15_1212_00_jd_isa3_01","jd_isa3_01","Map attacker paths, detection gaps, and control dependencies so the team can focus on the most consequential security weaknesses.","cluster_research_synthesis","Core","0.0348","0.7416","0.7111","core","0.3175","src_manual_job_description_review_2026_03|src_v2_role_graph_seed_2026_03","0.7065","seeded_from_job_description_expansion"
"occ_15_1212_00","task_occ_15_1212_00_jd_isa3_02","jd_isa3_02","Review remediation plans, control exceptions, and risk acceptance requests before leadership commits to a security tradeoff.","cluster_qa_review","Core","0.0349","0.7308","0.6313","core","0.6775","src_manual_job_description_review_2026_03|src_v2_role_graph_seed_2026_03","0.7800","seeded_from_job_description_expansion"
"occ_15_1212_00","task_occ_15_1212_00_jd_isa3_03","jd_isa3_03","Coordinate incident communications, evidence collection, and post-incident action tracking across security, IT, and business owners.","cluster_coordination","Core","0.0337","0.7892","0.8325","core","0.0230","src_manual_job_description_review_2026_03|src_v2_role_graph_seed_2026_03","0.5980","seeded_from_job_description_expansion"
"occ_15_1212_00","task_occ_15_1212_00_jd_isa3_04","jd_isa3_04","Guide employees and system owners on security requirements, control tradeoffs, and remediation priorities when risks affect operations.","cluster_client_interaction","Core","0.0334","0.8000","0.8450","core","0.3175","src_manual_job_description_review_2026_03|src_v2_role_graph_seed_2026_03","0.7065","seeded_from_job_description_expansion"
"occ_15_1212_00","task_occ_15_1212_00_jd_isa4_01","jd_isa4_01","Maintain exception registers, evidence deadlines, vulnerability queues, and follow-up workflows so security obligations do not slip between owners.","cluster_workflow_admin","Core","0.0371","0.6440","0.5503","supporting","0.0055","src_manual_job_description_review_2026_03|src_v2_role_graph_seed_2026_03","0.5875","seeded_from_job_description_expansion"
"occ_15_1212_00","task_occ_15_1212_00_jd_isa4_02","jd_isa4_02","Recommend remediation sequencing when severity, business impact, control cost, and team capacity no longer point to the same answer.","cluster_decision_support","Core","0.0323","0.8276","0.8410","core","0.3175","src_manual_job_description_review_2026_03|src_v2_role_graph_seed_2026_03","0.7065","seeded_from_job_description_expansion"
"occ_15_1212_00","task_occ_15_1212_00_jd_isa4_03","jd_isa4_03","Set recurring detection, tabletop, and control-testing priorities so the security program focuses on the likeliest failure paths.","cluster_oversight_strategy","Core","0.0301","0.8828","0.9088","core","0.5985","src_manual_job_description_review_2026_03|src_v2_role_graph_seed_2026_03","0.7555","seeded_from_job_description_expansion"
"occ_15_1212_00","task_occ_15_1212_00_jd_isa4_04","jd_isa4_04","Review alert tuning, playbook quality, and escalation paths so repeated incidents generate less noise and better response speed.","cluster_qa_review","Core","0.0349","0.7308","0.6313","core","0.6775","src_manual_job_description_review_2026_03|src_v2_role_graph_seed_2026_03","0.7800","seeded_from_job_description_expansion"
"occ_15_1212_00","task_occ_15_1212_00_manual_isa_01","manual_isa_01","Model attacker paths, control dependencies, and blast-radius scenarios before remediation priorities are set.","cluster_research_synthesis","Core","0.0315","0.7964","0.7429","core","0.3175","src_manual_role_graph_review_2026_03","0.7065","seeded_from_manual_task_expansion"
"occ_15_1212_00","task_occ_15_1212_00_manual_isa_02","manual_isa_02","Turn incident reviews and control failures into updated playbooks, ownership changes, and security program improvements.","cluster_oversight_strategy","Core","0.0278","0.9652","0.9566","core","0.5985","src_manual_role_graph_review_2026_03","0.7555","seeded_from_manual_task_expansion"
"occ_15_1212_00","task_occ_15_1212_00_manual_isa_03","manual_isa_03","Explain security tradeoffs to engineers and business owners when operational urgency and control requirements conflict.","cluster_client_interaction","Core","0.0301","0.8424","0.8696","core","0.3175","src_manual_role_graph_review_2026_03","0.7065","seeded_from_manual_task_expansion"
"occ_15_1232_00","task_occ_15_1232_00_1282","1282","Answer user inquiries regarding computer software or hardware operation to resolve problems.","cluster_execution_routine","Core","0.0552","0.6340","0.4787","supporting","0.3175","src_onet_30_1|src_v2_role_graph_seed_2026_03","0.4275","seeded_from_onet_task_inventory"
"occ_15_1232_00","task_occ_15_1232_00_1283","1283","Enter commands and observe system functioning to verify correct operations and detect errors.","cluster_execution_routine","Core","0.0101","0.4656","0.3810","supporting","0.3175","src_onet_30_1|src_v2_role_graph_seed_2026_03","0.4275","seeded_from_onet_task_inventory"
"occ_15_1232_00","task_occ_15_1232_00_1284","1284","Install and perform minor repairs to hardware, software, or peripheral equipment, following design or installation specifications.","cluster_execution_routine","Core","0.0544","0.6278","0.4751","supporting","0.3175","src_onet_30_1|src_v2_role_graph_seed_2026_03","0.4275","seeded_from_onet_task_inventory"
"occ_15_1232_00","task_occ_15_1232_00_1285","1285","Oversee the daily performance of computer systems.","cluster_execution_routine","Core","0.0591","0.6650","0.4967","supporting","0.3175","src_onet_30_1|src_v2_role_graph_seed_2026_03","0.4275","seeded_from_onet_task_inventory"
"occ_15_1232_00","task_occ_15_1232_00_1286","1286","Set up equipment for employee use, performing or ensuring proper installation of cables, operating systems, or appropriate software.","cluster_execution_routine","Core","0.0575","0.6526","0.4895","supporting","0.3175","src_onet_30_1|src_v2_role_graph_seed_2026_03","0.4275","seeded_from_onet_task_inventory"
"occ_15_1232_00","task_occ_15_1232_00_1287","1287","Maintain records of daily data communication transactions, problems and remedial actions taken, or installation activities.","cluster_execution_routine","Core","0.0489","0.5844","0.4500","supporting","0.3175","src_onet_30_1|src_v2_role_graph_seed_2026_03","0.4275","seeded_from_onet_task_inventory"
"occ_15_1232_00","task_occ_15_1232_00_1288","1288","Read technical manuals, confer with users, or conduct computer diagnostics to investigate and resolve problems or to provide technical assistance and support.","cluster_execution_routine","Core","0.0575","0.6526","0.4895","supporting","0.3175","src_onet_30_1|src_v2_role_graph_seed_2026_03","0.4275","seeded_from_onet_task_inventory"
"occ_15_1232_00","task_occ_15_1232_00_1289","1289","Confer with staff, users, and management to establish requirements for new systems or modifications.","cluster_execution_routine","Core","0.0536","0.6216","0.4715","supporting","0.3175","src_onet_30_1|src_v2_role_graph_seed_2026_03","0.4275","seeded_from_onet_task_inventory"
"occ_15_1232_00","task_occ_15_1232_00_1290","1290","Develop training materials and procedures, or train users in the proper use of hardware or software.","cluster_execution_routine","Core","0.0090","0.3934","0.3392","supporting","0.3175","src_onet_30_1|src_v2_role_graph_seed_2026_03","0.4275","seeded_from_onet_task_inventory"
"occ_15_1232_00","task_occ_15_1232_00_1291","1291","Refer major hardware or software problems or defective products to vendors or technicians for service.","cluster_execution_routine","Core","0.0095","0.4120","0.3500","supporting","0.3175","src_onet_30_1|src_v2_role_graph_seed_2026_03","0.4275","seeded_from_onet_task_inventory"
"occ_15_1232_00","task_occ_15_1232_00_1292","1292","Prepare evaluations of software or hardware, and recommend improvements or upgrades.","cluster_execution_routine","Core","0.0095","0.4120","0.3500","supporting","0.3175","src_onet_30_1|src_v2_role_graph_seed_2026_03","0.4275","seeded_from_onet_task_inventory"
"occ_15_1232_00","task_occ_15_1232_00_1293","1293","Read trade magazines and technical manuals, or attend conferences and seminars to maintain knowledge of hardware and software.","cluster_execution_routine","Core","0.0080","0.3562","0.3176","supporting","0.3175","src_onet_30_1|src_v2_role_graph_seed_2026_03","0.4275","seeded_from_onet_task_inventory"
"occ_15_1232_00","task_occ_15_1232_00_1295","1295","Inspect equipment and read order sheets to prepare for delivery to users.","cluster_execution_routine","Core","0.0433","0.5410","0.4248","supporting","0.3175","src_onet_30_1|src_v2_role_graph_seed_2026_03","0.4275","seeded_from_onet_task_inventory"
"occ_15_1232_00","task_occ_15_1232_00_1296","1296","Modify and customize commercial programs for internal needs.","cluster_execution_routine","Supplemental","0.0074","0.1614","0.2046","optional","0.3175","src_onet_30_1|src_v2_role_graph_seed_2026_03","0.3875","seeded_from_onet_task_inventory"
"occ_15_1232_00","task_occ_15_1232_00_1297","1297","Conduct office automation feasibility studies, including workflow analysis, space design, or cost comparison analysis.","cluster_execution_routine","Supplemental","0.0085","0.2048","0.2298","optional","0.3175","src_onet_30_1|src_v2_role_graph_seed_2026_03","0.3875","seeded_from_onet_task_inventory"
"occ_15_1232_00","task_occ_15_1232_00_15204","15204","Hire, supervise, and direct workers engaged in special project work, problem-solving, monitoring, and installation of data communication equipment and software.","cluster_execution_routine","Supplemental","0.0076","0.1676","0.2082","optional","0.3175","src_onet_30_1|src_v2_role_graph_seed_2026_03","0.3875","seeded_from_onet_task_inventory"
"occ_15_1232_00","task_occ_15_1232_00_jd_its_01","jd_its_01","Troubleshoot end-user hardware, software, network, and access issues across deskside and remote support channels.","cluster_client_interaction","Core","0.0463","0.9328","0.9220","core","0.3175","src_manual_job_description_review_2026_03|src_v2_role_graph_seed_2026_03","0.7065","seeded_from_job_description_expansion"
"occ_15_1232_00","task_occ_15_1232_00_jd_its_02","jd_its_02","Manage ticket queues, escalations, and issue follow-through so incidents are routed, resolved, and closed with usable status updates.","cluster_coordination","Core","0.0429","0.8848","0.8344","core","0.6365","src_manual_job_description_review_2026_03|src_v2_role_graph_seed_2026_03","0.7660","seeded_from_job_description_expansion"
"occ_15_1232_00","task_occ_15_1232_00_jd_its_03","jd_its_03","Provision devices, accounts, permissions, and asset records so employees can work securely and IT inventory stays current.","cluster_workflow_admin","Core","0.0393","0.6560","0.5533","supporting","0.0515","src_manual_job_description_review_2026_03|src_v2_role_graph_seed_2026_03","0.6155","seeded_from_job_description_expansion"
"occ_15_1232_00","task_occ_15_1232_00_jd_its_04","jd_its_04","Document recurring fixes, onboarding steps, support procedures, and knowledge-base guidance so common issues can be resolved faster.","cluster_documentation","Core","0.0359","0.6572","0.5600","supporting","0.0910","src_manual_job_description_review_2026_03|src_v2_role_graph_seed_2026_03","0.7345","seeded_from_job_description_expansion"
"occ_15_1232_00","task_occ_15_1232_00_jd_its2_01","jd_its2_01","Provide first- and second-line support across operating systems, peripherals, SaaS tools, and office hardware.","cluster_client_interaction","Core","0.0477","0.9360","0.9239","core","0.3175","src_manual_job_description_review_2026_03|src_v2_role_graph_seed_2026_03","0.7065","seeded_from_job_description_expansion"
"occ_15_1232_00","task_occ_15_1232_00_jd_its2_02","jd_its2_02","Diagnose more complex issues, support upgrades or installations, and coordinate infrastructure changes with other teams.","cluster_coordination","Core","0.0416","0.8816","0.8325","core","0.6365","src_manual_job_description_review_2026_03|src_v2_role_graph_seed_2026_03","0.7660","seeded_from_job_description_expansion"
"occ_15_1232_00","task_occ_15_1232_00_jd_its2_03","jd_its2_03","Manage onboarding and offboarding, identity setup, and device provisioning so user access stays secure and timely.","cluster_workflow_admin","Core","0.0452","0.6904","0.5732","supporting","0.0515","src_manual_job_description_review_2026_03|src_v2_role_graph_seed_2026_03","0.6155","seeded_from_job_description_expansion"
"occ_15_1232_00","task_occ_15_1232_00_jd_its2_04","jd_its2_04","Improve internal guides, troubleshooting steps, and knowledge articles so recurring IT issues resolve faster over time.","cluster_documentation","Core","0.0393","0.6760","0.5709","supporting","0.0910","src_manual_job_description_review_2026_03|src_v2_role_graph_seed_2026_03","0.7345","seeded_from_job_description_expansion"
"occ_15_1232_00","task_occ_15_1232_00_jd_its3_01","jd_its3_01","Assess root causes, device patterns, and recurring SaaS failures so support fixes prevent repeat tickets rather than only clearing the queue.","cluster_analysis","Core","0.0431","0.8172","0.6910","core","0.6775","src_manual_job_description_review_2026_03|src_v2_role_graph_seed_2026_03","0.7730","seeded_from_job_description_expansion"
"occ_15_1232_00","task_occ_15_1232_00_jd_its3_02","jd_its3_02","Coach employees through setup constraints, security requirements, and workaround tradeoffs when standard support steps do not fit cleanly.","cluster_decision_support","Core","0.0369","0.8368","0.8921","core","0.0055","src_manual_job_description_review_2026_03|src_v2_role_graph_seed_2026_03","0.5875","seeded_from_job_description_expansion"
"occ_15_1232_00","task_occ_15_1232_00_jd_its3_03","jd_its3_03","Review tickets, asset changes, and access requests for completeness before they trigger downstream security or support problems.","cluster_qa_review","Core","0.0443","0.7988","0.7601","core","0.0000","src_manual_job_description_review_2026_03|src_v2_role_graph_seed_2026_03","0.5875","seeded_from_job_description_expansion"
"occ_15_1232_00","task_occ_15_1232_00_jd_its3_04","jd_its3_04","Maintain support standards, escalation rules, and service expectations so the help environment stays coherent as tools and headcount change.","cluster_oversight_strategy","Core","0.0385","0.9476","0.8516","core","0.2590","src_manual_job_description_review_2026_03|src_v2_role_graph_seed_2026_03","0.8360","seeded_from_job_description_expansion"
"occ_15_1241_00","task_occ_15_1241_00_18956","18956","Adjust network sizes to meet volume or capacity demands.","cluster_execution_routine","Core","0.0133","0.4740","0.4307","supporting","0.0155","src_onet_30_1|src_v2_role_graph_seed_2026_03","0.3120","seeded_from_onet_task_inventory"
"occ_15_1241_00","task_occ_15_1241_00_18957","18957","Communicate with customers, sales staff, or marketing staff to determine customer needs.","cluster_execution_routine","Core","0.0126","0.4492","0.4163","supporting","0.0155","src_onet_30_1|src_v2_role_graph_seed_2026_03","0.3120","seeded_from_onet_task_inventory"
"occ_15_1241_00","task_occ_15_1241_00_18958","18958","Communicate with system users to ensure accounts are set up properly or to diagnose and solve operational problems.","cluster_execution_routine","Core","0.0656","0.6278","0.5199","supporting","0.0155","src_onet_30_1|src_v2_role_graph_seed_2026_03","0.3120","seeded_from_onet_task_inventory"
"occ_15_1241_00","task_occ_15_1241_00_18959","18959","Coordinate installation of new equipment.","cluster_execution_routine","Core","0.0471","0.6060","0.5073","supporting","0.0155","src_onet_30_1|src_v2_role_graph_seed_2026_03","0.3120","seeded_from_onet_task_inventory"
"occ_15_1241_00","task_occ_15_1241_00_18960","18960","Coordinate network operations, maintenance, repairs, or upgrades.","cluster_execution_routine","Core","0.0150","0.5298","0.4631","supporting","0.0155","src_onet_30_1|src_v2_role_graph_seed_2026_03","0.3120","seeded_from_onet_task_inventory"
"occ_15_1241_00","task_occ_15_1241_00_18961","18961","Coordinate network or design activities with designers of associated networks.","cluster_execution_routine","Core","0.0103","0.3748","0.3732","supporting","0.0155","src_onet_30_1|src_v2_role_graph_seed_2026_03","0.3120","seeded_from_onet_task_inventory"
"occ_15_1241_00","task_occ_15_1241_00_18962","18962","Design, build, or operate equipment configuration prototypes, including network hardware, software, servers, or server operation systems.","cluster_execution_routine","Core","0.0133","0.4740","0.4307","supporting","0.0155","src_onet_30_1|src_v2_role_graph_seed_2026_03","0.3120","seeded_from_onet_task_inventory"
"occ_15_1241_00","task_occ_15_1241_00_18963","18963","Design, organize, and deliver product awareness, skills transfer, or product education sessions for staff or suppliers.","cluster_execution_routine","Core","0.0112","0.4058","0.3912","supporting","0.0155","src_onet_30_1|src_v2_role_graph_seed_2026_03","0.3120","seeded_from_onet_task_inventory"
"occ_15_1241_00","task_occ_15_1241_00_18964","18964","Determine specific network hardware or software requirements, such as platforms, interfaces, bandwidths, or routine schemas.","cluster_execution_routine","Core","0.0414","0.5502","0.4749","supporting","0.0155","src_onet_30_1|src_v2_role_graph_seed_2026_03","0.3120","seeded_from_onet_task_inventory"
"occ_15_1241_00","task_occ_15_1241_00_18965","18965","Develop and implement solutions for network problems.","cluster_execution_routine","Core","0.0152","0.5360","0.4667","supporting","0.0155","src_onet_30_1|src_v2_role_graph_seed_2026_03","0.3120","seeded_from_onet_task_inventory"
"occ_15_1241_00","task_occ_15_1241_00_18966","18966","Develop and write procedures for installation, use, or troubleshooting of communications hardware or software.","cluster_execution_routine","Core","0.0135","0.4802","0.4343","supporting","0.0155","src_onet_30_1|src_v2_role_graph_seed_2026_03","0.3120","seeded_from_onet_task_inventory"
"occ_15_1241_00","task_occ_15_1241_00_18967","18967","Develop conceptual, logical, or physical network designs.","cluster_execution_routine","Core","0.0131","0.4678","0.4271","supporting","0.0155","src_onet_30_1|src_v2_role_graph_seed_2026_03","0.3120","seeded_from_onet_task_inventory"
"occ_15_1241_00","task_occ_15_1241_00_18968","18968","Develop disaster recovery plans.","cluster_execution_routine","Core","0.0164","0.5732","0.4883","supporting","0.0155","src_onet_30_1|src_v2_role_graph_seed_2026_03","0.3120","seeded_from_onet_task_inventory"
"occ_15_1241_00","task_occ_15_1241_00_18969","18969","Develop network-related documentation.","cluster_execution_routine","Core","0.0137","0.4864","0.4379","supporting","0.0155","src_onet_30_1|src_v2_role_graph_seed_2026_03","0.3120","seeded_from_onet_task_inventory"
"occ_15_1241_00","task_occ_15_1241_00_18970","18970","Develop or maintain project reporting systems.","cluster_execution_routine","Supplemental","0.0082","0.1366","0.2350","optional","0.0155","src_onet_30_1|src_v2_role_graph_seed_2026_03","0.2720","seeded_from_onet_task_inventory"
"occ_15_1241_00","task_occ_15_1241_00_18971","18971","Develop or recommend network security measures, such as firewalls, network security audits, or automated security probes.","cluster_execution_routine","Core","0.0535","0.6680","0.5432","supporting","0.0155","src_onet_30_1|src_v2_role_graph_seed_2026_03","0.3120","seeded_from_onet_task_inventory"
"occ_15_1241_00","task_occ_15_1241_00_18972","18972","Develop plans or budgets for network equipment replacement.","cluster_execution_routine","Core","0.0127","0.4554","0.4199","supporting","0.0155","src_onet_30_1|src_v2_role_graph_seed_2026_03","0.3120","seeded_from_onet_task_inventory"
"occ_15_1241_00","task_occ_15_1241_00_18973","18973","Develop procedures to track, project, or report network availability, reliability, capacity, or utilization.","cluster_execution_routine","Core","0.0108","0.3934","0.3840","supporting","0.0155","src_onet_30_1|src_v2_role_graph_seed_2026_03","0.3120","seeded_from_onet_task_inventory"
"occ_15_1241_00","task_occ_15_1241_00_18974","18974","Estimate time and materials needed to complete projects.","cluster_execution_routine","Core","0.0116","0.4182","0.3984","supporting","0.0155","src_onet_30_1|src_v2_role_graph_seed_2026_03","0.3120","seeded_from_onet_task_inventory"
"occ_15_1241_00","task_occ_15_1241_00_18975","18975","Evaluate network designs to determine whether customer requirements are met efficiently and effectively.","cluster_execution_routine","Core","0.0129","0.4616","0.4235","supporting","0.0155","src_onet_30_1|src_v2_role_graph_seed_2026_03","0.3120","seeded_from_onet_task_inventory"
"occ_15_1241_00","task_occ_15_1241_00_18976","18976","Explain design specifications to integration or test engineers.","cluster_execution_routine","Core","0.0110","0.3996","0.3876","supporting","0.0155","src_onet_30_1|src_v2_role_graph_seed_2026_03","0.3120","seeded_from_onet_task_inventory"
"occ_15_1241_00","task_occ_15_1241_00_18977","18977","Maintain networks by performing activities such as file addition, deletion, or backup.","cluster_execution_routine","Core","0.0150","0.5298","0.4631","supporting","0.0155","src_onet_30_1|src_v2_role_graph_seed_2026_03","0.3120","seeded_from_onet_task_inventory"
"occ_15_1241_00","task_occ_15_1241_00_18978","18978","Maintain or coordinate the maintenance of network peripherals, such as printers.","cluster_execution_routine","Supplemental","0.0078","0.1242","0.2278","optional","0.0155","src_onet_30_1|src_v2_role_graph_seed_2026_03","0.2720","seeded_from_onet_task_inventory"
"occ_15_1241_00","task_occ_15_1241_00_18979","18979","Monitor and analyze network performance and reports on data input or output to detect problems, identify inefficient use of computer resources, or perform capacity planning.","cluster_execution_routine","Core","0.0137","0.4864","0.4379","supporting","0.0155","src_onet_30_1|src_v2_role_graph_seed_2026_03","0.3120","seeded_from_onet_task_inventory"
"occ_15_1241_00","task_occ_15_1241_00_18980","18980","Participate in network technology upgrade or expansion projects, including installation of hardware and software and integration testing.","cluster_execution_routine","Core","0.0135","0.4802","0.4343","supporting","0.0155","src_onet_30_1|src_v2_role_graph_seed_2026_03","0.3120","seeded_from_onet_task_inventory"
"occ_15_1241_00","task_occ_15_1241_00_18981","18981","Prepare design presentations and proposals for staff or customers.","cluster_execution_routine","Core","0.0101","0.3686","0.3696","supporting","0.0155","src_onet_30_1|src_v2_role_graph_seed_2026_03","0.3120","seeded_from_onet_task_inventory"
"occ_15_1241_00","task_occ_15_1241_00_18982","18982","Prepare detailed network specifications, including diagrams, charts, equipment configurations, or recommended technologies.","cluster_execution_routine","Core","0.0124","0.4430","0.4127","supporting","0.0155","src_onet_30_1|src_v2_role_graph_seed_2026_03","0.3120","seeded_from_onet_task_inventory"
"occ_15_1241_00","task_occ_15_1241_00_18983","18983","Prepare or monitor project schedules, budgets, or cost control systems.","cluster_execution_routine","Core","0.0101","0.3686","0.3696","supporting","0.0155","src_onet_30_1|src_v2_role_graph_seed_2026_03","0.3120","seeded_from_onet_task_inventory"
"occ_15_1241_00","task_occ_15_1241_00_18984","18984","Research and test new or modified hardware or software products to determine performance and interoperability.","cluster_execution_routine","Core","0.0118","0.4244","0.4020","supporting","0.0155","src_onet_30_1|src_v2_role_graph_seed_2026_03","0.3120","seeded_from_onet_task_inventory"
"occ_15_1241_00","task_occ_15_1241_00_18985","18985","Supervise engineers or other staff in the design or implementation of network solutions.","cluster_execution_routine","Core","0.0609","0.5968","0.5019","supporting","0.0155","src_onet_30_1|src_v2_role_graph_seed_2026_03","0.3120","seeded_from_onet_task_inventory"
"occ_15_1241_00","task_occ_15_1241_00_18986","18986","Use network computer-aided design (CAD) software packages to optimize network designs.","cluster_execution_routine","Core","0.0099","0.3624","0.3660","supporting","0.0155","src_onet_30_1|src_v2_role_graph_seed_2026_03","0.3120","seeded_from_onet_task_inventory"
"occ_15_1241_00","task_occ_15_1241_00_18987","18987","Visit vendors, attend conferences or training sessions, or study technical journals to keep up with changes in technology.","cluster_execution_routine","Supplemental","0.0084","0.1428","0.2386","optional","0.0155","src_onet_30_1|src_v2_role_graph_seed_2026_03","0.2720","seeded_from_onet_task_inventory"
"occ_15_1241_00","task_occ_15_1241_00_18988","18988","Communicate with vendors to gather information about products, alert them to future needs, resolve problems, or address system maintenance issues.","cluster_execution_routine","Core","0.0433","0.5688","0.4857","supporting","0.0155","src_onet_30_1|src_v2_role_graph_seed_2026_03","0.3120","seeded_from_onet_task_inventory"
"occ_15_1241_00","task_occ_15_1241_00_jd_neta_01","jd_neta_01","Design enterprise network topology, standards, and site buildout plans across offices, warehouses, data centers, or cloud environments.","cluster_drafting","Core","0.0452","0.7412","0.6515","core","0.2560","src_manual_job_description_review_2026_03|src_v2_role_graph_seed_2026_03","0.7975","seeded_from_job_description_expansion"
"occ_15_1241_00","task_occ_15_1241_00_jd_neta_02","jd_neta_02","Evaluate network technologies and architecture tradeoffs to improve resiliency, performance, security, and integration fit.","cluster_decision_support","Core","0.0426","0.9256","0.9426","core","0.0155","src_manual_job_description_review_2026_03|src_v2_role_graph_seed_2026_03","0.5910","seeded_from_job_description_expansion"
"occ_15_1241_00","task_occ_15_1241_00_jd_neta_03","jd_neta_03","Coordinate vendors, IT leaders, and implementation teams to deliver network projects and resolve high-level technical escalations.","cluster_coordination","Core","0.0380","0.8252","0.8474","core","0.1035","src_manual_job_description_review_2026_03|src_v2_role_graph_seed_2026_03","0.7660","seeded_from_job_description_expansion"
"occ_15_1241_00","task_occ_15_1241_00_jd_neta_04","jd_neta_04","Maintain architecture diagrams, design documents, and standards that keep complex network environments understandable and repeatable.","cluster_documentation","Core","0.0415","0.6632","0.5563","supporting","0.1390","src_manual_job_description_review_2026_03|src_v2_role_graph_seed_2026_03","0.8115","seeded_from_job_description_expansion"
"occ_15_1241_00","task_occ_15_1241_00_jd_neta2_01","jd_neta2_01","Analyze traffic patterns, capacity risks, and incident history to identify where the network architecture will fail under future load.","cluster_analysis","Core","0.0549","0.8328","0.7000","core","0.6775","src_manual_job_description_review_2026_03|src_v2_role_graph_seed_2026_03","0.7730","seeded_from_job_description_expansion"
"occ_15_1241_00","task_occ_15_1241_00_jd_neta2_02","jd_neta2_02","Run architecture review, change-control, and cutover planning workflows so network changes land without destabilizing operations.","cluster_workflow_admin","Core","0.0507","0.6348","0.5350","supporting","0.0975","src_manual_job_description_review_2026_03|src_v2_role_graph_seed_2026_03","0.7590","seeded_from_job_description_expansion"
"occ_15_1241_00","task_occ_15_1241_00_jd_neta2_03","jd_neta2_03","Review design assumptions, security controls, and implementation plans before architecture choices are approved for production.","cluster_qa_review","Core","0.0507","0.7648","0.7252","core","0.4780","src_manual_job_description_review_2026_03|src_v2_role_graph_seed_2026_03","0.7940","seeded_from_job_description_expansion"
"occ_15_1241_00","task_occ_15_1241_00_jd_neta2_04","jd_neta2_04","Work with application owners, security teams, and infrastructure leaders when architecture tradeoffs affect business reliability or cost.","cluster_client_interaction","Core","0.0370","0.7500","0.7816","core","0.3585","src_manual_job_description_review_2026_03|src_v2_role_graph_seed_2026_03","0.8255","seeded_from_job_description_expansion"
"occ_15_1244_00","task_occ_15_1244_00_1317","1317","Perform data backups and disaster recovery operations.","cluster_execution_routine","Core","0.0152","0.5236","0.4147","supporting","0.3175","src_onet_30_1|src_v2_role_graph_seed_2026_03","0.4275","seeded_from_onet_task_inventory"
"occ_15_1244_00","task_occ_15_1244_00_1318","1318","Maintain and administer computer networks and related computing environments, including computer hardware, systems software, applications software, and all configurations.","cluster_execution_routine","Core","0.0800","0.7084","0.5219","core","0.3175","src_onet_30_1|src_v2_role_graph_seed_2026_03","0.4275","seeded_from_onet_task_inventory"
"occ_15_1244_00","task_occ_15_1244_00_1319","1319","Plan, coordinate, and implement network security measures to protect data, software, and hardware.","cluster_execution_routine","Core","0.0135","0.4678","0.3823","supporting","0.3175","src_onet_30_1|src_v2_role_graph_seed_2026_03","0.4275","seeded_from_onet_task_inventory"
"occ_15_1244_00","task_occ_15_1244_00_1320","1320","Operate master consoles to monitor the performance of computer systems and networks and to coordinate computer network access and use.","cluster_execution_routine","Core","0.0702","0.6464","0.4859","supporting","0.3175","src_onet_30_1|src_v2_role_graph_seed_2026_03","0.4275","seeded_from_onet_task_inventory"
"occ_15_1244_00","task_occ_15_1244_00_1321","1321","Perform routine network startup and shutdown procedures, and maintain control records.","cluster_execution_routine","Core","0.0117","0.4120","0.3500","supporting","0.3175","src_onet_30_1|src_v2_role_graph_seed_2026_03","0.4275","seeded_from_onet_task_inventory"
"occ_15_1244_00","task_occ_15_1244_00_1322","1322","Design, configure, and test computer hardware, networking software and operating system software.","cluster_execution_routine","Core","0.0449","0.5520","0.4312","supporting","0.3175","src_onet_30_1|src_v2_role_graph_seed_2026_03","0.4275","seeded_from_onet_task_inventory"
"occ_15_1244_00","task_occ_15_1244_00_1323","1323","Recommend changes to improve systems and network configurations, and determine hardware or software requirements related to such changes.","cluster_execution_routine","Core","0.0125","0.4368","0.3643","supporting","0.3175","src_onet_30_1|src_v2_role_graph_seed_2026_03","0.4275","seeded_from_onet_task_inventory"
"occ_15_1244_00","task_occ_15_1244_00_1324","1324","Confer with network users about solutions to existing system problems.","cluster_execution_routine","Core","0.0256","0.5024","0.4024","supporting","0.3175","src_onet_30_1|src_v2_role_graph_seed_2026_03","0.4275","seeded_from_onet_task_inventory"
"occ_15_1244_00","task_occ_15_1244_00_1325","1325","Monitor network performance to determine whether adjustments are needed and where changes will be needed in the future.","cluster_execution_routine","Core","0.0673","0.6278","0.4751","supporting","0.3175","src_onet_30_1|src_v2_role_graph_seed_2026_03","0.4275","seeded_from_onet_task_inventory"
"occ_15_1244_00","task_occ_15_1244_00_1326","1326","Train people in computer system use.","cluster_execution_routine","Core","0.0566","0.5596","0.4356","supporting","0.3175","src_onet_30_1|src_v2_role_graph_seed_2026_03","0.4275","seeded_from_onet_task_inventory"
"occ_15_1244_00","task_occ_15_1244_00_1327","1327","Load computer tapes and disks, and install software and printer paper or forms.","cluster_execution_routine","Core","0.0311","0.4922","0.3965","supporting","0.3175","src_onet_30_1|src_v2_role_graph_seed_2026_03","0.4275","seeded_from_onet_task_inventory"
"occ_15_1244_00","task_occ_15_1244_00_1328","1328","Gather data pertaining to customer needs, and use the information to identify, predict, interpret, and evaluate system and network requirements.","cluster_execution_routine","Core","0.0105","0.3748","0.3284","supporting","0.3175","src_onet_30_1|src_v2_role_graph_seed_2026_03","0.4275","seeded_from_onet_task_inventory"
"occ_15_1244_00","task_occ_15_1244_00_1329","1329","Analyze equipment performance records to determine the need for repair or replacement.","cluster_execution_routine","Core","0.0129","0.4636","0.3799","supporting","0.3175","src_onet_30_1|src_v2_role_graph_seed_2026_03","0.4275","seeded_from_onet_task_inventory"
"occ_15_1244_00","task_occ_15_1244_00_1330","1330","Maintain logs related to network functions, as well as maintenance and repair records.","cluster_execution_routine","Core","0.0111","0.4126","0.3503","supporting","0.3175","src_onet_30_1|src_v2_role_graph_seed_2026_03","0.4275","seeded_from_onet_task_inventory"
"occ_15_1244_00","task_occ_15_1244_00_1332","1332","Maintain an inventory of parts for emergency repairs.","cluster_execution_routine","Supplemental","0.0098","0.1800","0.2154","optional","0.3175","src_onet_30_1|src_v2_role_graph_seed_2026_03","0.3875","seeded_from_onet_task_inventory"
"occ_15_1244_00","task_occ_15_1244_00_1333","1333","Coordinate with vendors and with company personnel to facilitate purchases.","cluster_execution_routine","Core","0.0103","0.3686","0.3248","supporting","0.3175","src_onet_30_1|src_v2_role_graph_seed_2026_03","0.4275","seeded_from_onet_task_inventory"
"occ_15_1244_00","task_occ_15_1244_00_15205","15205","Diagnose, troubleshoot, and resolve hardware, software, or other network and system problems, and replace defective components when necessary.","cluster_execution_routine","Core","0.0586","0.6422","0.4835","supporting","0.3175","src_onet_30_1|src_v2_role_graph_seed_2026_03","0.4275","seeded_from_onet_task_inventory"
"occ_15_1244_00","task_occ_15_1244_00_15206","15206","Configure, monitor, and maintain email applications or virus protection software.","cluster_execution_routine","Core","0.0332","0.5724","0.4430","supporting","0.3175","src_onet_30_1|src_v2_role_graph_seed_2026_03","0.4275","seeded_from_onet_task_inventory"
"occ_15_1244_00","task_occ_15_1244_00_15207","15207","Research new technologies by attending seminars, reading trade articles, or taking classes, and implement or recommend the implementation of new technologies.","cluster_execution_routine","Supplemental","0.0098","0.1800","0.2154","optional","0.3175","src_onet_30_1|src_v2_role_graph_seed_2026_03","0.3875","seeded_from_onet_task_inventory"
"occ_15_1244_00","task_occ_15_1244_00_15208","15208","Implement and provide technical support for voice services and equipment, such as private branch exchange, voice mail system, and telecom system.","cluster_execution_routine","Supplemental","0.0127","0.2730","0.2693","optional","0.3175","src_onet_30_1|src_v2_role_graph_seed_2026_03","0.3875","seeded_from_onet_task_inventory"
"occ_15_1244_00","task_occ_15_1244_00_jd_nsa_01","jd_nsa_01","Deploy, configure, and maintain servers, devices, cloud services, and network infrastructure across the organization.","cluster_workflow_admin","Core","0.0557","0.6996","0.5206","supporting","0.2865","src_manual_job_description_review_2026_03|src_v2_role_graph_seed_2026_03","0.8150","seeded_from_job_description_expansion"
"occ_15_1244_00","task_occ_15_1244_00_jd_nsa_02","jd_nsa_02","Monitor system health, apply patches, manage backups, and review infrastructure for security, uptime, and supportability.","cluster_qa_review","Core","0.0512","0.8108","0.5959","core","0.2930","src_manual_job_description_review_2026_03|src_v2_role_graph_seed_2026_03","0.8185","seeded_from_job_description_expansion"
"occ_15_1244_00","task_occ_15_1244_00_jd_nsa_03","jd_nsa_03","Troubleshoot escalations and support employees, helpdesk staff, and technical teams when infrastructure or endpoint problems block work.","cluster_coordination","Core","0.0468","0.8720","0.8736","core","0.1965","src_manual_job_description_review_2026_03|src_v2_role_graph_seed_2026_03","0.8150","seeded_from_job_description_expansion"
"occ_15_1244_00","task_occ_15_1244_00_jd_nsa_04","jd_nsa_04","Maintain onboarding, offboarding, asset, access, and SOP documentation so IT operations remain secure and repeatable.","cluster_documentation","Core","0.0484","0.6852","0.4766","supporting","0.6405","src_manual_job_description_review_2026_03|src_v2_role_graph_seed_2026_03","0.7695","seeded_from_job_description_expansion"
"occ_15_1244_00","task_occ_15_1244_00_jd_nsa2_01","jd_nsa2_01","Analyze capacity, performance, and failure trends so infrastructure changes address recurring bottlenecks instead of isolated tickets.","cluster_analysis","Core","0.0505","0.7924","0.6780","core","0.1805","src_manual_job_description_review_2026_03|src_v2_role_graph_seed_2026_03","0.7940","seeded_from_job_description_expansion"
"occ_15_1244_00","task_occ_15_1244_00_jd_nsa2_02","jd_nsa2_02","Review change plans, maintenance procedures, and recovery steps before production work so outages and security regressions are less likely.","cluster_qa_review","Core","0.0520","0.7740","0.5745","core","0.2930","src_manual_job_description_review_2026_03|src_v2_role_graph_seed_2026_03","0.8185","seeded_from_job_description_expansion"
"occ_15_1244_00","task_occ_15_1244_00_jd_nsa2_03","jd_nsa2_03","Coordinate vendors, security staff, and internal system owners during infrastructure projects, incidents, and access changes.","cluster_coordination","Core","0.0491","0.8200","0.8434","core","0.1965","src_manual_job_description_review_2026_03|src_v2_role_graph_seed_2026_03","0.8150","seeded_from_job_description_expansion"
"occ_15_1244_00","task_occ_15_1244_00_jd_nsa2_04","jd_nsa2_04","Explain downtime windows, system constraints, and access tradeoffs to users and adjacent teams before operational changes go live.","cluster_client_interaction","Core","0.0489","0.8308","0.8629","core","0.3175","src_manual_job_description_review_2026_03|src_v2_role_graph_seed_2026_03","0.7065","seeded_from_job_description_expansion"
"occ_15_1252_00","task_occ_15_1252_00_21661","21661","Analyze information to determine, recommend, and plan installation of a new system or modification of an existing system.","cluster_execution_routine","Core","0.0138","0.4430","0.3679","supporting","0.3175","src_onet_30_1|src_v2_role_graph_seed_2026_03","0.4275","seeded_from_onet_task_inventory"
"occ_15_1252_00","task_occ_15_1252_00_21662","21662","Analyze user needs and software requirements to determine feasibility of design within time and cost constraints.","cluster_execution_routine","Core","0.0547","0.6246","0.4733","supporting","0.3175","src_onet_30_1|src_v2_role_graph_seed_2026_03","0.4275","seeded_from_onet_task_inventory"
"occ_15_1252_00","task_occ_15_1252_00_21663","21663","Confer with data processing or project managers to obtain information on limitations or capabilities for data processing projects.","cluster_execution_routine","Core","0.0123","0.3996","0.3428","supporting","0.3175","src_onet_30_1|src_v2_role_graph_seed_2026_03","0.4275","seeded_from_onet_task_inventory"
"occ_15_1252_00","task_occ_15_1252_00_21664","21664","Confer with systems analysts, engineers, programmers and others to design systems and to obtain information on project limitations and capabilities, performance requirements and interfaces.","cluster_execution_routine","Core","0.0285","0.5302","0.4185","supporting","0.3175","src_onet_30_1|src_v2_role_graph_seed_2026_03","0.4275","seeded_from_onet_task_inventory"
"occ_15_1252_00","task_occ_15_1252_00_21665","21665","Consult with customers or other departments on project status, proposals, or technical issues, such as software system design or maintenance.","cluster_execution_routine","Core","0.0125","0.4058","0.3464","supporting","0.3175","src_onet_30_1|src_v2_role_graph_seed_2026_03","0.4275","seeded_from_onet_task_inventory"
"occ_15_1252_00","task_occ_15_1252_00_21666","21666","Coordinate installation of software system.","cluster_execution_routine","Supplemental","0.0146","0.2978","0.2837","optional","0.3175","src_onet_30_1|src_v2_role_graph_seed_2026_03","0.3875","seeded_from_onet_task_inventory"
"occ_15_1252_00","task_occ_15_1252_00_21667","21667","Design, develop and modify software systems, using scientific analysis and mathematical models to predict and measure outcomes and consequences of design.","cluster_execution_routine","Core","0.0678","0.5968","0.4571","supporting","0.3175","src_onet_30_1|src_v2_role_graph_seed_2026_03","0.4275","seeded_from_onet_task_inventory"
"occ_15_1252_00","task_occ_15_1252_00_21668","21668","Determine system performance standards.","cluster_execution_routine","Core","0.0134","0.4306","0.3607","supporting","0.3175","src_onet_30_1|src_v2_role_graph_seed_2026_03","0.4275","seeded_from_onet_task_inventory"
"occ_15_1252_00","task_occ_15_1252_00_21669","21669","Develop or direct software system testing or validation procedures, programming, or documentation.","cluster_execution_routine","Core","0.0153","0.4864","0.3931","supporting","0.3175","src_onet_30_1|src_v2_role_graph_seed_2026_03","0.4275","seeded_from_onet_task_inventory"
"occ_15_1252_00","task_occ_15_1252_00_21670","21670","Modify existing software to correct errors, adapt it to new hardware, or upgrade interfaces and improve performance.","cluster_execution_routine","Core","0.0731","0.6278","0.4751","supporting","0.3175","src_onet_30_1|src_v2_role_graph_seed_2026_03","0.4275","seeded_from_onet_task_inventory"
"occ_15_1252_00","task_occ_15_1252_00_21671","21671","Monitor functioning of equipment to ensure system operates in conformance with specifications.","cluster_execution_routine","Supplemental","0.0827","0.5136","0.4089","supporting","0.3175","src_onet_30_1|src_v2_role_graph_seed_2026_03","0.3875","seeded_from_onet_task_inventory"
"occ_15_1252_00","task_occ_15_1252_00_21672","21672","Obtain and evaluate information on factors such as reporting formats required, costs, or security needs to determine hardware configuration.","cluster_execution_routine","Supplemental","0.0110","0.2212","0.2393","optional","0.3175","src_onet_30_1|src_v2_role_graph_seed_2026_03","0.3875","seeded_from_onet_task_inventory"
"occ_15_1252_00","task_occ_15_1252_00_21673","21673","Prepare reports or correspondence concerning project specifications, activities, or status.","cluster_execution_routine","Core","0.0142","0.4778","0.3881","supporting","0.3175","src_onet_30_1|src_v2_role_graph_seed_2026_03","0.4275","seeded_from_onet_task_inventory"
"occ_15_1252_00","task_occ_15_1252_00_21676","21676","Store, retrieve, and manipulate data for analysis of system capabilities and requirements.","cluster_execution_routine","Core","0.0138","0.4718","0.3846","supporting","0.3175","src_onet_30_1|src_v2_role_graph_seed_2026_03","0.4275","seeded_from_onet_task_inventory"
"occ_15_1252_00","task_occ_15_1252_00_21677","21677","Supervise and assign work to programmers, designers, technologists, technicians, or other engineering or scientific personnel.","cluster_execution_routine","Supplemental","0.0112","0.1986","0.2262","optional","0.3175","src_onet_30_1|src_v2_role_graph_seed_2026_03","0.3875","seeded_from_onet_task_inventory"
"occ_15_1252_00","task_occ_15_1252_00_21678","21678","Supervise the work of programmers, technologists and technicians and other engineering and scientific personnel.","cluster_execution_routine","Supplemental","0.0134","0.2606","0.2621","optional","0.3175","src_onet_30_1|src_v2_role_graph_seed_2026_03","0.3875","seeded_from_onet_task_inventory"
"occ_15_1252_00","task_occ_15_1252_00_21679","21679","Train users to use new or modified equipment.","cluster_execution_routine","Supplemental","0.0102","0.1676","0.2082","optional","0.3175","src_onet_30_1|src_v2_role_graph_seed_2026_03","0.3875","seeded_from_onet_task_inventory"
"occ_15_1252_00","task_occ_15_1252_00_jd_dev2_01","jd_dev2_01","Translate product requirements into implementation plans, technical tradeoffs, and scoped engineering decisions before build work starts.","cluster_decision_support","Core","0.0486","0.8980","0.9276","core","0.0055","src_manual_job_description_review_2026_03|src_v2_role_graph_seed_2026_03","0.5875","seeded_from_job_description_expansion"
"occ_15_1252_00","task_occ_15_1252_00_jd_dev2_02","jd_dev2_02","Review designs, code paths, and failure modes to verify reliability, security, and correctness before changes ship widely.","cluster_qa_review","Core","0.0529","0.7860","0.6633","core","0.6775","src_manual_job_description_review_2026_03|src_v2_role_graph_seed_2026_03","0.7800","seeded_from_job_description_expansion"
"occ_15_1252_00","task_occ_15_1252_00_jd_dev2_03","jd_dev2_03","Document architecture, interface expectations, and operational guidance so systems remain maintainable beyond the original implementer.","cluster_documentation","Core","0.0518","0.6544","0.5654","supporting","0.0155","src_manual_job_description_review_2026_03|src_v2_role_graph_seed_2026_03","0.5910","seeded_from_job_description_expansion"
"occ_15_1252_00","task_occ_15_1252_00_jd_dev2_04","jd_dev2_04","Coordinate with product, design, infrastructure, and peer engineers when implementation requires sequencing across teams.","cluster_coordination","Core","0.0447","0.8008","0.7857","core","0.6365","src_manual_job_description_review_2026_03|src_v2_role_graph_seed_2026_03","0.7660","seeded_from_job_description_expansion"
"occ_15_1252_00","task_occ_15_1252_00_jd_sd_01","jd_sd_01","Architect and build end-to-end product features spanning backend services, APIs, integrations, and user interfaces.","cluster_drafting","Core","0.0552","0.7600","0.5596","core","0.6635","src_manual_job_description_review_2026_03|src_v2_role_graph_seed_2026_03","0.7870","seeded_from_job_description_expansion"
"occ_15_1252_00","task_occ_15_1252_00_jd_sd_02","jd_sd_02","Own testing, deployment, observability, and production debugging so new code remains reliable after release.","cluster_qa_review","Core","0.0504","0.8012","0.6721","core","0.6775","src_manual_job_description_review_2026_03|src_v2_role_graph_seed_2026_03","0.7800","seeded_from_job_description_expansion"
"occ_15_1252_00","task_occ_15_1252_00_jd_sd_03","jd_sd_03","Work with product, design, data, and infrastructure partners to scope problems and deliver usable solutions.","cluster_coordination","Core","0.0496","0.8596","0.8198","core","0.6365","src_manual_job_description_review_2026_03|src_v2_role_graph_seed_2026_03","0.7660","seeded_from_job_description_expansion"
"occ_15_1252_00","task_occ_15_1252_00_jd_sd_04","jd_sd_04","Shape engineering standards, CI/CD automation, performance, security, and technical roadmap as systems scale.","cluster_oversight_strategy","Core","0.0424","0.9800","0.9652","core","0.5985","src_manual_job_description_review_2026_03|src_v2_role_graph_seed_2026_03","0.7555","seeded_from_job_description_expansion"
"occ_15_1252_00","task_occ_15_1252_00_manual_dev_01","manual_dev_01","Clarify product requirements, edge cases, and integration constraints with designers, product managers, and adjacent system owners before implementation starts.","cluster_coordination","Core","0.0473","0.8502","0.8143","core","0.6365","src_manual_role_graph_review_2026_03","0.7660","seeded_from_manual_task_expansion"
"occ_15_1252_00","task_occ_15_1252_00_manual_dev_02","manual_dev_02","Evaluate architecture options, dependency risks, and failure modes before committing to a software design path.","cluster_analysis","Core","0.0515","0.8382","0.6890","core","0.4170","src_manual_role_graph_review_2026_03","0.8920","seeded_from_manual_task_expansion"
"occ_15_1252_00","task_occ_15_1252_00_manual_dev_03","manual_dev_03","Coordinate rollout, incident follow-up, and technical-debt decisions when live behavior diverges from expectations after release.","cluster_coordination","Core","0.0431","0.8268","0.8007","core","0.6365","src_manual_role_graph_review_2026_03","0.7660","seeded_from_manual_task_expansion"
"occ_15_1253_00","task_occ_15_1253_00_14638","14638","Design test plans, scenarios, scripts, or procedures.","cluster_execution_routine","Core","0.0493","0.7208","0.5291","core","0.3175","src_onet_30_1|src_v2_role_graph_seed_2026_03","0.4275","seeded_from_onet_task_inventory"
"occ_15_1253_00","task_occ_15_1253_00_14639","14639","Test system modifications to prepare for implementation.","cluster_execution_routine","Core","0.0394","0.6704","0.4998","supporting","0.3175","src_onet_30_1|src_v2_role_graph_seed_2026_03","0.4275","seeded_from_onet_task_inventory"
"occ_15_1253_00","task_occ_15_1253_00_14640","14640","Develop testing programs that address areas such as database impacts, software scenarios, regression testing, negative testing, error or bug retests, or usability.","cluster_execution_routine","Core","0.0517","0.7456","0.5434","core","0.3175","src_onet_30_1|src_v2_role_graph_seed_2026_03","0.4275","seeded_from_onet_task_inventory"
"occ_15_1253_00","task_occ_15_1253_00_14641","14641","Document software defects, using a bug tracking system, and report defects to software developers.","cluster_execution_routine","Core","0.0540","0.7704","0.5578","core","0.3175","src_onet_30_1|src_v2_role_graph_seed_2026_03","0.4275","seeded_from_onet_task_inventory"
"occ_15_1253_00","task_occ_15_1253_00_14642","14642","Identify, analyze, and document problems with program function, output, online screen, or content.","cluster_execution_routine","Core","0.0546","0.7766","0.5614","core","0.3175","src_onet_30_1|src_v2_role_graph_seed_2026_03","0.4275","seeded_from_onet_task_inventory"
"occ_15_1253_00","task_occ_15_1253_00_14643","14643","Monitor bug resolution efforts and track successes.","cluster_execution_routine","Core","0.0092","0.5236","0.4147","supporting","0.3175","src_onet_30_1|src_v2_role_graph_seed_2026_03","0.4275","seeded_from_onet_task_inventory"
"occ_15_1253_00","task_occ_15_1253_00_14644","14644","Create or maintain databases of known test defects.","cluster_execution_routine","Core","0.0464","0.6898","0.5111","supporting","0.3175","src_onet_30_1|src_v2_role_graph_seed_2026_03","0.4275","seeded_from_onet_task_inventory"
"occ_15_1253_00","task_occ_15_1253_00_14645","14645","Plan test schedules or strategies in accordance with project scope or delivery dates.","cluster_execution_routine","Core","0.0357","0.6346","0.4791","supporting","0.3175","src_onet_30_1|src_v2_role_graph_seed_2026_03","0.4275","seeded_from_onet_task_inventory"
"occ_15_1253_00","task_occ_15_1253_00_14646","14646","Participate in product design reviews to provide input on functional requirements, product designs, schedules, or potential problems.","cluster_execution_routine","Core","0.0089","0.5112","0.4075","supporting","0.3175","src_onet_30_1|src_v2_role_graph_seed_2026_03","0.4275","seeded_from_onet_task_inventory"
"occ_15_1253_00","task_occ_15_1253_00_14647","14647","Review software documentation to ensure technical accuracy, compliance, or completeness, or to mitigate risks.","cluster_execution_routine","Core","0.0080","0.4616","0.3787","supporting","0.3175","src_onet_30_1|src_v2_role_graph_seed_2026_03","0.4275","seeded_from_onet_task_inventory"
"occ_15_1253_00","task_occ_15_1253_00_14648","14648","Document test procedures to ensure replicability and compliance with standards.","cluster_execution_routine","Core","0.0481","0.7084","0.5219","core","0.3175","src_onet_30_1|src_v2_role_graph_seed_2026_03","0.4275","seeded_from_onet_task_inventory"
"occ_15_1253_00","task_occ_15_1253_00_14649","14649","Develop or specify standards, methods, or procedures to determine product quality or release readiness.","cluster_execution_routine","Core","0.0092","0.5236","0.4147","supporting","0.3175","src_onet_30_1|src_v2_role_graph_seed_2026_03","0.4275","seeded_from_onet_task_inventory"
"occ_15_1253_00","task_occ_15_1253_00_14650","14650","Update automated test scripts to ensure currency.","cluster_execution_routine","Core","0.0398","0.6582","0.4928","supporting","0.3175","src_onet_30_1|src_v2_role_graph_seed_2026_03","0.4275","seeded_from_onet_task_inventory"
"occ_15_1253_00","task_occ_15_1253_00_14651","14651","Investigate customer problems referred by technical support.","cluster_execution_routine","Core","0.0082","0.4740","0.3859","supporting","0.3175","src_onet_30_1|src_v2_role_graph_seed_2026_03","0.4275","seeded_from_onet_task_inventory"
"occ_15_1253_00","task_occ_15_1253_00_14652","14652","Install, maintain, or use software testing programs.","cluster_execution_routine","Core","0.0475","0.7022","0.5183","core","0.3175","src_onet_30_1|src_v2_role_graph_seed_2026_03","0.4275","seeded_from_onet_task_inventory"
"occ_15_1253_00","task_occ_15_1253_00_14653","14653","Provide feedback and recommendations to developers on software usability and functionality.","cluster_execution_routine","Core","0.0481","0.7084","0.5219","core","0.3175","src_onet_30_1|src_v2_role_graph_seed_2026_03","0.4275","seeded_from_onet_task_inventory"
"occ_15_1253_00","task_occ_15_1253_00_14654","14654","Monitor program performance to ensure efficient and problem-free operations.","cluster_execution_routine","Core","0.0434","0.6588","0.4931","supporting","0.3175","src_onet_30_1|src_v2_role_graph_seed_2026_03","0.4275","seeded_from_onet_task_inventory"
"occ_15_1253_00","task_occ_15_1253_00_14655","14655","Conduct software compatibility tests with programs, hardware, operating systems, or network environments.","cluster_execution_routine","Core","0.0135","0.5376","0.4228","supporting","0.3175","src_onet_30_1|src_v2_role_graph_seed_2026_03","0.4275","seeded_from_onet_task_inventory"
"occ_15_1253_00","task_occ_15_1253_00_14656","14656","Install and configure recreations of software production environments to allow testing of software performance.","cluster_execution_routine","Core","0.0072","0.4182","0.3536","supporting","0.3175","src_onet_30_1|src_v2_role_graph_seed_2026_03","0.4275","seeded_from_onet_task_inventory"
"occ_15_1253_00","task_occ_15_1253_00_14657","14657","Collaborate with field staff or customers to evaluate or diagnose problems and recommend possible solutions.","cluster_execution_routine","Core","0.0068","0.3996","0.3428","supporting","0.3175","src_onet_30_1|src_v2_role_graph_seed_2026_03","0.4275","seeded_from_onet_task_inventory"
"occ_15_1253_00","task_occ_15_1253_00_14658","14658","Identify program deviance from standards, and suggest modifications to ensure compliance.","cluster_execution_routine","Core","0.0335","0.5960","0.4567","supporting","0.3175","src_onet_30_1|src_v2_role_graph_seed_2026_03","0.4275","seeded_from_onet_task_inventory"
"occ_15_1253_00","task_occ_15_1253_00_14659","14659","Design or develop automated testing tools.","cluster_execution_routine","Core","0.0076","0.4430","0.3679","supporting","0.3175","src_onet_30_1|src_v2_role_graph_seed_2026_03","0.4275","seeded_from_onet_task_inventory"
"occ_15_1253_00","task_occ_15_1253_00_14660","14660","Coordinate user or third-party testing.","cluster_execution_routine","Core","0.0068","0.3996","0.3428","supporting","0.3175","src_onet_30_1|src_v2_role_graph_seed_2026_03","0.4275","seeded_from_onet_task_inventory"
"occ_15_1253_00","task_occ_15_1253_00_14661","14661","Perform initial debugging procedures by reviewing configuration files, logs, or code pieces to determine breakdown source.","cluster_execution_routine","Core","0.0161","0.5210","0.4132","supporting","0.3175","src_onet_30_1|src_v2_role_graph_seed_2026_03","0.4275","seeded_from_onet_task_inventory"
"occ_15_1253_00","task_occ_15_1253_00_14662","14662","Visit beta testing sites to evaluate software performance.","cluster_execution_routine","Core","0.0133","0.4620","0.3790","supporting","0.3175","src_onet_30_1|src_v2_role_graph_seed_2026_03","0.4275","seeded_from_onet_task_inventory"
"occ_15_1253_00","task_occ_15_1253_00_14663","14663","Evaluate or recommend software for testing or bug tracking.","cluster_execution_routine","Core","0.0066","0.3872","0.3356","supporting","0.3175","src_onet_30_1|src_v2_role_graph_seed_2026_03","0.4275","seeded_from_onet_task_inventory"
"occ_15_1253_00","task_occ_15_1253_00_14664","14664","Conduct historical analyses of test results.","cluster_execution_routine","Core","0.0067","0.3934","0.3392","supporting","0.3175","src_onet_30_1|src_v2_role_graph_seed_2026_03","0.4275","seeded_from_onet_task_inventory"
"occ_15_1253_00","task_occ_15_1253_00_21680","21680","Modify existing software to correct errors, allow it to adapt to new hardware, or to improve its performance.","cluster_execution_routine","n/a","0.0176","0.3720","0.3268","optional","0.3175","src_onet_30_1|src_v2_role_graph_seed_2026_03","0.3875","seeded_from_onet_task_inventory"
"occ_15_1253_00","task_occ_15_1253_00_21681","21681","Recommend purchase of equipment to control dust, temperature, or humidity in area of system installation.","cluster_execution_routine","n/a","0.0176","0.3720","0.3268","optional","0.3175","src_onet_30_1|src_v2_role_graph_seed_2026_03","0.3875","seeded_from_onet_task_inventory"
"occ_15_1253_00","task_occ_15_1253_00_21682","21682","Store, retrieve, and manipulate data for analysis of system capabilities and requirements.","cluster_execution_routine","n/a","0.0176","0.3720","0.3268","optional","0.3175","src_onet_30_1|src_v2_role_graph_seed_2026_03","0.3875","seeded_from_onet_task_inventory"
"occ_15_1253_00","task_occ_15_1253_00_jd_qa_01","jd_qa_01","Interpret requirements and business rules and turn them into test scenarios, test plans, and defect expectations.","cluster_documentation","Core","0.0301","0.6884","0.4747","supporting","0.4380","src_manual_job_description_review_2026_03|src_v2_role_graph_seed_2026_03","0.8990","seeded_from_job_description_expansion"
"occ_15_1253_00","task_occ_15_1253_00_jd_qa_02","jd_qa_02","Execute regression, smoke, and release-readiness testing to confirm software behaves correctly across real workflows.","cluster_qa_review","Core","0.0325","0.8264","0.7505","core","0.1800","src_manual_job_description_review_2026_03|src_v2_role_graph_seed_2026_03","0.7065","seeded_from_job_description_expansion"
"occ_15_1253_00","task_occ_15_1253_00_jd_qa_03","jd_qa_03","Work with product, engineering, and release teams to triage defects, clarify expected behavior, and keep releases on track.","cluster_coordination","Core","0.0275","0.8596","0.8198","core","0.6365","src_manual_job_description_review_2026_03|src_v2_role_graph_seed_2026_03","0.7660","seeded_from_job_description_expansion"
"occ_15_1253_00","task_occ_15_1253_00_jd_qa_04","jd_qa_04","Analyze defects, data conditions, and workflow failures to identify likely root causes and improve future test coverage.","cluster_analysis","Core","0.0308","0.8508","0.7717","core","0.1435","src_manual_job_description_review_2026_03|src_v2_role_graph_seed_2026_03","0.6925","seeded_from_job_description_expansion"
"occ_15_1253_00","task_occ_15_1253_00_jd_qa2_01","jd_qa2_01","Build automated test suites, CI checks, and reusable QA tooling that scale regression coverage across releases.","cluster_oversight_strategy","Core","0.0298","0.9800","0.9652","core","0.5985","src_manual_job_description_review_2026_03|src_v2_role_graph_seed_2026_03","0.7555","seeded_from_job_description_expansion"
"occ_15_1253_00","task_occ_15_1253_00_jd_qa2_02","jd_qa2_02","Partner with engineering and product teams to turn defect trends and quality risks into release decisions and scope tradeoffs.","cluster_decision_support","Core","0.0261","0.8948","0.8976","core","0.2470","src_manual_job_description_review_2026_03|src_v2_role_graph_seed_2026_03","0.7380","seeded_from_job_description_expansion"
"occ_15_1253_00","task_occ_15_1253_00_jd_qa2_03","jd_qa2_03","Document reproducible defects, test-coverage gaps, and quality standards so teams can resolve issues consistently.","cluster_documentation","Core","0.0255","0.6232","0.4369","supporting","0.4380","src_manual_job_description_review_2026_03|src_v2_role_graph_seed_2026_03","0.8990","seeded_from_job_description_expansion"
"occ_15_1253_00","task_occ_15_1253_00_jd_qa2_04","jd_qa2_04","Review logs, telemetry, and edge-case failures after releases to refine risk-based test plans and future coverage.","cluster_analysis","Core","0.0254","0.7824","0.7320","core","0.1435","src_manual_job_description_review_2026_03|src_v2_role_graph_seed_2026_03","0.6925","seeded_from_job_description_expansion"
"occ_15_2031_00","task_occ_15_2031_00_20952","20952","Present the results of mathematical modeling and data analysis to management or other end users.","cluster_execution_routine","Core","0.0617","0.7050","0.5199","core","0.3175","src_onet_30_1|src_v2_role_graph_seed_2026_03","0.4275","seeded_from_onet_task_inventory"
"occ_15_2031_00","task_occ_15_2031_00_20953","20953","Educate staff in the use of mathematical models.","cluster_execution_routine","Core","0.0142","0.4492","0.3715","supporting","0.3175","src_onet_30_1|src_v2_role_graph_seed_2026_03","0.4275","seeded_from_onet_task_inventory"
"occ_15_2031_00","task_occ_15_2031_00_23986","23986","Review research literature.","cluster_execution_routine","Core","0.0134","0.4244","0.3572","supporting","0.3175","src_onet_30_1|src_v2_role_graph_seed_2026_03","0.4275","seeded_from_onet_task_inventory"
"occ_15_2031_00","task_occ_15_2031_00_7377","7377","Formulate mathematical or simulation models of problems, relating constants and variables, restrictions, alternatives, conflicting objectives, and their numerical parameters.","cluster_execution_routine","Core","0.0570","0.6616","0.4947","supporting","0.3175","src_onet_30_1|src_v2_role_graph_seed_2026_03","0.4275","seeded_from_onet_task_inventory"
"occ_15_2031_00","task_occ_15_2031_00_7378","7378","Collaborate with others in the organization to ensure successful implementation of chosen problem solutions.","cluster_execution_routine","Core","0.0185","0.5732","0.4435","supporting","0.3175","src_onet_30_1|src_v2_role_graph_seed_2026_03","0.4275","seeded_from_onet_task_inventory"
"occ_15_2031_00","task_occ_15_2031_00_7379","7379","Analyze information obtained from management to conceptualize and define operational problems.","cluster_execution_routine","Core","0.0179","0.5546","0.4327","supporting","0.3175","src_onet_30_1|src_v2_role_graph_seed_2026_03","0.4275","seeded_from_onet_task_inventory"
"occ_15_2031_00","task_occ_15_2031_00_7380","7380","Perform validation and testing of models to ensure adequacy, and reformulate models, as necessary.","cluster_execution_routine","Core","0.0597","0.6864","0.5091","supporting","0.3175","src_onet_30_1|src_v2_role_graph_seed_2026_03","0.4275","seeded_from_onet_task_inventory"
"occ_15_2031_00","task_occ_15_2031_00_7381","7381","Collaborate with senior managers and decision makers to identify and solve a variety of problems and to clarify management objectives.","cluster_execution_routine","Core","0.0174","0.5422","0.4255","supporting","0.3175","src_onet_30_1|src_v2_role_graph_seed_2026_03","0.4275","seeded_from_onet_task_inventory"
"occ_15_2031_00","task_occ_15_2031_00_7382","7382","Define data requirements, and gather and validate information, applying judgment and statistical tests.","cluster_execution_routine","Core","0.0192","0.5918","0.4542","supporting","0.3175","src_onet_30_1|src_v2_role_graph_seed_2026_03","0.4275","seeded_from_onet_task_inventory"
"occ_15_2031_00","task_occ_15_2031_00_7383","7383","Study and analyze information about alternative courses of action to determine which plan will offer the best outcomes.","cluster_execution_routine","Core","0.0556","0.6492","0.4875","supporting","0.3175","src_onet_30_1|src_v2_role_graph_seed_2026_03","0.4275","seeded_from_onet_task_inventory"
"occ_15_2031_00","task_occ_15_2031_00_7384","7384","Prepare management reports defining and evaluating problems and recommending solutions.","cluster_execution_routine","Core","0.0190","0.5856","0.4506","supporting","0.3175","src_onet_30_1|src_v2_role_graph_seed_2026_03","0.4275","seeded_from_onet_task_inventory"
"occ_15_2031_00","task_occ_15_2031_00_7385","7385","Break systems into their components, assign numerical values to each component, and examine the mathematical relationships between them.","cluster_execution_routine","Core","0.0461","0.5624","0.4372","supporting","0.3175","src_onet_30_1|src_v2_role_graph_seed_2026_03","0.4275","seeded_from_onet_task_inventory"
"occ_15_2031_00","task_occ_15_2031_00_7386","7386","Specify manipulative or computational methods to be applied to models.","cluster_execution_routine","Core","0.0164","0.5112","0.4075","supporting","0.3175","src_onet_30_1|src_v2_role_graph_seed_2026_03","0.4275","seeded_from_onet_task_inventory"
"occ_15_2031_00","task_occ_15_2031_00_7387","7387","Observe the current system in operation, and gather and analyze information about each of the component problems, using a variety of sources.","cluster_execution_routine","Core","0.0570","0.6616","0.4947","supporting","0.3175","src_onet_30_1|src_v2_role_graph_seed_2026_03","0.4275","seeded_from_onet_task_inventory"
"occ_15_2031_00","task_occ_15_2031_00_7388","7388","Design, conduct, and evaluate experimental operational models in cases where models cannot be developed from existing data.","cluster_execution_routine","Core","0.0159","0.4988","0.4003","supporting","0.3175","src_onet_30_1|src_v2_role_graph_seed_2026_03","0.4275","seeded_from_onet_task_inventory"
"occ_15_2031_00","task_occ_15_2031_00_7389","7389","Develop and apply time and cost networks to plan, control, and review large projects.","cluster_execution_routine","Core","0.0565","0.5894","0.4529","supporting","0.3175","src_onet_30_1|src_v2_role_graph_seed_2026_03","0.4275","seeded_from_onet_task_inventory"
"occ_15_2031_00","task_occ_15_2031_00_7390","7390","Develop business methods and procedures, including accounting systems, file systems, office systems, logistics systems, and production schedules.","cluster_execution_routine","Core","0.0138","0.4368","0.3643","supporting","0.3175","src_onet_30_1|src_v2_role_graph_seed_2026_03","0.4275","seeded_from_onet_task_inventory"
"occ_15_2031_00","task_occ_15_2031_00_jd_or_01","jd_or_01","Build advanced analytical, forecasting, or optimization models that improve operational quality, efficiency, or business performance.","cluster_analysis","Core","0.0543","0.8568","0.8107","core","0.0330","src_manual_job_description_review_2026_03|src_v2_role_graph_seed_2026_03","0.6050","seeded_from_job_description_expansion"
"occ_15_2031_00","task_occ_15_2031_00_jd_or_02","jd_or_02","Define north-star metrics, guardrails, and measurement plans for product or operational changes and prioritize high-impact analyses.","cluster_qa_review","Core","0.0494","0.7980","0.7586","core","0.0020","src_manual_job_description_review_2026_03|src_v2_role_graph_seed_2026_03","0.5875","seeded_from_job_description_expansion"
"occ_15_2031_00","task_occ_15_2031_00_jd_or_03","jd_or_03","Partner with stakeholders to frame planning problems, interpret model outputs, and turn them into operational or financial decisions.","cluster_decision_support","Core","0.0465","0.9224","0.9388","core","0.0330","src_manual_job_description_review_2026_03|src_v2_role_graph_seed_2026_03","0.6050","seeded_from_job_description_expansion"
"occ_15_2031_00","task_occ_15_2031_00_jd_or_04","jd_or_04","Develop scalable data pipelines, diagnostics, and automated reporting that keep analytical systems usable in live decision workflows.","cluster_oversight_strategy","Core","0.0420","0.9800","0.9900","core","0.0110","src_manual_job_description_review_2026_03|src_v2_role_graph_seed_2026_03","0.5910","seeded_from_job_description_expansion"
"occ_15_2031_00","task_occ_15_2031_00_jd_ora2_01","jd_ora2_01","Frame optimization problems, choose modeling approaches, and recommend decision rules for operations or product systems.","cluster_decision_support","Core","0.0637","0.9268","0.9413","core","0.0330","src_manual_job_description_review_2026_03|src_v2_role_graph_seed_2026_03","0.6050","seeded_from_job_description_expansion"
"occ_15_2031_00","task_occ_15_2031_00_jd_ora2_02","jd_ora2_02","Run simulations, sensitivity analysis, and validation loops to verify that optimization outputs remain robust under changing assumptions.","cluster_qa_review","Core","0.0655","0.8176","0.7700","core","0.0020","src_manual_job_description_review_2026_03|src_v2_role_graph_seed_2026_03","0.5875","seeded_from_job_description_expansion"
"occ_15_2031_00","task_occ_15_2031_00_jd_ora2_03","jd_ora2_03","Explain model logic, tradeoffs, and recommended actions to operators and leaders who will use the output in real decisions.","cluster_drafting","Core","0.0571","0.6864","0.6329","supporting","0.0230","src_manual_job_description_review_2026_03|src_v2_role_graph_seed_2026_03","0.5945","seeded_from_job_description_expansion"
"occ_15_2031_00","task_occ_15_2031_00_jd_ora2_04","jd_ora2_04","Manage data, experiment, and optimization workflows that keep model-backed decision systems updated and usable over time.","cluster_workflow_admin","Core","0.0622","0.6628","0.5512","supporting","0.1665","src_manual_job_description_review_2026_03|src_v2_role_graph_seed_2026_03","0.7975","seeded_from_job_description_expansion"
"occ_15_2051_00","task_occ_15_2051_00_21823","21823","Analyze, manipulate, or process large sets of data using statistical software.","cluster_execution_routine","n/a","0.0290","0.3720","0.3268","optional","0.3175","src_onet_30_1|src_v2_role_graph_seed_2026_03","0.3875","seeded_from_onet_task_inventory"
"occ_15_2051_00","task_occ_15_2051_00_21824","21824","Apply feature selection algorithms to models predicting outcomes of interest, such as sales, attrition, and healthcare use.","cluster_execution_routine","n/a","0.0290","0.3720","0.3268","optional","0.3175","src_onet_30_1|src_v2_role_graph_seed_2026_03","0.3875","seeded_from_onet_task_inventory"
"occ_15_2051_00","task_occ_15_2051_00_21825","21825","Apply sampling techniques to determine groups to be surveyed or use complete enumeration methods.","cluster_execution_routine","n/a","0.0290","0.3720","0.3268","optional","0.3175","src_onet_30_1|src_v2_role_graph_seed_2026_03","0.3875","seeded_from_onet_task_inventory"
"occ_15_2051_00","task_occ_15_2051_00_21826","21826","Clean and manipulate raw data using statistical software.","cluster_execution_routine","n/a","0.0290","0.3720","0.3268","optional","0.3175","src_onet_30_1|src_v2_role_graph_seed_2026_03","0.3875","seeded_from_onet_task_inventory"
"occ_15_2051_00","task_occ_15_2051_00_21827","21827","Compare models using statistical performance metrics, such as loss functions or proportion of explained variance.","cluster_execution_routine","n/a","0.0290","0.3720","0.3268","optional","0.3175","src_onet_30_1|src_v2_role_graph_seed_2026_03","0.3875","seeded_from_onet_task_inventory"
"occ_15_2051_00","task_occ_15_2051_00_21828","21828","Create graphs, charts, or other visualizations to convey the results of data analysis using specialized software.","cluster_execution_routine","n/a","0.0290","0.3720","0.3268","optional","0.3175","src_onet_30_1|src_v2_role_graph_seed_2026_03","0.3875","seeded_from_onet_task_inventory"
"occ_15_2051_00","task_occ_15_2051_00_21829","21829","Deliver oral or written presentations of the results of mathematical modeling and data analysis to management or other end users.","cluster_execution_routine","n/a","0.0290","0.3720","0.3268","optional","0.3175","src_onet_30_1|src_v2_role_graph_seed_2026_03","0.3875","seeded_from_onet_task_inventory"
"occ_15_2051_00","task_occ_15_2051_00_21830","21830","Design surveys, opinion polls, or other instruments to collect data.","cluster_execution_routine","n/a","0.0290","0.3720","0.3268","optional","0.3175","src_onet_30_1|src_v2_role_graph_seed_2026_03","0.3875","seeded_from_onet_task_inventory"
"occ_15_2051_00","task_occ_15_2051_00_21831","21831","Identify business problems or management objectives that can be addressed through data analysis.","cluster_execution_routine","n/a","0.0290","0.3720","0.3268","optional","0.3175","src_onet_30_1|src_v2_role_graph_seed_2026_03","0.3875","seeded_from_onet_task_inventory"
"occ_15_2051_00","task_occ_15_2051_00_21832","21832","Identify relationships and trends or any factors that could affect the results of research.","cluster_execution_routine","n/a","0.0290","0.3720","0.3268","optional","0.3175","src_onet_30_1|src_v2_role_graph_seed_2026_03","0.3875","seeded_from_onet_task_inventory"
"occ_15_2051_00","task_occ_15_2051_00_21833","21833","Identify solutions to business problems, such as budgeting, staffing, and marketing decisions, using the results of data analysis.","cluster_execution_routine","n/a","0.0290","0.3720","0.3268","optional","0.3175","src_onet_30_1|src_v2_role_graph_seed_2026_03","0.3875","seeded_from_onet_task_inventory"
"occ_15_2051_00","task_occ_15_2051_00_21834","21834","Propose solutions in engineering, the sciences, and other fields using mathematical theories and techniques.","cluster_execution_routine","n/a","0.0290","0.3720","0.3268","optional","0.3175","src_onet_30_1|src_v2_role_graph_seed_2026_03","0.3875","seeded_from_onet_task_inventory"
"occ_15_2051_00","task_occ_15_2051_00_21835","21835","Read scientific articles, conference papers, or other sources of research to identify emerging analytic trends and technologies.","cluster_execution_routine","n/a","0.0290","0.3720","0.3268","optional","0.3175","src_onet_30_1|src_v2_role_graph_seed_2026_03","0.3875","seeded_from_onet_task_inventory"
"occ_15_2051_00","task_occ_15_2051_00_21836","21836","Recommend data-driven solutions to key stakeholders.","cluster_execution_routine","n/a","0.0290","0.3720","0.3268","optional","0.3175","src_onet_30_1|src_v2_role_graph_seed_2026_03","0.3875","seeded_from_onet_task_inventory"
"occ_15_2051_00","task_occ_15_2051_00_21837","21837","Test, validate, and reformulate models to ensure accurate prediction of outcomes of interest.","cluster_execution_routine","n/a","0.0290","0.3720","0.3268","optional","0.3175","src_onet_30_1|src_v2_role_graph_seed_2026_03","0.3875","seeded_from_onet_task_inventory"
"occ_15_2051_00","task_occ_15_2051_00_21838","21838","Write new functions or applications in programming languages to conduct analyses.","cluster_execution_routine","n/a","0.0290","0.3720","0.3268","optional","0.3175","src_onet_30_1|src_v2_role_graph_seed_2026_03","0.3875","seeded_from_onet_task_inventory"
"occ_15_2051_00","task_occ_15_2051_00_jd_ds_01","jd_ds_01","Define hypotheses, success metrics, and experiment designs with product or business stakeholders before building analytical solutions.","cluster_decision_support","Core","0.0487","0.9568","0.9165","core","0.6560","src_manual_job_description_review_2026_03|src_v2_role_graph_seed_2026_03","0.7835","seeded_from_job_description_expansion"
"occ_15_2051_00","task_occ_15_2051_00_jd_ds_02","jd_ds_02","Identify and prototype new data sources, features, or instrumentation required to make models viable and scalable in production settings.","cluster_research_synthesis","Core","0.0402","0.7992","0.7087","core","0.6590","src_manual_job_description_review_2026_03|src_v2_role_graph_seed_2026_03","0.7800","seeded_from_job_description_expansion"
"occ_15_2051_00","task_occ_15_2051_00_jd_ds_03","jd_ds_03","Partner with engineering and platform teams to productionize, deploy, and monitor models or data pipelines in live systems.","cluster_coordination","Core","0.0460","0.8812","0.8479","core","0.6360","src_manual_job_description_review_2026_03|src_v2_role_graph_seed_2026_03","0.7625","seeded_from_job_description_expansion"
"occ_15_2051_00","task_occ_15_2051_00_jd_ds_04","jd_ds_04","Set methodological standards, documentation, and feedback loops that keep models interpretable, auditable, and decision-useful after launch.","cluster_qa_review","Core","0.0391","0.7822","0.6767","core","0.6770","src_manual_job_description_review_2026_03|src_v2_role_graph_seed_2026_03","0.7730","seeded_from_job_description_expansion"
"occ_15_2051_00","task_occ_15_2051_00_jd_ds2_01","jd_ds2_01","Document methodology, assumptions, model behavior, and stakeholder guidance so data science work remains explainable and reusable.","cluster_documentation","Core","0.0448","0.6788","0.5347","supporting","0.3175","src_manual_job_description_review_2026_03|src_v2_role_graph_seed_2026_03","0.7065","seeded_from_job_description_expansion"
"occ_15_2051_00","task_occ_15_2051_00_jd_ds2_02","jd_ds2_02","Manage production data workflows, feature pipelines, experiment infrastructure, and model-support tooling after launch.","cluster_workflow_admin","Core","0.0422","0.6432","0.5041","supporting","0.3175","src_manual_job_description_review_2026_03|src_v2_role_graph_seed_2026_03","0.7065","seeded_from_job_description_expansion"
"occ_15_2051_00","task_occ_15_2051_00_jd_ds2_03","jd_ds2_03","Present results, uncertainty, and experiment interpretation to product or business partners in decision-ready language.","cluster_drafting","Core","0.0455","0.7104","0.5464","core","0.6630","src_manual_job_description_review_2026_03|src_v2_role_graph_seed_2026_03","0.7590","seeded_from_job_description_expansion"
"occ_15_2051_00","task_occ_15_2051_00_jd_ds2_04","jd_ds2_04","Monitor model performance, investigate drift, and analyze failure modes once systems are live in production.","cluster_analysis","Core","0.0464","0.8320","0.7152","core","0.6770","src_manual_job_description_review_2026_03|src_v2_role_graph_seed_2026_03","0.7940","seeded_from_job_description_expansion"
"occ_15_2051_00","task_occ_15_2051_00_jd_ds3_01","jd_ds3_01","Run stakeholder interviews and problem-framing sessions so model work targets the right business question before experimentation begins.","cluster_client_interaction","Core","0.0438","0.7692","0.8271","core","0.3175","src_manual_job_description_review_2026_03|src_v2_role_graph_seed_2026_03","0.7065","seeded_from_job_description_expansion"
"occ_15_2051_00","task_occ_15_2051_00_jd_ds3_02","jd_ds3_02","Review methodology, feature logic, and validation evidence before models or analyses are treated as decision-ready.","cluster_qa_review","Core","0.0491","0.7156","0.6380","core","0.6770","src_manual_job_description_review_2026_03|src_v2_role_graph_seed_2026_03","0.7730","seeded_from_job_description_expansion"
"occ_15_2051_00","task_occ_15_2051_00_jd_ds3_03","jd_ds3_03","Decide model, experiment, and instrumentation priorities when rigor, delivery speed, and product constraints no longer align cleanly.","cluster_oversight_strategy","Core","0.0444","0.8984","0.9121","core","0.3175","src_manual_job_description_review_2026_03|src_v2_role_graph_seed_2026_03","0.7065","seeded_from_job_description_expansion"
"occ_15_2051_00","task_occ_15_2051_00_jd_ds3_04","jd_ds3_04","Translate open-ended analytical findings into concrete next-step recommendations when product, engineering, and business teams need a directional call.","cluster_decision_support","Core","0.0460","0.8308","0.8435","core","0.6560","src_manual_job_description_review_2026_03|src_v2_role_graph_seed_2026_03","0.7835","seeded_from_job_description_expansion"
"occ_17_2051_00","task_occ_17_2051_00_147","147","Compute load and grade requirements, water flow rates, or material stress factors to determine design specifications.","cluster_execution_routine","Core","0.0664","0.6430","0.4507","supporting","0.4645","src_onet_30_1|src_v2_role_graph_seed_2026_03","0.4730","seeded_from_onet_task_inventory"
"occ_17_2051_00","task_occ_17_2051_00_148","148","Inspect project sites to monitor progress and ensure conformance to design specifications and safety or sanitation standards.","cluster_execution_routine","Core","0.0145","0.5050","0.3707","supporting","0.4645","src_onet_30_1|src_v2_role_graph_seed_2026_03","0.4730","seeded_from_onet_task_inventory"
"occ_17_2051_00","task_occ_17_2051_00_150","150","Direct or participate in surveying to lay out installations or establish reference points, grades, or elevations to guide construction.","cluster_execution_routine","Core","0.0130","0.4554","0.3419","supporting","0.4645","src_onet_30_1|src_v2_role_graph_seed_2026_03","0.4730","seeded_from_onet_task_inventory"
"occ_17_2051_00","task_occ_17_2051_00_151","151","Estimate quantities and cost of materials, equipment, or labor to determine project feasibility.","cluster_execution_routine","Core","0.0124","0.4368","0.3311","supporting","0.4645","src_onet_30_1|src_v2_role_graph_seed_2026_03","0.4730","seeded_from_onet_task_inventory"
"occ_17_2051_00","task_occ_17_2051_00_152","152","Prepare or present public reports on topics such as bid proposals, deeds, environmental impact statements, or property and right-of-way descriptions.","cluster_execution_routine","Core","0.0120","0.4244","0.3240","supporting","0.4645","src_onet_30_1|src_v2_role_graph_seed_2026_03","0.4730","seeded_from_onet_task_inventory"
"occ_17_2051_00","task_occ_17_2051_00_153","153","Test soils or materials to determine the adequacy and strength of foundations, concrete, asphalt, or steel.","cluster_execution_routine","Supplemental","0.0155","0.3660","0.2901","optional","0.4645","src_onet_30_1|src_v2_role_graph_seed_2026_03","0.4330","seeded_from_onet_task_inventory"
"occ_17_2051_00","task_occ_17_2051_00_155","155","Conduct studies of traffic patterns or environmental conditions to identify engineering problems and assess potential project impact.","cluster_execution_routine","Supplemental","0.0101","0.1924","0.1894","optional","0.4645","src_onet_30_1|src_v2_role_graph_seed_2026_03","0.4330","seeded_from_onet_task_inventory"
"occ_17_2051_00","task_occ_17_2051_00_19607","19607","Design energy-efficient or environmentally sound civil structures.","cluster_execution_routine","Core","0.0097","0.3500","0.2808","supporting","0.4645","src_onet_30_1|src_v2_role_graph_seed_2026_03","0.4730","seeded_from_onet_task_inventory"
"occ_17_2051_00","task_occ_17_2051_00_19608","19608","Design or engineer systems to efficiently dispose of chemical, biological, or other toxic wastes.","cluster_execution_routine","Supplemental","0.0076","0.1118","0.1426","optional","0.4645","src_onet_30_1|src_v2_role_graph_seed_2026_03","0.4330","seeded_from_onet_task_inventory"
"occ_17_2051_00","task_occ_17_2051_00_19609","19609","Develop or implement engineering solutions to clean up industrial accidents or other contaminated sites.","cluster_execution_routine","Supplemental","0.0089","0.1552","0.1678","optional","0.4645","src_onet_30_1|src_v2_role_graph_seed_2026_03","0.4330","seeded_from_onet_task_inventory"
"occ_17_2051_00","task_occ_17_2051_00_19610","19610","Direct engineering activities, ensuring compliance with environmental, safety, or other governmental regulations.","cluster_execution_routine","Core","0.0784","0.7022","0.4851","core","0.4645","src_onet_30_1|src_v2_role_graph_seed_2026_03","0.4730","seeded_from_onet_task_inventory"
"occ_17_2051_00","task_occ_17_2051_00_19611","19611","Identify environmental risks and develop risk management strategies for civil engineering projects.","cluster_execution_routine","Supplemental","0.0124","0.2668","0.2325","optional","0.4645","src_onet_30_1|src_v2_role_graph_seed_2026_03","0.4330","seeded_from_onet_task_inventory"
"occ_17_2051_00","task_occ_17_2051_00_20489","20489","Provide technical advice to industrial or managerial personnel regarding design, construction, program modifications, or structural repairs.","cluster_execution_routine","Core","0.0132","0.4616","0.3455","supporting","0.4645","src_onet_30_1|src_v2_role_graph_seed_2026_03","0.4730","seeded_from_onet_task_inventory"
"occ_17_2051_00","task_occ_17_2051_00_20490","20490","Manage and direct the construction, operations, or maintenance activities at project site.","cluster_execution_routine","Core","0.0683","0.6554","0.4579","supporting","0.4645","src_onet_30_1|src_v2_role_graph_seed_2026_03","0.4730","seeded_from_onet_task_inventory"
"occ_17_2051_00","task_occ_17_2051_00_20491","20491","Plan and design transportation or hydraulic systems or structures, using computer-assisted design or drawing tools.","cluster_execution_routine","Core","0.0697","0.6464","0.4527","supporting","0.4645","src_onet_30_1|src_v2_role_graph_seed_2026_03","0.4730","seeded_from_onet_task_inventory"
"occ_17_2051_00","task_occ_17_2051_00_20492","20492","Analyze survey reports, maps, drawings, blueprints, aerial photography, or other topographical or geologic data.","cluster_execution_routine","Core","0.0461","0.5690","0.4078","supporting","0.4645","src_onet_30_1|src_v2_role_graph_seed_2026_03","0.4730","seeded_from_onet_task_inventory"
"occ_17_2051_00","task_occ_17_2051_00_jd_ce_01","jd_ce_01","Design civil infrastructure and prepare construction plans for transportation, utility, or site-development projects.","cluster_drafting","Core","0.0504","0.7600","0.6318","core","0.3175","src_manual_job_description_review_2026_03|src_v2_role_graph_seed_2026_03","0.7065","seeded_from_job_description_expansion"
"occ_17_2051_00","task_occ_17_2051_00_jd_ce_02","jd_ce_02","Prepare technical calculations, design reports, cost estimates, and permit-ready materials for civil projects.","cluster_analysis","Core","0.0434","0.8256","0.7452","core","0.5095","src_manual_job_description_review_2026_03|src_v2_role_graph_seed_2026_03","0.7870","seeded_from_job_description_expansion"
"occ_17_2051_00","task_occ_17_2051_00_jd_ce_03","jd_ce_03","Coordinate with agencies, utilities, subconsultants, and multidisciplinary project teams to keep civil delivery aligned and buildable.","cluster_coordination","Core","0.0438","0.8564","0.8625","core","0.4685","src_manual_job_description_review_2026_03|src_v2_role_graph_seed_2026_03","0.7590","seeded_from_job_description_expansion"
"occ_17_2051_00","task_occ_17_2051_00_jd_ce_04","jd_ce_04","Review drawings, specifications, and site-design outputs for code compliance, quality, and construction readiness.","cluster_qa_review","Core","0.0418","0.7824","0.6574","core","0.3135","src_manual_job_description_review_2026_03|src_v2_role_graph_seed_2026_03","0.8150","seeded_from_job_description_expansion"
"occ_17_2051_00","task_occ_17_2051_00_jd_ce2_01","jd_ce2_01","Compare design options and recommend choices that balance code, cost, schedule, constructability, and stakeholder constraints.","cluster_decision_support","Core","0.0438","0.9164","0.9253","core","0.4885","src_manual_job_description_review_2026_03|src_v2_role_graph_seed_2026_03","0.7765","seeded_from_job_description_expansion"
"occ_17_2051_00","task_occ_17_2051_00_jd_ce2_02","jd_ce2_02","Prepare permit narratives, design packages, and construction documentation that let projects move through review and delivery.","cluster_documentation","Core","0.0465","0.6820","0.5242","supporting","0.4725","src_manual_job_description_review_2026_03|src_v2_role_graph_seed_2026_03","0.7660","seeded_from_job_description_expansion"
"occ_17_2051_00","task_occ_17_2051_00_jd_ce2_03","jd_ce2_03","Manage RFIs, submittals, field follow-through, and construction-phase workflow tasks after design work leaves the desk.","cluster_workflow_admin","Core","0.0401","0.6184","0.4897","supporting","0.3175","src_manual_job_description_review_2026_03|src_v2_role_graph_seed_2026_03","0.7065","seeded_from_job_description_expansion"
"occ_17_2051_00","task_occ_17_2051_00_jd_ce2_04","jd_ce2_04","Gather site, utility, and regulatory context and synthesize technical inputs before detailed civil design begins.","cluster_research_synthesis","Core","0.0397","0.7776","0.7320","core","0.3175","src_manual_job_description_review_2026_03|src_v2_role_graph_seed_2026_03","0.7065","seeded_from_job_description_expansion"
"occ_17_2051_00","task_occ_17_2051_00_jd_ce3_01","jd_ce3_01","Explain design tradeoffs, utility constraints, and permitting issues to agencies, clients, and partner disciplines when projects hit ambiguity.","cluster_client_interaction","Core","0.0408","0.7596","0.8216","core","0.3175","src_manual_job_description_review_2026_03|src_v2_role_graph_seed_2026_03","0.7065","seeded_from_job_description_expansion"
"occ_17_2051_00","task_occ_17_2051_00_jd_ce3_02","jd_ce3_02","Analyze site constraints, corridor conditions, and alternatives so early design choices reflect the most binding technical realities.","cluster_analysis","Core","0.0530","0.8080","0.7350","core","0.5095","src_manual_job_description_review_2026_03|src_v2_role_graph_seed_2026_03","0.7870","seeded_from_job_description_expansion"
"occ_17_2051_00","task_occ_17_2051_00_jd_ce3_03","jd_ce3_03","Decide which design assumptions, standards, and review priorities should govern a project before detailed production ramps up.","cluster_oversight_strategy","Core","0.0442","0.9136","0.9617","core","0.4305","src_manual_job_description_review_2026_03|src_v2_role_graph_seed_2026_03","0.7520","seeded_from_job_description_expansion"
"occ_17_2051_00","task_occ_17_2051_00_jd_ce3_04","jd_ce3_04","Review calculations, design packages, and coordination assumptions before they move to agency review or field execution.","cluster_qa_review","Core","0.0545","0.7896","0.6616","core","0.3135","src_manual_job_description_review_2026_03|src_v2_role_graph_seed_2026_03","0.8150","seeded_from_job_description_expansion"
"occ_17_2071_00","task_occ_17_2071_00_1347","1347","Confer with engineers, customers, or others to discuss existing or potential engineering projects or products.","cluster_execution_routine","Core","0.0611","0.6038","0.4280","supporting","0.4645","src_onet_30_1|src_v2_role_graph_seed_2026_03","0.4730","seeded_from_onet_task_inventory"
"occ_17_2071_00","task_occ_17_2071_00_1348","1348","Design, implement, maintain, or improve electrical instruments, equipment, facilities, components, products, or systems for commercial, industrial, or domestic purposes.","cluster_execution_routine","Core","0.0833","0.6960","0.4815","supporting","0.4645","src_onet_30_1|src_v2_role_graph_seed_2026_03","0.4730","seeded_from_onet_task_inventory"
"occ_17_2071_00","task_occ_17_2071_00_1349","1349","Operate computer-assisted engineering or design software or equipment to perform engineering tasks.","cluster_execution_routine","Core","0.0739","0.6402","0.4491","supporting","0.4645","src_onet_30_1|src_v2_role_graph_seed_2026_03","0.4730","seeded_from_onet_task_inventory"
"occ_17_2071_00","task_occ_17_2071_00_1350","1350","Direct or coordinate manufacturing, construction, installation, maintenance, support, documentation, or testing activities to ensure compliance with specifications, codes, or customer requirements.","cluster_execution_routine","Core","0.0154","0.5292","0.3847","supporting","0.4645","src_onet_30_1|src_v2_role_graph_seed_2026_03","0.4730","seeded_from_onet_task_inventory"
"occ_17_2071_00","task_occ_17_2071_00_1351","1351","Perform detailed calculations to compute and establish manufacturing, construction, or installation standards or specifications.","cluster_execution_routine","Core","0.0150","0.4864","0.3599","supporting","0.4645","src_onet_30_1|src_v2_role_graph_seed_2026_03","0.4730","seeded_from_onet_task_inventory"
"occ_17_2071_00","task_occ_17_2071_00_1353","1353","Plan or implement research methodology or procedures to apply principles of electrical theory to engineering projects.","cluster_execution_routine","Core","0.0129","0.4244","0.3240","supporting","0.4645","src_onet_30_1|src_v2_role_graph_seed_2026_03","0.4730","seeded_from_onet_task_inventory"
"occ_17_2071_00","task_occ_17_2071_00_1354","1354","Prepare specifications for purchases of materials or equipment.","cluster_execution_routine","Core","0.0399","0.5374","0.3895","supporting","0.4645","src_onet_30_1|src_v2_role_graph_seed_2026_03","0.4730","seeded_from_onet_task_inventory"
"occ_17_2071_00","task_occ_17_2071_00_1355","1355","Supervise or train project team members, as necessary.","cluster_execution_routine","Core","0.0127","0.4182","0.3204","supporting","0.4645","src_onet_30_1|src_v2_role_graph_seed_2026_03","0.4730","seeded_from_onet_task_inventory"
"occ_17_2071_00","task_occ_17_2071_00_1356","1356","Investigate or test vendors' or competitors' products.","cluster_execution_routine","Core","0.0142","0.4616","0.3455","supporting","0.4645","src_onet_30_1|src_v2_role_graph_seed_2026_03","0.4730","seeded_from_onet_task_inventory"
"occ_17_2071_00","task_occ_17_2071_00_1357","1357","Oversee project production efforts to assure projects are completed on time and within budget.","cluster_execution_routine","Core","0.0156","0.5210","0.3800","supporting","0.4645","src_onet_30_1|src_v2_role_graph_seed_2026_03","0.4730","seeded_from_onet_task_inventory"
"occ_17_2071_00","task_occ_17_2071_00_1358","1358","Prepare technical drawings, specifications of electrical systems, or topographical maps to ensure that installation and operations conform to standards and customer requirements.","cluster_execution_routine","Core","0.0137","0.4812","0.3569","supporting","0.4645","src_onet_30_1|src_v2_role_graph_seed_2026_03","0.4730","seeded_from_onet_task_inventory"
"occ_17_2071_00","task_occ_17_2071_00_1361","1361","Assist in developing capital project programs for new equipment or major repairs.","cluster_execution_routine","Core","0.0125","0.4120","0.3168","supporting","0.4645","src_onet_30_1|src_v2_role_graph_seed_2026_03","0.4730","seeded_from_onet_task_inventory"
"occ_17_2071_00","task_occ_17_2071_00_1363","1363","Compile data and write reports regarding existing or potential electrical engineering studies or projects.","cluster_execution_routine","Core","0.0453","0.5502","0.3969","supporting","0.4645","src_onet_30_1|src_v2_role_graph_seed_2026_03","0.4730","seeded_from_onet_task_inventory"
"occ_17_2071_00","task_occ_17_2071_00_1364","1364","Collect data relating to commercial or residential development, population, or power system interconnection to determine operating efficiency of electrical systems.","cluster_execution_routine","Supplemental","0.0140","0.2854","0.2433","optional","0.4645","src_onet_30_1|src_v2_role_graph_seed_2026_03","0.4330","seeded_from_onet_task_inventory"
"occ_17_2071_00","task_occ_17_2071_00_1365","1365","Conduct field surveys or study maps, graphs, diagrams, or other data to identify and correct power system problems.","cluster_execution_routine","Supplemental","0.0115","0.2110","0.2002","optional","0.4645","src_onet_30_1|src_v2_role_graph_seed_2026_03","0.4330","seeded_from_onet_task_inventory"
"occ_17_2071_00","task_occ_17_2071_00_19617","19617","Design electrical systems or components that minimize electric energy requirements, such as lighting systems designed to account for natural lighting.","cluster_execution_routine","Supplemental","0.0108","0.1924","0.1894","optional","0.4645","src_onet_30_1|src_v2_role_graph_seed_2026_03","0.4330","seeded_from_onet_task_inventory"
"occ_17_2071_00","task_occ_17_2071_00_19618","19618","Develop systems that produce electricity with renewable energy sources, such as wind, solar, or biofuels.","cluster_execution_routine","Supplemental","0.0137","0.2792","0.2397","optional","0.4645","src_onet_30_1|src_v2_role_graph_seed_2026_03","0.4330","seeded_from_onet_task_inventory"
"occ_17_2071_00","task_occ_17_2071_00_19619","19619","Integrate electrical systems with renewable energy systems to improve overall efficiency.","cluster_execution_routine","Supplemental","0.0117","0.2172","0.2038","optional","0.4645","src_onet_30_1|src_v2_role_graph_seed_2026_03","0.4330","seeded_from_onet_task_inventory"
"occ_17_2071_00","task_occ_17_2071_00_20729","20729","Estimate labor, material, or construction costs for budget preparation purposes.","cluster_execution_routine","Core","0.0147","0.4720","0.3516","supporting","0.4645","src_onet_30_1|src_v2_role_graph_seed_2026_03","0.4730","seeded_from_onet_task_inventory"
"occ_17_2071_00","task_occ_17_2071_00_20730","20730","Investigate customer or public complaints to determine the nature and extent of problems.","cluster_execution_routine","Core","0.0137","0.4492","0.3383","supporting","0.4645","src_onet_30_1|src_v2_role_graph_seed_2026_03","0.4730","seeded_from_onet_task_inventory"
"occ_17_2071_00","task_occ_17_2071_00_20731","20731","Inspect completed installations and observe operations to ensure conformance to design and equipment specifications and compliance with operational, safety, or environmental standards.","cluster_execution_routine","Core","0.0516","0.5738","0.4106","supporting","0.4645","src_onet_30_1|src_v2_role_graph_seed_2026_03","0.4730","seeded_from_onet_task_inventory"
"occ_17_2071_00","task_occ_17_2071_00_23956","23956","Develop software to control electrical systems.","cluster_execution_routine","Supplemental","0.0677","0.4330","0.3289","supporting","0.4645","src_onet_30_1|src_v2_role_graph_seed_2026_03","0.4330","seeded_from_onet_task_inventory"
"occ_17_2071_00","task_occ_17_2071_00_jd_elec_01","jd_elec_01","Design electrical and electromechanical systems from requirements through schematics, component selection, and prototype integration.","cluster_drafting","Core","0.0525","0.7568","0.5565","core","0.2425","src_manual_job_description_review_2026_03|src_v2_role_graph_seed_2026_03","0.8290","seeded_from_job_description_expansion"
"occ_17_2071_00","task_occ_17_2071_00_jd_elec_02","jd_elec_02","Make architecture and technical tradeoff decisions for embedded electronics, sensors, power systems, and reliability constraints.","cluster_decision_support","Core","0.0467","0.9256","0.9436","core","0.0055","src_manual_job_description_review_2026_03|src_v2_role_graph_seed_2026_03","0.5875","seeded_from_job_description_expansion"
"occ_17_2071_00","task_occ_17_2071_00_jd_elec_03","jd_elec_03","Validate designs through test plans, debug work, compliance checks, and production or field feedback loops.","cluster_qa_review","Core","0.0483","0.7888","0.7143","core","0.5095","src_manual_job_description_review_2026_03|src_v2_role_graph_seed_2026_03","0.7835","seeded_from_job_description_expansion"
"occ_17_2071_00","task_occ_17_2071_00_jd_elec_04","jd_elec_04","Coordinate with software, mechanical, manufacturing, and test partners to move electrical systems from concept to production.","cluster_coordination","Core","0.0439","0.8500","0.8588","core","0.4685","src_manual_job_description_review_2026_03|src_v2_role_graph_seed_2026_03","0.7590","seeded_from_job_description_expansion"
"occ_17_2071_00","task_occ_17_2071_00_jd_elec2_01","jd_elec2_01","Investigate test failures, signal issues, power anomalies, and field returns to isolate the real electrical root cause before redesign work starts.","cluster_analysis","Core","0.0500","0.8320","0.7490","core","0.5095","src_manual_job_description_review_2026_03|src_v2_role_graph_seed_2026_03","0.7870","seeded_from_job_description_expansion"
"occ_17_2071_00","task_occ_17_2071_00_jd_elec2_02","jd_elec2_02","Maintain schematics, interface definitions, compliance notes, and design records so electrical decisions remain reviewable and production-ready.","cluster_documentation","Core","0.0504","0.6728","0.5188","supporting","0.4725","src_manual_job_description_review_2026_03|src_v2_role_graph_seed_2026_03","0.7660","seeded_from_job_description_expansion"
"occ_17_2071_00","task_occ_17_2071_00_jd_elec2_03","jd_elec2_03","Explain design tradeoffs, risks, and test implications to software, mechanical, manufacturing, and program partners before build decisions are finalized.","cluster_client_interaction","Core","0.0399","0.8020","0.8794","core","0.4450","src_manual_job_description_review_2026_03|src_v2_role_graph_seed_2026_03","0.8325","seeded_from_job_description_expansion"
"occ_17_2071_00","task_occ_17_2071_00_jd_elec2_04","jd_elec2_04","Manage validation queues, change-control follow-through, and release readiness so hardware revisions move through the lab and into production cleanly.","cluster_workflow_admin","Core","0.0435","0.6092","0.5123","supporting","0.4100","src_manual_job_description_review_2026_03|src_v2_role_graph_seed_2026_03","0.7765","seeded_from_job_description_expansion"
"occ_17_2072_00","task_occ_17_2072_00_19621","19621","Investigate green consumer electronics applications for consumer electronic devices, power saving devices for computers or televisions, or energy efficient power chargers.","cluster_execution_routine","Supplemental","0.0093","0.0870","0.1283","optional","0.4645","src_onet_30_1|src_v2_role_graph_seed_2026_03","0.4330","seeded_from_onet_task_inventory"
"occ_17_2072_00","task_occ_17_2072_00_19623","19623","Research or develop new green electronics technologies, such as lighting, optical data storage devices, or energy efficient televisions.","cluster_execution_routine","Supplemental","0.0250","0.1688","0.1757","optional","0.4645","src_onet_30_1|src_v2_role_graph_seed_2026_03","0.4330","seeded_from_onet_task_inventory"
"occ_17_2072_00","task_occ_17_2072_00_20493","20493","Determine project material or equipment needs.","cluster_execution_routine","Core","0.0139","0.3624","0.2880","supporting","0.4645","src_onet_30_1|src_v2_role_graph_seed_2026_03","0.4730","seeded_from_onet_task_inventory"
"occ_17_2072_00","task_occ_17_2072_00_20494","20494","Evaluate project work to ensure effectiveness, technical adequacy, or compatibility in the resolution of complex electronics engineering problems.","cluster_execution_routine","Core","0.0198","0.4988","0.3671","supporting","0.4645","src_onet_30_1|src_v2_role_graph_seed_2026_03","0.4730","seeded_from_onet_task_inventory"
"occ_17_2072_00","task_occ_17_2072_00_20495","20495","Analyze electronics system requirements, capacity, cost, or customer needs to determine project feasibility.","cluster_execution_routine","Core","0.0158","0.4058","0.3132","supporting","0.4645","src_onet_30_1|src_v2_role_graph_seed_2026_03","0.4730","seeded_from_onet_task_inventory"
"occ_17_2072_00","task_occ_17_2072_00_20496","20496","Confer with engineers, customers, vendors, or others to discuss existing or potential electronics engineering projects or products.","cluster_execution_routine","Core","0.0372","0.5272","0.3836","supporting","0.4645","src_onet_30_1|src_v2_role_graph_seed_2026_03","0.4730","seeded_from_onet_task_inventory"
"occ_17_2072_00","task_occ_17_2072_00_20497","20497","Operate computer-assisted engineering or design software or equipment to perform electronics engineering tasks.","cluster_execution_routine","Core","0.1015","0.6712","0.4671","supporting","0.4645","src_onet_30_1|src_v2_role_graph_seed_2026_03","0.4730","seeded_from_onet_task_inventory"
"occ_17_2072_00","task_occ_17_2072_00_20498","20498","Recommend repair or design modifications of electronics components or systems, based on factors such as environment, service, cost, or system capabilities.","cluster_execution_routine","Core","0.0176","0.4492","0.3383","supporting","0.4645","src_onet_30_1|src_v2_role_graph_seed_2026_03","0.4730","seeded_from_onet_task_inventory"
"occ_17_2072_00","task_occ_17_2072_00_20499","20499","Provide technical support or instruction to staff or customers regarding electronics equipment standards.","cluster_execution_routine","Core","0.0179","0.4554","0.3419","supporting","0.4645","src_onet_30_1|src_v2_role_graph_seed_2026_03","0.4730","seeded_from_onet_task_inventory"
"occ_17_2072_00","task_occ_17_2072_00_20500","20500","Prepare budget or cost estimates for equipment, construction, or installation projects or control expenditures.","cluster_execution_routine","Supplemental","0.0125","0.1614","0.1714","optional","0.4645","src_onet_30_1|src_v2_role_graph_seed_2026_03","0.4330","seeded_from_onet_task_inventory"
"occ_17_2072_00","task_occ_17_2072_00_5339","5339","Design electronic components, software, products, or systems for commercial, industrial, medical, military, or scientific applications.","cluster_execution_routine","Core","0.0267","0.5590","0.4020","supporting","0.4645","src_onet_30_1|src_v2_role_graph_seed_2026_03","0.4730","seeded_from_onet_task_inventory"
"occ_17_2072_00","task_occ_17_2072_00_5346","5346","Inspect electronic equipment, instruments, products, or systems to ensure conformance to specifications, safety standards, or applicable codes or regulations.","cluster_execution_routine","Core","0.0150","0.3872","0.3024","supporting","0.4645","src_onet_30_1|src_v2_role_graph_seed_2026_03","0.4730","seeded_from_onet_task_inventory"
"occ_17_2072_00","task_occ_17_2072_00_5348","5348","Prepare documentation containing information such as confidential descriptions or specifications of proprietary hardware or software, product development or introduction schedules, product costs, or information about product performance weaknesses.","cluster_execution_routine","Core","0.0252","0.4894","0.3617","supporting","0.4645","src_onet_30_1|src_v2_role_graph_seed_2026_03","0.4730","seeded_from_onet_task_inventory"
"occ_17_2072_00","task_occ_17_2072_00_5349","5349","Direct or coordinate activities concerned with manufacture, construction, installation, maintenance, operation, or modification of electronic equipment, products, or systems.","cluster_execution_routine","Core","0.0925","0.6324","0.4446","supporting","0.4645","src_onet_30_1|src_v2_role_graph_seed_2026_03","0.4730","seeded_from_onet_task_inventory"
"occ_17_2072_00","task_occ_17_2072_00_5350","5350","Develop or perform operational, maintenance, or testing procedures for electronic products, components, equipment, or systems.","cluster_execution_routine","Core","0.0366","0.4902","0.3621","supporting","0.4645","src_onet_30_1|src_v2_role_graph_seed_2026_03","0.4730","seeded_from_onet_task_inventory"
"occ_17_2072_00","task_occ_17_2072_00_5351","5351","Plan or develop applications or modifications for electronic properties used in components, products, or systems to improve technical performance.","cluster_execution_routine","Supplemental","0.0163","0.2482","0.2218","optional","0.4645","src_onet_30_1|src_v2_role_graph_seed_2026_03","0.4330","seeded_from_onet_task_inventory"
"occ_17_2072_00","task_occ_17_2072_00_5352","5352","Prepare engineering sketches or specifications for construction, relocation, or installation of equipment, facilities, products, or systems.","cluster_execution_routine","Supplemental","0.0128","0.1676","0.1750","optional","0.4645","src_onet_30_1|src_v2_role_graph_seed_2026_03","0.4330","seeded_from_onet_task_inventory"
"occ_17_2072_00","task_occ_17_2072_00_5354","5354","Prepare, review, or maintain maintenance schedules, design documentation, or operational reports or charts.","cluster_execution_routine","Core","0.0277","0.4464","0.3367","supporting","0.4645","src_onet_30_1|src_v2_role_graph_seed_2026_03","0.4730","seeded_from_onet_task_inventory"
"occ_17_2072_00","task_occ_17_2072_00_5355","5355","Prepare necessary criteria, procedures, reports, or plans for successful conduct of the project with consideration given to site preparation, facility validation, installation, quality assurance, or testing.","cluster_execution_routine","Supplemental","0.0166","0.2544","0.2254","optional","0.4645","src_onet_30_1|src_v2_role_graph_seed_2026_03","0.4330","seeded_from_onet_task_inventory"
"occ_17_2072_00","task_occ_17_2072_00_5357","5357","Represent employer at conferences, meetings, boards, panels, committees, or working groups to present, explain, or defend findings or recommendations, negotiate compromises or agreements, or exchange information.","cluster_execution_routine","Supplemental","0.0091","0.0808","0.1247","optional","0.4645","src_onet_30_1|src_v2_role_graph_seed_2026_03","0.4330","seeded_from_onet_task_inventory"
"occ_17_2072_00","task_occ_17_2072_00_jd_ee_01","jd_ee_01","Own electrical-system design from requirements through schematic, PCB, bring-up, and integration for deployed hardware.","cluster_drafting","Core","0.0657","0.7444","0.6534","core","0.4555","src_manual_job_description_review_2026_03|src_v2_role_graph_seed_2026_03","0.8255","seeded_from_job_description_expansion"
"occ_17_2072_00","task_occ_17_2072_00_jd_ee_02","jd_ee_02","Make architecture and component decisions for power, avionics, interfaces, and embedded electronics under system constraints.","cluster_decision_support","Core","0.0591","0.9348","0.9360","core","0.4885","src_manual_job_description_review_2026_03|src_v2_role_graph_seed_2026_03","0.7765","seeded_from_job_description_expansion"
"occ_17_2072_00","task_occ_17_2072_00_jd_ee_03","jd_ee_03","Validate, debug, and characterize electronic systems through lab testing, design verification, and manufacturing or field feedback loops.","cluster_qa_review","Core","0.0598","0.7856","0.6670","core","0.4630","src_manual_job_description_review_2026_03|src_v2_role_graph_seed_2026_03","0.8325","seeded_from_job_description_expansion"
"occ_17_2072_00","task_occ_17_2072_00_jd_ee_04","jd_ee_04","Build test automation, fixtures, and data-collection systems that let hardware move reliably from engineering into scaled production.","cluster_coordination","Core","0.0555","0.8592","0.8641","core","0.4685","src_manual_job_description_review_2026_03|src_v2_role_graph_seed_2026_03","0.7590","seeded_from_job_description_expansion"
"occ_17_2072_00","task_occ_17_2072_00_jd_ee2_01","jd_ee2_01","Analyze signal integrity, power behavior, failure modes, and test data to identify where electronics designs are likely to break or drift out of spec.","cluster_analysis","Core","0.0588","0.8040","0.7327","core","0.5095","src_manual_job_description_review_2026_03|src_v2_role_graph_seed_2026_03","0.7870","seeded_from_job_description_expansion"
"occ_17_2072_00","task_occ_17_2072_00_jd_ee2_02","jd_ee2_02","Maintain schematics, interface specs, BOM updates, and release documentation so electrical designs stay buildable across revisions.","cluster_documentation","Core","0.0553","0.6384","0.4561","supporting","0.4170","src_manual_job_description_review_2026_03|src_v2_role_graph_seed_2026_03","0.8430","seeded_from_job_description_expansion"
"occ_17_2072_00","task_occ_17_2072_00_jd_ee2_03","jd_ee2_03","Explain electrical tradeoffs, validation results, and integration constraints to software, mechanical, manufacturing, and supplier partners.","cluster_client_interaction","Core","0.0464","0.7740","0.8631","core","0.1615","src_manual_job_description_review_2026_03|src_v2_role_graph_seed_2026_03","0.7765","seeded_from_job_description_expansion"
"occ_17_2072_00","task_occ_17_2072_00_jd_ee2_04","jd_ee2_04","Run bring-up, change-control, and lab-to-production workflows so issues are tracked and hardware moves cleanly through release gates.","cluster_workflow_admin","Core","0.0505","0.5904","0.4734","supporting","0.3175","src_manual_job_description_review_2026_03|src_v2_role_graph_seed_2026_03","0.7065","seeded_from_job_description_expansion"
"occ_17_2112_00","task_occ_17_2112_00_1391","1391","Analyze statistical data and product specifications to determine standards and establish quality and reliability objectives of finished product.","cluster_execution_routine","Core","0.0169","0.5076","0.3722","supporting","0.4645","src_onet_30_1|src_v2_role_graph_seed_2026_03","0.4730","seeded_from_onet_task_inventory"
"occ_17_2112_00","task_occ_17_2112_00_1392","1392","Develop manufacturing methods, labor utilization standards, and cost analysis systems to promote efficient staff and facility utilization.","cluster_execution_routine","Core","0.0142","0.4452","0.3360","supporting","0.4645","src_onet_30_1|src_v2_role_graph_seed_2026_03","0.4730","seeded_from_onet_task_inventory"
"occ_17_2112_00","task_occ_17_2112_00_1393","1393","Recommend methods for improving utilization of personnel, material, and utilities.","cluster_execution_routine","Core","0.0670","0.5946","0.4227","supporting","0.4645","src_onet_30_1|src_v2_role_graph_seed_2026_03","0.4730","seeded_from_onet_task_inventory"
"occ_17_2112_00","task_occ_17_2112_00_1394","1394","Plan and establish sequence of operations to fabricate and assemble parts or products and to promote efficient utilization.","cluster_execution_routine","Core","0.0721","0.6302","0.4433","supporting","0.4645","src_onet_30_1|src_v2_role_graph_seed_2026_03","0.4730","seeded_from_onet_task_inventory"
"occ_17_2112_00","task_occ_17_2112_00_1395","1395","Apply statistical methods and perform mathematical calculations to determine manufacturing processes, staff requirements, and production standards.","cluster_execution_routine","Core","0.0136","0.4058","0.3132","supporting","0.4645","src_onet_30_1|src_v2_role_graph_seed_2026_03","0.4730","seeded_from_onet_task_inventory"
"occ_17_2112_00","task_occ_17_2112_00_1398","1398","Draft and design layout of equipment, materials, and workspace to illustrate maximum efficiency using drafting tools and computer.","cluster_execution_routine","Core","0.0311","0.5148","0.3764","supporting","0.4645","src_onet_30_1|src_v2_role_graph_seed_2026_03","0.4730","seeded_from_onet_task_inventory"
"occ_17_2112_00","task_occ_17_2112_00_1399","1399","Review production schedules, engineering specifications, orders, and related information to obtain knowledge of manufacturing methods, procedures, and activities.","cluster_execution_routine","Core","0.0142","0.4244","0.3240","supporting","0.4645","src_onet_30_1|src_v2_role_graph_seed_2026_03","0.4730","seeded_from_onet_task_inventory"
"occ_17_2112_00","task_occ_17_2112_00_1400","1400","Communicate with management and user personnel to develop production and design standards.","cluster_execution_routine","Core","0.0398","0.5432","0.3929","supporting","0.4645","src_onet_30_1|src_v2_role_graph_seed_2026_03","0.4730","seeded_from_onet_task_inventory"
"occ_17_2112_00","task_occ_17_2112_00_1402","1402","Formulate sampling procedures and designs and develop forms and instructions for recording, evaluating, and reporting quality and reliability data.","cluster_execution_routine","Core","0.0122","0.3686","0.2916","supporting","0.4645","src_onet_30_1|src_v2_role_graph_seed_2026_03","0.4730","seeded_from_onet_task_inventory"
"occ_17_2112_00","task_occ_17_2112_00_1403","1403","Record or oversee recording of information to ensure currency of engineering drawings and documentation of production problems.","cluster_execution_routine","Core","0.0154","0.4618","0.3456","supporting","0.4645","src_onet_30_1|src_v2_role_graph_seed_2026_03","0.4730","seeded_from_onet_task_inventory"
"occ_17_2112_00","task_occ_17_2112_00_1404","1404","Study operations sequence, material flow, functional statements, organization charts, and project information to determine worker functions and responsibilities.","cluster_execution_routine","Core","0.0131","0.3934","0.3060","supporting","0.4645","src_onet_30_1|src_v2_role_graph_seed_2026_03","0.4730","seeded_from_onet_task_inventory"
"occ_17_2112_00","task_occ_17_2112_00_1405","1405","Direct workers engaged in product measurement, inspection, and testing activities to ensure quality control and reliability.","cluster_execution_routine","Core","0.0747","0.6030","0.4275","supporting","0.4645","src_onet_30_1|src_v2_role_graph_seed_2026_03","0.4730","seeded_from_onet_task_inventory"
"occ_17_2112_00","task_occ_17_2112_00_1406","1406","Implement methods and procedures for disposition of discrepant material and defective or damaged parts, and assess cost and responsibility.","cluster_execution_routine","Core","0.0138","0.4408","0.3335","supporting","0.4645","src_onet_30_1|src_v2_role_graph_seed_2026_03","0.4730","seeded_from_onet_task_inventory"
"occ_17_2112_00","task_occ_17_2112_00_1407","1407","Evaluate precision and accuracy of production and testing equipment and engineering drawings to formulate corrective action plan.","cluster_execution_routine","Core","0.0277","0.5130","0.3753","supporting","0.4645","src_onet_30_1|src_v2_role_graph_seed_2026_03","0.4730","seeded_from_onet_task_inventory"
"occ_17_2112_00","task_occ_17_2112_00_1408","1408","Complete production reports, purchase orders, and material, tool, and equipment lists.","cluster_execution_routine","Core","0.0175","0.4582","0.3436","supporting","0.4645","src_onet_30_1|src_v2_role_graph_seed_2026_03","0.4730","seeded_from_onet_task_inventory"
"occ_17_2112_00","task_occ_17_2112_00_1409","1409","Schedule deliveries based on production forecasts, material substitutions, storage and handling facilities, and maintenance requirements.","cluster_execution_routine","Supplemental","0.0122","0.2098","0.1995","optional","0.4645","src_onet_30_1|src_v2_role_graph_seed_2026_03","0.4330","seeded_from_onet_task_inventory"
"occ_17_2112_00","task_occ_17_2112_00_1410","1410","Regulate and alter workflow schedules according to established manufacturing sequences and lead times to expedite production operations.","cluster_execution_routine","Supplemental","0.0126","0.2110","0.2002","optional","0.4645","src_onet_30_1|src_v2_role_graph_seed_2026_03","0.4330","seeded_from_onet_task_inventory"
"occ_17_2112_00","task_occ_17_2112_00_18607","18607","Estimate production costs, cost saving methods, and the effects of product design changes on expenditures for management review, action, and control.","cluster_execution_routine","Core","0.0170","0.5020","0.3690","supporting","0.4645","src_onet_30_1|src_v2_role_graph_seed_2026_03","0.4730","seeded_from_onet_task_inventory"
"occ_17_2112_00","task_occ_17_2112_00_18608","18608","Coordinate and implement quality control objectives, activities, or procedures to resolve production problems, maximize product reliability, or minimize costs.","cluster_execution_routine","Core","0.0138","0.4200","0.3214","supporting","0.4645","src_onet_30_1|src_v2_role_graph_seed_2026_03","0.4730","seeded_from_onet_task_inventory"
"occ_17_2112_00","task_occ_17_2112_00_18609","18609","Confer with clients, vendors, staff, and management personnel regarding purchases, product and production specifications, manufacturing capabilities, or project status.","cluster_execution_routine","Core","0.0159","0.4790","0.3556","supporting","0.4645","src_onet_30_1|src_v2_role_graph_seed_2026_03","0.4730","seeded_from_onet_task_inventory"
"occ_17_2112_00","task_occ_17_2112_00_jd_ind_01","jd_ind_01","Analyze production flow, cycle time, waste, and throughput data to identify where systems are constraining output.","cluster_analysis","Core","0.0697","0.8668","0.7691","core","0.5095","src_manual_job_description_review_2026_03|src_v2_role_graph_seed_2026_03","0.7870","seeded_from_job_description_expansion"
"occ_17_2112_00","task_occ_17_2112_00_jd_ind_02","jd_ind_02","Recommend process, layout, and resource changes that improve efficiency, quality, and labor utilization across operations.","cluster_decision_support","Core","0.0645","0.9388","0.9387","core","0.1840","src_manual_job_description_review_2026_03|src_v2_role_graph_seed_2026_03","0.8080","seeded_from_job_description_expansion"
"occ_17_2112_00","task_occ_17_2112_00_jd_ind_03","jd_ind_03","Coordinate with operations, quality, and engineering teams to implement process improvements and keep multiple efforts aligned.","cluster_coordination","Core","0.0579","0.8384","0.8521","core","0.4685","src_manual_job_description_review_2026_03|src_v2_role_graph_seed_2026_03","0.7590","seeded_from_job_description_expansion"
"occ_17_2112_00","task_occ_17_2112_00_jd_ind_04","jd_ind_04","Run time studies, quality checks, and production reviews that verify whether process changes are actually working.","cluster_qa_review","Core","0.0662","0.8112","0.7273","core","0.5095","src_manual_job_description_review_2026_03|src_v2_role_graph_seed_2026_03","0.7835","seeded_from_job_description_expansion"
"occ_17_2112_00","task_occ_17_2112_00_jd_ind2_01","jd_ind2_01","Map current-state processes, gather floor observations, and turn operator feedback into concrete improvement hypotheses before changing the line.","cluster_research_synthesis","Core","0.0629","0.8064","0.7487","core","0.3175","src_manual_job_description_review_2026_03|src_v2_role_graph_seed_2026_03","0.7065","seeded_from_job_description_expansion"
"occ_17_2112_00","task_occ_17_2112_00_jd_ind2_02","jd_ind2_02","Maintain implementation trackers, capacity assumptions, and follow-through logs so process changes stay coordinated across production teams.","cluster_workflow_admin","Core","0.0595","0.6408","0.5027","supporting","0.3175","src_manual_job_description_review_2026_03|src_v2_role_graph_seed_2026_03","0.7065","seeded_from_job_description_expansion"
"occ_17_2112_00","task_occ_17_2112_00_jd_ind2_03","jd_ind2_03","Work directly with operators, supervisors, and quality partners when proposed changes affect standard work, staffing, or material flow.","cluster_client_interaction","Core","0.0469","0.7808","0.8339","core","0.3175","src_manual_job_description_review_2026_03|src_v2_role_graph_seed_2026_03","0.7065","seeded_from_job_description_expansion"
"occ_17_2112_00","task_occ_17_2112_00_jd_ind2_04","jd_ind2_04","Set standard-work expectations, escalation rules, and continuous-improvement priorities that keep the process stable after changes land.","cluster_oversight_strategy","Core","0.0579","0.9692","0.9900","core","0.4305","src_manual_job_description_review_2026_03|src_v2_role_graph_seed_2026_03","0.7520","seeded_from_job_description_expansion"
"occ_17_2141_00","task_occ_17_2141_00_1411","1411","Read and interpret blueprints, technical drawings, schematics, or computer-generated reports.","cluster_execution_routine","Core","0.0566","0.7084","0.4887","core","0.4645","src_onet_30_1|src_v2_role_graph_seed_2026_03","0.4730","seeded_from_onet_task_inventory"
"occ_17_2141_00","task_occ_17_2141_00_1412","1412","Confer with engineers or other personnel to implement operating procedures, resolve system malfunctions, or provide technical information.","cluster_execution_routine","Core","0.0511","0.6588","0.4599","supporting","0.4645","src_onet_30_1|src_v2_role_graph_seed_2026_03","0.4730","seeded_from_onet_task_inventory"
"occ_17_2141_00","task_occ_17_2141_00_1413","1413","Research and analyze customer design proposals, specifications, manuals, or other data to evaluate the feasibility, cost, or maintenance requirements of designs or applications.","cluster_execution_routine","Core","0.0355","0.5694","0.4081","supporting","0.4645","src_onet_30_1|src_v2_role_graph_seed_2026_03","0.4730","seeded_from_onet_task_inventory"
"occ_17_2141_00","task_occ_17_2141_00_1418","1418","Provide feedback to design engineers on customer problems or needs.","cluster_execution_routine","Core","0.0106","0.4474","0.3373","supporting","0.4645","src_onet_30_1|src_v2_role_graph_seed_2026_03","0.4730","seeded_from_onet_task_inventory"
"occ_17_2141_00","task_occ_17_2141_00_1419","1419","Oversee installation, operation, maintenance, or repair to ensure that machines or equipment are installed and functioning according to specifications.","cluster_execution_routine","Core","0.0158","0.4836","0.3583","supporting","0.4645","src_onet_30_1|src_v2_role_graph_seed_2026_03","0.4730","seeded_from_onet_task_inventory"
"occ_17_2141_00","task_occ_17_2141_00_1420","1420","Conduct research that tests or analyzes the feasibility, design, operation, or performance of equipment, components, or systems.","cluster_execution_routine","Core","0.0083","0.4424","0.3344","supporting","0.4645","src_onet_30_1|src_v2_role_graph_seed_2026_03","0.4730","seeded_from_onet_task_inventory"
"occ_17_2141_00","task_occ_17_2141_00_1421","1421","Recommend design modifications to eliminate machine or system malfunctions.","cluster_execution_routine","Core","0.0124","0.5094","0.3733","supporting","0.4645","src_onet_30_1|src_v2_role_graph_seed_2026_03","0.4730","seeded_from_onet_task_inventory"
"occ_17_2141_00","task_occ_17_2141_00_1423","1423","Develop, coordinate, or monitor all aspects of production, including selection of manufacturing methods, fabrication, or operation of product designs.","cluster_execution_routine","Core","0.0344","0.5190","0.3788","supporting","0.4645","src_onet_30_1|src_v2_role_graph_seed_2026_03","0.4730","seeded_from_onet_task_inventory"
"occ_17_2141_00","task_occ_17_2141_00_1427","1427","Establish or coordinate the maintenance or safety procedures, service schedule, or supply of materials required to maintain machines or equipment in the prescribed condition.","cluster_execution_routine","Supplemental","0.0138","0.2640","0.2309","optional","0.4645","src_onet_30_1|src_v2_role_graph_seed_2026_03","0.4330","seeded_from_onet_task_inventory"
"occ_17_2141_00","task_occ_17_2141_00_1429","1429","Write performance requirements for product development or engineering projects.","cluster_execution_routine","Core","0.0087","0.4286","0.3264","supporting","0.4645","src_onet_30_1|src_v2_role_graph_seed_2026_03","0.4730","seeded_from_onet_task_inventory"
"occ_17_2141_00","task_occ_17_2141_00_1430","1430","Apply engineering principles or practices to emerging fields, such as robotics, waste management, or biomedical engineering.","cluster_execution_routine","Supplemental","0.0442","0.4268","0.3253","supporting","0.4645","src_onet_30_1|src_v2_role_graph_seed_2026_03","0.4330","seeded_from_onet_task_inventory"
"occ_17_2141_00","task_occ_17_2141_00_1431","1431","Design test control apparatus or equipment or develop procedures for testing products.","cluster_execution_routine","Supplemental","0.0122","0.2622","0.2299","optional","0.4645","src_onet_30_1|src_v2_role_graph_seed_2026_03","0.4330","seeded_from_onet_task_inventory"
"occ_17_2141_00","task_occ_17_2141_00_19627","19627","Calculate energy losses for buildings, using equipment such as computers, combustion analyzers, or pressure gauges.","cluster_execution_routine","Supplemental","0.0221","0.3822","0.2995","optional","0.4645","src_onet_30_1|src_v2_role_graph_seed_2026_03","0.4330","seeded_from_onet_task_inventory"
"occ_17_2141_00","task_occ_17_2141_00_19628","19628","Design integrated mechanical or alternative systems, such as mechanical cooling systems with natural ventilation systems, to improve energy efficiency.","cluster_execution_routine","Supplemental","0.0511","0.4888","0.3613","supporting","0.4645","src_onet_30_1|src_v2_role_graph_seed_2026_03","0.4330","seeded_from_onet_task_inventory"
"occ_17_2141_00","task_occ_17_2141_00_19629","19629","Direct the installation, operation, maintenance, or repair of renewable energy equipment, such as heating, ventilating, and air conditioning (HVAC) or water systems.","cluster_execution_routine","Supplemental","0.0291","0.3632","0.2885","optional","0.4645","src_onet_30_1|src_v2_role_graph_seed_2026_03","0.4330","seeded_from_onet_task_inventory"
"occ_17_2141_00","task_occ_17_2141_00_19630","19630","Evaluate mechanical designs or prototypes for energy performance or environmental impact.","cluster_execution_routine","Supplemental","0.0164","0.3106","0.2579","optional","0.4645","src_onet_30_1|src_v2_role_graph_seed_2026_03","0.4330","seeded_from_onet_task_inventory"
"occ_17_2141_00","task_occ_17_2141_00_19631","19631","Recommend the use of utility or energy services that minimize carbon footprints.","cluster_execution_routine","Supplemental","0.0273","0.3798","0.2981","optional","0.4645","src_onet_30_1|src_v2_role_graph_seed_2026_03","0.4330","seeded_from_onet_task_inventory"
"occ_17_2141_00","task_occ_17_2141_00_19632","19632","Select or install combined heat units, power units, cogeneration equipment, or trigeneration equipment that reduces energy use or pollution.","cluster_execution_routine","Supplemental","0.0133","0.3040","0.2541","optional","0.4645","src_onet_30_1|src_v2_role_graph_seed_2026_03","0.4330","seeded_from_onet_task_inventory"
"occ_17_2141_00","task_occ_17_2141_00_20733","20733","Research, design, evaluate, install, operate, or maintain mechanical products, equipment, systems or processes to meet requirements.","cluster_execution_routine","Core","0.0546","0.6898","0.4779","supporting","0.4645","src_onet_30_1|src_v2_role_graph_seed_2026_03","0.4730","seeded_from_onet_task_inventory"
"occ_17_2141_00","task_occ_17_2141_00_20734","20734","Investigate equipment failures or difficulties to diagnose faulty operation and recommend remedial actions.","cluster_execution_routine","Core","0.0458","0.6214","0.4382","supporting","0.4645","src_onet_30_1|src_v2_role_graph_seed_2026_03","0.4730","seeded_from_onet_task_inventory"
"occ_17_2141_00","task_occ_17_2141_00_20735","20735","Develop or test models of alternate designs or processing methods to assess feasibility, sustainability, operating condition effects, potential new applications, or necessity of modification.","cluster_execution_routine","Core","0.0114","0.4506","0.3391","supporting","0.4645","src_onet_30_1|src_v2_role_graph_seed_2026_03","0.4730","seeded_from_onet_task_inventory"
"occ_17_2141_00","task_occ_17_2141_00_20736","20736","Specify system components or direct modification of products to ensure conformance with engineering design, performance specifications, or environmental regulations.","cluster_execution_routine","Core","0.0393","0.6450","0.4519","supporting","0.4645","src_onet_30_1|src_v2_role_graph_seed_2026_03","0.4730","seeded_from_onet_task_inventory"
"occ_17_2141_00","task_occ_17_2141_00_20737","20737","Assist drafters in developing the structural design of products, using drafting tools or computer-assisted drafting equipment or software.","cluster_execution_routine","Core","0.0421","0.5782","0.4132","supporting","0.4645","src_onet_30_1|src_v2_role_graph_seed_2026_03","0.4730","seeded_from_onet_task_inventory"
"occ_17_2141_00","task_occ_17_2141_00_20738","20738","Estimate costs or submit bids for engineering, construction, or extraction projects.","cluster_execution_routine","Core","0.0106","0.4258","0.3248","supporting","0.4645","src_onet_30_1|src_v2_role_graph_seed_2026_03","0.4730","seeded_from_onet_task_inventory"
"occ_17_2141_00","task_occ_17_2141_00_20739","20739","Perform personnel functions, such as supervision of production workers, technicians, technologists, or other engineers.","cluster_execution_routine","Supplemental","0.0442","0.4268","0.3253","supporting","0.4645","src_onet_30_1|src_v2_role_graph_seed_2026_03","0.4330","seeded_from_onet_task_inventory"
"occ_17_2141_00","task_occ_17_2141_00_20740","20740","Solicit new business.","cluster_execution_routine","Supplemental","0.0267","0.2896","0.2458","optional","0.4645","src_onet_30_1|src_v2_role_graph_seed_2026_03","0.4330","seeded_from_onet_task_inventory"
"occ_17_2141_00","task_occ_17_2141_00_20741","20741","Provide technical customer service.","cluster_execution_routine","Core","0.0128","0.4724","0.3518","supporting","0.4645","src_onet_30_1|src_v2_role_graph_seed_2026_03","0.4730","seeded_from_onet_task_inventory"
"occ_17_2141_00","task_occ_17_2141_00_20742","20742","Study industrial processes to maximize the efficiency of equipment applications, including equipment placement.","cluster_execution_routine","Supplemental","0.0112","0.2636","0.2307","optional","0.4645","src_onet_30_1|src_v2_role_graph_seed_2026_03","0.4330","seeded_from_onet_task_inventory"
"occ_17_2141_00","task_occ_17_2141_00_jd_me_01","jd_me_01","Own mechanical subsystems, structures, enclosures, or trim packages and integrate them into larger vehicle or hardware platforms.","cluster_drafting","Core","0.0329","0.7412","0.6209","core","0.3175","src_manual_job_description_review_2026_03|src_v2_role_graph_seed_2026_03","0.7065","seeded_from_job_description_expansion"
"occ_17_2141_00","task_occ_17_2141_00_jd_me_02","jd_me_02","Run trade studies, concept evaluation, and DFM or vendor collaboration to choose viable mechanical paths under cost and performance constraints.","cluster_decision_support","Core","0.0287","0.9192","0.9169","core","0.3850","src_manual_job_description_review_2026_03|src_v2_role_graph_seed_2026_03","0.8220","seeded_from_job_description_expansion"
"occ_17_2141_00","task_occ_17_2141_00_jd_me_03","jd_me_03","Build prototypes, run tests, analyze failures, and iterate designs until mechanical systems are production-ready.","cluster_qa_review","Core","0.0309","0.7856","0.7124","core","0.5095","src_manual_job_description_review_2026_03|src_v2_role_graph_seed_2026_03","0.7835","seeded_from_job_description_expansion"
"occ_17_2141_00","task_occ_17_2141_00_jd_me_04","jd_me_04","Translate system requirements from electrical, software, manufacturing, and mission stakeholders into workable mechanical integration plans.","cluster_coordination","Core","0.0269","0.8436","0.8551","core","0.4685","src_manual_job_description_review_2026_03|src_v2_role_graph_seed_2026_03","0.7590","seeded_from_job_description_expansion"
"occ_17_2141_00","task_occ_17_2141_00_jd_me2_01","jd_me2_01","Analyze test data, tolerances, loads, and failure modes to identify where a mechanical design is likely to break or drift out of spec.","cluster_analysis","Core","0.0315","0.8072","0.7346","core","0.5095","src_manual_job_description_review_2026_03|src_v2_role_graph_seed_2026_03","0.7870","seeded_from_job_description_expansion"
"occ_17_2141_00","task_occ_17_2141_00_jd_me2_02","jd_me2_02","Maintain CAD release packages, BOMs, change notes, and interface documentation so mechanical revisions can move into manufacturing cleanly.","cluster_documentation","Core","0.0334","0.6728","0.4162","supporting","0.2955","src_manual_job_description_review_2026_03|src_v2_role_graph_seed_2026_03","0.8220","seeded_from_job_description_expansion"
"occ_17_2141_00","task_occ_17_2141_00_jd_me2_03","jd_me2_03","Explain mechanical tradeoffs, manufacturability limits, and integration risks to electrical, software, supplier, and production partners.","cluster_client_interaction","Core","0.0240","0.7648","0.8694","core","0.0075","src_manual_job_description_review_2026_03|src_v2_role_graph_seed_2026_03","0.5910","seeded_from_job_description_expansion"
"occ_17_2141_00","task_occ_17_2141_00_jd_me2_04","jd_me2_04","Run design-review, release, and engineering-change workflows so updated mechanical parts become buildable without losing traceability.","cluster_workflow_admin","Core","0.0298","0.6124","0.5310","supporting","0.0020","src_manual_job_description_review_2026_03|src_v2_role_graph_seed_2026_03","0.5875","seeded_from_job_description_expansion"
"occ_23_1011_00","task_occ_23_1011_00_20877","20877","Prepare, draft, and review legal documents, such as wills, deeds, patent applications, mortgages, leases, and contracts.","cluster_execution_routine","Core","0.0541","0.6898","0.5559","supporting","0.0075","src_onet_30_1|src_v2_role_graph_seed_2026_03","0.3085","seeded_from_onet_task_inventory"
"occ_23_1011_00","task_occ_23_1011_00_23992","23992","Negotiate contractual agreements.","cluster_execution_routine","Core","0.0430","0.6302","0.5213","supporting","0.0075","src_onet_30_1|src_v2_role_graph_seed_2026_03","0.3085","seeded_from_onet_task_inventory"
"occ_23_1011_00","task_occ_23_1011_00_3773","3773","Advise clients concerning business transactions, claim liability, advisability of prosecuting or defending lawsuits, or legal rights and obligations.","cluster_execution_routine","Core","0.0376","0.6556","0.5360","supporting","0.0075","src_onet_30_1|src_v2_role_graph_seed_2026_03","0.3085","seeded_from_onet_task_inventory"
"occ_23_1011_00","task_occ_23_1011_00_3774","3774","Interpret laws, rulings and regulations for individuals and businesses.","cluster_execution_routine","Core","0.0610","0.7518","0.5918","core","0.0075","src_onet_30_1|src_v2_role_graph_seed_2026_03","0.3085","seeded_from_onet_task_inventory"
"occ_23_1011_00","task_occ_23_1011_00_3775","3775","Analyze the probable outcomes of cases, using knowledge of legal precedents.","cluster_execution_routine","Core","0.0582","0.7270","0.5775","core","0.0075","src_onet_30_1|src_v2_role_graph_seed_2026_03","0.3085","seeded_from_onet_task_inventory"
"occ_23_1011_00","task_occ_23_1011_00_3776","3776","Present and summarize cases to judges and juries.","cluster_execution_routine","Supplemental","0.0230","0.4548","0.4196","supporting","0.0075","src_onet_30_1|src_v2_role_graph_seed_2026_03","0.2685","seeded_from_onet_task_inventory"
"occ_23_1011_00","task_occ_23_1011_00_3777","3777","Evaluate findings and develop strategies and arguments in preparation for presentation of cases.","cluster_execution_routine","Core","0.0114","0.5546","0.4775","supporting","0.0075","src_onet_30_1|src_v2_role_graph_seed_2026_03","0.3085","seeded_from_onet_task_inventory"
"occ_23_1011_00","task_occ_23_1011_00_3778","3778","Gather evidence to formulate defense or to initiate legal actions by such means as interviewing clients and witnesses to ascertain the facts of a case.","cluster_execution_routine","Core","0.0582","0.7270","0.5775","core","0.0075","src_onet_30_1|src_v2_role_graph_seed_2026_03","0.3085","seeded_from_onet_task_inventory"
"occ_23_1011_00","task_occ_23_1011_00_3779","3779","Represent clients in court or before government agencies.","cluster_execution_routine","Core","0.0114","0.5546","0.4775","supporting","0.0075","src_onet_30_1|src_v2_role_graph_seed_2026_03","0.3085","seeded_from_onet_task_inventory"
"occ_23_1011_00","task_occ_23_1011_00_3780","3780","Examine legal data to determine advisability of defending or prosecuting lawsuit.","cluster_execution_routine","Core","0.0504","0.6832","0.5521","supporting","0.0075","src_onet_30_1|src_v2_role_graph_seed_2026_03","0.3085","seeded_from_onet_task_inventory"
"occ_23_1011_00","task_occ_23_1011_00_3781","3781","Select jurors, argue motions, meet with judges, and question witnesses during the course of a trial.","cluster_execution_routine","Supplemental","0.0250","0.4550","0.4197","supporting","0.0075","src_onet_30_1|src_v2_role_graph_seed_2026_03","0.2685","seeded_from_onet_task_inventory"
"occ_23_1011_00","task_occ_23_1011_00_3782","3782","Present evidence to defend clients or prosecute defendants in criminal or civil litigation.","cluster_execution_routine","Supplemental","0.0410","0.4952","0.4430","supporting","0.0075","src_onet_30_1|src_v2_role_graph_seed_2026_03","0.2685","seeded_from_onet_task_inventory"
"occ_23_1011_00","task_occ_23_1011_00_3783","3783","Study Constitution, statutes, decisions, regulations, and ordinances of quasi-judicial bodies to determine ramifications for cases.","cluster_execution_routine","Core","0.0521","0.6712","0.5451","supporting","0.0075","src_onet_30_1|src_v2_role_graph_seed_2026_03","0.3085","seeded_from_onet_task_inventory"
"occ_23_1011_00","task_occ_23_1011_00_3785","3785","Prepare legal briefs and opinions, and file appeals in state and federal courts of appeal.","cluster_execution_routine","Supplemental","0.0097","0.3102","0.3357","optional","0.0075","src_onet_30_1|src_v2_role_graph_seed_2026_03","0.2685","seeded_from_onet_task_inventory"
"occ_23_1011_00","task_occ_23_1011_00_3786","3786","Negotiate settlements of civil disputes.","cluster_execution_routine","Core","0.0514","0.6650","0.5415","supporting","0.0075","src_onet_30_1|src_v2_role_graph_seed_2026_03","0.3085","seeded_from_onet_task_inventory"
"occ_23_1011_00","task_occ_23_1011_00_3787","3787","Confer with colleagues with specialties in appropriate areas of legal issue to establish and verify bases for legal proceedings.","cluster_execution_routine","Core","0.0302","0.5794","0.4919","supporting","0.0075","src_onet_30_1|src_v2_role_graph_seed_2026_03","0.3085","seeded_from_onet_task_inventory"
"occ_23_1011_00","task_occ_23_1011_00_3788","3788","Search for and examine public and other legal records to write opinions or establish ownership.","cluster_execution_routine","Core","0.0093","0.4616","0.4235","supporting","0.0075","src_onet_30_1|src_v2_role_graph_seed_2026_03","0.3085","seeded_from_onet_task_inventory"
"occ_23_1011_00","task_occ_23_1011_00_3789","3789","Supervise legal assistants.","cluster_execution_routine","Core","0.0514","0.6650","0.5415","supporting","0.0075","src_onet_30_1|src_v2_role_graph_seed_2026_03","0.3085","seeded_from_onet_task_inventory"
"occ_23_1011_00","task_occ_23_1011_00_3790","3790","Perform administrative and management functions related to the practice of law.","cluster_execution_routine","Core","0.0131","0.4956","0.4432","supporting","0.0075","src_onet_30_1|src_v2_role_graph_seed_2026_03","0.3085","seeded_from_onet_task_inventory"
"occ_23_1011_00","task_occ_23_1011_00_3791","3791","Act as agent, trustee, guardian, or executor for businesses or individuals.","cluster_execution_routine","Supplemental","0.0109","0.3346","0.3499","optional","0.0075","src_onet_30_1|src_v2_role_graph_seed_2026_03","0.2685","seeded_from_onet_task_inventory"
"occ_23_1011_00","task_occ_23_1011_00_3792","3792","Probate wills and represent and advise executors and administrators of estates.","cluster_execution_routine","Supplemental","0.0493","0.4764","0.4321","supporting","0.0075","src_onet_30_1|src_v2_role_graph_seed_2026_03","0.2685","seeded_from_onet_task_inventory"
"occ_23_1011_00","task_occ_23_1011_00_3793","3793","Help develop federal and state programs, draft and interpret laws and legislation, and establish enforcement procedures.","cluster_execution_routine","Supplemental","0.0085","0.2544","0.3034","optional","0.0075","src_onet_30_1|src_v2_role_graph_seed_2026_03","0.2685","seeded_from_onet_task_inventory"
"occ_23_1011_00","task_occ_23_1011_00_jd_law_01","jd_law_01","Guide product, engineering, and business teams on launches or operational changes by translating evolving regulations into practical decisions and approval steps.","cluster_decision_support","Core","0.0365","0.9724","0.9360","core","0.4815","src_manual_job_description_review_2026_03|src_v2_role_graph_seed_2026_03","0.7590","seeded_from_job_description_expansion"
"occ_23_1011_00","task_occ_23_1011_00_jd_law_02","jd_law_02","Build and maintain legal playbooks, templates, policies, and training materials that let business teams move faster without losing control discipline.","cluster_oversight_strategy","Core","0.0315","0.9800","0.9594","core","0.3175","src_manual_job_description_review_2026_03|src_v2_role_graph_seed_2026_03","0.7065","seeded_from_job_description_expansion"
"occ_23_1011_00","task_occ_23_1011_00_jd_law_03","jd_law_03","Lead investigations, audits, or other high-risk escalations and coordinate internal stakeholders and outside counsel through resolution.","cluster_qa_review","Core","0.0263","0.7728","0.6816","core","0.5025","src_manual_job_description_review_2026_03|src_v2_role_graph_seed_2026_03","0.7765","seeded_from_job_description_expansion"
"occ_23_1011_00","task_occ_23_1011_00_jd_law_04","jd_law_04","Structure strategic partnerships, data arrangements, or complex commercial initiatives so growth goals stay aligned with legal and compliance constraints.","cluster_decision_support","Core","0.0288","0.9408","0.9177","core","0.4815","src_manual_job_description_review_2026_03|src_v2_role_graph_seed_2026_03","0.7590","seeded_from_job_description_expansion"
"occ_23_1011_00","task_occ_23_1011_00_jd_law2_01","jd_law2_01","Review fact patterns, regulatory changes, and precedent to identify where legal risk is real versus merely speculative before the business acts.","cluster_analysis","Core","0.0336","0.7860","0.6379","core","0.2640","src_manual_job_description_review_2026_03|src_v2_role_graph_seed_2026_03","0.7940","seeded_from_job_description_expansion"
"occ_23_1011_00","task_occ_23_1011_00_jd_law2_02","jd_law2_02","Draft and maintain contract language, legal summaries, and decision memos that turn complex legal issues into usable operating guidance.","cluster_documentation","Core","0.0354","0.6700","0.4938","supporting","0.4655","src_manual_job_description_review_2026_03|src_v2_role_graph_seed_2026_03","0.7870","seeded_from_job_description_expansion"
"occ_23_1011_00","task_occ_23_1011_00_jd_law2_03","jd_law2_03","Coordinate internal teams, compliance partners, and outside counsel when investigations, disputes, or sensitive launches need tightly managed execution.","cluster_coordination","Core","0.0252","0.7236","0.7669","core","0.4615","src_manual_job_description_review_2026_03|src_v2_role_graph_seed_2026_03","0.7660","seeded_from_job_description_expansion"
"occ_23_1011_00","task_occ_23_1011_00_jd_law2_04","jd_law2_04","Negotiate positions and explain legal constraints to executives or counterparties when business goals and risk tolerance do not line up cleanly.","cluster_client_interaction","Core","0.0224","0.7064","0.8265","core","0.1030","src_manual_job_description_review_2026_03|src_v2_role_graph_seed_2026_03","0.7555","seeded_from_job_description_expansion"
"occ_23_2011_00","task_occ_23_2011_00_1636","1636","Gather and analyze research data, such as statutes, decisions, and legal articles, codes, and documents.","cluster_execution_routine","Core","0.0517","0.6464","0.4859","supporting","0.3175","src_onet_30_1|src_v2_role_graph_seed_2026_03","0.4275","seeded_from_onet_task_inventory"
"occ_23_2011_00","task_occ_23_2011_00_1638","1638","Call upon witnesses to testify at hearings.","cluster_execution_routine","Supplemental","0.0072","0.1800","0.2154","optional","0.3175","src_onet_30_1|src_v2_role_graph_seed_2026_03","0.3875","seeded_from_onet_task_inventory"
"occ_23_2011_00","task_occ_23_2011_00_1639","1639","Direct and coordinate law office activity, including delivery of subpoenas.","cluster_execution_routine","Supplemental","0.0417","0.3896","0.3370","optional","0.3175","src_onet_30_1|src_v2_role_graph_seed_2026_03","0.3875","seeded_from_onet_task_inventory"
"occ_23_2011_00","task_occ_23_2011_00_1641","1641","Keep and monitor legal volumes to ensure that the law library is up-to-date.","cluster_execution_routine","Supplemental","0.0060","0.1304","0.1866","optional","0.3175","src_onet_30_1|src_v2_role_graph_seed_2026_03","0.3875","seeded_from_onet_task_inventory"
"occ_23_2011_00","task_occ_23_2011_00_1642","1642","Appraise and inventory real and personal property for estate planning.","cluster_execution_routine","Supplemental","0.0068","0.1614","0.2046","optional","0.3175","src_onet_30_1|src_v2_role_graph_seed_2026_03","0.3875","seeded_from_onet_task_inventory"
"occ_23_2011_00","task_occ_23_2011_00_18491","18491","Prepare affidavits or other documents, such as legal correspondence, and organize and maintain documents in paper or electronic filing system.","cluster_execution_routine","Core","0.0604","0.7208","0.5291","core","0.3175","src_onet_30_1|src_v2_role_graph_seed_2026_03","0.4275","seeded_from_onet_task_inventory"
"occ_23_2011_00","task_occ_23_2011_00_18492","18492","Prepare for trial by performing tasks such as organizing exhibits.","cluster_execution_routine","Core","0.0532","0.6588","0.4931","supporting","0.3175","src_onet_30_1|src_v2_role_graph_seed_2026_03","0.4275","seeded_from_onet_task_inventory"
"occ_23_2011_00","task_occ_23_2011_00_18493","18493","Meet with clients and other professionals to discuss details of cases.","cluster_execution_routine","Core","0.0525","0.6526","0.4895","supporting","0.3175","src_onet_30_1|src_v2_role_graph_seed_2026_03","0.4275","seeded_from_onet_task_inventory"
"occ_23_2011_00","task_occ_23_2011_00_18494","18494","File pleadings with court clerks.","cluster_execution_routine","Supplemental","0.0517","0.4764","0.3873","supporting","0.3175","src_onet_30_1|src_v2_role_graph_seed_2026_03","0.3875","seeded_from_onet_task_inventory"
"occ_23_2011_00","task_occ_23_2011_00_18496","18496","Arbitrate disputes between parties and assist in the real estate closing process, such as by reviewing title searches.","cluster_execution_routine","Supplemental","0.0359","0.3400","0.3082","optional","0.3175","src_onet_30_1|src_v2_role_graph_seed_2026_03","0.3875","seeded_from_onet_task_inventory"
"occ_23_2011_00","task_occ_23_2011_00_21062","21062","Investigate facts and law of cases and search pertinent sources, such as public records and internet sources, to determine causes of action and to prepare cases.","cluster_execution_routine","Core","0.0448","0.6424","0.4836","supporting","0.3175","src_onet_30_1|src_v2_role_graph_seed_2026_03","0.4275","seeded_from_onet_task_inventory"
"occ_23_2011_00","task_occ_23_2011_00_23994","23994","Prepare, edit, or review legal documents, including legislation, briefs, pleadings, appeals, wills, contracts, and real estate closing statements.","cluster_execution_routine","Core","0.0596","0.7146","0.5255","core","0.3175","src_onet_30_1|src_v2_role_graph_seed_2026_03","0.4275","seeded_from_onet_task_inventory"
"occ_23_2011_00","task_occ_23_2011_00_jd_para_01","jd_para_01","Maintain case-management systems, monitor deadlines, and keep attorneys informed when filings, discovery, or client milestones shift.","cluster_workflow_admin","Core","0.0379","0.6716","0.5205","supporting","0.3175","src_manual_job_description_review_2026_03|src_v2_role_graph_seed_2026_03","0.7065","seeded_from_job_description_expansion"
"occ_23_2011_00","task_occ_23_2011_00_jd_para_02","jd_para_02","Track and organize matter materials, signatures, and supporting records so transactions or filings are execution-ready.","cluster_documentation","Core","0.0348","0.6728","0.4812","supporting","0.4305","src_manual_job_description_review_2026_03|src_v2_role_graph_seed_2026_03","0.8360","seeded_from_job_description_expansion"
"occ_23_2011_00","task_occ_23_2011_00_jd_para_03","jd_para_03","Prepare attorney-ready packets, draft client-facing correspondence, and move routine procedural work forward under supervision.","cluster_drafting","Core","0.0336","0.7196","0.6084","core","0.3175","src_manual_job_description_review_2026_03|src_v2_role_graph_seed_2026_03","0.7065","seeded_from_job_description_expansion"
"occ_23_2011_00","task_occ_23_2011_00_jd_para_04","jd_para_04","Coordinate contract lifecycle or legal-operations workflows across attorneys, business stakeholders, and external counterparties.","cluster_coordination","Core","0.0306","0.8408","0.8349","core","0.4615","src_manual_job_description_review_2026_03|src_v2_role_graph_seed_2026_03","0.7660","seeded_from_job_description_expansion"
"occ_23_2011_00","task_occ_23_2011_00_jd_para2_01","jd_para2_01","Research legal authorities, gather facts, and organize matter background so attorneys can make procedural or substantive decisions faster.","cluster_research_synthesis","Core","0.0325","0.7964","0.7887","core","0.0000","src_manual_job_description_review_2026_03|src_v2_role_graph_seed_2026_03","0.5875","seeded_from_job_description_expansion"
"occ_23_2011_00","task_occ_23_2011_00_jd_para2_02","jd_para2_02","Communicate with clients, witnesses, and outside parties to collect information and keep case-related follow-through moving.","cluster_client_interaction","Core","0.0290","0.8360","0.8925","core","0.4325","src_manual_job_description_review_2026_03|src_v2_role_graph_seed_2026_03","0.7555","seeded_from_job_description_expansion"
"occ_23_2011_00","task_occ_23_2011_00_jd_para2_03","jd_para2_03","Review filings, record sets, and legal-support materials for completeness and procedural accuracy before attorney submission.","cluster_qa_review","Core","0.0345","0.7920","0.6928","core","0.5025","src_manual_job_description_review_2026_03|src_v2_role_graph_seed_2026_03","0.7765","seeded_from_job_description_expansion"
"occ_23_2011_00","task_occ_23_2011_00_jd_para2_04","jd_para2_04","Summarize procedural status, matter risks, and next-step options so attorneys and business partners can decide what to do next.","cluster_decision_support","Core","0.0308","0.8916","0.8891","core","0.4815","src_manual_job_description_review_2026_03|src_v2_role_graph_seed_2026_03","0.7590","seeded_from_job_description_expansion"
"occ_23_2011_00","task_occ_23_2011_00_jd_para3_01","jd_para3_01","Triage incoming legal requests, classify what procedure or support path they belong to, and surface edge cases before attorneys spend time on them.","cluster_analysis","Core","0.0300","0.7792","0.7229","core","0.3175","src_manual_job_description_review_2026_03|src_v2_role_graph_seed_2026_03","0.7065","seeded_from_job_description_expansion"
"occ_23_2011_00","task_occ_23_2011_00_jd_para3_02","jd_para3_02","Maintain docket trackers, signature checklists, and procedural calendars so matters do not slip while attorneys focus on higher-value work.","cluster_workflow_admin","Core","0.0359","0.6560","0.5115","supporting","0.3175","src_manual_job_description_review_2026_03|src_v2_role_graph_seed_2026_03","0.7065","seeded_from_job_description_expansion"
"occ_23_2011_00","task_occ_23_2011_00_jd_para3_03","jd_para3_03","Organize records, evidence packets, and matter notes into attorney-ready files that can be reviewed quickly and defended procedurally.","cluster_documentation","Core","0.0321","0.6356","0.4596","supporting","0.4305","src_manual_job_description_review_2026_03|src_v2_role_graph_seed_2026_03","0.8360","seeded_from_job_description_expansion"
"occ_23_2011_00","task_occ_23_2011_00_jd_para3_04","jd_para3_04","Coordinate with clients, witnesses, and outside offices when missing information or timing changes would otherwise stall filings or case progress.","cluster_client_interaction","Core","0.0258","0.7772","0.8584","core","0.4325","src_manual_job_description_review_2026_03|src_v2_role_graph_seed_2026_03","0.7555","seeded_from_job_description_expansion"
"occ_23_2011_00","task_occ_23_2011_00_manual_para_01","manual_para_01","Organize case chronologies, exhibits, and factual records for active matters.","cluster_documentation","Core","0.0370","0.6792","0.4849","supporting","0.4305","src_manual_role_graph_review_2026_03","0.8360","seeded_from_manual_task_expansion"
"occ_23_2011_00","task_occ_23_2011_00_manual_para_02","manual_para_02","Draft discovery requests, responses, and matter summaries under attorney guidance.","cluster_drafting","Core","0.0369","0.7338","0.6166","core","0.3175","src_manual_role_graph_review_2026_03","0.7065","seeded_from_manual_task_expansion"
"occ_23_2011_00","task_occ_23_2011_00_manual_para_03","manual_para_03","Track filing deadlines, court requirements, and procedural checklists.","cluster_workflow_admin","Core","0.0383","0.6440","0.5045","supporting","0.3175","src_manual_role_graph_review_2026_03","0.7065","seeded_from_manual_task_expansion"
"occ_23_2011_00","task_occ_23_2011_00_manual_para_04","manual_para_04","Prepare exhibits and supporting packets for hearings, filings, or negotiations.","cluster_qa_review","Supplemental","0.0288","0.5506","0.5527","supporting","0.5025","src_manual_role_graph_review_2026_03","0.7365","seeded_from_manual_task_expansion"
"occ_27_1024_00","task_occ_27_1024_00_15228","15228","Maintain archive of images, photos, or previous work products.","cluster_execution_routine","Core","0.0533","0.6774","0.5039","supporting","0.3175","src_onet_30_1|src_v2_role_graph_seed_2026_03","0.4275","seeded_from_onet_task_inventory"
"occ_27_1024_00","task_occ_27_1024_00_15229","15229","Research new software or design concepts.","cluster_execution_routine","Core","0.0086","0.4244","0.3572","supporting","0.3175","src_onet_30_1|src_v2_role_graph_seed_2026_03","0.4275","seeded_from_onet_task_inventory"
"occ_27_1024_00","task_occ_27_1024_00_23970","23970","Prepare digital files for printing.","cluster_execution_routine","Core","0.0423","0.6868","0.5093","supporting","0.3175","src_onet_30_1|src_v2_role_graph_seed_2026_03","0.4275","seeded_from_onet_task_inventory"
"occ_27_1024_00","task_occ_27_1024_00_23971","23971","Research the target audience of projects.","cluster_execution_routine","Core","0.0398","0.6558","0.4914","supporting","0.3175","src_onet_30_1|src_v2_role_graph_seed_2026_03","0.4275","seeded_from_onet_task_inventory"
"occ_27_1024_00","task_occ_27_1024_00_23972","23972","Write or edit copy for clients.","cluster_execution_routine","Supplemental","0.0062","0.1490","0.1974","optional","0.3175","src_onet_30_1|src_v2_role_graph_seed_2026_03","0.3875","seeded_from_onet_task_inventory"
"occ_27_1024_00","task_occ_27_1024_00_299","299","Create designs, concepts, and sample layouts, based on knowledge of layout principles and esthetic design concepts.","cluster_execution_routine","Core","0.0609","0.7456","0.5434","core","0.3175","src_onet_30_1|src_v2_role_graph_seed_2026_03","0.4275","seeded_from_onet_task_inventory"
"occ_27_1024_00","task_occ_27_1024_00_300","300","Determine size and arrangement of illustrative material and copy, and select style and size of type.","cluster_execution_routine","Core","0.0623","0.7580","0.5506","core","0.3175","src_onet_30_1|src_v2_role_graph_seed_2026_03","0.4275","seeded_from_onet_task_inventory"
"occ_27_1024_00","task_occ_27_1024_00_301","301","Use computer software to generate new images.","cluster_execution_routine","Core","0.0602","0.7394","0.5399","core","0.3175","src_onet_30_1|src_v2_role_graph_seed_2026_03","0.4275","seeded_from_onet_task_inventory"
"occ_27_1024_00","task_occ_27_1024_00_302","302","Mark up, paste, and assemble final layouts to prepare layouts for printer.","cluster_execution_routine","Core","0.0108","0.5236","0.4147","supporting","0.3175","src_onet_30_1|src_v2_role_graph_seed_2026_03","0.4275","seeded_from_onet_task_inventory"
"occ_27_1024_00","task_occ_27_1024_00_303","303","Draw and print charts, graphs, illustrations, and other artwork, using computer.","cluster_execution_routine","Core","0.0547","0.6898","0.5111","supporting","0.3175","src_onet_30_1|src_v2_role_graph_seed_2026_03","0.4275","seeded_from_onet_task_inventory"
"occ_27_1024_00","task_occ_27_1024_00_304","304","Review final layouts and suggest improvements, as needed.","cluster_execution_routine","Core","0.0630","0.7642","0.5542","core","0.3175","src_onet_30_1|src_v2_role_graph_seed_2026_03","0.4275","seeded_from_onet_task_inventory"
"occ_27_1024_00","task_occ_27_1024_00_305","305","Confer with clients to discuss and determine layout design.","cluster_execution_routine","Core","0.0114","0.5484","0.4291","supporting","0.3175","src_onet_30_1|src_v2_role_graph_seed_2026_03","0.4275","seeded_from_onet_task_inventory"
"occ_27_1024_00","task_occ_27_1024_00_306","306","Develop graphics and layouts for product illustrations, company logos, and Web sites.","cluster_execution_routine","Core","0.0616","0.7518","0.5470","core","0.3175","src_onet_30_1|src_v2_role_graph_seed_2026_03","0.4275","seeded_from_onet_task_inventory"
"occ_27_1024_00","task_occ_27_1024_00_307","307","Key information into computer equipment to create layouts for client or supervisor.","cluster_execution_routine","Core","0.0644","0.7766","0.5614","core","0.3175","src_onet_30_1|src_v2_role_graph_seed_2026_03","0.4275","seeded_from_onet_task_inventory"
"occ_27_1024_00","task_occ_27_1024_00_308","308","Prepare illustrations or rough sketches of material, discussing them with clients or supervisors and making necessary changes.","cluster_execution_routine","Core","0.0104","0.5050","0.4039","supporting","0.3175","src_onet_30_1|src_v2_role_graph_seed_2026_03","0.4275","seeded_from_onet_task_inventory"
"occ_27_1024_00","task_occ_27_1024_00_309","309","Study illustrations and photographs to plan presentation of materials, products, or services.","cluster_execution_routine","Core","0.0379","0.6310","0.4770","supporting","0.3175","src_onet_30_1|src_v2_role_graph_seed_2026_03","0.4275","seeded_from_onet_task_inventory"
"occ_27_1024_00","task_occ_27_1024_00_310","310","Prepare notes and instructions for workers who assemble and prepare final layouts for printing.","cluster_execution_routine","Core","0.0519","0.6650","0.4967","supporting","0.3175","src_onet_30_1|src_v2_role_graph_seed_2026_03","0.4275","seeded_from_onet_task_inventory"
"occ_27_1024_00","task_occ_27_1024_00_312","312","Photograph layouts, using camera, to make layout prints for supervisors or clients.","cluster_execution_routine","Supplemental","0.0258","0.2848","0.2762","optional","0.3175","src_onet_30_1|src_v2_role_graph_seed_2026_03","0.3875","seeded_from_onet_task_inventory"
"occ_27_1024_00","task_occ_27_1024_00_313","313","Produce still and animated graphics for on-air and taped portions of television news broadcasts, using electronic video equipment.","cluster_execution_routine","Core","0.0069","0.3500","0.3140","supporting","0.3175","src_onet_30_1|src_v2_role_graph_seed_2026_03","0.4275","seeded_from_onet_task_inventory"
"occ_27_1024_00","task_occ_27_1024_00_jd_gd_01","jd_gd_01","Create brand and campaign visuals that communicate clearly across digital, advertising, and other high-visibility channels.","cluster_drafting","Core","0.0341","0.7444","0.4974","core","0.3245","src_manual_job_description_review_2026_03|src_v2_role_graph_seed_2026_03","0.7975","seeded_from_job_description_expansion"
"occ_27_1024_00","task_occ_27_1024_00_jd_gd_02","jd_gd_02","Develop scalable visual systems, templates, and brand guidelines that keep creative output consistent across formats and teams.","cluster_oversight_strategy","Core","0.0299","0.9800","0.9886","core","0.5680","src_manual_job_description_review_2026_03|src_v2_role_graph_seed_2026_03","0.7485","seeded_from_job_description_expansion"
"occ_27_1024_00","task_occ_27_1024_00_jd_gd_03","jd_gd_03","Design illustrations, iconography, and product graphics that clarify features and adapt coherently across platforms.","cluster_documentation","Core","0.0281","0.6568","0.4835","supporting","0.6100","src_manual_job_description_review_2026_03|src_v2_role_graph_seed_2026_03","0.7450","seeded_from_job_description_expansion"
"occ_27_1024_00","task_occ_27_1024_00_jd_gd_04","jd_gd_04","Partner with marketing, product, and leadership teams to shape visual narratives, presentations, and final creative deliverables.","cluster_coordination","Core","0.0302","0.8532","0.8395","core","0.6060","src_manual_job_description_review_2026_03|src_v2_role_graph_seed_2026_03","0.7520","seeded_from_job_description_expansion"
"occ_27_1024_00","task_occ_27_1024_00_jd_gd2_01","jd_gd2_01","Turn briefs, audience goals, brand rules, and channel constraints into concept directions that can survive stakeholder scrutiny.","cluster_analysis","Core","0.0356","0.7740","0.7199","core","0.3175","src_manual_job_description_review_2026_03|src_v2_role_graph_seed_2026_03","0.7065","seeded_from_job_description_expansion"
"occ_27_1024_00","task_occ_27_1024_00_jd_gd2_02","jd_gd2_02","Present rationale, gather stakeholder feedback, and revise creative options when leaders disagree on message, brand fit, or audience priority.","cluster_client_interaction","Core","0.0368","0.8556","0.8236","core","0.2150","src_manual_job_description_review_2026_03|src_v2_role_graph_seed_2026_03","0.8010","seeded_from_job_description_expansion"
"occ_27_1024_00","task_occ_27_1024_00_jd_gd2_03","jd_gd2_03","Review layouts, exported assets, and handoff packages so final files work across surfaces, teams, and production constraints.","cluster_qa_review","Core","0.0358","0.7800","0.7340","core","0.1535","src_manual_job_description_review_2026_03|src_v2_role_graph_seed_2026_03","0.7590","seeded_from_job_description_expansion"
"occ_27_1024_00","task_occ_27_1024_00_jd_gd2_04","jd_gd2_04","Maintain reusable templates, shared libraries, and asset packaging rules so creative production stays fast and consistent.","cluster_workflow_admin","Core","0.0369","0.6440","0.5377","supporting","0.0705","src_manual_job_description_review_2026_03|src_v2_role_graph_seed_2026_03","0.6330","seeded_from_job_description_expansion"
"occ_27_3023_00","task_occ_27_3023_00_22623","22623","Write commentaries, columns, or scripts, using computers.","cluster_execution_routine","Core","0.0546","0.7828","0.5650","core","0.3175","src_onet_30_1|src_v2_role_graph_seed_2026_03","0.4275","seeded_from_onet_task_inventory"
"occ_27_3023_00","task_occ_27_3023_00_22624","22624","Coordinate and serve as an anchor on news broadcast programs.","cluster_execution_routine","Core","0.0546","0.7828","0.5650","core","0.3175","src_onet_30_1|src_v2_role_graph_seed_2026_03","0.4275","seeded_from_onet_task_inventory"
"occ_27_3023_00","task_occ_27_3023_00_22625","22625","Examine news items of local, national, and international significance to determine topics to address, or obtain assignments from editorial staff members.","cluster_execution_routine","Core","0.0535","0.7704","0.5578","core","0.3175","src_onet_30_1|src_v2_role_graph_seed_2026_03","0.4275","seeded_from_onet_task_inventory"
"occ_27_3023_00","task_occ_27_3023_00_22626","22626","Analyze and interpret news and information received from various sources to broadcast the information.","cluster_execution_routine","Core","0.0535","0.7704","0.5578","core","0.3175","src_onet_30_1|src_v2_role_graph_seed_2026_03","0.4275","seeded_from_onet_task_inventory"
"occ_27_3023_00","task_occ_27_3023_00_22627","22627","Receive assignments or evaluate leads or tips to develop story ideas.","cluster_execution_routine","Core","0.0315","0.7048","0.5198","core","0.3175","src_onet_30_1|src_v2_role_graph_seed_2026_03","0.4275","seeded_from_onet_task_inventory"
"occ_27_3023_00","task_occ_27_3023_00_22628","22628","Research a story's background information to provide complete and accurate information.","cluster_execution_routine","Core","0.0312","0.6986","0.5162","supporting","0.3175","src_onet_30_1|src_v2_role_graph_seed_2026_03","0.4275","seeded_from_onet_task_inventory"
"occ_27_3023_00","task_occ_27_3023_00_22629","22629","Arrange interviews with people who can provide information about a story.","cluster_execution_routine","Core","0.0102","0.5856","0.4506","supporting","0.3175","src_onet_30_1|src_v2_role_graph_seed_2026_03","0.4275","seeded_from_onet_task_inventory"
"occ_27_3023_00","task_occ_27_3023_00_22630","22630","Gather information and develop perspectives about news subjects through research, interviews, observation, and experience.","cluster_execution_routine","Core","0.0511","0.7456","0.5434","core","0.3175","src_onet_30_1|src_v2_role_graph_seed_2026_03","0.4275","seeded_from_onet_task_inventory"
"occ_27_3023_00","task_occ_27_3023_00_22631","22631","Select material most pertinent to presentation, and organize this material into appropriate formats.","cluster_execution_routine","Core","0.0511","0.7456","0.5434","core","0.3175","src_onet_30_1|src_v2_role_graph_seed_2026_03","0.4275","seeded_from_onet_task_inventory"
"occ_27_3023_00","task_occ_27_3023_00_22632","22632","Present news stories, and introduce in-depth videotaped segments or live transmissions from on-the-scene reporters.","cluster_execution_routine","Core","0.0500","0.7332","0.5363","core","0.3175","src_onet_30_1|src_v2_role_graph_seed_2026_03","0.4275","seeded_from_onet_task_inventory"
"occ_27_3023_00","task_occ_27_3023_00_22633","22633","Establish and maintain relationships with individuals who are credible sources of information.","cluster_execution_routine","Core","0.0288","0.6552","0.4910","supporting","0.3175","src_onet_30_1|src_v2_role_graph_seed_2026_03","0.4275","seeded_from_onet_task_inventory"
"occ_27_3023_00","task_occ_27_3023_00_22634","22634","Report news stories for publication or broadcast, describing the background and details of events.","cluster_execution_routine","Core","0.0285","0.6490","0.4874","supporting","0.3175","src_onet_30_1|src_v2_role_graph_seed_2026_03","0.4275","seeded_from_onet_task_inventory"
"occ_27_3023_00","task_occ_27_3023_00_22635","22635","Revise work to meet editorial approval or to fit time or space requirements.","cluster_execution_routine","Core","0.0095","0.5484","0.4291","supporting","0.3175","src_onet_30_1|src_v2_role_graph_seed_2026_03","0.4275","seeded_from_onet_task_inventory"
"occ_27_3023_00","task_occ_27_3023_00_22636","22636","Review and evaluate notes taken about news events to isolate pertinent facts and details.","cluster_execution_routine","Core","0.0300","0.6492","0.4875","supporting","0.3175","src_onet_30_1|src_v2_role_graph_seed_2026_03","0.4275","seeded_from_onet_task_inventory"
"occ_27_3023_00","task_occ_27_3023_00_22637","22637","Investigate breaking news developments, such as disasters, crimes, or human-interest stories.","cluster_execution_routine","Core","0.0094","0.5422","0.4255","supporting","0.3175","src_onet_30_1|src_v2_role_graph_seed_2026_03","0.4275","seeded_from_onet_task_inventory"
"occ_27_3023_00","task_occ_27_3023_00_22638","22638","Review written, audio, or video copy, and correct errors in content, grammar, or punctuation, following prescribed editorial style and formatting guidelines.","cluster_execution_routine","Core","0.0448","0.6774","0.5039","supporting","0.3175","src_onet_30_1|src_v2_role_graph_seed_2026_03","0.4275","seeded_from_onet_task_inventory"
"occ_27_3023_00","task_occ_27_3023_00_22639","22639","Report on specialized fields such as medicine, green technology, environmental issues, science, politics, sports, arts, consumer affairs, business, religion, crime, or education.","cluster_execution_routine","Core","0.0087","0.5050","0.4039","supporting","0.3175","src_onet_30_1|src_v2_role_graph_seed_2026_03","0.4275","seeded_from_onet_task_inventory"
"occ_27_3023_00","task_occ_27_3023_00_22640","22640","Determine a published or broadcasted story's emphasis, length, and format, organizing material accordingly.","cluster_execution_routine","Core","0.0086","0.4988","0.4003","supporting","0.3175","src_onet_30_1|src_v2_role_graph_seed_2026_03","0.4275","seeded_from_onet_task_inventory"
"occ_27_3023_00","task_occ_27_3023_00_22641","22641","Transmit news stories or reporting information from remote locations, using equipment such as satellite phones, telephones, fax machines, or modems.","cluster_execution_routine","Core","0.0322","0.6142","0.4672","supporting","0.3175","src_onet_30_1|src_v2_role_graph_seed_2026_03","0.4275","seeded_from_onet_task_inventory"
"occ_27_3023_00","task_occ_27_3023_00_22642","22642","Check reference materials, such as books, news files, or public records, to obtain relevant facts.","cluster_execution_routine","Core","0.0081","0.4740","0.3859","supporting","0.3175","src_onet_30_1|src_v2_role_graph_seed_2026_03","0.4275","seeded_from_onet_task_inventory"
"occ_27_3023_00","task_occ_27_3023_00_22643","22643","Discuss issues with editors to establish priorities or positions.","cluster_execution_routine","Core","0.0237","0.5622","0.4371","supporting","0.3175","src_onet_30_1|src_v2_role_graph_seed_2026_03","0.4275","seeded_from_onet_task_inventory"
"occ_27_3023_00","task_occ_27_3023_00_22644","22644","Photograph or videotape news events.","cluster_execution_routine","Core","0.0079","0.4616","0.3787","supporting","0.3175","src_onet_30_1|src_v2_role_graph_seed_2026_03","0.4275","seeded_from_onet_task_inventory"
"occ_27_3023_00","task_occ_27_3023_00_22645","22645","Present live or recorded commentary via broadcast media.","cluster_execution_routine","Core","0.0389","0.6154","0.4679","supporting","0.3175","src_onet_30_1|src_v2_role_graph_seed_2026_03","0.4275","seeded_from_onet_task_inventory"
"occ_27_3023_00","task_occ_27_3023_00_22646","22646","Take pictures or video, and process them for inclusion in a story.","cluster_execution_routine","Core","0.0078","0.4554","0.3751","supporting","0.3175","src_onet_30_1|src_v2_role_graph_seed_2026_03","0.4275","seeded_from_onet_task_inventory"
"occ_27_3023_00","task_occ_27_3023_00_22647","22647","Conduct taped or filmed interviews or narratives.","cluster_execution_routine","Core","0.0076","0.4430","0.3679","supporting","0.3175","src_onet_30_1|src_v2_role_graph_seed_2026_03","0.4275","seeded_from_onet_task_inventory"
"occ_27_3023_00","task_occ_27_3023_00_22648","22648","Develop ideas or material for columns or commentaries by analyzing and interpreting news, current issues, or personal experiences.","cluster_execution_routine","Core","0.0076","0.4430","0.3679","supporting","0.3175","src_onet_30_1|src_v2_role_graph_seed_2026_03","0.4275","seeded_from_onet_task_inventory"
"occ_27_3023_00","task_occ_27_3023_00_22649","22649","Communicate with readers, viewers, advertisers, or the general public via mail, email, or telephone.","cluster_execution_routine","Core","0.0071","0.4182","0.3536","supporting","0.3175","src_onet_30_1|src_v2_role_graph_seed_2026_03","0.4275","seeded_from_onet_task_inventory"
"occ_27_3023_00","task_occ_27_3023_00_22650","22650","Write online blog entries that address news developments or offer additional information, opinions, or commentary on news events.","cluster_execution_routine","Core","0.0343","0.5658","0.4392","supporting","0.3175","src_onet_30_1|src_v2_role_graph_seed_2026_03","0.4275","seeded_from_onet_task_inventory"
"occ_27_3023_00","task_occ_27_3023_00_22651","22651","Assign stories to other reporters or duties to production staff.","cluster_execution_routine","Core","0.0066","0.3934","0.3392","supporting","0.3175","src_onet_30_1|src_v2_role_graph_seed_2026_03","0.4275","seeded_from_onet_task_inventory"
"occ_27_3023_00","task_occ_27_3023_00_22652","22652","Write columns, editorials, commentaries, or reviews that interpret events or offer opinions.","cluster_execution_routine","Core","0.0062","0.3686","0.3248","supporting","0.3175","src_onet_30_1|src_v2_role_graph_seed_2026_03","0.4275","seeded_from_onet_task_inventory"
"occ_27_3023_00","task_occ_27_3023_00_jd_jr_01","jd_jr_01","Report, investigate, and develop story angles by gathering facts, sources, context, and timely developments from complex events.","cluster_research_synthesis","Core","0.0286","0.8244","0.7970","core","0.0885","src_manual_job_description_review_2026_03|src_v2_role_graph_seed_2026_03","0.7555","seeded_from_job_description_expansion"
"occ_27_3023_00","task_occ_27_3023_00_jd_jr_02","jd_jr_02","Verify facts and turn dense or technical material into clear public-facing narratives, explainers, and updates.","cluster_drafting","Core","0.0276","0.7412","0.5917","core","0.2670","src_manual_job_description_review_2026_03|src_v2_role_graph_seed_2026_03","0.7975","seeded_from_job_description_expansion"
"occ_27_3023_00","task_occ_27_3023_00_jd_jr_03","jd_jr_03","Manage rapid editorial cycles under deadlines by updating stories, filing live observations, and prioritizing audience-relevant developments.","cluster_coordination","Core","0.0288","0.8752","0.7782","core","0.2600","src_manual_job_description_review_2026_03|src_v2_role_graph_seed_2026_03","0.8045","seeded_from_job_description_expansion"
"occ_27_3023_00","task_occ_27_3023_00_jd_jr_04","jd_jr_04","Coordinate with editors, producers, and audience teams on publication strategy, framing, and package timing for major stories.","cluster_oversight_strategy","Core","0.0227","0.9800","0.9900","core","0.5335","src_manual_job_description_review_2026_03|src_v2_role_graph_seed_2026_03","0.7450","seeded_from_job_description_expansion"
"occ_27_3023_00","task_occ_27_3023_00_jd_jr2_01","jd_jr2_01","Analyze evolving facts, source reliability, and audience significance to decide what deserves follow-up, reframing, or skepticism before publication.","cluster_analysis","Core","0.0244","0.7700","0.7482","core","0.1015","src_manual_job_description_review_2026_03|src_v2_role_graph_seed_2026_03","0.7520","seeded_from_job_description_expansion"
"occ_27_3023_00","task_occ_27_3023_00_jd_jr2_02","jd_jr2_02","Check facts, quotes, timelines, and framing against source material before stories, live updates, or investigative packages publish.","cluster_qa_review","Core","0.0256","0.7640","0.6467","core","0.2410","src_manual_job_description_review_2026_03|src_v2_role_graph_seed_2026_03","0.8220","seeded_from_job_description_expansion"
"occ_27_3023_00","task_occ_27_3023_00_jd_jr2_03","jd_jr2_03","Maintain reporting notes, source context, background files, and production briefs so fast-moving stories remain coherent across updates.","cluster_documentation","Core","0.0215","0.5888","0.3935","supporting","0.2805","src_manual_job_description_review_2026_03|src_v2_role_graph_seed_2026_03","0.8185","seeded_from_job_description_expansion"
"occ_27_3023_00","task_occ_27_3023_00_jd_jr2_04","jd_jr2_04","Interview sources, editors, and field contacts in real time when developing or updating coverage under deadline pressure.","cluster_client_interaction","Core","0.0231","0.7960","0.8693","core","0.5425","src_manual_job_description_review_2026_03|src_v2_role_graph_seed_2026_03","0.7625","seeded_from_job_description_expansion"
"occ_27_3031_00","task_occ_27_3031_00_1764","1764","Respond to requests for information from the media or designate an appropriate spokesperson or information source.","cluster_execution_routine","Core","0.0536","0.6862","0.5090","supporting","0.3175","src_onet_30_1|src_v2_role_graph_seed_2026_03","0.4275","seeded_from_onet_task_inventory"
"occ_27_3031_00","task_occ_27_3031_00_1765","1765","Establish or maintain cooperative relationships with representatives of community, consumer, employee, or public interest groups.","cluster_execution_routine","Core","0.0166","0.5422","0.4255","supporting","0.3175","src_onet_30_1|src_v2_role_graph_seed_2026_03","0.4275","seeded_from_onet_task_inventory"
"occ_27_3031_00","task_occ_27_3031_00_1767","1767","Confer with production or support personnel to produce or coordinate production of advertisements or promotions.","cluster_execution_routine","Core","0.0129","0.4306","0.3607","supporting","0.3175","src_onet_30_1|src_v2_role_graph_seed_2026_03","0.4275","seeded_from_onet_task_inventory"
"occ_27_3031_00","task_occ_27_3031_00_1768","1768","Arrange public appearances, lectures, contests, or exhibits for clients to increase product or service awareness or to promote goodwill.","cluster_execution_routine","Core","0.0145","0.4802","0.3895","supporting","0.3175","src_onet_30_1|src_v2_role_graph_seed_2026_03","0.4275","seeded_from_onet_task_inventory"
"occ_27_3031_00","task_occ_27_3031_00_1769","1769","Study the objectives, promotional policies, or needs of organizations to develop public relations strategies that will influence public opinion or promote ideas, products, or services.","cluster_execution_routine","Core","0.0496","0.6182","0.4696","supporting","0.3175","src_onet_30_1|src_v2_role_graph_seed_2026_03","0.4275","seeded_from_onet_task_inventory"
"occ_27_3031_00","task_occ_27_3031_00_1770","1770","Confer with other managers to identify trends or key group interests or concerns or to provide advice on business decisions.","cluster_execution_routine","Core","0.0161","0.5298","0.4183","supporting","0.3175","src_onet_30_1|src_v2_role_graph_seed_2026_03","0.4275","seeded_from_onet_task_inventory"
"occ_27_3031_00","task_occ_27_3031_00_1771","1771","Consult with advertising agencies or staff to arrange promotional campaigns in all types of media for products, organizations, or individuals.","cluster_execution_routine","Core","0.0123","0.4120","0.3500","supporting","0.3175","src_onet_30_1|src_v2_role_graph_seed_2026_03","0.4275","seeded_from_onet_task_inventory"
"occ_27_3031_00","task_occ_27_3031_00_1772","1772","Coach client representatives in effective communication with the public or with employees.","cluster_execution_routine","Core","0.0502","0.6244","0.4732","supporting","0.3175","src_onet_30_1|src_v2_role_graph_seed_2026_03","0.4275","seeded_from_onet_task_inventory"
"occ_27_3031_00","task_occ_27_3031_00_1773","1773","Prepare or deliver speeches to further public relations objectives.","cluster_execution_routine","Core","0.0121","0.4058","0.3464","supporting","0.3175","src_onet_30_1|src_v2_role_graph_seed_2026_03","0.4275","seeded_from_onet_task_inventory"
"occ_27_3031_00","task_occ_27_3031_00_1774","1774","Purchase advertising space or time as required to promote client's product or agenda.","cluster_execution_routine","Supplemental","0.0090","0.1428","0.1938","optional","0.3175","src_onet_30_1|src_v2_role_graph_seed_2026_03","0.3875","seeded_from_onet_task_inventory"
"occ_27_3031_00","task_occ_27_3031_00_1775","1775","Plan or conduct market or public opinion research to test products or determine potential for product success, communicating results to client or management.","cluster_execution_routine","Core","0.0141","0.4678","0.3823","supporting","0.3175","src_onet_30_1|src_v2_role_graph_seed_2026_03","0.4275","seeded_from_onet_task_inventory"
"occ_27_3031_00","task_occ_27_3031_00_19809","19809","Coordinate public responses to environmental management incidents or conflicts.","cluster_execution_routine","Supplemental","0.0135","0.2792","0.2729","optional","0.3175","src_onet_30_1|src_v2_role_graph_seed_2026_03","0.3875","seeded_from_onet_task_inventory"
"occ_27_3031_00","task_occ_27_3031_00_19810","19810","Develop marketing campaigns for environmental technologies or services.","cluster_execution_routine","Supplemental","0.0094","0.1552","0.2010","optional","0.3175","src_onet_30_1|src_v2_role_graph_seed_2026_03","0.3875","seeded_from_onet_task_inventory"
"occ_27_3031_00","task_occ_27_3031_00_19811","19811","Develop plans or materials to communicate organizational activities that are beneficial to the environment, public safety, or other important social issues.","cluster_execution_routine","Core","0.0141","0.4678","0.3823","supporting","0.3175","src_onet_30_1|src_v2_role_graph_seed_2026_03","0.4275","seeded_from_onet_task_inventory"
"occ_27_3031_00","task_occ_27_3031_00_20554","20554","Write press releases or other media communications to promote clients.","cluster_execution_routine","Core","0.0541","0.6616","0.4947","supporting","0.3175","src_onet_30_1|src_v2_role_graph_seed_2026_03","0.4275","seeded_from_onet_task_inventory"
"occ_27_3031_00","task_occ_27_3031_00_20555","20555","Plan or direct development or communication of programs to maintain favorable public or stockholder perceptions of an organization's accomplishments, agenda, or environmental responsibility.","cluster_execution_routine","Core","0.0512","0.6614","0.4946","supporting","0.3175","src_onet_30_1|src_v2_role_graph_seed_2026_03","0.4275","seeded_from_onet_task_inventory"
"occ_27_3031_00","task_occ_27_3031_00_20557","20557","Prepare or edit organizational publications, such as employee newsletters or stockholders' reports, for internal or external audiences.","cluster_execution_routine","Core","0.0147","0.4864","0.3931","supporting","0.3175","src_onet_30_1|src_v2_role_graph_seed_2026_03","0.4275","seeded_from_onet_task_inventory"
"occ_27_3031_00","task_occ_27_3031_00_23951","23951","Post and update content on the company's Web site and social media outlets.","cluster_execution_routine","Core","0.0512","0.6614","0.4946","supporting","0.3175","src_onet_30_1|src_v2_role_graph_seed_2026_03","0.4275","seeded_from_onet_task_inventory"
"occ_27_3031_00","task_occ_27_3031_00_jd_pr_01","jd_pr_01","Develop company messaging, media strategy, and external narratives that align launches, leadership communications, and brand priorities.","cluster_drafting","Core","0.0469","0.7380","0.6132","core","0.4340","src_manual_job_description_review_2026_03|src_v2_role_graph_seed_2026_03","0.8325","seeded_from_job_description_expansion"
"occ_27_3031_00","task_occ_27_3031_00_jd_pr_02","jd_pr_02","Manage press inquiries, launch communications, and spokesperson coordination across journalists, partners, and internal leaders.","cluster_client_interaction","Core","0.0503","0.9044","0.9494","core","0.0285","src_manual_job_description_review_2026_03|src_v2_role_graph_seed_2026_03","0.6015","seeded_from_job_description_expansion"
"occ_27_3031_00","task_occ_27_3031_00_jd_pr_03","jd_pr_03","Monitor media issues, reputation risks, and campaign outcomes and prepare response plans when public narratives shift.","cluster_qa_review","Core","0.0425","0.7792","0.6905","core","0.6145","src_manual_job_description_review_2026_03|src_v2_role_graph_seed_2026_03","0.7485","seeded_from_job_description_expansion"
"occ_27_3031_00","task_occ_27_3031_00_jd_pr_04","jd_pr_04","Coordinate with product, legal, executive, and marketing teams to deliver campaigns, launches, and external response plans coherently.","cluster_coordination","Core","0.0446","0.8532","0.6849","core","0.3095","src_manual_job_description_review_2026_03|src_v2_role_graph_seed_2026_03","0.8325","seeded_from_job_description_expansion"
"occ_27_3031_00","task_occ_27_3031_00_jd_pr2_01","jd_pr2_01","Analyze media patterns, campaign results, and message performance so the team can adjust positioning before narratives harden.","cluster_analysis","Core","0.0528","0.7832","0.7253","core","0.3175","src_manual_job_description_review_2026_03|src_v2_role_graph_seed_2026_03","0.7065","seeded_from_job_description_expansion"
"occ_27_3031_00","task_occ_27_3031_00_jd_pr2_02","jd_pr2_02","Draft executive talking points, briefing notes, and response guidance that help leaders handle press, partners, and public questions consistently.","cluster_decision_support","Core","0.0544","0.9048","0.8858","core","0.3175","src_manual_job_description_review_2026_03|src_v2_role_graph_seed_2026_03","0.7065","seeded_from_job_description_expansion"
"occ_27_3031_00","task_occ_27_3031_00_jd_pr2_03","jd_pr2_03","Maintain press lists, campaign calendars, asset packets, and internal handoffs so external communications execute on time.","cluster_workflow_admin","Core","0.0529","0.6408","0.3721","supporting","0.2990","src_manual_job_description_review_2026_03|src_v2_role_graph_seed_2026_03","0.8325","seeded_from_job_description_expansion"
"occ_27_3031_00","task_occ_27_3031_00_jd_pr2_04","jd_pr2_04","Review statements, release drafts, and reactive communications with legal and executive stakeholders before they go public.","cluster_qa_review","Core","0.0528","0.7800","0.6910","core","0.6145","src_manual_job_description_review_2026_03|src_v2_role_graph_seed_2026_03","0.7485","seeded_from_job_description_expansion"
"occ_27_3031_00","task_occ_27_3031_00_manual_pr_01","manual_pr_01","Cultivate reporter, creator, partner, and stakeholder relationships so outreach lands with the right audience before narratives harden.","cluster_relationship_management","Core","0.0466","0.9072","0.9730","core","0.5105","src_manual_role_graph_review_2026_03","0.7800","seeded_from_manual_task_expansion"
"occ_27_3031_00","task_occ_27_3031_00_manual_pr_02","manual_pr_02","Synthesize audience sentiment, competitor moves, and issue context into message framing before public campaigns or responses go live.","cluster_research_synthesis","Core","0.0462","0.7964","0.7227","core","0.5965","src_manual_role_graph_review_2026_03","0.7660","seeded_from_manual_task_expansion"
"occ_27_3031_00","task_occ_27_3031_00_manual_pr_03","manual_pr_03","Set messaging hierarchy, approval boundaries, and escalation rules across launches, issues, and executive communications.","cluster_oversight_strategy","Core","0.0408","0.9652","0.9840","core","0.1790","src_manual_role_graph_review_2026_03","0.7975","seeded_from_manual_task_expansion"
"occ_27_3041_00","task_occ_27_3041_00_1776","1776","Prepare, rewrite and edit copy to improve readability, or supervise others who do this work.","cluster_execution_routine","Core","0.0475","0.7084","0.5219","core","0.3175","src_onet_30_1|src_v2_role_graph_seed_2026_03","0.4275","seeded_from_onet_task_inventory"
"occ_27_3041_00","task_occ_27_3041_00_1777","1777","Read copy or proof to detect and correct errors in spelling, punctuation, and syntax.","cluster_execution_routine","Core","0.0515","0.7518","0.5470","core","0.3175","src_onet_30_1|src_v2_role_graph_seed_2026_03","0.4275","seeded_from_onet_task_inventory"
"occ_27_3041_00","task_occ_27_3041_00_1778","1778","Allocate print space for story text, photos, and illustrations according to space parameters and copy significance, using knowledge of layout principles.","cluster_execution_routine","Supplemental","0.0405","0.4640","0.3801","supporting","0.3175","src_onet_30_1|src_v2_role_graph_seed_2026_03","0.3875","seeded_from_onet_task_inventory"
"occ_27_3041_00","task_occ_27_3041_00_1779","1779","Plan the contents of publications according to the publication's style, editorial policy, and publishing requirements.","cluster_execution_routine","Core","0.0446","0.6774","0.5039","supporting","0.3175","src_onet_30_1|src_v2_role_graph_seed_2026_03","0.4275","seeded_from_onet_task_inventory"
"occ_27_3041_00","task_occ_27_3041_00_1780","1780","Verify facts, dates, and statistics, using standard reference sources.","cluster_execution_routine","Core","0.0504","0.7394","0.5399","core","0.3175","src_onet_30_1|src_v2_role_graph_seed_2026_03","0.4275","seeded_from_onet_task_inventory"
"occ_27_3041_00","task_occ_27_3041_00_1781","1781","Review and approve proofs submitted by composing room prior to publication production.","cluster_execution_routine","Core","0.0428","0.6588","0.4931","supporting","0.3175","src_onet_30_1|src_v2_role_graph_seed_2026_03","0.4275","seeded_from_onet_task_inventory"
"occ_27_3041_00","task_occ_27_3041_00_1782","1782","Develop story or content ideas, considering reader or audience appeal.","cluster_execution_routine","Core","0.0492","0.7270","0.5327","core","0.3175","src_onet_30_1|src_v2_role_graph_seed_2026_03","0.4275","seeded_from_onet_task_inventory"
"occ_27_3041_00","task_occ_27_3041_00_1783","1783","Oversee publication production, including artwork, layout, computer typesetting, and printing, ensuring adherence to deadlines and budget requirements.","cluster_execution_routine","Core","0.0463","0.6960","0.5147","supporting","0.3175","src_onet_30_1|src_v2_role_graph_seed_2026_03","0.4275","seeded_from_onet_task_inventory"
"occ_27_3041_00","task_occ_27_3041_00_1784","1784","Confer with management and editorial staff members regarding placement and emphasis of developing news stories.","cluster_execution_routine","Core","0.0446","0.6774","0.5039","supporting","0.3175","src_onet_30_1|src_v2_role_graph_seed_2026_03","0.4275","seeded_from_onet_task_inventory"
"occ_27_3041_00","task_occ_27_3041_00_1785","1785","Assign topics, events and stories to individual writers or reporters for coverage.","cluster_execution_routine","Core","0.0388","0.6154","0.4679","supporting","0.3175","src_onet_30_1|src_v2_role_graph_seed_2026_03","0.4275","seeded_from_onet_task_inventory"
"occ_27_3041_00","task_occ_27_3041_00_1786","1786","Read, evaluate and edit manuscripts or other materials submitted for publication, and confer with authors regarding changes in content, style or organization, or publication.","cluster_execution_routine","Core","0.0504","0.7394","0.5399","core","0.3175","src_onet_30_1|src_v2_role_graph_seed_2026_03","0.4275","seeded_from_onet_task_inventory"
"occ_27_3041_00","task_occ_27_3041_00_1787","1787","Monitor news-gathering operations to ensure utilization of all news sources, such as press releases, telephone contacts, radio, television, wire services, and other reporters.","cluster_execution_routine","Supplemental","0.0446","0.5074","0.4053","supporting","0.3175","src_onet_30_1|src_v2_role_graph_seed_2026_03","0.3875","seeded_from_onet_task_inventory"
"occ_27_3041_00","task_occ_27_3041_00_1788","1788","Meet frequently with artists, typesetters, layout personnel, marketing directors, and production managers to discuss projects and resolve problems.","cluster_execution_routine","Core","0.0348","0.5872","0.4516","supporting","0.3175","src_onet_30_1|src_v2_role_graph_seed_2026_03","0.4275","seeded_from_onet_task_inventory"
"occ_27_3041_00","task_occ_27_3041_00_1789","1789","Supervise and coordinate work of reporters and other editors.","cluster_execution_routine","Core","0.0451","0.6836","0.5075","supporting","0.3175","src_onet_30_1|src_v2_role_graph_seed_2026_03","0.4275","seeded_from_onet_task_inventory"
"occ_27_3041_00","task_occ_27_3041_00_1790","1790","Make manuscript acceptance or revision recommendations to the publisher.","cluster_execution_routine","Supplemental","0.0327","0.4290","0.3598","supporting","0.3175","src_onet_30_1|src_v2_role_graph_seed_2026_03","0.3875","seeded_from_onet_task_inventory"
"occ_27_3041_00","task_occ_27_3041_00_1791","1791","Select local, state, national, and international news items received from wire services, based on assessment of items' significance and interest value.","cluster_execution_routine","Supplemental","0.0423","0.4826","0.3909","supporting","0.3175","src_onet_30_1|src_v2_role_graph_seed_2026_03","0.3875","seeded_from_onet_task_inventory"
"occ_27_3041_00","task_occ_27_3041_00_1792","1792","Interview and hire writers and reporters or negotiate contracts, royalties, and payments for authors or freelancers.","cluster_execution_routine","Supplemental","0.0061","0.1986","0.2262","optional","0.3175","src_onet_30_1|src_v2_role_graph_seed_2026_03","0.3875","seeded_from_onet_task_inventory"
"occ_27_3041_00","task_occ_27_3041_00_1793","1793","Direct the policies and departments of newspapers, magazines and other publishing establishments.","cluster_execution_routine","Supplemental","0.0399","0.4578","0.3765","supporting","0.3175","src_onet_30_1|src_v2_role_graph_seed_2026_03","0.3875","seeded_from_onet_task_inventory"
"occ_27_3041_00","task_occ_27_3041_00_1794","1794","Arrange for copyright permissions.","cluster_execution_routine","Supplemental","0.0063","0.2048","0.2298","optional","0.3175","src_onet_30_1|src_v2_role_graph_seed_2026_03","0.3875","seeded_from_onet_task_inventory"
"occ_27_3041_00","task_occ_27_3041_00_1795","1795","Read material to determine index items and arrange them alphabetically or topically, indicating page or chapter location.","cluster_execution_routine","Supplemental","0.0045","0.1134","0.1768","optional","0.3175","src_onet_30_1|src_v2_role_graph_seed_2026_03","0.3875","seeded_from_onet_task_inventory"
"occ_27_3041_00","task_occ_27_3041_00_21000","21000","Write text, such as stories, articles, editorials, or newsletters.","cluster_execution_routine","Core","0.0451","0.6836","0.5075","supporting","0.3175","src_onet_30_1|src_v2_role_graph_seed_2026_03","0.4275","seeded_from_onet_task_inventory"
"occ_27_3041_00","task_occ_27_3041_00_jd_ed_01","jd_ed_01","Source, commission, and shape contributed pieces or story packages so strong ideas become publishable editorial products.","cluster_coordination","Core","0.0250","0.8624","0.8162","core","0.6085","src_manual_job_description_review_2026_03|src_v2_role_graph_seed_2026_03","0.7520","seeded_from_job_description_expansion"
"occ_27_3041_00","task_occ_27_3041_00_jd_ed_02","jd_ed_02","Provide structural, line, and copy edits that improve clarity, argument, tone, and factual rigor while maintaining editorial standards.","cluster_qa_review","Core","0.0275","0.8012","0.7605","core","0.0130","src_manual_job_description_review_2026_03|src_v2_role_graph_seed_2026_03","0.5910","seeded_from_job_description_expansion"
"occ_27_3041_00","task_occ_27_3041_00_jd_ed_03","jd_ed_03","Manage editorial calendars, assignment flow, and package prioritization across multiple stories, contributors, and deadlines.","cluster_oversight_strategy","Core","0.0241","0.9800","0.9058","core","0.1850","src_manual_job_description_review_2026_03|src_v2_role_graph_seed_2026_03","0.7835","seeded_from_job_description_expansion"
"occ_27_3041_00","task_occ_27_3041_00_jd_ed_04","jd_ed_04","Collaborate with design, audience, production, and leadership partners to package content for publication impact and quality control.","cluster_decision_support","Core","0.0226","0.9036","0.8585","core","0.4755","src_manual_job_description_review_2026_03|src_v2_role_graph_seed_2026_03","0.8395","seeded_from_job_description_expansion"
"occ_27_3041_00","task_occ_27_3041_00_jd_ed2_01","jd_ed2_01","Review audience response, topic performance, and editorial gaps to decide what the publication should commission or revise next.","cluster_analysis","Core","0.0242","0.7792","0.7647","core","0.0595","src_manual_job_description_review_2026_03|src_v2_role_graph_seed_2026_03","0.6225","seeded_from_job_description_expansion"
"occ_27_3041_00","task_occ_27_3041_00_jd_ed2_02","jd_ed2_02","Draft editor notes, framing, headlines, and package language that help good reporting reach readers with the right emphasis.","cluster_drafting","Core","0.0242","0.6792","0.5401","supporting","0.5110","src_manual_job_description_review_2026_03|src_v2_role_graph_seed_2026_03","0.8780","seeded_from_job_description_expansion"
"occ_27_3041_00","task_occ_27_3041_00_jd_ed2_03","jd_ed2_03","Work directly with writers and contributors to resolve structural problems, factual ambiguity, and editorial judgment calls before publication.","cluster_client_interaction","Core","0.0182","0.7368","0.8037","core","0.5795","src_manual_job_description_review_2026_03|src_v2_role_graph_seed_2026_03","0.7415","seeded_from_job_description_expansion"
"occ_27_3041_00","task_occ_27_3041_00_jd_ed2_04","jd_ed2_04","Maintain editorial standards, style rules, and production guidance so multiple contributors can publish with consistent quality.","cluster_documentation","Core","0.0264","0.6572","0.4552","supporting","0.6125","src_manual_job_description_review_2026_03|src_v2_role_graph_seed_2026_03","0.7660","seeded_from_job_description_expansion"
"occ_27_3042_00","task_occ_27_3042_00_20243","20243","Develop or maintain online help documentation.","cluster_execution_routine","Core","0.0517","0.6526","0.4895","supporting","0.3175","src_onet_30_1|src_v2_role_graph_seed_2026_03","0.4275","seeded_from_onet_task_inventory"
"occ_27_3042_00","task_occ_27_3042_00_3966","3966","Organize material and complete writing assignment according to set standards regarding order, clarity, conciseness, style, and terminology.","cluster_execution_routine","Core","0.0659","0.7766","0.5614","core","0.3175","src_onet_30_1|src_v2_role_graph_seed_2026_03","0.4275","seeded_from_onet_task_inventory"
"occ_27_3042_00","task_occ_27_3042_00_3967","3967","Maintain records and files of work and revisions.","cluster_execution_routine","Core","0.0574","0.7022","0.5183","core","0.3175","src_onet_30_1|src_v2_role_graph_seed_2026_03","0.4275","seeded_from_onet_task_inventory"
"occ_27_3042_00","task_occ_27_3042_00_3968","3968","Edit, standardize, or make changes to material prepared by other writers or establishment personnel.","cluster_execution_routine","Core","0.0539","0.6712","0.5003","supporting","0.3175","src_onet_30_1|src_v2_role_graph_seed_2026_03","0.4275","seeded_from_onet_task_inventory"
"occ_27_3042_00","task_occ_27_3042_00_3969","3969","Confer with customer representatives, vendors, plant executives, or publisher to establish technical specifications and to determine subject material to be developed for publication.","cluster_execution_routine","Core","0.0089","0.4450","0.3691","supporting","0.3175","src_onet_30_1|src_v2_role_graph_seed_2026_03","0.4275","seeded_from_onet_task_inventory"
"occ_27_3042_00","task_occ_27_3042_00_3970","3970","Review published materials and recommend revisions or changes in scope, format, content, and methods of reproduction and binding.","cluster_execution_routine","Core","0.0421","0.5932","0.4551","supporting","0.3175","src_onet_30_1|src_v2_role_graph_seed_2026_03","0.4275","seeded_from_onet_task_inventory"
"occ_27_3042_00","task_occ_27_3042_00_3971","3971","Select photographs, drawings, sketches, diagrams, and charts to illustrate material.","cluster_execution_routine","Core","0.0532","0.6650","0.4967","supporting","0.3175","src_onet_30_1|src_v2_role_graph_seed_2026_03","0.4275","seeded_from_onet_task_inventory"
"occ_27_3042_00","task_occ_27_3042_00_3972","3972","Study drawings, specifications, mockups, and product samples to integrate and delineate technology, operating procedure, and production sequence and detail.","cluster_execution_routine","Core","0.0503","0.6402","0.4823","supporting","0.3175","src_onet_30_1|src_v2_role_graph_seed_2026_03","0.4275","seeded_from_onet_task_inventory"
"occ_27_3042_00","task_occ_27_3042_00_3973","3973","Interview production and engineering personnel and read journals and other material to become familiar with product technologies and production methods.","cluster_execution_routine","Core","0.0524","0.6588","0.4931","supporting","0.3175","src_onet_30_1|src_v2_role_graph_seed_2026_03","0.4275","seeded_from_onet_task_inventory"
"occ_27_3042_00","task_occ_27_3042_00_3974","3974","Observe production, developmental, and experimental activities to determine operating procedure and detail.","cluster_execution_routine","Core","0.0496","0.6340","0.4787","supporting","0.3175","src_onet_30_1|src_v2_role_graph_seed_2026_03","0.4275","seeded_from_onet_task_inventory"
"occ_27_3042_00","task_occ_27_3042_00_3975","3975","Arrange for typing, duplication, and distribution of material.","cluster_execution_routine","Core","0.0109","0.5092","0.4063","supporting","0.3175","src_onet_30_1|src_v2_role_graph_seed_2026_03","0.4275","seeded_from_onet_task_inventory"
"occ_27_3042_00","task_occ_27_3042_00_3976","3976","Assist in laying out material for publication.","cluster_execution_routine","Core","0.0503","0.6402","0.4823","supporting","0.3175","src_onet_30_1|src_v2_role_graph_seed_2026_03","0.4275","seeded_from_onet_task_inventory"
"occ_27_3042_00","task_occ_27_3042_00_3977","3977","Analyze developments in specific field to determine need for revisions in previously published materials and development of new material.","cluster_execution_routine","Core","0.0482","0.6216","0.4715","supporting","0.3175","src_onet_30_1|src_v2_role_graph_seed_2026_03","0.4275","seeded_from_onet_task_inventory"
"occ_27_3042_00","task_occ_27_3042_00_3978","3978","Review manufacturer's and trade catalogs, drawings and other data relative to operation, maintenance, and service of equipment.","cluster_execution_routine","Core","0.0400","0.5944","0.4558","supporting","0.3175","src_onet_30_1|src_v2_role_graph_seed_2026_03","0.4275","seeded_from_onet_task_inventory"
"occ_27_3042_00","task_occ_27_3042_00_3979","3979","Draw sketches to illustrate specified materials or assembly sequence.","cluster_execution_routine","Core","0.0128","0.4986","0.4002","supporting","0.3175","src_onet_30_1|src_v2_role_graph_seed_2026_03","0.4275","seeded_from_onet_task_inventory"
"occ_27_3042_00","task_occ_27_3042_00_jd_tw_01","jd_tw_01","Own information architecture, style standards, and content governance so documentation remains consistent, discoverable, and useful across products.","cluster_oversight_strategy","Core","0.0283","0.9800","0.9600","core","0.5705","src_manual_job_description_review_2026_03|src_v2_role_graph_seed_2026_03","0.7485","seeded_from_job_description_expansion"
"occ_27_3042_00","task_occ_27_3042_00_jd_tw_02","jd_tw_02","Create developer-facing examples, tutorials, and code samples that show how to use product capabilities in real workflows.","cluster_drafting","Core","0.0310","0.7132","0.5937","core","0.3120","src_manual_job_description_review_2026_03|src_v2_role_graph_seed_2026_03","0.7695","seeded_from_job_description_expansion"
"occ_27_3042_00","task_occ_27_3042_00_jd_tw_03","jd_tw_03","Test new features, gather user or stakeholder feedback, and revise documentation before release so people can complete tasks successfully.","cluster_qa_review","Core","0.0306","0.7824","0.6560","core","0.6495","src_manual_job_description_review_2026_03|src_v2_role_graph_seed_2026_03","0.7765","seeded_from_job_description_expansion"
"occ_27_3042_00","task_occ_27_3042_00_jd_tw_04","jd_tw_04","Manage documentation as a product workflow across releases, including contributor coordination, publication timing, and lifecycle tracking.","cluster_workflow_admin","Core","0.0304","0.6216","0.5221","supporting","0.2085","src_manual_job_description_review_2026_03|src_v2_role_graph_seed_2026_03","0.8115","seeded_from_job_description_expansion"
"occ_27_3042_00","task_occ_27_3042_00_jd_tw2_01","jd_tw2_01","Analyze product changes, recurring support confusion, and information gaps so the next documentation update solves real user breakdowns.","cluster_analysis","Core","0.0357","0.7892","0.7745","core","0.0055","src_manual_job_description_review_2026_03|src_v2_role_graph_seed_2026_03","0.5875","seeded_from_job_description_expansion"
"occ_27_3042_00","task_occ_27_3042_00_jd_tw2_02","jd_tw2_02","Interview engineers, product managers, and support teams to extract tacit workflow knowledge before turning it into usable guidance.","cluster_client_interaction","Core","0.0366","0.8432","0.8655","core","0.5795","src_manual_job_description_review_2026_03|src_v2_role_graph_seed_2026_03","0.7415","seeded_from_job_description_expansion"
"occ_27_3042_00","task_occ_27_3042_00_jd_tw2_03","jd_tw2_03","Coordinate reviews, approvals, localization timing, and release dependencies so documentation ships with the right product state.","cluster_coordination","Core","0.0378","0.8448","0.8060","core","0.6085","src_manual_job_description_review_2026_03|src_v2_role_graph_seed_2026_03","0.7520","seeded_from_job_description_expansion"
"occ_27_3042_00","task_occ_27_3042_00_jd_tw2_04","jd_tw2_04","Check walkthroughs, examples, screenshots, and procedures against the real product so published instructions are accurate and complete.","cluster_qa_review","Core","0.0365","0.7892","0.6599","core","0.6495","src_manual_job_description_review_2026_03|src_v2_role_graph_seed_2026_03","0.7765","seeded_from_job_description_expansion"
"occ_27_3042_00","task_occ_27_3042_00_manual_tw_01","manual_tw_01","Interview subject matter experts to clarify system behavior and edge cases.","cluster_research_synthesis","Core","0.0248","0.7494","0.6591","core","0.6315","src_manual_role_graph_review_2026_03","0.7765","seeded_from_manual_task_expansion"
"occ_27_3042_00","task_occ_27_3042_00_manual_tw_02","manual_tw_02","Maintain documentation plans, review cycles, and release-note schedules.","cluster_workflow_admin","Supplemental","0.0243","0.3924","0.3892","optional","0.2085","src_manual_role_graph_review_2026_03","0.7715","seeded_from_manual_task_expansion"
"occ_27_3042_00","task_occ_27_3042_00_manual_tw_03","manual_tw_03","Refactor complex technical content for different user audiences and contexts.","cluster_drafting","Core","0.0362","0.7430","0.6109","core","0.3120","src_manual_role_graph_review_2026_03","0.7695","seeded_from_manual_task_expansion"
"occ_27_3043_00","task_occ_27_3043_00_22653","22653","Discuss with the client the product, advertising themes and methods, and any changes that should be made in advertising copy.","cluster_execution_routine","Core","0.0684","0.7022","0.5183","core","0.3175","src_onet_30_1|src_v2_role_graph_seed_2026_03","0.4275","seeded_from_onet_task_inventory"
"occ_27_3043_00","task_occ_27_3043_00_22654","22654","Present drafts and ideas to clients.","cluster_execution_routine","Core","0.0684","0.7022","0.5183","core","0.3175","src_onet_30_1|src_v2_role_graph_seed_2026_03","0.4275","seeded_from_onet_task_inventory"
"occ_27_3043_00","task_occ_27_3043_00_22655","22655","Vary language and tone of messages based on product and medium.","cluster_execution_routine","Core","0.0726","0.7332","0.5363","core","0.3175","src_onet_30_1|src_v2_role_graph_seed_2026_03","0.4275","seeded_from_onet_task_inventory"
"occ_27_3043_00","task_occ_27_3043_00_22656","22656","Develop advertising campaigns for a wide range of clients, working with an advertising agency's creative director and art director to determine the best way to present advertising information.","cluster_execution_routine","Core","0.0726","0.7332","0.5363","core","0.3175","src_onet_30_1|src_v2_role_graph_seed_2026_03","0.4275","seeded_from_onet_task_inventory"
"occ_27_3043_00","task_occ_27_3043_00_22657","22657","Write articles, bulletins, sales letters, speeches, and other related informative, marketing and promotional material.","cluster_execution_routine","Core","0.0574","0.6216","0.4715","supporting","0.3175","src_onet_30_1|src_v2_role_graph_seed_2026_03","0.4275","seeded_from_onet_task_inventory"
"occ_27_3043_00","task_occ_27_3043_00_22658","22658","Conduct research and interviews to determine which of a product's selling features should be promoted.","cluster_execution_routine","Supplemental","0.0108","0.2668","0.2657","optional","0.3175","src_onet_30_1|src_v2_role_graph_seed_2026_03","0.3875","seeded_from_onet_task_inventory"
"occ_27_3043_00","task_occ_27_3043_00_22659","22659","Invent names for products and write the slogans that appear on packaging, brochures and other promotional material.","cluster_execution_routine","Supplemental","0.0324","0.3536","0.3161","optional","0.3175","src_onet_30_1|src_v2_role_graph_seed_2026_03","0.3875","seeded_from_onet_task_inventory"
"occ_27_3043_00","task_occ_27_3043_00_22660","22660","Review advertising trends, consumer surveys, and other data regarding marketing of goods and services to determine the best way to promote products.","cluster_execution_routine","Core","0.0201","0.5176","0.4112","supporting","0.3175","src_onet_30_1|src_v2_role_graph_seed_2026_03","0.4275","seeded_from_onet_task_inventory"
"occ_27_3043_00","task_occ_27_3043_00_22661","22661","Collaborate with other writers on specific projects.","cluster_execution_routine","n/a","0.0253","0.3720","0.3268","optional","0.3175","src_onet_30_1|src_v2_role_graph_seed_2026_03","0.3875","seeded_from_onet_task_inventory"
"occ_27_3043_00","task_occ_27_3043_00_22662","22662","Conduct research to obtain factual information and authentic detail, using sources such as newspaper accounts, diaries, and interviews.","cluster_execution_routine","n/a","0.0253","0.3720","0.3268","optional","0.3175","src_onet_30_1|src_v2_role_graph_seed_2026_03","0.3875","seeded_from_onet_task_inventory"
"occ_27_3043_00","task_occ_27_3043_00_22663","22663","Consult with sales, media and marketing representatives to obtain information on product or service and discuss style and length of advertising written material.","cluster_execution_routine","n/a","0.0253","0.3720","0.3268","optional","0.3175","src_onet_30_1|src_v2_role_graph_seed_2026_03","0.3875","seeded_from_onet_task_inventory"
"occ_27_3043_00","task_occ_27_3043_00_22664","22664","Edit or rewrite existing written material as necessary, and submit written material for approval by supervisor, editor, or publisher.","cluster_execution_routine","n/a","0.0253","0.3720","0.3268","optional","0.3175","src_onet_30_1|src_v2_role_graph_seed_2026_03","0.3875","seeded_from_onet_task_inventory"
"occ_27_3043_00","task_occ_27_3043_00_22665","22665","Follow appropriate procedures to get copyrights for completed work.","cluster_execution_routine","n/a","0.0253","0.3720","0.3268","optional","0.3175","src_onet_30_1|src_v2_role_graph_seed_2026_03","0.3875","seeded_from_onet_task_inventory"
"occ_27_3043_00","task_occ_27_3043_00_22666","22666","Plan project arrangements or outlines, and organize material accordingly.","cluster_execution_routine","n/a","0.0253","0.3720","0.3268","optional","0.3175","src_onet_30_1|src_v2_role_graph_seed_2026_03","0.3875","seeded_from_onet_task_inventory"
"occ_27_3043_00","task_occ_27_3043_00_22667","22667","Prepare works in appropriate format for publication, and send them to publishers or producers.","cluster_execution_routine","n/a","0.0253","0.3720","0.3268","optional","0.3175","src_onet_30_1|src_v2_role_graph_seed_2026_03","0.3875","seeded_from_onet_task_inventory"
"occ_27_3043_00","task_occ_27_3043_00_22668","22668","Revise written material to meet personal standards and to satisfy needs of clients, publishers, directors, or producers.","cluster_execution_routine","n/a","0.0253","0.3720","0.3268","optional","0.3175","src_onet_30_1|src_v2_role_graph_seed_2026_03","0.3875","seeded_from_onet_task_inventory"
"occ_27_3043_00","task_occ_27_3043_00_22669","22669","Work with staff to develop script, story, or advertising concepts.","cluster_execution_routine","n/a","0.0253","0.3720","0.3268","optional","0.3175","src_onet_30_1|src_v2_role_graph_seed_2026_03","0.3875","seeded_from_onet_task_inventory"
"occ_27_3043_00","task_occ_27_3043_00_22670","22670","Write advertising material for use by publication, broadcast, or internet media to promote the sale of goods and services.","cluster_execution_routine","n/a","0.0253","0.3720","0.3268","optional","0.3175","src_onet_30_1|src_v2_role_graph_seed_2026_03","0.3875","seeded_from_onet_task_inventory"
"occ_27_3043_00","task_occ_27_3043_00_22671","22671","Write fiction or nonfiction prose, such as short stories, novels, biographies, articles, descriptive or critical analyses, and essays.","cluster_execution_routine","n/a","0.0253","0.3720","0.3268","optional","0.3175","src_onet_30_1|src_v2_role_graph_seed_2026_03","0.3875","seeded_from_onet_task_inventory"
"occ_27_3043_00","task_occ_27_3043_00_22672","22672","Write to customers in their terms and on their level so that the script, story, or advertisement message is more readily received.","cluster_execution_routine","n/a","0.0253","0.3720","0.3268","optional","0.3175","src_onet_30_1|src_v2_role_graph_seed_2026_03","0.3875","seeded_from_onet_task_inventory"
"occ_27_3043_00","task_occ_27_3043_00_jd_wa_01","jd_wa_01","Write audience-specific copy, campaign messaging, and narrative concepts across digital, email, landing-page, and social formats.","cluster_drafting","Core","0.0415","0.7444","0.6666","core","0.0285","src_manual_job_description_review_2026_03|src_v2_role_graph_seed_2026_03","0.5980","seeded_from_job_description_expansion"
"occ_27_3043_00","task_occ_27_3043_00_jd_wa_02","jd_wa_02","Translate complex mechanics or product concepts into clear tutorials, UI text, terminology, and explanatory content for end users.","cluster_research_synthesis","Core","0.0378","0.8056","0.6280","core","0.2855","src_manual_job_description_review_2026_03|src_v2_role_graph_seed_2026_03","0.8255","seeded_from_job_description_expansion"
"occ_27_3043_00","task_occ_27_3043_00_jd_wa_03","jd_wa_03","Define information architecture, user journeys, voice standards, and content strategy that connect writing to business goals.","cluster_oversight_strategy","Core","0.0351","0.9800","0.9886","core","0.5680","src_manual_job_description_review_2026_03|src_v2_role_graph_seed_2026_03","0.7485","seeded_from_job_description_expansion"
"occ_27_3043_00","task_occ_27_3043_00_jd_wa_04","jd_wa_04","Coordinate revisions, cross-functional review, and publishing pipelines so written content remains clear, consistent, and release-ready.","cluster_coordination","Core","0.0356","0.8500","0.7558","core","0.4250","src_manual_job_description_review_2026_03|src_v2_role_graph_seed_2026_03","0.8360","seeded_from_job_description_expansion"
"occ_27_3043_00","task_occ_27_3043_00_jd_wa2_01","jd_wa2_01","Review audience behavior, search intent, and performance signals to identify where content is confusing, missing, or failing to do its job.","cluster_analysis","Core","0.0375","0.7948","0.7626","core","0.1040","src_manual_job_description_review_2026_03|src_v2_role_graph_seed_2026_03","0.7555","seeded_from_job_description_expansion"
"occ_27_3043_00","task_occ_27_3043_00_jd_wa2_02","jd_wa2_02","Work with product, design, marketing, and legal stakeholders to resolve ambiguity before copy and content systems are finalized.","cluster_client_interaction","Core","0.0293","0.7740","0.8371","core","0.2655","src_manual_job_description_review_2026_03|src_v2_role_graph_seed_2026_03","0.8010","seeded_from_job_description_expansion"
"occ_27_3043_00","task_occ_27_3043_00_jd_wa2_03","jd_wa2_03","Review text for factual consistency, voice, terminology, and user comprehension before content ships into live products or campaigns.","cluster_qa_review","Core","0.0372","0.7640","0.5687","core","0.2565","src_manual_job_description_review_2026_03|src_v2_role_graph_seed_2026_03","0.8150","seeded_from_job_description_expansion"
"occ_27_3043_00","task_occ_27_3043_00_jd_wa2_04","jd_wa2_04","Maintain style guidance, reusable content patterns, and publishing rules that keep writing systems coherent across contributors and channels.","cluster_documentation","Core","0.0395","0.6696","0.4910","supporting","0.6100","src_manual_job_description_review_2026_03|src_v2_role_graph_seed_2026_03","0.7450","seeded_from_job_description_expansion"
"occ_41_3011_00","task_occ_41_3011_00_4579","4579","Prepare and deliver sales presentations to new and existing customers to sell new advertising programs and to protect and increase existing advertising.","cluster_execution_routine","Core","0.0146","0.6206","0.3637","supporting","0.2675","src_onet_30_1|src_v2_role_graph_seed_2026_03","0.5605","seeded_from_onet_task_inventory"
"occ_41_3011_00","task_occ_41_3011_00_4580","4580","Explain to customers how specific types of advertising will help promote their products or services in the most effective way possible.","cluster_execution_routine","Core","0.0598","0.7092","0.4151","core","0.2675","src_onet_30_1|src_v2_role_graph_seed_2026_03","0.5605","seeded_from_onet_task_inventory"
"occ_41_3011_00","task_occ_41_3011_00_4581","4581","Maintain assigned account bases while developing new accounts.","cluster_execution_routine","Core","0.0720","0.7456","0.4362","core","0.2675","src_onet_30_1|src_v2_role_graph_seed_2026_03","0.5605","seeded_from_onet_task_inventory"
"occ_41_3011_00","task_occ_41_3011_00_4582","4582","Process all correspondence and paperwork related to accounts.","cluster_execution_routine","Core","0.0679","0.7146","0.4183","core","0.2675","src_onet_30_1|src_v2_role_graph_seed_2026_03","0.5605","seeded_from_onet_task_inventory"
"occ_41_3011_00","task_occ_41_3011_00_4583","4583","Deliver advertising or illustration proofs to customers for approval.","cluster_execution_routine","Core","0.0133","0.5726","0.3359","supporting","0.2675","src_onet_30_1|src_v2_role_graph_seed_2026_03","0.5605","seeded_from_onet_task_inventory"
"occ_41_3011_00","task_occ_41_3011_00_4584","4584","Draw up contracts for advertising work, and collect payments due.","cluster_execution_routine","Core","0.0136","0.5546","0.3255","supporting","0.2675","src_onet_30_1|src_v2_role_graph_seed_2026_03","0.5605","seeded_from_onet_task_inventory"
"occ_41_3011_00","task_occ_41_3011_00_4585","4585","Locate and contact potential clients to offer advertising services.","cluster_execution_routine","Core","0.0712","0.7394","0.4327","core","0.2675","src_onet_30_1|src_v2_role_graph_seed_2026_03","0.5605","seeded_from_onet_task_inventory"
"occ_41_3011_00","task_occ_41_3011_00_4586","4586","Provide clients with estimates of the costs of advertising products or services.","cluster_execution_routine","Core","0.0720","0.7456","0.4362","core","0.2675","src_onet_30_1|src_v2_role_graph_seed_2026_03","0.5605","seeded_from_onet_task_inventory"
"occ_41_3011_00","task_occ_41_3011_00_4587","4587","Recommend appropriate sizes and formats for advertising, depending on medium used.","cluster_execution_routine","Core","0.0452","0.6464","0.3787","supporting","0.2675","src_onet_30_1|src_v2_role_graph_seed_2026_03","0.5605","seeded_from_onet_task_inventory"
"occ_41_3011_00","task_occ_41_3011_00_4588","4588","Inform customers of available options for advertisement artwork, and provide samples.","cluster_execution_routine","Core","0.0151","0.5728","0.3360","supporting","0.2675","src_onet_30_1|src_v2_role_graph_seed_2026_03","0.5605","seeded_from_onet_task_inventory"
"occ_41_3011_00","task_occ_41_3011_00_4589","4589","Obtain and study information about clients' products, needs, problems, advertising history, and business practices to offer effective sales presentations and appropriate product assistance.","cluster_execution_routine","Core","0.0687","0.7208","0.4219","core","0.2675","src_onet_30_1|src_v2_role_graph_seed_2026_03","0.5605","seeded_from_onet_task_inventory"
"occ_41_3011_00","task_occ_41_3011_00_4590","4590","Determine advertising medium to be used, and prepare sample advertisements within the selected medium for presentation to customers.","cluster_execution_routine","Core","0.0290","0.5910","0.3466","supporting","0.2675","src_onet_30_1|src_v2_role_graph_seed_2026_03","0.5605","seeded_from_onet_task_inventory"
"occ_41_3011_00","task_occ_41_3011_00_4591","4591","Consult with company officials, sales departments, and advertising agencies to develop promotional plans.","cluster_execution_routine","Core","0.0121","0.4988","0.2931","supporting","0.2675","src_onet_30_1|src_v2_role_graph_seed_2026_03","0.5605","seeded_from_onet_task_inventory"
"occ_41_3011_00","task_occ_41_3011_00_4592","4592","Prepare promotional plans, sales literature, media kits, and sales contracts, using computer.","cluster_execution_routine","Core","0.0136","0.5562","0.3264","supporting","0.2675","src_onet_30_1|src_v2_role_graph_seed_2026_03","0.5605","seeded_from_onet_task_inventory"
"occ_41_3011_00","task_occ_41_3011_00_4593","4593","Identify new advertising markets, and propose products to serve them.","cluster_execution_routine","Core","0.0330","0.5760","0.3379","supporting","0.2675","src_onet_30_1|src_v2_role_graph_seed_2026_03","0.5605","seeded_from_onet_task_inventory"
"occ_41_3011_00","task_occ_41_3011_00_4594","4594","Write copy as part of layout.","cluster_execution_routine","Core","0.0646","0.6898","0.4039","supporting","0.2675","src_onet_30_1|src_v2_role_graph_seed_2026_03","0.5605","seeded_from_onet_task_inventory"
"occ_41_3011_00","task_occ_41_3011_00_4595","4595","Attend sales meetings, industry trade shows, and training seminars to gather information, promote products, expand network of contacts, and increase knowledge.","cluster_execution_routine","Core","0.0113","0.4678","0.2751","supporting","0.2675","src_onet_30_1|src_v2_role_graph_seed_2026_03","0.5605","seeded_from_onet_task_inventory"
"occ_41_3011_00","task_occ_41_3011_00_4596","4596","Gather all relevant material for bid processes, and coordinate bidding and contract approval.","cluster_execution_routine","Core","0.0123","0.5050","0.2967","supporting","0.2675","src_onet_30_1|src_v2_role_graph_seed_2026_03","0.5605","seeded_from_onet_task_inventory"
"occ_41_3011_00","task_occ_41_3011_00_4597","4597","Arrange for commercial taping sessions, and accompany clients to sessions.","cluster_execution_routine","Core","0.0116","0.4802","0.2823","supporting","0.2675","src_onet_30_1|src_v2_role_graph_seed_2026_03","0.5605","seeded_from_onet_task_inventory"
"occ_41_3011_00","task_occ_41_3011_00_4598","4598","Write sales outlines for use by staff.","cluster_execution_routine","Supplemental","0.0079","0.1756","0.1056","optional","0.2675","src_onet_30_1|src_v2_role_graph_seed_2026_03","0.5205","seeded_from_onet_task_inventory"
"occ_41_3011_00","task_occ_41_3011_00_jd_as_01","jd_as_01","Build and manage pipeline through outbound prospecting, discovery, and multi-stakeholder qualification for large accounts.","cluster_client_interaction","Core","0.0416","0.9076","0.8418","core","0.3645","src_manual_job_description_review_2026_03|src_v2_role_graph_seed_2026_03","0.8290","seeded_from_job_description_expansion"
"occ_41_3011_00","task_occ_41_3011_00_jd_as_02","jd_as_02","Create strategic account plans, proposals, and value narratives that match client objectives to the product offering.","cluster_decision_support","Core","0.0367","0.9256","0.8556","core","0.5000","src_manual_job_description_review_2026_03|src_v2_role_graph_seed_2026_03","0.8430","seeded_from_job_description_expansion"
"occ_41_3011_00","task_occ_41_3011_00_jd_as_03","jd_as_03","Coordinate product, marketing, and internal sales partners to shape pitches, proposals, and new advertising partnerships.","cluster_coordination","Core","0.0354","0.8624","0.6928","core","0.3185","src_manual_job_description_review_2026_03|src_v2_role_graph_seed_2026_03","0.8290","seeded_from_job_description_expansion"
"occ_41_3011_00","task_occ_41_3011_00_jd_as_04","jd_as_04","Manage strategic account relationships through trials, negotiations, renewals, and expansion opportunities over time.","cluster_relationship_management","Core","0.0370","0.9164","0.9843","core","0.4080","src_manual_job_description_review_2026_03|src_v2_role_graph_seed_2026_03","0.7870","seeded_from_job_description_expansion"
"occ_41_3011_00","task_occ_41_3011_00_jd_as2_01","jd_as2_01","Read account signals, spend patterns, and buying-stage evidence to decide which opportunities are worth senior sales attention now.","cluster_analysis","Core","0.0351","0.7916","0.7301","core","0.3175","src_manual_job_description_review_2026_03|src_v2_role_graph_seed_2026_03","0.7065","seeded_from_job_description_expansion"
"occ_41_3011_00","task_occ_41_3011_00_jd_as2_02","jd_as2_02","Maintain CRM hygiene, proposal packets, and internal handoff records so multistage deals do not break when teams change hands.","cluster_workflow_admin","Core","0.0383","0.6496","0.3616","supporting","0.2725","src_manual_job_description_review_2026_03|src_v2_role_graph_seed_2026_03","0.8255","seeded_from_job_description_expansion"
"occ_41_3011_00","task_occ_41_3011_00_jd_as2_03","jd_as2_03","Check campaign promises, pricing terms, inventory assumptions, and deal details before commitments are locked with the client.","cluster_qa_review","Core","0.0361","0.7640","0.6941","core","0.3175","src_manual_job_description_review_2026_03|src_v2_role_graph_seed_2026_03","0.7065","seeded_from_job_description_expansion"
"occ_41_3011_00","task_occ_41_3011_00_jd_as2_04","jd_as2_04","Recommend package mixes, rollout sequencing, and commercial options that fit the client problem rather than defaulting to a standard pitch.","cluster_decision_support","Core","0.0312","0.8512","0.8125","core","0.5000","src_manual_job_description_review_2026_03|src_v2_role_graph_seed_2026_03","0.8430","seeded_from_job_description_expansion"
"occ_41_3021_00","task_occ_41_3021_00_718","718","Call on policyholders to deliver and explain policy, to analyze insurance program and suggest additions or changes, or to change beneficiaries.","cluster_execution_routine","Core","0.0155","0.5508","0.4673","supporting","0.0930","src_onet_30_1|src_v2_role_graph_seed_2026_03","0.4555","seeded_from_onet_task_inventory"
"occ_41_3021_00","task_occ_41_3021_00_719","719","Calculate premiums and establish payment method.","cluster_execution_routine","Core","0.0705","0.6402","0.5191","supporting","0.0930","src_onet_30_1|src_v2_role_graph_seed_2026_03","0.4555","seeded_from_onet_task_inventory"
"occ_41_3021_00","task_occ_41_3021_00_720","720","Customize insurance programs to suit individual customers, often covering a variety of risks.","cluster_execution_routine","Core","0.0854","0.7332","0.5731","core","0.0930","src_onet_30_1|src_v2_role_graph_seed_2026_03","0.4555","seeded_from_onet_task_inventory"
"occ_41_3021_00","task_occ_41_3021_00_721","721","Sell various types of insurance policies to businesses and individuals on behalf of insurance companies, including automobile, fire, life, property, medical and dental insurance, or specialized policies, such as marine, farm/crop, and medical malpractice.","cluster_execution_routine","Core","0.0834","0.7208","0.5659","core","0.0930","src_onet_30_1|src_v2_role_graph_seed_2026_03","0.4555","seeded_from_onet_task_inventory"
"occ_41_3021_00","task_occ_41_3021_00_722","722","Interview prospective clients to obtain data about their financial resources and needs, the physical condition of the person or property to be insured, and to discuss any existing coverage.","cluster_execution_routine","Core","0.0174","0.5480","0.4656","supporting","0.0930","src_onet_30_1|src_v2_role_graph_seed_2026_03","0.4555","seeded_from_onet_task_inventory"
"occ_41_3021_00","task_occ_41_3021_00_723","723","Seek out new clients and develop clientele by networking to find new customers and generate lists of prospective clients.","cluster_execution_routine","Core","0.0279","0.5812","0.4849","supporting","0.0930","src_onet_30_1|src_v2_role_graph_seed_2026_03","0.4555","seeded_from_onet_task_inventory"
"occ_41_3021_00","task_occ_41_3021_00_724","724","Explain features, advantages, and disadvantages of various policies to promote sale of insurance plans.","cluster_execution_routine","Core","0.0257","0.5934","0.4920","supporting","0.0930","src_onet_30_1|src_v2_role_graph_seed_2026_03","0.4555","seeded_from_onet_task_inventory"
"occ_41_3021_00","task_occ_41_3021_00_725","725","Contact underwriter and submit forms to obtain binder coverage.","cluster_execution_routine","Core","0.0151","0.5112","0.4443","supporting","0.0930","src_onet_30_1|src_v2_role_graph_seed_2026_03","0.4555","seeded_from_onet_task_inventory"
"occ_41_3021_00","task_occ_41_3021_00_726","726","Ensure that policy requirements are fulfilled, including any necessary medical examinations and the completion of appropriate forms.","cluster_execution_routine","Core","0.0147","0.4988","0.4371","supporting","0.0930","src_onet_30_1|src_v2_role_graph_seed_2026_03","0.4555","seeded_from_onet_task_inventory"
"occ_41_3021_00","task_occ_41_3021_00_727","727","Confer with clients to obtain and provide information when claims are made on a policy.","cluster_execution_routine","Core","0.0153","0.5174","0.4479","supporting","0.0930","src_onet_30_1|src_v2_role_graph_seed_2026_03","0.4555","seeded_from_onet_task_inventory"
"occ_41_3021_00","task_occ_41_3021_00_728","728","Perform administrative tasks, such as maintaining records and handling policy renewals.","cluster_execution_routine","Core","0.0794","0.6960","0.5515","supporting","0.0930","src_onet_30_1|src_v2_role_graph_seed_2026_03","0.4555","seeded_from_onet_task_inventory"
"occ_41_3021_00","task_occ_41_3021_00_729","729","Select company that offers type of coverage requested by client to underwrite policy.","cluster_execution_routine","Core","0.0156","0.5386","0.4602","supporting","0.0930","src_onet_30_1|src_v2_role_graph_seed_2026_03","0.4555","seeded_from_onet_task_inventory"
"occ_41_3021_00","task_occ_41_3021_00_730","730","Monitor insurance claims to ensure they are settled equitably for both the client and the insurer.","cluster_execution_routine","Supplemental","0.0145","0.3226","0.3349","optional","0.0930","src_onet_30_1|src_v2_role_graph_seed_2026_03","0.4155","seeded_from_onet_task_inventory"
"occ_41_3021_00","task_occ_41_3021_00_731","731","Develop marketing strategies to compete with other individuals or companies who sell insurance.","cluster_execution_routine","Core","0.0157","0.5216","0.4503","supporting","0.0930","src_onet_30_1|src_v2_role_graph_seed_2026_03","0.4555","seeded_from_onet_task_inventory"
"occ_41_3021_00","task_occ_41_3021_00_732","732","Attend meetings, seminars, and programs to learn about new products and services, learn new skills, and receive technical assistance in developing new accounts.","cluster_execution_routine","Core","0.0127","0.4368","0.4011","supporting","0.0930","src_onet_30_1|src_v2_role_graph_seed_2026_03","0.4555","seeded_from_onet_task_inventory"
"occ_41_3021_00","task_occ_41_3021_00_733","733","Inspect property, examining its general condition, type of construction, age, and other characteristics, to decide if it is a good insurance risk.","cluster_execution_routine","Supplemental","0.0133","0.2854","0.3133","optional","0.0930","src_onet_30_1|src_v2_role_graph_seed_2026_03","0.4155","seeded_from_onet_task_inventory"
"occ_41_3021_00","task_occ_41_3021_00_734","734","Install bookkeeping systems and resolve system problems.","cluster_execution_routine","Supplemental","0.0115","0.2296","0.2810","optional","0.0930","src_onet_30_1|src_v2_role_graph_seed_2026_03","0.4155","seeded_from_onet_task_inventory"
"occ_41_3021_00","task_occ_41_3021_00_735","735","Plan and oversee incorporation of insurance program into bookkeeping system of company.","cluster_execution_routine","Supplemental","0.0486","0.4206","0.3917","supporting","0.0930","src_onet_30_1|src_v2_role_graph_seed_2026_03","0.4155","seeded_from_onet_task_inventory"
"occ_41_3021_00","task_occ_41_3021_00_736","736","Explain necessary bookkeeping requirements for customer to implement and provide group insurance program.","cluster_execution_routine","Supplemental","0.0115","0.2296","0.2810","optional","0.0930","src_onet_30_1|src_v2_role_graph_seed_2026_03","0.4155","seeded_from_onet_task_inventory"
"occ_41_3021_00","task_occ_41_3021_00_jd_ins_01","jd_ins_01","Follow up with inbound leads, build client relationships, and move prospects through phone, text, and video sales conversations.","cluster_client_interaction","Core","0.0554","0.9172","0.9410","core","0.5005","src_manual_job_description_review_2026_03|src_v2_role_graph_seed_2026_03","0.8290","seeded_from_job_description_expansion"
"occ_41_3021_00","task_occ_41_3021_00_jd_ins_02","jd_ins_02","Assess client risk and coverage needs and recommend policy combinations that fit financial circumstances and protection goals.","cluster_decision_support","Core","0.0484","0.9536","0.8329","core","0.2705","src_manual_job_description_review_2026_03|src_v2_role_graph_seed_2026_03","0.8220","seeded_from_job_description_expansion"
"occ_41_3021_00","task_occ_41_3021_00_jd_ins_03","jd_ins_03","Prepare quotes, applications, and CRM follow-up records so the sales pipeline and policy paperwork stay current.","cluster_workflow_admin","Core","0.0508","0.6684","0.4933","supporting","0.4820","src_manual_job_description_review_2026_03|src_v2_role_graph_seed_2026_03","0.7485","seeded_from_job_description_expansion"
"occ_41_3021_00","task_occ_41_3021_00_jd_ins_04","jd_ins_04","Manage renewals, cross-sell opportunities, and carrier coordination so clients stay covered and retention stays high.","cluster_coordination","Core","0.0465","0.8596","0.8634","core","0.4710","src_manual_job_description_review_2026_03|src_v2_role_graph_seed_2026_03","0.7590","seeded_from_job_description_expansion"
"occ_41_3021_00","task_occ_41_3021_00_jd_ins2_01","jd_ins2_01","Sustain trust with clients after renewals, life changes, and claims questions so future coverage decisions still flow through the relationship.","cluster_relationship_management","Core","0.0496","0.8616","0.9475","core","0.1330","src_manual_job_description_review_2026_03|src_v2_role_graph_seed_2026_03","0.8080","seeded_from_job_description_expansion"
"occ_41_3021_00","task_occ_41_3021_00_jd_ins2_02","jd_ins2_02","Analyze retention risk, coverage gaps, and cross-sell signals so outreach targets the clients most likely to need a new recommendation.","cluster_analysis","Core","0.0513","0.7832","0.7091","core","0.3720","src_manual_job_description_review_2026_03|src_v2_role_graph_seed_2026_03","0.8255","seeded_from_job_description_expansion"
"occ_41_3021_00","task_occ_41_3021_00_jd_ins2_03","jd_ins2_03","Review applications, disclosures, and policy details before submission so avoidable errors do not slow underwriting or create compliance risk.","cluster_qa_review","Core","0.0514","0.7708","0.6981","core","0.3175","src_manual_job_description_review_2026_03|src_v2_role_graph_seed_2026_03","0.7065","seeded_from_job_description_expansion"
"occ_41_3021_00","task_occ_41_3021_00_jd_ins2_04","jd_ins2_04","Prepare coverage summaries, renewal options, and comparison notes so clients can act on advice without re-parsing policy language from scratch.","cluster_documentation","Core","0.0528","0.6732","0.5165","supporting","0.4750","src_manual_job_description_review_2026_03|src_v2_role_graph_seed_2026_03","0.7450","seeded_from_job_description_expansion"
"occ_41_3031_00","task_occ_41_3031_00_23192","23192","Make bids or offers to buy or sell securities.","cluster_execution_routine","Core","0.0397","0.7890","0.4562","core","0.2415","src_onet_30_1|src_v2_role_graph_seed_2026_03","0.5395","seeded_from_onet_task_inventory"
"occ_41_3031_00","task_occ_41_3031_00_23193","23193","Monitor markets or positions.","cluster_execution_routine","Core","0.0393","0.7828","0.4526","core","0.2415","src_onet_30_1|src_v2_role_graph_seed_2026_03","0.5395","seeded_from_onet_task_inventory"
"occ_41_3031_00","task_occ_41_3031_00_23194","23194","Agree on buying or selling prices at optimal levels for clients.","cluster_execution_routine","Core","0.0380","0.7642","0.4418","core","0.2415","src_onet_30_1|src_v2_role_graph_seed_2026_03","0.5395","seeded_from_onet_task_inventory"
"occ_41_3031_00","task_occ_41_3031_00_23195","23195","Keep accurate records of transactions.","cluster_execution_routine","Core","0.0376","0.7580","0.4382","core","0.2415","src_onet_30_1|src_v2_role_graph_seed_2026_03","0.5395","seeded_from_onet_task_inventory"
"occ_41_3031_00","task_occ_41_3031_00_23196","23196","Buy or sell stocks, bonds, commodity futures, foreign currencies, or other securities on behalf of investment dealers.","cluster_execution_routine","Core","0.0372","0.7518","0.4346","core","0.2415","src_onet_30_1|src_v2_role_graph_seed_2026_03","0.5395","seeded_from_onet_task_inventory"
"occ_41_3031_00","task_occ_41_3031_00_23197","23197","Complete sales order tickets and submit for processing of client-requested transactions.","cluster_execution_routine","Core","0.0363","0.7394","0.4275","core","0.2415","src_onet_30_1|src_v2_role_graph_seed_2026_03","0.5395","seeded_from_onet_task_inventory"
"occ_41_3031_00","task_occ_41_3031_00_23198","23198","Report all positions or trading results.","cluster_execution_routine","Core","0.0359","0.7332","0.4239","core","0.2415","src_onet_30_1|src_v2_role_graph_seed_2026_03","0.5395","seeded_from_onet_task_inventory"
"occ_41_3031_00","task_occ_41_3031_00_23199","23199","Interview clients to determine clients' assets, liabilities, cash flow, insurance coverage, tax status, or financial objectives.","cluster_execution_routine","Core","0.0355","0.7270","0.4203","core","0.2415","src_onet_30_1|src_v2_role_graph_seed_2026_03","0.5395","seeded_from_onet_task_inventory"
"occ_41_3031_00","task_occ_41_3031_00_23200","23200","Discuss financial options with clients and keep them informed about transactions.","cluster_execution_routine","Core","0.0355","0.7270","0.4203","core","0.2415","src_onet_30_1|src_v2_role_graph_seed_2026_03","0.5395","seeded_from_onet_task_inventory"
"occ_41_3031_00","task_occ_41_3031_00_23201","23201","Determine customers' financial services needs and prepare proposals to sell services that address these needs.","cluster_execution_routine","Core","0.0330","0.6898","0.3987","supporting","0.2415","src_onet_30_1|src_v2_role_graph_seed_2026_03","0.5395","seeded_from_onet_task_inventory"
"occ_41_3031_00","task_occ_41_3031_00_23202","23202","Sell services or equipment, such as trusts, investments, or check processing services.","cluster_execution_routine","Supplemental","0.0048","0.2296","0.1318","optional","0.2415","src_onet_30_1|src_v2_role_graph_seed_2026_03","0.4995","seeded_from_onet_task_inventory"
"occ_41_3031_00","task_occ_41_3031_00_23203","23203","Identify opportunities or develop channels for purchase or sale of securities or commodities.","cluster_execution_routine","Core","0.0343","0.7084","0.4095","core","0.2415","src_onet_30_1|src_v2_role_graph_seed_2026_03","0.5395","seeded_from_onet_task_inventory"
"occ_41_3031_00","task_occ_41_3031_00_23204","23204","Develop financial plans, based on analysis of clients' financial status.","cluster_execution_routine","Core","0.0329","0.7020","0.4058","core","0.2415","src_onet_30_1|src_v2_role_graph_seed_2026_03","0.5395","seeded_from_onet_task_inventory"
"occ_41_3031_00","task_occ_41_3031_00_23205","23205","Review all securities transactions to ensure accuracy of information and conformance to governing agency regulations.","cluster_execution_routine","Core","0.0343","0.7084","0.4095","core","0.2415","src_onet_30_1|src_v2_role_graph_seed_2026_03","0.5395","seeded_from_onet_task_inventory"
"occ_41_3031_00","task_occ_41_3031_00_23206","23206","Contact prospective customers to present information and explain available services.","cluster_execution_routine","Core","0.0129","0.5552","0.3206","supporting","0.2415","src_onet_30_1|src_v2_role_graph_seed_2026_03","0.5395","seeded_from_onet_task_inventory"
"occ_41_3031_00","task_occ_41_3031_00_23207","23207","Devise trading, option, or hedge strategies.","cluster_execution_routine","Core","0.0338","0.7022","0.4059","core","0.2415","src_onet_30_1|src_v2_role_graph_seed_2026_03","0.5395","seeded_from_onet_task_inventory"
"occ_41_3031_00","task_occ_41_3031_00_23208","23208","Track and analyze factors that affect price movement, such as trade policies, weather conditions, political developments, or supply and demand changes.","cluster_execution_routine","Core","0.0326","0.6836","0.3951","supporting","0.2415","src_onet_30_1|src_v2_role_graph_seed_2026_03","0.5395","seeded_from_onet_task_inventory"
"occ_41_3031_00","task_occ_41_3031_00_23209","23209","Inform other traders, managers, or customers of market conditions, including volume, price, competition, or dynamics.","cluster_execution_routine","Core","0.0317","0.6712","0.3879","supporting","0.2415","src_onet_30_1|src_v2_role_graph_seed_2026_03","0.5395","seeded_from_onet_task_inventory"
"occ_41_3031_00","task_occ_41_3031_00_23210","23210","Offer advice on the purchase or sale of particular securities.","cluster_execution_routine","Core","0.0317","0.6712","0.3879","supporting","0.2415","src_onet_30_1|src_v2_role_graph_seed_2026_03","0.5395","seeded_from_onet_task_inventory"
"occ_41_3031_00","task_occ_41_3031_00_23211","23211","Evaluate costs and revenue of agreements to determine continued profitability.","cluster_execution_routine","Supplemental","0.0055","0.2792","0.1605","optional","0.2415","src_onet_30_1|src_v2_role_graph_seed_2026_03","0.4995","seeded_from_onet_task_inventory"
"occ_41_3031_00","task_occ_41_3031_00_23212","23212","Explain stock market terms or trading practices to clients.","cluster_execution_routine","Core","0.0301","0.6464","0.3735","supporting","0.2415","src_onet_30_1|src_v2_role_graph_seed_2026_03","0.5395","seeded_from_onet_task_inventory"
"occ_41_3031_00","task_occ_41_3031_00_23213","23213","Calculate costs for billings or commissions.","cluster_execution_routine","Core","0.0297","0.6402","0.3699","supporting","0.2415","src_onet_30_1|src_v2_role_graph_seed_2026_03","0.5395","seeded_from_onet_task_inventory"
"occ_41_3031_00","task_occ_41_3031_00_23214","23214","Prepare financial reports to monitor client or corporate finances.","cluster_execution_routine","Core","0.0149","0.5556","0.3208","supporting","0.2415","src_onet_30_1|src_v2_role_graph_seed_2026_03","0.5395","seeded_from_onet_task_inventory"
"occ_41_3031_00","task_occ_41_3031_00_23215","23215","Supply the latest price quotes on any security, as well as information on the activities or financial positions of the corporations issuing these securities.","cluster_execution_routine","Core","0.0288","0.6278","0.3627","supporting","0.2415","src_onet_30_1|src_v2_role_graph_seed_2026_03","0.5395","seeded_from_onet_task_inventory"
"occ_41_3031_00","task_occ_41_3031_00_23216","23216","Supervise support staff and ensure proper execution of contracts.","cluster_execution_routine","Supplemental","0.0338","0.5322","0.3073","supporting","0.2415","src_onet_30_1|src_v2_role_graph_seed_2026_03","0.4995","seeded_from_onet_task_inventory"
"occ_41_3031_00","task_occ_41_3031_00_23217","23217","Relay buy or sell orders to securities exchanges or to firm trading departments.","cluster_execution_routine","Supplemental","0.0313","0.4950","0.2857","supporting","0.2415","src_onet_30_1|src_v2_role_graph_seed_2026_03","0.4995","seeded_from_onet_task_inventory"
"occ_41_3031_00","task_occ_41_3031_00_23218","23218","Negotiate prices or contracts for securities or commodities sales or purchases.","cluster_execution_routine","n/a","0.0125","0.3720","0.2144","optional","0.2415","src_onet_30_1|src_v2_role_graph_seed_2026_03","0.4995","seeded_from_onet_task_inventory"
"occ_41_3031_00","task_occ_41_3031_00_23219","23219","Prepare and send requests for price quotations to all companies in a particular market.","cluster_execution_routine","n/a","0.0125","0.3720","0.2144","optional","0.2415","src_onet_30_1|src_v2_role_graph_seed_2026_03","0.4995","seeded_from_onet_task_inventory"
"occ_41_3031_00","task_occ_41_3031_00_23220","23220","Price securities or commodities based on market conditions.","cluster_execution_routine","n/a","0.0125","0.3720","0.2144","optional","0.2415","src_onet_30_1|src_v2_role_graph_seed_2026_03","0.4995","seeded_from_onet_task_inventory"
"occ_41_3031_00","task_occ_41_3031_00_23221","23221","Purchase or sell financial derivatives for customers.","cluster_execution_routine","n/a","0.0125","0.3720","0.2144","optional","0.2415","src_onet_30_1|src_v2_role_graph_seed_2026_03","0.4995","seeded_from_onet_task_inventory"
"occ_41_3031_00","task_occ_41_3031_00_jd_fss_01","jd_fss_01","Prospect for clients, build trust, and develop new business relationships around financial products and advisory opportunities.","cluster_relationship_management","Core","0.0171","0.7964","0.9147","core","0.4080","src_manual_job_description_review_2026_03|src_v2_role_graph_seed_2026_03","0.7870","seeded_from_job_description_expansion"
"occ_41_3031_00","task_occ_41_3031_00_jd_fss_02","jd_fss_02","Present investment ideas, explain financial products, and recommend strategies that fit client objectives, constraints, and risk appetite.","cluster_decision_support","Core","0.0202","0.8492","0.8853","core","0.4910","src_manual_job_description_review_2026_03|src_v2_role_graph_seed_2026_03","0.7520","seeded_from_job_description_expansion"
"occ_41_3031_00","task_occ_41_3031_00_jd_fss_03","jd_fss_03","Manage partner channels, referral pipelines, and sales follow-through so financial-services revenue opportunities move toward close.","cluster_coordination","Core","0.0173","0.7456","0.7972","core","0.4710","src_manual_job_description_review_2026_03|src_v2_role_graph_seed_2026_03","0.7590","seeded_from_job_description_expansion"
"occ_41_3031_00","task_occ_41_3031_00_jd_fss_04","jd_fss_04","Maintain CRM records, planning materials, proposal paperwork, and regulated sales documentation for client accounts and prospects.","cluster_documentation","Core","0.0217","0.6516","0.4169","supporting","0.2565","src_manual_job_description_review_2026_03|src_v2_role_graph_seed_2026_03","0.8255","seeded_from_job_description_expansion"
"occ_41_3031_00","task_occ_41_3031_00_jd_fss2_01","jd_fss2_01","Translate market conditions, client goals, and product constraints into recommendations, pitch angles, and next-step proposals.","cluster_client_interaction","Core","0.0190","0.7936","0.7731","core","0.3510","src_manual_job_description_review_2026_03|src_v2_role_graph_seed_2026_03","0.8290","seeded_from_job_description_expansion"
"occ_41_3031_00","task_occ_41_3031_00_jd_fss2_02","jd_fss2_02","Review account activity, suitability signals, and compliance checkpoints before regulated sales opportunities are advanced.","cluster_qa_review","Core","0.0229","0.7864","0.7519","core","0.0075","src_manual_job_description_review_2026_03|src_v2_role_graph_seed_2026_03","0.5875","seeded_from_job_description_expansion"
"occ_41_3031_00","task_occ_41_3031_00_jd_fss2_03","jd_fss2_03","Coordinate follow-up across partners, internal specialists, and operations teams so financial-services opportunities keep moving toward close.","cluster_coordination","Core","0.0223","0.8448","0.8548","core","0.4710","src_manual_job_description_review_2026_03|src_v2_role_graph_seed_2026_03","0.7590","seeded_from_job_description_expansion"
"occ_41_3031_00","task_occ_41_3031_00_jd_fss2_04","jd_fss2_04","Prepare meeting summaries, proposal materials, and CRM or compliance records that keep client pursuits current.","cluster_workflow_admin","Core","0.0181","0.5664","0.4251","supporting","0.1735","src_manual_job_description_review_2026_03|src_v2_role_graph_seed_2026_03","0.7835","seeded_from_job_description_expansion"
"occ_41_3091_00","task_occ_41_3091_00_23222","23222","Answer customers' questions about services, prices, availability, or credit terms.","cluster_execution_routine","n/a","0.0300","0.3720","0.3268","optional","0.3175","src_onet_30_1|src_v2_role_graph_seed_2026_03","0.3875","seeded_from_onet_task_inventory"
"occ_41_3091_00","task_occ_41_3091_00_23223","23223","Attend sales or trade meetings or read related publications to obtain information about market conditions, business trends, regulations, or industry developments.","cluster_execution_routine","n/a","0.0300","0.3720","0.3268","optional","0.3175","src_onet_30_1|src_v2_role_graph_seed_2026_03","0.3875","seeded_from_onet_task_inventory"
"occ_41_3091_00","task_occ_41_3091_00_23224","23224","Compute and compare costs of services.","cluster_execution_routine","n/a","0.0300","0.3720","0.3268","optional","0.3175","src_onet_30_1|src_v2_role_graph_seed_2026_03","0.3875","seeded_from_onet_task_inventory"
"occ_41_3091_00","task_occ_41_3091_00_23225","23225","Consult with clients after sales or contract signings to resolve problems and provide ongoing support.","cluster_execution_routine","n/a","0.0300","0.3720","0.3268","optional","0.3175","src_onet_30_1|src_v2_role_graph_seed_2026_03","0.3875","seeded_from_onet_task_inventory"
"occ_41_3091_00","task_occ_41_3091_00_23226","23226","Contact prospective or existing customers to discuss how services can meet their needs.","cluster_execution_routine","n/a","0.0300","0.3720","0.3268","optional","0.3175","src_onet_30_1|src_v2_role_graph_seed_2026_03","0.3875","seeded_from_onet_task_inventory"
"occ_41_3091_00","task_occ_41_3091_00_23227","23227","Create forms or agreements to complete sales.","cluster_execution_routine","n/a","0.0300","0.3720","0.3268","optional","0.3175","src_onet_30_1|src_v2_role_graph_seed_2026_03","0.3875","seeded_from_onet_task_inventory"
"occ_41_3091_00","task_occ_41_3091_00_23228","23228","Develop sales presentations or proposals to explain service specifications.","cluster_execution_routine","n/a","0.0300","0.3720","0.3268","optional","0.3175","src_onet_30_1|src_v2_role_graph_seed_2026_03","0.3875","seeded_from_onet_task_inventory"
"occ_41_3091_00","task_occ_41_3091_00_23229","23229","Distribute promotional materials at meetings, conferences, or trade shows.","cluster_execution_routine","n/a","0.0300","0.3720","0.3268","optional","0.3175","src_onet_30_1|src_v2_role_graph_seed_2026_03","0.3875","seeded_from_onet_task_inventory"
"occ_41_3091_00","task_occ_41_3091_00_23230","23230","Emphasize or recommend service features based on knowledge of customers' needs and vendor capabilities and limitations.","cluster_execution_routine","n/a","0.0300","0.3720","0.3268","optional","0.3175","src_onet_30_1|src_v2_role_graph_seed_2026_03","0.3875","seeded_from_onet_task_inventory"
"occ_41_3091_00","task_occ_41_3091_00_23231","23231","Identify prospective customers using business directories, leads from clients, or information from conferences or trade shows.","cluster_execution_routine","n/a","0.0300","0.3720","0.3268","optional","0.3175","src_onet_30_1|src_v2_role_graph_seed_2026_03","0.3875","seeded_from_onet_task_inventory"
"occ_41_3091_00","task_occ_41_3091_00_23232","23232","Inform customers of contracts or other information pertaining to purchased services.","cluster_execution_routine","n/a","0.0300","0.3720","0.3268","optional","0.3175","src_onet_30_1|src_v2_role_graph_seed_2026_03","0.3875","seeded_from_onet_task_inventory"
"occ_41_3091_00","task_occ_41_3091_00_23233","23233","Maintain customer records using automated systems.","cluster_execution_routine","n/a","0.0300","0.3720","0.3268","optional","0.3175","src_onet_30_1|src_v2_role_graph_seed_2026_03","0.3875","seeded_from_onet_task_inventory"
"occ_41_3091_00","task_occ_41_3091_00_23234","23234","Monitor market conditions, innovations, and competitors' services, prices, and sales.","cluster_execution_routine","n/a","0.0300","0.3720","0.3268","optional","0.3175","src_onet_30_1|src_v2_role_graph_seed_2026_03","0.3875","seeded_from_onet_task_inventory"
"occ_41_3091_00","task_occ_41_3091_00_23235","23235","Negotiate prices or terms of sales or service agreements.","cluster_execution_routine","n/a","0.0300","0.3720","0.3268","optional","0.3175","src_onet_30_1|src_v2_role_graph_seed_2026_03","0.3875","seeded_from_onet_task_inventory"
"occ_41_3091_00","task_occ_41_3091_00_23236","23236","Quote prices, credit terms, contract terms, or fulfillment dates for services.","cluster_execution_routine","n/a","0.0300","0.3720","0.3268","optional","0.3175","src_onet_30_1|src_v2_role_graph_seed_2026_03","0.3875","seeded_from_onet_task_inventory"
"occ_41_3091_00","task_occ_41_3091_00_jd_sr_01","jd_sr_01","Run multi-stakeholder discovery that surfaces business pain, buying criteria, and solution fit across executive and operator contacts.","cluster_client_interaction","Core","0.0521","0.9200","0.9584","core","0.0120","src_manual_job_description_review_2026_03|src_v2_role_graph_seed_2026_03","0.5910","seeded_from_job_description_expansion"
"occ_41_3091_00","task_occ_41_3091_00_jd_sr_02","jd_sr_02","Build account plans, self-sourced pipeline, and forecast updates that keep leadership and internal partners aligned on deal progress.","cluster_workflow_admin","Core","0.0487","0.6436","0.4789","supporting","0.4820","src_manual_job_description_review_2026_03|src_v2_role_graph_seed_2026_03","0.7485","seeded_from_job_description_expansion"
"occ_41_3091_00","task_occ_41_3091_00_jd_sr_03","jd_sr_03","Orchestrate internal partners across product, solutions, legal, procurement, and implementation to move complex deals to close.","cluster_coordination","Core","0.0476","0.8812","0.8759","core","0.4710","src_manual_job_description_review_2026_03|src_v2_role_graph_seed_2026_03","0.7590","seeded_from_job_description_expansion"
"occ_41_3091_00","task_occ_41_3091_00_jd_sr_04","jd_sr_04","Manage post-sale handoff and early expansion planning so new customers adopt successfully and the account can grow over time.","cluster_relationship_management","Core","0.0406","0.9068","0.9817","core","0.0020","src_manual_job_description_review_2026_03|src_v2_role_graph_seed_2026_03","0.5875","seeded_from_job_description_expansion"
"occ_41_3091_00","task_occ_41_3091_00_jd_sr2_01","jd_sr2_01","Analyze account priorities, buying signals, and stakeholder politics so outreach and deal strategy match the actual path to close.","cluster_analysis","Core","0.0502","0.7708","0.7181","core","0.3175","src_manual_job_description_review_2026_03|src_v2_role_graph_seed_2026_03","0.7065","seeded_from_job_description_expansion"
"occ_41_3091_00","task_occ_41_3091_00_jd_sr2_02","jd_sr2_02","Tailor proposals, pricing logic, and commercial recommendations when solution fit, budget limits, and stakeholder objections pull in different directions.","cluster_decision_support","Core","0.0484","0.8492","0.8853","core","0.4910","src_manual_job_description_review_2026_03|src_v2_role_graph_seed_2026_03","0.7520","seeded_from_job_description_expansion"
"occ_41_3091_00","task_occ_41_3091_00_jd_sr2_03","jd_sr2_03","Review deal terms, promised workflows, and handoff expectations before commit so customers and internal teams are aligned on what will be delivered.","cluster_qa_review","Core","0.0505","0.7492","0.6855","core","0.3175","src_manual_job_description_review_2026_03|src_v2_role_graph_seed_2026_03","0.7065","seeded_from_job_description_expansion"
"occ_41_3091_00","task_occ_41_3091_00_jd_sr2_04","jd_sr2_04","Maintain account maps, discovery notes, mutual action plans, and renewal context so complex deals stay legible across long cycles.","cluster_documentation","Core","0.0533","0.6548","0.5058","supporting","0.4750","src_manual_job_description_review_2026_03|src_v2_role_graph_seed_2026_03","0.7450","seeded_from_job_description_expansion"
"occ_41_3091_00","task_occ_41_3091_00_manual_sr_01","manual_sr_01","Qualify customer needs, budget limits, and buying constraints.","cluster_client_interaction","Core","0.0577","0.9112","0.9533","core","0.0120","src_manual_role_graph_review_2026_03","0.5910","seeded_from_manual_task_expansion"
"occ_41_3091_00","task_occ_41_3091_00_manual_sr_02","manual_sr_02","Coordinate solution scoping with delivery, product, or account teams.","cluster_coordination","Core","0.0445","0.8348","0.8490","core","0.4710","src_manual_role_graph_review_2026_03","0.7590","seeded_from_manual_task_expansion"
"occ_41_3091_00","task_occ_41_3091_00_manual_sr_03","manual_sr_03","Negotiate commercial terms and move service deals to close.","cluster_relationship_management","Core","0.0558","0.9572","0.9900","core","0.0020","src_manual_role_graph_review_2026_03","0.5875","seeded_from_manual_task_expansion"
"occ_41_4011_00","task_occ_41_4011_00_11237","11237","Answer customers' questions about products, prices, availability, or credit terms.","cluster_execution_routine","Core","0.0398","0.6898","0.5111","supporting","0.3175","src_onet_30_1|src_v2_role_graph_seed_2026_03","0.4275","seeded_from_onet_task_inventory"
"occ_41_4011_00","task_occ_41_4011_00_11238","11238","Quote prices, credit terms, or other bid specifications.","cluster_execution_routine","Core","0.0387","0.6774","0.5039","supporting","0.3175","src_onet_30_1|src_v2_role_graph_seed_2026_03","0.4275","seeded_from_onet_task_inventory"
"occ_41_4011_00","task_occ_41_4011_00_11239","11239","Emphasize product features, based on analyses of customers' needs and on technical knowledge of product capabilities and limitations.","cluster_execution_routine","Core","0.0382","0.6712","0.5003","supporting","0.3175","src_onet_30_1|src_v2_role_graph_seed_2026_03","0.4275","seeded_from_onet_task_inventory"
"occ_41_4011_00","task_occ_41_4011_00_11240","11240","Negotiate prices or terms of sales or service agreements.","cluster_execution_routine","Core","0.0413","0.7084","0.5219","core","0.3175","src_onet_30_1|src_v2_role_graph_seed_2026_03","0.4275","seeded_from_onet_task_inventory"
"occ_41_4011_00","task_occ_41_4011_00_11241","11241","Maintain customer records, using automated systems.","cluster_execution_routine","Core","0.0403","0.6960","0.5147","supporting","0.3175","src_onet_30_1|src_v2_role_graph_seed_2026_03","0.4275","seeded_from_onet_task_inventory"
"occ_41_4011_00","task_occ_41_4011_00_11245","11245","Collaborate with colleagues to exchange information, such as selling strategies or marketing information.","cluster_execution_routine","Core","0.0342","0.6216","0.4715","supporting","0.3175","src_onet_30_1|src_v2_role_graph_seed_2026_03","0.4275","seeded_from_onet_task_inventory"
"occ_41_4011_00","task_occ_41_4011_00_11246","11246","Prepare sales presentations or proposals to explain product specifications or applications.","cluster_execution_routine","Core","0.0357","0.6402","0.4823","supporting","0.3175","src_onet_30_1|src_v2_role_graph_seed_2026_03","0.4275","seeded_from_onet_task_inventory"
"occ_41_4011_00","task_occ_41_4011_00_11248","11248","Provide customers with ongoing technical support.","cluster_execution_routine","Core","0.0067","0.4874","0.3937","supporting","0.3175","src_onet_30_1|src_v2_role_graph_seed_2026_03","0.4275","seeded_from_onet_task_inventory"
"occ_41_4011_00","task_occ_41_4011_00_11249","11249","Inform customers of estimated delivery schedules, service contracts, warranties, or other information pertaining to purchased products.","cluster_execution_routine","Core","0.0347","0.6278","0.4751","supporting","0.3175","src_onet_30_1|src_v2_role_graph_seed_2026_03","0.4275","seeded_from_onet_task_inventory"
"occ_41_4011_00","task_occ_41_4011_00_11251","11251","Visit establishments to evaluate needs or to promote product or service sales.","cluster_execution_routine","Core","0.0403","0.6960","0.5147","supporting","0.3175","src_onet_30_1|src_v2_role_graph_seed_2026_03","0.4275","seeded_from_onet_task_inventory"
"occ_41_4011_00","task_occ_41_4011_00_11252","11252","Complete expense reports, sales reports, or other paperwork.","cluster_execution_routine","Core","0.0289","0.6098","0.4647","supporting","0.3175","src_onet_30_1|src_v2_role_graph_seed_2026_03","0.4275","seeded_from_onet_task_inventory"
"occ_41_4011_00","task_occ_41_4011_00_11256","11256","Provide feedback to product design teams so that products can be tailored to clients' needs.","cluster_execution_routine","Supplemental","0.0362","0.4764","0.3873","supporting","0.3175","src_onet_30_1|src_v2_role_graph_seed_2026_03","0.3875","seeded_from_onet_task_inventory"
"occ_41_4011_00","task_occ_41_4011_00_11257","11257","Arrange for installation and testing of products or machinery.","cluster_execution_routine","Supplemental","0.0069","0.2978","0.2837","optional","0.3175","src_onet_30_1|src_v2_role_graph_seed_2026_03","0.3875","seeded_from_onet_task_inventory"
"occ_41_4011_00","task_occ_41_4011_00_11261","11261","Compute customer's installation or production costs and estimate savings from new services, products, or equipment.","cluster_execution_routine","Core","0.0377","0.6650","0.4967","supporting","0.3175","src_onet_30_1|src_v2_role_graph_seed_2026_03","0.4275","seeded_from_onet_task_inventory"
"occ_41_4011_00","task_occ_41_4011_00_11262","11262","Consult with engineers regarding technical problems with products.","cluster_execution_routine","Supplemental","0.0063","0.2606","0.2621","optional","0.3175","src_onet_30_1|src_v2_role_graph_seed_2026_03","0.3875","seeded_from_onet_task_inventory"
"occ_41_4011_00","task_occ_41_4011_00_11265","11265","Stock or distribute resources, such as samples or promotional or educational materials.","cluster_execution_routine","Core","0.0058","0.3996","0.3428","supporting","0.3175","src_onet_30_1|src_v2_role_graph_seed_2026_03","0.4275","seeded_from_onet_task_inventory"
"occ_41_4011_00","task_occ_41_4011_00_11267","11267","Visit establishments, such as pharmacies, to determine product sales.","cluster_execution_routine","Supplemental","0.0055","0.2110","0.2334","optional","0.3175","src_onet_30_1|src_v2_role_graph_seed_2026_03","0.3875","seeded_from_onet_task_inventory"
"occ_41_4011_00","task_occ_41_4011_00_19825","19825","Inform customers about issues related to responsible use and disposal of products, such as waste reduction or product or byproduct recycling or disposal.","cluster_execution_routine","Supplemental","0.0047","0.1614","0.2046","optional","0.3175","src_onet_30_1|src_v2_role_graph_seed_2026_03","0.3875","seeded_from_onet_task_inventory"
"occ_41_4011_00","task_occ_41_4011_00_19826","19826","Present information to customers about the energy efficiency or environmental impact of scientific or technical products.","cluster_execution_routine","Supplemental","0.0048","0.1676","0.2082","optional","0.3175","src_onet_30_1|src_v2_role_graph_seed_2026_03","0.3875","seeded_from_onet_task_inventory"
"occ_41_4011_00","task_occ_41_4011_00_19828","19828","Sell technical and scientific products that are environmentally sound or designed for environmental remediation.","cluster_execution_routine","Supplemental","0.0062","0.2544","0.2586","optional","0.3175","src_onet_30_1|src_v2_role_graph_seed_2026_03","0.3875","seeded_from_onet_task_inventory"
"occ_41_4011_00","task_occ_41_4011_00_20608","20608","Prepare and submit sales contracts for orders.","cluster_execution_routine","Core","0.0408","0.7022","0.5183","core","0.3175","src_onet_30_1|src_v2_role_graph_seed_2026_03","0.4275","seeded_from_onet_task_inventory"
"occ_41_4011_00","task_occ_41_4011_00_20609","20609","Contact new or existing customers to discuss how specific products or services can meet their needs.","cluster_execution_routine","Core","0.0387","0.6774","0.5039","supporting","0.3175","src_onet_30_1|src_v2_role_graph_seed_2026_03","0.4275","seeded_from_onet_task_inventory"
"occ_41_4011_00","task_occ_41_4011_00_20610","20610","Select or assist customers in selecting products based on customer needs, product specifications, and applicable regulations.","cluster_execution_routine","Core","0.0344","0.6384","0.4813","supporting","0.3175","src_onet_30_1|src_v2_role_graph_seed_2026_03","0.4275","seeded_from_onet_task_inventory"
"occ_41_4011_00","task_occ_41_4011_00_20611","20611","Verify that delivery schedules meet project deadlines.","cluster_execution_routine","Core","0.0186","0.5634","0.4378","supporting","0.3175","src_onet_30_1|src_v2_role_graph_seed_2026_03","0.4275","seeded_from_onet_task_inventory"
"occ_41_4011_00","task_occ_41_4011_00_20612","20612","Identify prospective customers, using business directories, leads from existing clients, participation in organizations, or trade show or conference attendance.","cluster_execution_routine","Core","0.0352","0.6340","0.4787","supporting","0.3175","src_onet_30_1|src_v2_role_graph_seed_2026_03","0.4275","seeded_from_onet_task_inventory"
"occ_41_4011_00","task_occ_41_4011_00_20613","20613","Advise customers on product usage to improve production.","cluster_execution_routine","Core","0.0266","0.5772","0.4458","supporting","0.3175","src_onet_30_1|src_v2_role_graph_seed_2026_03","0.4275","seeded_from_onet_task_inventory"
"occ_41_4011_00","task_occ_41_4011_00_20614","20614","Study documentation or other information for new scientific or technical products.","cluster_execution_routine","Core","0.0059","0.4058","0.3464","supporting","0.3175","src_onet_30_1|src_v2_role_graph_seed_2026_03","0.4275","seeded_from_onet_task_inventory"
"occ_41_4011_00","task_occ_41_4011_00_20615","20615","Attend sales or trade meetings or read related publications to obtain information about market conditions, business trends, environmental regulations, or industry developments.","cluster_execution_routine","Core","0.0057","0.3934","0.3392","supporting","0.3175","src_onet_30_1|src_v2_role_graph_seed_2026_03","0.4275","seeded_from_onet_task_inventory"
"occ_41_4011_00","task_occ_41_4011_00_20616","20616","Sell service contracts for technical or scientific products.","cluster_execution_routine","Supplemental","0.0403","0.5260","0.4161","supporting","0.3175","src_onet_30_1|src_v2_role_graph_seed_2026_03","0.3875","seeded_from_onet_task_inventory"
"occ_41_4011_00","task_occ_41_4011_00_20617","20617","Demonstrate the operation or use of technical or scientific products.","cluster_execution_routine","Supplemental","0.0377","0.4950","0.3981","supporting","0.3175","src_onet_30_1|src_v2_role_graph_seed_2026_03","0.3875","seeded_from_onet_task_inventory"
"occ_41_4011_00","task_occ_41_4011_00_20618","20618","Initiate sales campaigns to meet sales and production expectations.","cluster_execution_routine","Supplemental","0.0068","0.2916","0.2801","optional","0.3175","src_onet_30_1|src_v2_role_graph_seed_2026_03","0.3875","seeded_from_onet_task_inventory"
"occ_41_4011_00","task_occ_41_4011_00_20619","20619","Verify accuracy of materials lists.","cluster_execution_routine","Supplemental","0.0066","0.2824","0.2748","optional","0.3175","src_onet_30_1|src_v2_role_graph_seed_2026_03","0.3875","seeded_from_onet_task_inventory"
"occ_41_4011_00","task_occ_41_4011_00_20620","20620","Verify customer credit ratings.","cluster_execution_routine","Supplemental","0.0065","0.2730","0.2693","optional","0.3175","src_onet_30_1|src_v2_role_graph_seed_2026_03","0.3875","seeded_from_onet_task_inventory"
"occ_41_4011_00","task_occ_41_4011_00_jd_tsr_01","jd_tsr_01","Run discovery and customer conversations that surface technical requirements, business pain, and solution-fit for complex products.","cluster_client_interaction","Core","0.0235","0.7968","0.7489","core","0.3355","src_manual_job_description_review_2026_03|src_v2_role_graph_seed_2026_03","0.8290","seeded_from_job_description_expansion"
"occ_41_4011_00","task_occ_41_4011_00_jd_tsr_02","jd_tsr_02","Tailor demos, workshops, and technical presentations that show prospects how a product fits their existing systems and workflow.","cluster_decision_support","Core","0.0266","0.8772","0.9016","core","0.4910","src_manual_job_description_review_2026_03|src_v2_role_graph_seed_2026_03","0.7520","seeded_from_job_description_expansion"
"occ_41_4011_00","task_occ_41_4011_00_jd_tsr_03","jd_tsr_03","Coordinate account executives, product teams, and engineers on proof-of-concept work, solution validation, and deal progression.","cluster_coordination","Core","0.0222","0.7612","0.8063","core","0.4710","src_manual_job_description_review_2026_03|src_v2_role_graph_seed_2026_03","0.7590","seeded_from_job_description_expansion"
"occ_41_4011_00","task_occ_41_4011_00_jd_tsr_04","jd_tsr_04","Prepare responses to RFPs, security reviews, and technical questionnaires and keep solution documents clear for the sales cycle.","cluster_documentation","Core","0.0276","0.6672","0.5708","supporting","0.0250","src_manual_job_description_review_2026_03|src_v2_role_graph_seed_2026_03","0.6050","seeded_from_job_description_expansion"
"occ_41_4011_00","task_occ_41_4011_00_jd_tsr2_01","jd_tsr2_01","Map customer technical environment, workflow friction, and objections into solution architectures or implementation assumptions the prospect can evaluate.","cluster_analysis","Core","0.0260","0.7832","0.7253","core","0.3175","src_manual_job_description_review_2026_03|src_v2_role_graph_seed_2026_03","0.7065","seeded_from_job_description_expansion"
"occ_41_4011_00","task_occ_41_4011_00_jd_tsr2_02","jd_tsr2_02","Review proof-of-concept results, integration constraints, and security concerns to decide whether the solution is ready for the next sales stage.","cluster_qa_review","Core","0.0268","0.7740","0.6999","core","0.3175","src_manual_job_description_review_2026_03|src_v2_role_graph_seed_2026_03","0.7065","seeded_from_job_description_expansion"
"occ_41_4011_00","task_occ_41_4011_00_jd_tsr2_03","jd_tsr2_03","Coordinate handoffs from discovery to solutions engineering, product, and implementation teams so complex deals keep moving.","cluster_coordination","Core","0.0283","0.8696","0.8692","core","0.4710","src_manual_job_description_review_2026_03|src_v2_role_graph_seed_2026_03","0.7590","seeded_from_job_description_expansion"
"occ_41_4011_00","task_occ_41_4011_00_jd_tsr2_04","jd_tsr2_04","Turn customer conversations and demo outcomes into reusable technical collateral, playbooks, and enablement notes for the sales cycle.","cluster_workflow_admin","Core","0.0217","0.5572","0.3730","supporting","0.2385","src_manual_job_description_review_2026_03|src_v2_role_graph_seed_2026_03","0.8080","seeded_from_job_description_expansion"
"occ_43_1011_00","task_occ_43_1011_00_9703","9703","Resolve customer complaints or answer customers' questions regarding policies and procedures.","cluster_execution_routine","Core","0.0496","0.6952","0.4668","supporting","0.2355","src_onet_30_1|src_v2_role_graph_seed_2026_03","0.5395","seeded_from_onet_task_inventory"
"occ_43_1011_00","task_occ_43_1011_00_9704","9704","Supervise the work of office, administrative, or customer service employees to ensure adherence to quality standards, deadlines, and proper procedures, correcting errors or problems.","cluster_execution_routine","Core","0.0598","0.7270","0.4853","core","0.2355","src_onet_30_1|src_v2_role_graph_seed_2026_03","0.5395","seeded_from_onet_task_inventory"
"occ_43_1011_00","task_occ_43_1011_00_9705","9705","Provide employees with guidance in handling difficult or complex problems or in resolving escalated complaints or disputes.","cluster_execution_routine","Core","0.0584","0.7146","0.4781","core","0.2355","src_onet_30_1|src_v2_role_graph_seed_2026_03","0.5395","seeded_from_onet_task_inventory"
"occ_43_1011_00","task_occ_43_1011_00_9706","9706","Implement corporate or departmental policies, procedures, and service standards in conjunction with management.","cluster_execution_routine","Core","0.0521","0.6588","0.4457","supporting","0.2355","src_onet_30_1|src_v2_role_graph_seed_2026_03","0.5395","seeded_from_onet_task_inventory"
"occ_43_1011_00","task_occ_43_1011_00_9707","9707","Discuss job performance problems with employees to identify causes and issues and to work on resolving problems.","cluster_execution_routine","Core","0.0110","0.5268","0.3691","supporting","0.2355","src_onet_30_1|src_v2_role_graph_seed_2026_03","0.5395","seeded_from_onet_task_inventory"
"occ_43_1011_00","task_occ_43_1011_00_9708","9708","Train or instruct employees in job duties or company policies or arrange for training to be provided.","cluster_execution_routine","Core","0.0253","0.5818","0.4010","supporting","0.2355","src_onet_30_1|src_v2_role_graph_seed_2026_03","0.5395","seeded_from_onet_task_inventory"
"occ_43_1011_00","task_occ_43_1011_00_9709","9709","Evaluate employees' job performance and conformance to regulations and recommend appropriate personnel action.","cluster_execution_routine","Core","0.0264","0.5850","0.4029","supporting","0.2355","src_onet_30_1|src_v2_role_graph_seed_2026_03","0.5395","seeded_from_onet_task_inventory"
"occ_43_1011_00","task_occ_43_1011_00_9710","9710","Review records or reports pertaining to activities such as production, payroll, or shipping to verify details, monitor work activities, or evaluate performance.","cluster_execution_routine","Core","0.0556","0.6898","0.4637","supporting","0.2355","src_onet_30_1|src_v2_role_graph_seed_2026_03","0.5395","seeded_from_onet_task_inventory"
"occ_43_1011_00","task_occ_43_1011_00_9711","9711","Recruit, interview, and select employees.","cluster_execution_routine","Core","0.0107","0.5288","0.3703","supporting","0.2355","src_onet_30_1|src_v2_role_graph_seed_2026_03","0.5395","seeded_from_onet_task_inventory"
"occ_43_1011_00","task_occ_43_1011_00_9712","9712","Interpret and communicate work procedures and company policies to staff.","cluster_execution_routine","Core","0.0107","0.5240","0.3675","supporting","0.2355","src_onet_30_1|src_v2_role_graph_seed_2026_03","0.5395","seeded_from_onet_task_inventory"
"occ_43_1011_00","task_occ_43_1011_00_9713","9713","Prepare and issue work schedules, deadlines, and duty assignments for office or administrative staff.","cluster_execution_routine","Core","0.0535","0.6712","0.4529","supporting","0.2355","src_onet_30_1|src_v2_role_graph_seed_2026_03","0.5395","seeded_from_onet_task_inventory"
"occ_43_1011_00","task_occ_43_1011_00_9714","9714","Maintain records pertaining to inventory, personnel, orders, supplies, or machine maintenance.","cluster_execution_routine","Core","0.0471","0.6154","0.4205","supporting","0.2355","src_onet_30_1|src_v2_role_graph_seed_2026_03","0.5395","seeded_from_onet_task_inventory"
"occ_43_1011_00","task_occ_43_1011_00_9715","9715","Compute figures such as balances, totals, or commissions.","cluster_execution_routine","Core","0.0521","0.6588","0.4457","supporting","0.2355","src_onet_30_1|src_v2_role_graph_seed_2026_03","0.5395","seeded_from_onet_task_inventory"
"occ_43_1011_00","task_occ_43_1011_00_9716","9716","Research, compile, and prepare reports, manuals, correspondence, or other information required by management or governmental agencies.","cluster_execution_routine","Core","0.0286","0.5868","0.4039","supporting","0.2355","src_onet_30_1|src_v2_role_graph_seed_2026_03","0.5395","seeded_from_onet_task_inventory"
"occ_43_1011_00","task_occ_43_1011_00_9717","9717","Coordinate activities with other supervisory personnel or with other work units or departments.","cluster_execution_routine","Core","0.0101","0.5088","0.3587","supporting","0.2355","src_onet_30_1|src_v2_role_graph_seed_2026_03","0.5395","seeded_from_onet_task_inventory"
"occ_43_1011_00","task_occ_43_1011_00_9718","9718","Analyze financial activities of establishments or departments and provide input into budget planning and preparation processes.","cluster_execution_routine","Supplemental","0.0103","0.3226","0.2507","optional","0.2355","src_onet_30_1|src_v2_role_graph_seed_2026_03","0.4995","seeded_from_onet_task_inventory"
"occ_43_1011_00","task_occ_43_1011_00_9719","9719","Develop or update procedures, policies, or standards.","cluster_execution_routine","Core","0.0267","0.5558","0.3860","supporting","0.2355","src_onet_30_1|src_v2_role_graph_seed_2026_03","0.5395","seeded_from_onet_task_inventory"
"occ_43_1011_00","task_occ_43_1011_00_9720","9720","Make recommendations to management concerning such issues as staffing decisions or procedural changes.","cluster_execution_routine","Core","0.0100","0.4866","0.3458","supporting","0.2355","src_onet_30_1|src_v2_role_graph_seed_2026_03","0.5395","seeded_from_onet_task_inventory"
"occ_43_1011_00","task_occ_43_1011_00_9721","9721","Consult with managers or other personnel to resolve problems in areas such as equipment performance, output quality, or work schedules.","cluster_execution_routine","Core","0.0135","0.4956","0.3510","supporting","0.2355","src_onet_30_1|src_v2_role_graph_seed_2026_03","0.5395","seeded_from_onet_task_inventory"
"occ_43_1011_00","task_occ_43_1011_00_9722","9722","Participate in the work of subordinates to facilitate productivity or to overcome difficult aspects of work.","cluster_execution_routine","Core","0.0100","0.4802","0.3421","supporting","0.2355","src_onet_30_1|src_v2_role_graph_seed_2026_03","0.5395","seeded_from_onet_task_inventory"
"occ_43_1011_00","task_occ_43_1011_00_9723","9723","Design, implement, or evaluate staff training and development programs, customer service initiatives, or performance measurement criteria.","cluster_execution_routine","Supplemental","0.0432","0.4204","0.3074","supporting","0.2355","src_onet_30_1|src_v2_role_graph_seed_2026_03","0.4995","seeded_from_onet_task_inventory"
"occ_43_1011_00","task_occ_43_1011_00_9724","9724","Develop work schedules according to budgets and workloads.","cluster_execution_routine","Supplemental","0.0106","0.3606","0.2727","optional","0.2355","src_onet_30_1|src_v2_role_graph_seed_2026_03","0.4995","seeded_from_onet_task_inventory"
"occ_43_1011_00","task_occ_43_1011_00_9725","9725","Monitor inventory levels and requisition or purchase supplies as needed.","cluster_execution_routine","Supplemental","0.0087","0.2416","0.2037","optional","0.2355","src_onet_30_1|src_v2_role_graph_seed_2026_03","0.4995","seeded_from_onet_task_inventory"
"occ_43_1011_00","task_occ_43_1011_00_9727","9727","Plan for or coordinate office services, such as equipment or supply acquisition or organization, disposal of assets, relocation, parking, maintenance, or security services.","cluster_execution_routine","Supplemental","0.0091","0.2324","0.1984","optional","0.2355","src_onet_30_1|src_v2_role_graph_seed_2026_03","0.4995","seeded_from_onet_task_inventory"
"occ_43_1011_00","task_occ_43_1011_00_9728","9728","Arrange for necessary maintenance or repair work.","cluster_execution_routine","Supplemental","0.0069","0.1738","0.1644","optional","0.2355","src_onet_30_1|src_v2_role_graph_seed_2026_03","0.4995","seeded_from_onet_task_inventory"
"occ_43_1011_00","task_occ_43_1011_00_9729","9729","Keep informed of provisions of labor-management agreements and their effects on departmental operations.","cluster_execution_routine","Supplemental","0.0086","0.2482","0.2076","optional","0.2355","src_onet_30_1|src_v2_role_graph_seed_2026_03","0.4995","seeded_from_onet_task_inventory"
"occ_43_1011_00","task_occ_43_1011_00_9730","9730","Coordinate or perform activities associated with shipping, receiving, distribution, or transportation.","cluster_execution_routine","Supplemental","0.0079","0.2380","0.2016","optional","0.2355","src_onet_30_1|src_v2_role_graph_seed_2026_03","0.4995","seeded_from_onet_task_inventory"
"occ_43_1011_00","task_occ_43_1011_00_9731","9731","Plan layouts of stockrooms, warehouses, or other storage areas, considering turnover, size, weight, or related factors pertaining to items stored.","cluster_execution_routine","Supplemental","0.0048","0.0856","0.1132","optional","0.2355","src_onet_30_1|src_v2_role_graph_seed_2026_03","0.4995","seeded_from_onet_task_inventory"
"occ_43_1011_00","task_occ_43_1011_00_jd_oas_01","jd_oas_01","Supervise administrative operations, set workflow standards, and make sure office support work is sequenced and completed reliably.","cluster_oversight_strategy","Core","0.0364","0.9800","0.9594","core","0.3175","src_manual_job_description_review_2026_03|src_v2_role_graph_seed_2026_03","0.7065","seeded_from_job_description_expansion"
"occ_43_1011_00","task_occ_43_1011_00_jd_oas_02","jd_oas_02","Manage vendor relationships, scheduling, supplies, facilities coordination, and routine office systems that staff depend on.","cluster_workflow_admin","Core","0.0404","0.6904","0.5074","supporting","0.3115","src_manual_job_description_review_2026_03|src_v2_role_graph_seed_2026_03","0.8255","seeded_from_job_description_expansion"
"occ_43_1011_00","task_occ_43_1011_00_jd_oas_03","jd_oas_03","Coordinate leadership, employees, and outside parties when office requests, facilities issues, or service problems need escalation.","cluster_coordination","Core","0.0335","0.8228","0.8530","core","0.0020","src_manual_job_description_review_2026_03|src_v2_role_graph_seed_2026_03","0.5875","seeded_from_job_description_expansion"
"occ_43_1011_00","task_occ_43_1011_00_jd_oas_04","jd_oas_04","Handle front-facing service issues, internal requests, and employee support needs so the office remains usable and responsive.","cluster_client_interaction","Core","0.0316","0.8272","0.9056","core","0.0075","src_manual_job_description_review_2026_03|src_v2_role_graph_seed_2026_03","0.5910","seeded_from_job_description_expansion"
"occ_43_1011_00","task_occ_43_1011_00_jd_oas2_01","jd_oas2_01","Review service issues, supply usage, and office demand patterns to identify where support workflows are slowing staff down.","cluster_analysis","Core","0.0335","0.7828","0.7618","core","0.4025","src_manual_job_description_review_2026_03|src_v2_role_graph_seed_2026_03","0.8255","seeded_from_job_description_expansion"
"occ_43_1011_00","task_occ_43_1011_00_jd_oas2_02","jd_oas2_02","Publish office procedures, vendor instructions, and support documentation so routine administrative work can be handled consistently.","cluster_documentation","Core","0.0373","0.6824","0.4568","supporting","0.5690","src_manual_job_description_review_2026_03|src_v2_role_graph_seed_2026_03","0.7730","seeded_from_job_description_expansion"
"occ_43_1011_00","task_occ_43_1011_00_jd_oas2_03","jd_oas2_03","Check expense submissions, service requests, records, and office setups for completeness before they create downstream problems.","cluster_qa_review","Core","0.0364","0.7800","0.6416","core","0.6060","src_manual_job_description_review_2026_03|src_v2_role_graph_seed_2026_03","0.7590","seeded_from_job_description_expansion"
"occ_43_1011_00","task_occ_43_1011_00_jd_oas2_04","jd_oas2_04","Recommend staffing, vendor, and facilities tradeoffs when support needs exceed budget, time, or office capacity.","cluster_decision_support","Core","0.0297","0.8424","0.8360","core","0.5140","src_manual_job_description_review_2026_03|src_v2_role_graph_seed_2026_03","0.8465","seeded_from_job_description_expansion"
"occ_43_3021_00","task_occ_43_3021_00_23237","23237","Post stop-payment notices to prevent payment of protested checks.","cluster_execution_routine","Core","0.0098","0.5670","0.4757","supporting","0.0975","src_onet_30_1|src_v2_role_graph_seed_2026_03","0.4555","seeded_from_onet_task_inventory"
"occ_43_3021_00","task_occ_43_3021_00_23238","23238","Verify accuracy of billing data and revise any errors.","cluster_execution_routine","Core","0.0557","0.8014","0.6116","core","0.0975","src_onet_30_1|src_v2_role_graph_seed_2026_03","0.4555","seeded_from_onet_task_inventory"
"occ_43_3021_00","task_occ_43_3021_00_23239","23239","Verify signatures and required information on checks.","cluster_execution_routine","Core","0.0468","0.7206","0.5647","core","0.0975","src_onet_30_1|src_v2_role_graph_seed_2026_03","0.4555","seeded_from_onet_task_inventory"
"occ_43_3021_00","task_occ_43_3021_00_23240","23240","Prepare itemized statements, bills, or invoices and record amounts due for items purchased or services rendered.","cluster_execution_routine","Core","0.0522","0.7642","0.5900","core","0.0975","src_onet_30_1|src_v2_role_graph_seed_2026_03","0.4555","seeded_from_onet_task_inventory"
"occ_43_3021_00","task_occ_43_3021_00_23241","23241","Perform bookkeeping work, including posting data or keeping other records concerning costs of goods or services or the shipment of goods.","cluster_execution_routine","Core","0.0482","0.7208","0.5649","core","0.0975","src_onet_30_1|src_v2_role_graph_seed_2026_03","0.4555","seeded_from_onet_task_inventory"
"occ_43_3021_00","task_occ_43_3021_00_23242","23242","Operate typing, adding, calculating, or billing machines.","cluster_execution_routine","Core","0.0499","0.7394","0.5757","core","0.0975","src_onet_30_1|src_v2_role_graph_seed_2026_03","0.4555","seeded_from_onet_task_inventory"
"occ_43_3021_00","task_occ_43_3021_00_23243","23243","Resolve discrepancies in accounting records.","cluster_execution_routine","Core","0.0266","0.6858","0.5446","supporting","0.0975","src_onet_30_1|src_v2_role_graph_seed_2026_03","0.4555","seeded_from_onet_task_inventory"
"occ_43_3021_00","task_occ_43_3021_00_23244","23244","Contact customers to obtain or relay account information.","cluster_execution_routine","Core","0.0471","0.7084","0.5577","core","0.0975","src_onet_30_1|src_v2_role_graph_seed_2026_03","0.4555","seeded_from_onet_task_inventory"
"occ_43_3021_00","task_occ_43_3021_00_23245","23245","Review documents, such as purchase orders, sales tickets, charge slips, or hospital records, to compute fees or charges due.","cluster_execution_routine","Supplemental","0.0493","0.5632","0.4735","supporting","0.0975","src_onet_30_1|src_v2_role_graph_seed_2026_03","0.4155","seeded_from_onet_task_inventory"
"occ_43_3021_00","task_occ_43_3021_00_23246","23246","Keep records of invoices and support documents.","cluster_execution_routine","Core","0.0488","0.7270","0.5685","core","0.0975","src_onet_30_1|src_v2_role_graph_seed_2026_03","0.4555","seeded_from_onet_task_inventory"
"occ_43_3021_00","task_occ_43_3021_00_23247","23247","Route statements for mailing or over-the-counter delivery to customers.","cluster_execution_routine","Core","0.0081","0.4802","0.4253","supporting","0.0975","src_onet_30_1|src_v2_role_graph_seed_2026_03","0.4555","seeded_from_onet_task_inventory"
"occ_43_3021_00","task_occ_43_3021_00_23248","23248","Monitor equipment to ensure proper operation.","cluster_execution_routine","Core","0.0072","0.4306","0.3965","supporting","0.0975","src_onet_30_1|src_v2_role_graph_seed_2026_03","0.4555","seeded_from_onet_task_inventory"
"occ_43_3021_00","task_occ_43_3021_00_23249","23249","Fix minor problems, such as equipment jams, and notify repair personnel of major equipment problems.","cluster_execution_routine","Core","0.0069","0.4120","0.3858","supporting","0.0975","src_onet_30_1|src_v2_role_graph_seed_2026_03","0.4555","seeded_from_onet_task_inventory"
"occ_43_3021_00","task_occ_43_3021_00_23250","23250","Weigh envelopes containing statements to determine correct postage and affix postage, using stamps or metering equipment.","cluster_execution_routine","Supplemental","0.0093","0.3722","0.3627","optional","0.0975","src_onet_30_1|src_v2_role_graph_seed_2026_03","0.4155","seeded_from_onet_task_inventory"
"occ_43_3021_00","task_occ_43_3021_00_23251","23251","Compare previously prepared bank statements with canceled checks and reconcile discrepancies.","cluster_execution_routine","Supplemental","0.0091","0.3598","0.3555","optional","0.0975","src_onet_30_1|src_v2_role_graph_seed_2026_03","0.4155","seeded_from_onet_task_inventory"
"occ_43_3021_00","task_occ_43_3021_00_23253","23253","Take orders for imprinted checks.","cluster_execution_routine","Supplemental","0.0090","0.3808","0.3677","optional","0.0975","src_onet_30_1|src_v2_role_graph_seed_2026_03","0.4155","seeded_from_onet_task_inventory"
"occ_43_3021_00","task_occ_43_3021_00_23254","23254","Encode and cancel checks, using bank machines.","cluster_execution_routine","Supplemental","0.0436","0.5012","0.4375","supporting","0.0975","src_onet_30_1|src_v2_role_graph_seed_2026_03","0.4155","seeded_from_onet_task_inventory"
"occ_43_3021_00","task_occ_43_3021_00_23255","23255","Consult sources, such as rate books, manuals, or insurance company representatives, to determine specific charges or information such as rules, regulations, or government tax and tariff information.","cluster_execution_routine","Supplemental","0.0459","0.5260","0.4519","supporting","0.0975","src_onet_30_1|src_v2_role_graph_seed_2026_03","0.4155","seeded_from_onet_task_inventory"
"occ_43_3021_00","task_occ_43_3021_00_23256","23256","Track accumulated hours and dollar amounts charged to each client job to calculate client fees for professional services, such as legal or accounting services.","cluster_execution_routine","Supplemental","0.0476","0.5446","0.4627","supporting","0.0975","src_onet_30_1|src_v2_role_graph_seed_2026_03","0.4155","seeded_from_onet_task_inventory"
"occ_43_3021_00","task_occ_43_3021_00_23257","23257","Update manuals when rates, rules, or regulations are amended.","cluster_execution_routine","Supplemental","0.0084","0.3226","0.3339","optional","0.0975","src_onet_30_1|src_v2_role_graph_seed_2026_03","0.4155","seeded_from_onet_task_inventory"
"occ_43_3021_00","task_occ_43_3021_00_23258","23258","Compute credit terms, discounts, shipment charges, or rates for goods or services to complete billing documents.","cluster_execution_routine","Supplemental","0.0419","0.4826","0.4267","supporting","0.0975","src_onet_30_1|src_v2_role_graph_seed_2026_03","0.4155","seeded_from_onet_task_inventory"
"occ_43_3021_00","task_occ_43_3021_00_23259","23259","Load machines with statements, cancelled checks, or envelopes to prepare statements for distribution to customers or stuff envelopes by hand.","cluster_execution_routine","Supplemental","0.0085","0.3288","0.3375","optional","0.0975","src_onet_30_1|src_v2_role_graph_seed_2026_03","0.4155","seeded_from_onet_task_inventory"
"occ_43_3021_00","task_occ_43_3021_00_23260","23260","Review compiled data on operating costs and revenues to set rates.","cluster_execution_routine","Supplemental","0.0198","0.3578","0.3543","optional","0.0975","src_onet_30_1|src_v2_role_graph_seed_2026_03","0.4155","seeded_from_onet_task_inventory"
"occ_43_3021_00","task_occ_43_3021_00_23262","23262","Answer inquiries regarding rates, routing, or procedures.","cluster_execution_routine","n/a","0.0172","0.3720","0.3626","optional","0.0975","src_onet_30_1|src_v2_role_graph_seed_2026_03","0.4155","seeded_from_onet_task_inventory"
"occ_43_3021_00","task_occ_43_3021_00_23263","23263","Compile reports of cost factors, such as labor, production, storage, and equipment.","cluster_execution_routine","n/a","0.0172","0.3720","0.3626","optional","0.0975","src_onet_30_1|src_v2_role_graph_seed_2026_03","0.4155","seeded_from_onet_task_inventory"
"occ_43_3021_00","task_occ_43_3021_00_23264","23264","Create billing documents, shipping labels, credit memorandums, or credit forms.","cluster_execution_routine","n/a","0.0172","0.3720","0.3626","optional","0.0975","src_onet_30_1|src_v2_role_graph_seed_2026_03","0.4155","seeded_from_onet_task_inventory"
"occ_43_3021_00","task_occ_43_3021_00_23265","23265","Perform general administrative tasks, such as answering telephones, scheduling appointments, and ordering supplies or equipment.","cluster_execution_routine","n/a","0.0172","0.3720","0.3626","optional","0.0975","src_onet_30_1|src_v2_role_graph_seed_2026_03","0.4155","seeded_from_onet_task_inventory"
"occ_43_3021_00","task_occ_43_3021_00_23266","23266","Return checks to customers or retrieve checks returned to customers in error, adjusting accounts and answering inquiries about errors as necessary.","cluster_execution_routine","n/a","0.0172","0.3720","0.3626","optional","0.0975","src_onet_30_1|src_v2_role_graph_seed_2026_03","0.4155","seeded_from_onet_task_inventory"
"occ_43_3021_00","task_occ_43_3021_00_jd_bil_01","jd_bil_01","Process orders, generate invoices, and maintain billing schedules so quote-to-cash work moves accurately through the system.","cluster_workflow_admin","Core","0.0337","0.7028","0.4522","core","0.1865","src_manual_job_description_review_2026_03|src_v2_role_graph_seed_2026_03","0.7730","seeded_from_job_description_expansion"
"occ_43_3021_00","task_occ_43_3021_00_jd_bil_02","jd_bil_02","Reconcile accounts, investigate unapplied cash and billing discrepancies, and correct records so balances stay accurate.","cluster_qa_review","Core","0.0301","0.8108","0.7661","core","0.0075","src_manual_job_description_review_2026_03|src_v2_role_graph_seed_2026_03","0.5910","seeded_from_job_description_expansion"
"occ_43_3021_00","task_occ_43_3021_00_jd_bil_03","jd_bil_03","Resolve billing questions, payment issues, and account problems with customers and internal teams across the collection process.","cluster_client_interaction","Core","0.0260","0.8764","0.9341","core","0.0020","src_manual_job_description_review_2026_03|src_v2_role_graph_seed_2026_03","0.5875","seeded_from_job_description_expansion"
"occ_43_3021_00","task_occ_43_3021_00_jd_bil_04","jd_bil_04","Prepare aging reports, collections status, and revenue-support records so finance can monitor billing performance and compliance.","cluster_documentation","Core","0.0275","0.6820","0.5646","supporting","0.1115","src_manual_job_description_review_2026_03|src_v2_role_graph_seed_2026_03","0.7380","seeded_from_job_description_expansion"
"occ_43_3021_00","task_occ_43_3021_00_jd_bil2_01","jd_bil2_01","Analyze billing holds, credit-note drivers, and collection patterns so recurring quote-to-cash issues can be fixed upstream.","cluster_analysis","Core","0.0235","0.7976","0.6692","core","0.5965","src_manual_job_description_review_2026_03|src_v2_role_graph_seed_2026_03","0.7905","seeded_from_job_description_expansion"
"occ_43_3021_00","task_occ_43_3021_00_jd_bil2_02","jd_bil2_02","Escalate unusual contracts, tax issues, or account exceptions to revenue, finance, or sales owners with the right supporting context.","cluster_decision_support","Core","0.0251","0.9132","0.8653","core","0.5755","src_manual_job_description_review_2026_03|src_v2_role_graph_seed_2026_03","0.7765","seeded_from_job_description_expansion"
"occ_43_3021_00","task_occ_43_3021_00_jd_bil2_03","jd_bil2_03","Coordinate with sales, operations, and finance teams to resolve account setup, usage, and invoice-timing issues across handoffs.","cluster_coordination","Core","0.0226","0.7944","0.7918","core","0.3175","src_manual_job_description_review_2026_03|src_v2_role_graph_seed_2026_03","0.7065","seeded_from_job_description_expansion"
"occ_43_3021_00","task_occ_43_3021_00_jd_bil2_04","jd_bil2_04","Check invoice support, customer setup, and collection records before write-offs, corrections, or billing adjustments are finalized.","cluster_qa_review","Core","0.0257","0.7856","0.7514","core","0.0075","src_manual_job_description_review_2026_03|src_v2_role_graph_seed_2026_03","0.5910","seeded_from_job_description_expansion"
"occ_43_3031_00","task_occ_43_3031_00_18561","18561","Prepare and process payroll information.","cluster_execution_routine","Supplemental","0.0091","0.4466","0.3798","supporting","0.1390","src_onet_30_1|src_v2_role_graph_seed_2026_03","0.4470","seeded_from_onet_task_inventory"
"occ_43_3031_00","task_occ_43_3031_00_2486","2486","Check figures, postings, and documents for correct entry, mathematical accuracy, and proper codes.","cluster_execution_routine","Core","0.0452","0.7704","0.5676","core","0.1390","src_onet_30_1|src_v2_role_graph_seed_2026_03","0.4870","seeded_from_onet_task_inventory"
"occ_43_3031_00","task_occ_43_3031_00_2487","2487","Operate computers programmed with accounting software to record, store, and analyze information.","cluster_execution_routine","Core","0.0461","0.7828","0.5748","core","0.1390","src_onet_30_1|src_v2_role_graph_seed_2026_03","0.4870","seeded_from_onet_task_inventory"
"occ_43_3031_00","task_occ_43_3031_00_2488","2488","Comply with federal, state, and company policies, procedures, and regulations.","cluster_execution_routine","Core","0.0437","0.7518","0.5568","core","0.1390","src_onet_30_1|src_v2_role_graph_seed_2026_03","0.4870","seeded_from_onet_task_inventory"
"occ_43_3031_00","task_occ_43_3031_00_2489","2489","Debit, credit, and total accounts on computer spreadsheets and databases, using specialized accounting software.","cluster_execution_routine","Core","0.0349","0.6738","0.5116","supporting","0.1390","src_onet_30_1|src_v2_role_graph_seed_2026_03","0.4870","seeded_from_onet_task_inventory"
"occ_43_3031_00","task_occ_43_3031_00_2490","2490","Classify, record, and summarize numerical and financial data to compile and keep financial records, using journals and ledgers or computers.","cluster_execution_routine","Core","0.0271","0.6418","0.4930","supporting","0.1390","src_onet_30_1|src_v2_role_graph_seed_2026_03","0.4870","seeded_from_onet_task_inventory"
"occ_43_3031_00","task_occ_43_3031_00_2491","2491","Calculate, prepare, and issue bills, invoices, account statements, and other financial statements according to established procedures.","cluster_execution_routine","Supplemental","0.0271","0.4718","0.3944","supporting","0.1390","src_onet_30_1|src_v2_role_graph_seed_2026_03","0.4470","seeded_from_onet_task_inventory"
"occ_43_3031_00","task_occ_43_3031_00_2492","2492","Compile statistical, financial, accounting, or auditing reports and tables pertaining to such matters as cash receipts, expenditures, accounts payable and receivable, and profits and losses.","cluster_execution_routine","Supplemental","0.0211","0.4216","0.3653","supporting","0.1390","src_onet_30_1|src_v2_role_graph_seed_2026_03","0.4470","seeded_from_onet_task_inventory"
"occ_43_3031_00","task_occ_43_3031_00_2493","2493","Code documents according to company procedures.","cluster_execution_routine","Core","0.0407","0.7146","0.5353","core","0.1390","src_onet_30_1|src_v2_role_graph_seed_2026_03","0.4870","seeded_from_onet_task_inventory"
"occ_43_3031_00","task_occ_43_3031_00_2494","2494","Access computerized financial information to answer general questions as well as those related to specific accounts.","cluster_execution_routine","Core","0.0393","0.6960","0.5245","supporting","0.1390","src_onet_30_1|src_v2_role_graph_seed_2026_03","0.4870","seeded_from_onet_task_inventory"
"occ_43_3031_00","task_occ_43_3031_00_2495","2495","Operate 10-key calculators, typewriters, and copy machines to perform calculations and produce documents.","cluster_execution_routine","Core","0.0427","0.7394","0.5497","core","0.1390","src_onet_30_1|src_v2_role_graph_seed_2026_03","0.4870","seeded_from_onet_task_inventory"
"occ_43_3031_00","task_occ_43_3031_00_2496","2496","Reconcile or note and report discrepancies found in records.","cluster_execution_routine","Core","0.0326","0.6780","0.5140","supporting","0.1390","src_onet_30_1|src_v2_role_graph_seed_2026_03","0.4870","seeded_from_onet_task_inventory"
"occ_43_3031_00","task_occ_43_3031_00_2497","2497","Perform financial calculations, such as amounts due, interest charges, balances, discounts, equity, and principal.","cluster_execution_routine","Core","0.0407","0.7146","0.5353","core","0.1390","src_onet_30_1|src_v2_role_graph_seed_2026_03","0.4870","seeded_from_onet_task_inventory"
"occ_43_3031_00","task_occ_43_3031_00_2498","2498","Perform general office duties, such as filing, answering telephones, and handling routine correspondence.","cluster_execution_routine","Core","0.0398","0.7022","0.5281","core","0.1390","src_onet_30_1|src_v2_role_graph_seed_2026_03","0.4870","seeded_from_onet_task_inventory"
"occ_43_3031_00","task_occ_43_3031_00_2499","2499","Prepare bank deposits by compiling data from cashiers, verifying and balancing receipts, and sending cash, checks, or other forms of payment to banks.","cluster_execution_routine","Supplemental","0.0159","0.4856","0.4024","supporting","0.1390","src_onet_30_1|src_v2_role_graph_seed_2026_03","0.4470","seeded_from_onet_task_inventory"
"occ_43_3031_00","task_occ_43_3031_00_2500","2500","Receive, record, and bank cash, checks, and vouchers.","cluster_execution_routine","Core","0.0367","0.7124","0.5340","core","0.1390","src_onet_30_1|src_v2_role_graph_seed_2026_03","0.4870","seeded_from_onet_task_inventory"
"occ_43_3031_00","task_occ_43_3031_00_2501","2501","Calculate and prepare checks for utilities, taxes, and other payments.","cluster_execution_routine","Supplemental","0.0422","0.5632","0.4475","supporting","0.1390","src_onet_30_1|src_v2_role_graph_seed_2026_03","0.4470","seeded_from_onet_task_inventory"
"occ_43_3031_00","task_occ_43_3031_00_2502","2502","Compare computer printouts to manually maintained journals to determine if they match.","cluster_execution_routine","Supplemental","0.0398","0.5322","0.4295","supporting","0.1390","src_onet_30_1|src_v2_role_graph_seed_2026_03","0.4470","seeded_from_onet_task_inventory"
"occ_43_3031_00","task_occ_43_3031_00_2503","2503","Reconcile records of bank transactions.","cluster_execution_routine","Supplemental","0.0169","0.4564","0.3855","supporting","0.1390","src_onet_30_1|src_v2_role_graph_seed_2026_03","0.4470","seeded_from_onet_task_inventory"
"occ_43_3031_00","task_occ_43_3031_00_2504","2504","Prepare trial balances of books.","cluster_execution_routine","Supplemental","0.0095","0.3874","0.3455","optional","0.1390","src_onet_30_1|src_v2_role_graph_seed_2026_03","0.4470","seeded_from_onet_task_inventory"
"occ_43_3031_00","task_occ_43_3031_00_2505","2505","Monitor status of loans and accounts to ensure that payments are up to date.","cluster_execution_routine","Supplemental","0.0417","0.5570","0.4439","supporting","0.1390","src_onet_30_1|src_v2_role_graph_seed_2026_03","0.4470","seeded_from_onet_task_inventory"
"occ_43_3031_00","task_occ_43_3031_00_2506","2506","Transfer details from separate journals to general ledgers or data processing sheets.","cluster_execution_routine","Supplemental","0.0079","0.3820","0.3424","optional","0.1390","src_onet_30_1|src_v2_role_graph_seed_2026_03","0.4470","seeded_from_onet_task_inventory"
"occ_43_3031_00","task_occ_43_3031_00_2507","2507","Compile budget data and documents, based on estimated revenues and expenses and previous budgets.","cluster_execution_routine","Supplemental","0.0175","0.4534","0.3838","supporting","0.1390","src_onet_30_1|src_v2_role_graph_seed_2026_03","0.4470","seeded_from_onet_task_inventory"
"occ_43_3031_00","task_occ_43_3031_00_2508","2508","Calculate costs of materials, overhead, and other expenses, based on estimates, quotations and price lists.","cluster_execution_routine","Supplemental","0.0383","0.5136","0.4187","supporting","0.1390","src_onet_30_1|src_v2_role_graph_seed_2026_03","0.4470","seeded_from_onet_task_inventory"
"occ_43_3031_00","task_occ_43_3031_00_2509","2509","Match order forms with invoices, and record the necessary information.","cluster_execution_routine","Core","0.0383","0.6836","0.5173","supporting","0.1390","src_onet_30_1|src_v2_role_graph_seed_2026_03","0.4870","seeded_from_onet_task_inventory"
"occ_43_3031_00","task_occ_43_3031_00_2510","2510","Complete and submit tax forms and returns, workers' compensation forms, pension contribution forms, and other government documents.","cluster_execution_routine","Supplemental","0.0078","0.3598","0.3295","optional","0.1390","src_onet_30_1|src_v2_role_graph_seed_2026_03","0.4470","seeded_from_onet_task_inventory"
"occ_43_3031_00","task_occ_43_3031_00_2511","2511","Maintain inventory records.","cluster_execution_routine","Supplemental","0.0063","0.2668","0.2755","optional","0.1390","src_onet_30_1|src_v2_role_graph_seed_2026_03","0.4470","seeded_from_onet_task_inventory"
"occ_43_3031_00","task_occ_43_3031_00_2514","2514","Prepare purchase orders and expense reports.","cluster_execution_routine","Supplemental","0.0146","0.4144","0.3612","optional","0.1390","src_onet_30_1|src_v2_role_graph_seed_2026_03","0.4470","seeded_from_onet_task_inventory"
"occ_43_3031_00","task_occ_43_3031_00_jd_bk_01","jd_bk_01","Process, code, and route invoices, expense items, and other payables accurately through ERP and approval workflows.","cluster_documentation","Core","0.0280","0.7196","0.4434","core","0.2625","src_manual_job_description_review_2026_03|src_v2_role_graph_seed_2026_03","0.8360","seeded_from_job_description_expansion"
"occ_43_3031_00","task_occ_43_3031_00_jd_bk_02","jd_bk_02","Reconcile vendor accounts, statements, and ledger balances and resolve discrepancies against purchase orders and approvals.","cluster_qa_review","Core","0.0250","0.8076","0.7642","core","0.0075","src_manual_job_description_review_2026_03|src_v2_role_graph_seed_2026_03","0.5910","seeded_from_job_description_expansion"
"occ_43_3031_00","task_occ_43_3031_00_jd_bk_03","jd_bk_03","Prepare payment runs, employee expense audits, and month-end or close-support tasks under internal-control requirements.","cluster_coordination","Core","0.0228","0.8688","0.8349","core","0.3175","src_manual_job_description_review_2026_03|src_v2_role_graph_seed_2026_03","0.7065","seeded_from_job_description_expansion"
"occ_43_3031_00","task_occ_43_3031_00_jd_bk_04","jd_bk_04","Coordinate with vendors, finance teams, and internal stakeholders to maintain AP records, resolve exceptions, and keep finance operations current.","cluster_coordination","Core","0.0214","0.8532","0.8259","core","0.3175","src_manual_job_description_review_2026_03|src_v2_role_graph_seed_2026_03","0.7065","seeded_from_job_description_expansion"
"occ_43_3031_00","task_occ_43_3031_00_jd_bk2_01","jd_bk2_01","Maintain vendor master data, tax forms, and payment instructions so payables records stay compliant and ready for audit or close review.","cluster_workflow_admin","Core","0.0207","0.6400","0.4470","supporting","0.2255","src_manual_job_description_review_2026_03|src_v2_role_graph_seed_2026_03","0.8220","seeded_from_job_description_expansion"
"occ_43_3031_00","task_occ_43_3031_00_jd_bk2_02","jd_bk2_02","Investigate duplicate invoices, unapplied credits, and approval exceptions and route unresolved issues to the right finance owner.","cluster_decision_support","Core","0.0196","0.9160","0.9291","core","0.1535","src_manual_job_description_review_2026_03|src_v2_role_graph_seed_2026_03","0.7590","seeded_from_job_description_expansion"
"occ_43_3031_00","task_occ_43_3031_00_jd_bk2_03","jd_bk2_03","Assemble aging snapshots, accrual backup, and close-support schedules so controllers can review open liabilities and payment timing.","cluster_analysis","Core","0.0164","0.7816","0.6509","core","0.2390","src_manual_job_description_review_2026_03|src_v2_role_graph_seed_2026_03","0.8325","seeded_from_job_description_expansion"
"occ_43_3031_00","task_occ_43_3031_00_jd_bk2_04","jd_bk2_04","Check payment files, approval chains, and supporting documents against policy before funds are released or exceptions are cleared.","cluster_qa_review","Core","0.0225","0.7980","0.7586","core","0.0075","src_manual_job_description_review_2026_03|src_v2_role_graph_seed_2026_03","0.5910","seeded_from_job_description_expansion"
"occ_43_4031_00","task_occ_43_4031_00_23267","23267","Evaluate information on applications to verify completeness and accuracy and to determine whether applicants are qualified to obtain desired licenses.","cluster_execution_routine","Core","0.0444","0.7766","0.5614","core","0.3175","src_onet_30_1|src_v2_role_graph_seed_2026_03","0.4275","seeded_from_onet_task_inventory"
"occ_43_4031_00","task_occ_43_4031_00_23268","23268","Verify the authenticity of documents, such as foreign identification or immigration documents.","cluster_execution_routine","Core","0.0435","0.7642","0.5542","core","0.3175","src_onet_30_1|src_v2_role_graph_seed_2026_03","0.4275","seeded_from_onet_task_inventory"
"occ_43_4031_00","task_occ_43_4031_00_23269","23269","Record and edit the minutes of meetings and distribute to appropriate officials or staff members.","cluster_execution_routine","Core","0.0086","0.5980","0.4578","supporting","0.3175","src_onet_30_1|src_v2_role_graph_seed_2026_03","0.4275","seeded_from_onet_task_inventory"
"occ_43_4031_00","task_occ_43_4031_00_23270","23270","Question applicants to obtain required information, such as name, address, or age, and record data on prescribed forms.","cluster_execution_routine","Core","0.0430","0.7580","0.5506","core","0.3175","src_onet_30_1|src_v2_role_graph_seed_2026_03","0.4275","seeded_from_onet_task_inventory"
"occ_43_4031_00","task_occ_43_4031_00_23271","23271","Issue public notification of all official activities or meetings.","cluster_execution_routine","Core","0.0086","0.6060","0.4625","supporting","0.3175","src_onet_30_1|src_v2_role_graph_seed_2026_03","0.4275","seeded_from_onet_task_inventory"
"occ_43_4031_00","task_occ_43_4031_00_23272","23272","Record and maintain all vital and fiscal records and accounts.","cluster_execution_routine","Core","0.0425","0.7518","0.5470","core","0.3175","src_onet_30_1|src_v2_role_graph_seed_2026_03","0.4275","seeded_from_onet_task_inventory"
"occ_43_4031_00","task_occ_43_4031_00_23273","23273","Answer questions or provide advice to the public regarding licensing policies, procedures, or regulations.","cluster_execution_routine","Core","0.0425","0.7518","0.5470","core","0.3175","src_onet_30_1|src_v2_role_graph_seed_2026_03","0.4275","seeded_from_onet_task_inventory"
"occ_43_4031_00","task_occ_43_4031_00_23274","23274","Prepare meeting agendas or packets of related information.","cluster_execution_routine","Core","0.0085","0.5918","0.4542","supporting","0.3175","src_onet_30_1|src_v2_role_graph_seed_2026_03","0.4275","seeded_from_onet_task_inventory"
"occ_43_4031_00","task_occ_43_4031_00_23275","23275","Prepare and issue orders of the court, such as probation orders, release documentation, sentencing information, or summonses.","cluster_execution_routine","Core","0.0401","0.7208","0.5291","core","0.3175","src_onet_30_1|src_v2_role_graph_seed_2026_03","0.4275","seeded_from_onet_task_inventory"
"occ_43_4031_00","task_occ_43_4031_00_23276","23276","Prepare ordinances, resolutions, or proclamations so that they can be executed, recorded, archived, or distributed.","cluster_execution_routine","Core","0.0083","0.5794","0.4471","supporting","0.3175","src_onet_30_1|src_v2_role_graph_seed_2026_03","0.4275","seeded_from_onet_task_inventory"
"occ_43_4031_00","task_occ_43_4031_00_23277","23277","Code information on license applications for entry into computers.","cluster_execution_routine","Core","0.0406","0.7270","0.5327","core","0.3175","src_onet_30_1|src_v2_role_graph_seed_2026_03","0.4275","seeded_from_onet_task_inventory"
"occ_43_4031_00","task_occ_43_4031_00_23278","23278","Record case dispositions, court orders, or arrangements made for payment of court fees.","cluster_execution_routine","Core","0.0425","0.7518","0.5470","core","0.3175","src_onet_30_1|src_v2_role_graph_seed_2026_03","0.4275","seeded_from_onet_task_inventory"
"occ_43_4031_00","task_occ_43_4031_00_23279","23279","Perform budgeting duties, such as assisting in budget preparation, expenditure review, or budget administration.","cluster_execution_routine","Core","0.0080","0.5608","0.4363","supporting","0.3175","src_onet_30_1|src_v2_role_graph_seed_2026_03","0.4275","seeded_from_onet_task_inventory"
"occ_43_4031_00","task_occ_43_4031_00_23280","23280","Perform record checks on past or current licensees, as required by investigations.","cluster_execution_routine","Core","0.0396","0.7146","0.5255","core","0.3175","src_onet_30_1|src_v2_role_graph_seed_2026_03","0.4275","seeded_from_onet_task_inventory"
"occ_43_4031_00","task_occ_43_4031_00_23281","23281","Prepare documents recording the outcomes of court proceedings.","cluster_execution_routine","Core","0.0406","0.7270","0.5327","core","0.3175","src_onet_30_1|src_v2_role_graph_seed_2026_03","0.4275","seeded_from_onet_task_inventory"
"occ_43_4031_00","task_occ_43_4031_00_23282","23282","Examine legal documents submitted to courts for adherence to laws or court procedures.","cluster_execution_routine","Core","0.0420","0.7456","0.5434","core","0.3175","src_onet_30_1|src_v2_role_graph_seed_2026_03","0.4275","seeded_from_onet_task_inventory"
"occ_43_4031_00","task_occ_43_4031_00_23283","23283","Perform general office duties, such as taking or transcribing dictation, typing or proofreading correspondence, distributing or filing official forms, or scheduling appointments.","cluster_execution_routine","Core","0.0377","0.6898","0.5111","supporting","0.3175","src_onet_30_1|src_v2_role_graph_seed_2026_03","0.4275","seeded_from_onet_task_inventory"
"occ_43_4031_00","task_occ_43_4031_00_23284","23284","Perform administrative tasks, such as answering telephone calls, filing court documents, or maintaining office supplies or equipment.","cluster_execution_routine","Core","0.0444","0.7766","0.5614","core","0.3175","src_onet_30_1|src_v2_role_graph_seed_2026_03","0.4275","seeded_from_onet_task_inventory"
"occ_43_4031_00","task_occ_43_4031_00_23285","23285","Respond to requests for information from the public, other municipalities, state officials, or state and federal legislative offices.","cluster_execution_routine","Core","0.0291","0.6438","0.4844","supporting","0.3175","src_onet_30_1|src_v2_role_graph_seed_2026_03","0.4275","seeded_from_onet_task_inventory"
"occ_43_4031_00","task_occ_43_4031_00_23286","23286","Search files and contact witnesses, attorneys, or litigants to obtain information for the court.","cluster_execution_routine","Supplemental","0.0199","0.4492","0.3715","supporting","0.3175","src_onet_30_1|src_v2_role_graph_seed_2026_03","0.3875","seeded_from_onet_task_inventory"
"occ_43_4031_00","task_occ_43_4031_00_23287","23287","Coordinate or maintain office tracking systems for correspondence or follow-up actions.","cluster_execution_routine","Core","0.0118","0.5578","0.4345","supporting","0.3175","src_onet_30_1|src_v2_role_graph_seed_2026_03","0.4275","seeded_from_onet_task_inventory"
"occ_43_4031_00","task_occ_43_4031_00_23288","23288","Answer inquiries from the general public regarding judicial procedures, court appearances, trial dates, adjournments, outstanding warrants, summonses, subpoenas, witness fees, or payment of fines.","cluster_execution_routine","Core","0.0411","0.7332","0.5363","core","0.3175","src_onet_30_1|src_v2_role_graph_seed_2026_03","0.4275","seeded_from_onet_task_inventory"
"occ_43_4031_00","task_occ_43_4031_00_23289","23289","Train other workers or coordinate their work, as necessary.","cluster_execution_routine","Core","0.0344","0.6464","0.4859","supporting","0.3175","src_onet_30_1|src_v2_role_graph_seed_2026_03","0.4275","seeded_from_onet_task_inventory"
"occ_43_4031_00","task_occ_43_4031_00_23290","23290","Instruct parties about timing of court appearances.","cluster_execution_routine","Core","0.0368","0.6774","0.5039","supporting","0.3175","src_onet_30_1|src_v2_role_graph_seed_2026_03","0.4275","seeded_from_onet_task_inventory"
"occ_43_4031_00","task_occ_43_4031_00_23291","23291","Research information in the municipal archives upon request of public officials or private citizens.","cluster_execution_routine","Core","0.0067","0.4740","0.3859","supporting","0.3175","src_onet_30_1|src_v2_role_graph_seed_2026_03","0.4275","seeded_from_onet_task_inventory"
"occ_43_4031_00","task_occ_43_4031_00_23292","23292","Perform contract administration duties, assisting with bid openings or the awarding of contracts.","cluster_execution_routine","Core","0.0066","0.4678","0.3823","supporting","0.3175","src_onet_30_1|src_v2_role_graph_seed_2026_03","0.4275","seeded_from_onet_task_inventory"
"occ_43_4031_00","task_occ_43_4031_00_23293","23293","Participate in the administration of municipal elections, such as preparation or distribution of ballots, appointment or training of election officers, or tabulation or certification of results.","cluster_execution_routine","Supplemental","0.0084","0.4156","0.3520","optional","0.3175","src_onet_30_1|src_v2_role_graph_seed_2026_03","0.3875","seeded_from_onet_task_inventory"
"occ_43_4031_00","task_occ_43_4031_00_23294","23294","Issue various permits and licenses, such as marriage, fishing, hunting, and dog licenses, and collect appropriate fees.","cluster_execution_routine","n/a","0.0143","0.3720","0.3268","optional","0.3175","src_onet_30_1|src_v2_role_graph_seed_2026_03","0.3875","seeded_from_onet_task_inventory"
"occ_43_4031_00","task_occ_43_4031_00_23295","23295","Plan or direct the maintenance, filing, safekeeping, or computerization of all municipal documents.","cluster_execution_routine","n/a","0.0143","0.3720","0.3268","optional","0.3175","src_onet_30_1|src_v2_role_graph_seed_2026_03","0.3875","seeded_from_onet_task_inventory"
"occ_43_4031_00","task_occ_43_4031_00_23296","23296","Prepare dockets or calendars of cases to be called.","cluster_execution_routine","n/a","0.0143","0.3720","0.3268","optional","0.3175","src_onet_30_1|src_v2_role_graph_seed_2026_03","0.3875","seeded_from_onet_task_inventory"
"occ_43_4031_00","task_occ_43_4031_00_jd_clerk_01","jd_clerk_01","Maintain dockets, schedule proceedings, and update official case records so court operations stay accurate and current.","cluster_workflow_admin","Core","0.0266","0.6872","0.5290","supporting","0.2905","src_manual_job_description_review_2026_03|src_v2_role_graph_seed_2026_03","0.7905","seeded_from_job_description_expansion"
"occ_43_4031_00","task_occ_43_4031_00_jd_clerk_02","jd_clerk_02","Answer questions from the public, explain filing or hearing steps, and help people navigate routine court or licensing processes.","cluster_client_interaction","Core","0.0221","0.8396","0.8946","core","0.4325","src_manual_job_description_review_2026_03|src_v2_role_graph_seed_2026_03","0.7555","seeded_from_job_description_expansion"
"occ_43_4031_00","task_occ_43_4031_00_jd_clerk_03","jd_clerk_03","Review filings, hearing materials, and case paperwork for completeness and process compliance before matters move forward.","cluster_qa_review","Core","0.0245","0.7984","0.5965","core","0.3080","src_manual_job_description_review_2026_03|src_v2_role_graph_seed_2026_03","0.8360","seeded_from_job_description_expansion"
"occ_43_4031_00","task_occ_43_4031_00_jd_clerk_04","jd_clerk_04","Prepare agendas, minutes, licenses, permits, resolutions, and other public-record materials across municipal workflow cycles.","cluster_documentation","Core","0.0246","0.6792","0.5083","supporting","0.2335","src_manual_job_description_review_2026_03|src_v2_role_graph_seed_2026_03","0.8185","seeded_from_job_description_expansion"
"occ_43_4031_00","task_occ_43_4031_00_jd_clerk2_01","jd_clerk2_01","Collect fees, receipts, or payment records and reconcile daily transaction logs against court or municipal systems.","cluster_documentation","Core","0.0235","0.6944","0.5172","supporting","0.2335","src_manual_job_description_review_2026_03|src_v2_role_graph_seed_2026_03","0.8185","seeded_from_job_description_expansion"
"occ_43_4031_00","task_occ_43_4031_00_jd_clerk2_02","jd_clerk2_02","Coordinate schedule changes, courtroom readiness, and communications among judges, attorneys, officers, and the public.","cluster_coordination","Core","0.0186","0.8128","0.6744","core","0.2535","src_manual_job_description_review_2026_03|src_v2_role_graph_seed_2026_03","0.8255","seeded_from_job_description_expansion"
"occ_43_4031_00","task_occ_43_4031_00_jd_clerk2_03","jd_clerk2_03","Verify deadlines, filing prerequisites, and procedural steps before cases, licenses, or permits advance in the workflow.","cluster_qa_review","Core","0.0209","0.7732","0.5819","core","0.3080","src_manual_job_description_review_2026_03|src_v2_role_graph_seed_2026_03","0.8360","seeded_from_job_description_expansion"
"occ_43_4031_00","task_occ_43_4031_00_jd_clerk2_04","jd_clerk2_04","Handle sealed, sensitive, or exception-case materials by routing them to the right authority and maintaining correct chain-of-custody records.","cluster_decision_support","Core","0.0160","0.8508","0.8655","core","0.4815","src_manual_job_description_review_2026_03|src_v2_role_graph_seed_2026_03","0.7590","seeded_from_job_description_expansion"
"occ_43_4051_00","task_occ_43_4051_00_18565","18565","Confer with customers by telephone or in person to provide information about products or services, take or enter orders, cancel accounts, or obtain details of complaints.","cluster_execution_routine","Core","0.0664","0.7704","0.4882","core","0.5465","src_onet_30_1|src_v2_role_graph_seed_2026_03","0.5080","seeded_from_onet_task_inventory"
"occ_43_4051_00","task_occ_43_4051_00_2578","2578","Keep records of customer interactions or transactions, recording details of inquiries, complaints, or comments, as well as actions taken.","cluster_execution_routine","Core","0.0635","0.7456","0.4738","core","0.5465","src_onet_30_1|src_v2_role_graph_seed_2026_03","0.5080","seeded_from_onet_task_inventory"
"occ_43_4051_00","task_occ_43_4051_00_2579","2579","Resolve customers' service or billing complaints by performing activities such as exchanging merchandise, refunding money, or adjusting bills.","cluster_execution_routine","Supplemental","0.0577","0.5260","0.3465","supporting","0.5465","src_onet_30_1|src_v2_role_graph_seed_2026_03","0.4680","seeded_from_onet_task_inventory"
"occ_43_4051_00","task_occ_43_4051_00_2580","2580","Check to ensure that appropriate changes were made to resolve customers' problems.","cluster_execution_routine","Core","0.0613","0.7270","0.4631","core","0.5465","src_onet_30_1|src_v2_role_graph_seed_2026_03","0.5080","seeded_from_onet_task_inventory"
"occ_43_4051_00","task_occ_43_4051_00_2581","2581","Contact customers to respond to inquiries or to notify them of claim investigation results or any planned adjustments.","cluster_execution_routine","Core","0.0577","0.6960","0.4451","supporting","0.5465","src_onet_30_1|src_v2_role_graph_seed_2026_03","0.5080","seeded_from_onet_task_inventory"
"occ_43_4051_00","task_occ_43_4051_00_2582","2582","Refer unresolved customer grievances to designated departments for further investigation.","cluster_execution_routine","Core","0.0556","0.6774","0.4343","supporting","0.5465","src_onet_30_1|src_v2_role_graph_seed_2026_03","0.5080","seeded_from_onet_task_inventory"
"occ_43_4051_00","task_occ_43_4051_00_2583","2583","Determine charges for services requested, collect deposits or payments, or arrange for billing.","cluster_execution_routine","Core","0.0570","0.6898","0.4415","supporting","0.5465","src_onet_30_1|src_v2_role_graph_seed_2026_03","0.5080","seeded_from_onet_task_inventory"
"occ_43_4051_00","task_occ_43_4051_00_2584","2584","Complete contract forms, prepare change of address records, or issue service discontinuance orders, using computers.","cluster_execution_routine","Core","0.0556","0.6774","0.4343","supporting","0.5465","src_onet_30_1|src_v2_role_graph_seed_2026_03","0.5080","seeded_from_onet_task_inventory"
"occ_43_4051_00","task_occ_43_4051_00_2585","2585","Obtain and examine all relevant information to assess validity of complaints and to determine possible causes, such as extreme weather conditions that could increase utility bills.","cluster_execution_routine","Supplemental","0.0476","0.4392","0.2961","supporting","0.5465","src_onet_30_1|src_v2_role_graph_seed_2026_03","0.4680","seeded_from_onet_task_inventory"
"occ_43_4051_00","task_occ_43_4051_00_2586","2586","Solicit sales of new or additional services or products.","cluster_execution_routine","Supplemental","0.0519","0.4764","0.3177","supporting","0.5465","src_onet_30_1|src_v2_role_graph_seed_2026_03","0.4680","seeded_from_onet_task_inventory"
"occ_43_4051_00","task_occ_43_4051_00_2587","2587","Review insurance policy terms to determine whether a particular loss is covered by insurance.","cluster_execution_routine","Supplemental","0.0548","0.5012","0.3321","supporting","0.5465","src_onet_30_1|src_v2_role_graph_seed_2026_03","0.4680","seeded_from_onet_task_inventory"
"occ_43_4051_00","task_occ_43_4051_00_2589","2589","Compare disputed merchandise with original requisitions and information from invoices and prepare invoices for returned goods.","cluster_execution_routine","Supplemental","0.0095","0.2792","0.2033","optional","0.5465","src_onet_30_1|src_v2_role_graph_seed_2026_03","0.4680","seeded_from_onet_task_inventory"
"occ_43_4051_00","task_occ_43_4051_00_2591","2591","Recommend improvements in products, packaging, shipping, service, or billing methods and procedures to prevent future problems.","cluster_execution_routine","Supplemental","0.0078","0.2048","0.1602","optional","0.5465","src_onet_30_1|src_v2_role_graph_seed_2026_03","0.4680","seeded_from_onet_task_inventory"
"occ_43_4051_00","task_occ_43_4051_00_jd_cs_01","jd_cs_01","Troubleshoot product or account issues across channels and guide customers through root-cause resolution rather than only recording the complaint.","cluster_client_interaction","Core","0.0381","0.9016","0.9085","core","0.1350","src_manual_job_description_review_2026_03|src_v2_role_graph_seed_2026_03","0.6960","seeded_from_job_description_expansion"
"occ_43_4051_00","task_occ_43_4051_00_jd_cs_02","jd_cs_02","Manage ticket queues, service levels, and escalation paths so urgent issues reach the right internal owners quickly.","cluster_coordination","Core","0.0360","0.8660","0.8365","core","0.5505","src_manual_job_description_review_2026_03|src_v2_role_graph_seed_2026_03","0.7800","seeded_from_job_description_expansion"
"occ_43_4051_00","task_occ_43_4051_00_jd_cs_03","jd_cs_03","Document recurring issue patterns, build self-service guidance, and feed product or workflow fixes back into the support system.","cluster_documentation","Core","0.0310","0.6416","0.4215","supporting","0.2570","src_manual_job_description_review_2026_03|src_v2_role_graph_seed_2026_03","0.8045","seeded_from_job_description_expansion"
"occ_43_4051_00","task_occ_43_4051_00_jd_cs_04","jd_cs_04","Identify repetitive support failures and implement process or automation improvements that reduce avoidable inbound work.","cluster_qa_review","Core","0.0260","0.7264","0.6639","core","0.4545","src_manual_job_description_review_2026_03|src_v2_role_graph_seed_2026_03","0.8290","seeded_from_job_description_expansion"
"occ_43_4051_00","task_occ_43_4051_00_jd_cs2_01","jd_cs2_01","Update account records, case fields, refunds, and service workflows so support work stays administratively current.","cluster_workflow_admin","Core","0.0402","0.6872","0.4094","supporting","0.2995","src_manual_job_description_review_2026_03|src_v2_role_graph_seed_2026_03","0.8430","seeded_from_job_description_expansion"
"occ_43_4051_00","task_occ_43_4051_00_jd_cs2_02","jd_cs2_02","Analyze recurring complaint patterns and escalation causes so support and product teams can reduce repeat issues.","cluster_analysis","Core","0.0329","0.8072","0.7392","core","0.3175","src_manual_job_description_review_2026_03|src_v2_role_graph_seed_2026_03","0.7065","seeded_from_job_description_expansion"
"occ_43_4051_00","task_occ_43_4051_00_jd_cs2_03","jd_cs2_03","Handle high-sensitivity customer situations where retention, trust, or policy exceptions require extra judgment.","cluster_relationship_management","Core","0.0275","0.8512","0.9047","core","0.3175","src_manual_job_description_review_2026_03|src_v2_role_graph_seed_2026_03","0.7065","seeded_from_job_description_expansion"
"occ_43_4051_00","task_occ_43_4051_00_jd_cs2_04","jd_cs2_04","Recommend the right next-step resolution path when support issues involve product limitations, workarounds, or cross-team tradeoffs.","cluster_decision_support","Core","0.0293","0.8668","0.8617","core","0.5705","src_manual_job_description_review_2026_03|src_v2_role_graph_seed_2026_03","0.7520","seeded_from_job_description_expansion"
"occ_43_4051_00","task_occ_43_4051_00_manual_cs_01","manual_cs_01","Resolve escalated customer cases that require policy judgment or exception handling.","cluster_client_interaction","Core","0.0338","0.8796","0.8958","core","0.1350","src_manual_role_graph_review_2026_03","0.6960","seeded_from_manual_task_expansion"
"occ_43_4051_00","task_occ_43_4051_00_manual_cs_02","manual_cs_02","Document recurring issue patterns and propose process fixes.","cluster_documentation","Supplemental","0.0266","0.4234","0.2950","supporting","0.2570","src_manual_role_graph_review_2026_03","0.7645","seeded_from_manual_task_expansion"
"occ_43_4051_00","task_occ_43_4051_00_manual_cs_03","manual_cs_03","Coordinate with operations, product, or billing teams on recurring failures.","cluster_coordination","Core","0.0322","0.8256","0.8130","core","0.5505","src_manual_role_graph_review_2026_03","0.7800","seeded_from_manual_task_expansion"
"occ_43_4131_00","task_occ_43_4131_00_11291","11291","Verify and examine information and accuracy of loan application and closing documents.","cluster_execution_routine","Core","0.0561","0.7642","0.4612","core","0.5515","src_onet_30_1|src_v2_role_graph_seed_2026_03","0.5080","seeded_from_onet_task_inventory"
"occ_43_4131_00","task_occ_43_4131_00_11292","11292","Interview loan applicants to obtain personal and financial data and to assist in completing applications.","cluster_execution_routine","Core","0.0104","0.5608","0.3433","supporting","0.5515","src_onet_30_1|src_v2_role_graph_seed_2026_03","0.5080","seeded_from_onet_task_inventory"
"occ_43_4131_00","task_occ_43_4131_00_11293","11293","Assemble and compile documents for loan closings, such as title abstracts, insurance forms, loan forms, and tax receipts.","cluster_execution_routine","Core","0.0111","0.5980","0.3648","supporting","0.5515","src_onet_30_1|src_v2_role_graph_seed_2026_03","0.5080","seeded_from_onet_task_inventory"
"occ_43_4131_00","task_occ_43_4131_00_11294","11294","Answer questions and advise customers regarding loans and transactions.","cluster_execution_routine","Core","0.0512","0.7146","0.4325","core","0.5515","src_onet_30_1|src_v2_role_graph_seed_2026_03","0.5080","seeded_from_onet_task_inventory"
"occ_43_4131_00","task_occ_43_4131_00_11295","11295","Contact customers by mail, telephone, or in person concerning acceptance or rejection of applications.","cluster_execution_routine","Core","0.0530","0.7332","0.4433","core","0.5515","src_onet_30_1|src_v2_role_graph_seed_2026_03","0.5080","seeded_from_onet_task_inventory"
"occ_43_4131_00","task_occ_43_4131_00_11296","11296","Record applications for loan and credit, loan information, and disbursements of funds, using computers.","cluster_execution_routine","Core","0.0521","0.7392","0.4467","core","0.5515","src_onet_30_1|src_v2_role_graph_seed_2026_03","0.5080","seeded_from_onet_task_inventory"
"occ_43_4131_00","task_occ_43_4131_00_11297","11297","Prepare and type loan applications, closing documents, legal documents, letters, forms, government notices, and checks, using computers.","cluster_execution_routine","Core","0.0461","0.7032","0.4259","core","0.5515","src_onet_30_1|src_v2_role_graph_seed_2026_03","0.5080","seeded_from_onet_task_inventory"
"occ_43_4131_00","task_occ_43_4131_00_11298","11298","Present loan and repayment schedules to customers.","cluster_execution_routine","Core","0.0464","0.6910","0.4188","supporting","0.5515","src_onet_30_1|src_v2_role_graph_seed_2026_03","0.5080","seeded_from_onet_task_inventory"
"occ_43_4131_00","task_occ_43_4131_00_11299","11299","Calculate, review, and correct errors on interest, principal, payment, and closing costs, using computers or calculators.","cluster_execution_routine","Core","0.0518","0.7208","0.4361","core","0.5515","src_onet_30_1|src_v2_role_graph_seed_2026_03","0.5080","seeded_from_onet_task_inventory"
"occ_43_4131_00","task_occ_43_4131_00_11300","11300","Check value of customer collateral to be held as loan security.","cluster_execution_routine","Core","0.0105","0.5670","0.3469","supporting","0.5515","src_onet_30_1|src_v2_role_graph_seed_2026_03","0.5080","seeded_from_onet_task_inventory"
"occ_43_4131_00","task_occ_43_4131_00_11301","11301","Contact credit bureaus, employers, and other sources to check applicants' credit and personal references.","cluster_execution_routine","Core","0.0409","0.6918","0.4192","supporting","0.5515","src_onet_30_1|src_v2_role_graph_seed_2026_03","0.5080","seeded_from_onet_task_inventory"
"occ_43_4131_00","task_occ_43_4131_00_11302","11302","File and maintain loan records.","cluster_execution_routine","Core","0.0419","0.6996","0.4238","supporting","0.5515","src_onet_30_1|src_v2_role_graph_seed_2026_03","0.5080","seeded_from_onet_task_inventory"
"occ_43_4131_00","task_occ_43_4131_00_11303","11303","Schedule and conduct closings of mortgage transactions.","cluster_execution_routine","Supplemental","0.0462","0.4950","0.3051","supporting","0.5515","src_onet_30_1|src_v2_role_graph_seed_2026_03","0.4680","seeded_from_onet_task_inventory"
"occ_43_4131_00","task_occ_43_4131_00_11304","11304","Accept payment on accounts.","cluster_execution_routine","Supplemental","0.0289","0.4496","0.2788","supporting","0.5515","src_onet_30_1|src_v2_role_graph_seed_2026_03","0.4680","seeded_from_onet_task_inventory"
"occ_43_4131_00","task_occ_43_4131_00_11305","11305","Submit loan applications with recommendation for underwriting approval.","cluster_execution_routine","Core","0.0530","0.7332","0.4433","core","0.5515","src_onet_30_1|src_v2_role_graph_seed_2026_03","0.5080","seeded_from_onet_task_inventory"
"occ_43_4131_00","task_occ_43_4131_00_11306","11306","Order property insurance or mortgage insurance policies to ensure protection against loss on mortgaged property.","cluster_execution_routine","Supplemental","0.0102","0.3846","0.2411","optional","0.5515","src_onet_30_1|src_v2_role_graph_seed_2026_03","0.4680","seeded_from_onet_task_inventory"
"occ_43_4131_00","task_occ_43_4131_00_11307","11307","Review customer accounts to determine whether payments are made on time and that other loan terms are being followed.","cluster_execution_routine","Core","0.0518","0.7208","0.4361","core","0.5515","src_onet_30_1|src_v2_role_graph_seed_2026_03","0.5080","seeded_from_onet_task_inventory"
"occ_43_4131_00","task_occ_43_4131_00_11308","11308","Establish credit limits and grant extensions of credit on overdue accounts.","cluster_execution_routine","Supplemental","0.0089","0.3164","0.2015","optional","0.5515","src_onet_30_1|src_v2_role_graph_seed_2026_03","0.4680","seeded_from_onet_task_inventory"
"occ_43_4131_00","task_occ_43_4131_00_jd_lcl_01","jd_lcl_01","Gather borrower information, explain missing requirements, and keep applicants informed as loan files move through intake and review.","cluster_client_interaction","Core","0.0316","0.8984","0.8923","core","0.5265","src_manual_job_description_review_2026_03|src_v2_role_graph_seed_2026_03","0.7520","seeded_from_job_description_expansion"
"occ_43_4131_00","task_occ_43_4131_00_jd_lcl_02","jd_lcl_02","Prepare and review loan documents, maintain lending-system records, and track file progress so files are ready for closing.","cluster_workflow_admin","Core","0.0344","0.6872","0.5744","supporting","0.0020","src_manual_job_description_review_2026_03|src_v2_role_graph_seed_2026_03","0.5875","seeded_from_job_description_expansion"
"occ_43_4131_00","task_occ_43_4131_00_jd_lcl_03","jd_lcl_03","Coordinate with lenders, underwriters, title companies, and insurance agents to clear conditions and keep files moving toward closing.","cluster_coordination","Core","0.0298","0.8628","0.8692","core","0.1490","src_manual_job_description_review_2026_03|src_v2_role_graph_seed_2026_03","0.7520","seeded_from_job_description_expansion"
"occ_43_4131_00","task_occ_43_4131_00_jd_lcl_04","jd_lcl_04","Verify completeness, resolve document discrepancies, and check compliance requirements before loans advance to the next step.","cluster_qa_review","Core","0.0296","0.7920","0.6734","core","0.1980","src_manual_job_description_review_2026_03|src_v2_role_graph_seed_2026_03","0.7975","seeded_from_job_description_expansion"
"occ_43_4131_00","task_occ_43_4131_00_jd_lcl2_01","jd_lcl2_01","Analyze income, asset, and document discrepancies so the file reaches the right next step instead of cycling through preventable rework.","cluster_analysis","Core","0.0319","0.8108","0.6769","core","0.5965","src_manual_job_description_review_2026_03|src_v2_role_graph_seed_2026_03","0.7905","seeded_from_job_description_expansion"
"occ_43_4131_00","task_occ_43_4131_00_jd_lcl2_02","jd_lcl2_02","Prepare closing-ready summaries, condition notes, and supporting file documentation so underwriters and closers can act without reconstructing the history.","cluster_documentation","Core","0.0327","0.6824","0.4062","supporting","0.3165","src_manual_job_description_review_2026_03|src_v2_role_graph_seed_2026_03","0.8325","seeded_from_job_description_expansion"
"occ_43_4131_00","task_occ_43_4131_00_jd_lcl2_03","jd_lcl2_03","Flag exception cases and recommend escalation when borrower facts, lender rules, and timing pressures no longer align cleanly.","cluster_decision_support","Core","0.0302","0.8768","0.8441","core","0.5755","src_manual_job_description_review_2026_03|src_v2_role_graph_seed_2026_03","0.7765","seeded_from_job_description_expansion"
"occ_43_4131_00","task_occ_43_4131_00_jd_lcl2_04","jd_lcl2_04","Maintain closing calendars, condition trackers, and status checkpoints so files keep moving through regulated handoffs on time.","cluster_workflow_admin","Core","0.0335","0.6748","0.5672","supporting","0.0020","src_manual_job_description_review_2026_03|src_v2_role_graph_seed_2026_03","0.5875","seeded_from_job_description_expansion"
"occ_43_4131_00","task_occ_43_4131_00_manual_li_01","manual_li_01","Explain document gaps, condition requests, and timing tradeoffs so borrowers can keep files moving without avoidable confusion.","cluster_client_interaction","Core","0.0291","0.8704","0.8760","core","0.5265","src_manual_role_graph_review_2026_03","0.7520","seeded_from_manual_task_expansion"
"occ_43_4131_00","task_occ_43_4131_00_manual_li_02","manual_li_02","Reconstruct file history across conditions, disclosures, and underwriting feedback when exceptions have to be resolved under deadline.","cluster_research_synthesis","Core","0.0246","0.7652","0.7248","core","0.3175","src_manual_role_graph_review_2026_03","0.7065","seeded_from_manual_task_expansion"
"occ_43_4131_00","task_occ_43_4131_00_manual_li_03","manual_li_03","Escalate fraud, compliance, or borrower-fit concerns when file facts no longer match standard processing paths.","cluster_decision_support","Core","0.0222","0.8664","0.8381","core","0.5755","src_manual_role_graph_review_2026_03","0.7765","seeded_from_manual_task_expansion"
"occ_43_4171_00","task_occ_43_4171_00_744","744","Operate telephone switchboard to answer, screen, or forward calls, providing information, taking messages, or scheduling appointments.","cluster_execution_routine","Core","0.0525","0.7828","0.4786","core","0.2280","src_onet_30_1|src_v2_role_graph_seed_2026_03","0.5115","seeded_from_onet_task_inventory"
"occ_43_4171_00","task_occ_43_4171_00_745","745","Receive payment and record receipts for services.","cluster_execution_routine","Core","0.0509","0.7642","0.4678","core","0.2280","src_onet_30_1|src_v2_role_graph_seed_2026_03","0.5115","seeded_from_onet_task_inventory"
"occ_43_4171_00","task_occ_43_4171_00_746","746","Perform administrative support tasks, such as proofreading, transcribing handwritten information, or operating calculators or computers to work with pay records, invoices, balance sheets, or other documents.","cluster_execution_routine","Core","0.0414","0.6588","0.4067","supporting","0.2280","src_onet_30_1|src_v2_role_graph_seed_2026_03","0.5115","seeded_from_onet_task_inventory"
"occ_43_4171_00","task_occ_43_4171_00_747","747","Greet persons entering establishment, determine nature and purpose of visit, and direct or escort them to specific destinations.","cluster_execution_routine","Core","0.0514","0.7704","0.4714","core","0.2280","src_onet_30_1|src_v2_role_graph_seed_2026_03","0.5115","seeded_from_onet_task_inventory"
"occ_43_4171_00","task_occ_43_4171_00_748","748","Hear and resolve complaints from customers or the public.","cluster_execution_routine","Core","0.0436","0.6836","0.4211","supporting","0.2280","src_onet_30_1|src_v2_role_graph_seed_2026_03","0.5115","seeded_from_onet_task_inventory"
"occ_43_4171_00","task_occ_43_4171_00_749","749","File and maintain records.","cluster_execution_routine","Core","0.0430","0.6774","0.4175","supporting","0.2280","src_onet_30_1|src_v2_role_graph_seed_2026_03","0.5115","seeded_from_onet_task_inventory"
"occ_43_4171_00","task_occ_43_4171_00_750","750","Transmit information or documents to customers, using computer, mail, or facsimile machine.","cluster_execution_routine","Core","0.0436","0.6836","0.4211","supporting","0.2280","src_onet_30_1|src_v2_role_graph_seed_2026_03","0.5115","seeded_from_onet_task_inventory"
"occ_43_4171_00","task_occ_43_4171_00_751","751","Schedule appointments and maintain and update appointment calendars.","cluster_execution_routine","Core","0.0475","0.7270","0.4463","core","0.2280","src_onet_30_1|src_v2_role_graph_seed_2026_03","0.5115","seeded_from_onet_task_inventory"
"occ_43_4171_00","task_occ_43_4171_00_752","752","Analyze data to determine answers to questions from customers or members of the public.","cluster_execution_routine","Supplemental","0.0447","0.5260","0.3297","supporting","0.2280","src_onet_30_1|src_v2_role_graph_seed_2026_03","0.4715","seeded_from_onet_task_inventory"
"occ_43_4171_00","task_occ_43_4171_00_753","753","Provide information about establishment, such as location of departments or offices, employees within the organization, or services provided.","cluster_execution_routine","Core","0.0419","0.6650","0.4103","supporting","0.2280","src_onet_30_1|src_v2_role_graph_seed_2026_03","0.5115","seeded_from_onet_task_inventory"
"occ_43_4171_00","task_occ_43_4171_00_754","754","Keep a current record of staff members' whereabouts and availability.","cluster_execution_routine","Supplemental","0.0402","0.4764","0.3009","supporting","0.2280","src_onet_30_1|src_v2_role_graph_seed_2026_03","0.4715","seeded_from_onet_task_inventory"
"occ_43_4171_00","task_occ_43_4171_00_755","755","Collect, sort, distribute, or prepare mail, messages, or courier deliveries.","cluster_execution_routine","Core","0.0408","0.6526","0.4031","supporting","0.2280","src_onet_30_1|src_v2_role_graph_seed_2026_03","0.5115","seeded_from_onet_task_inventory"
"occ_43_4171_00","task_occ_43_4171_00_756","756","Calculate and quote rates for tours, stocks, insurance policies, or other products or services.","cluster_execution_routine","Supplemental","0.0447","0.5260","0.3297","supporting","0.2280","src_onet_30_1|src_v2_role_graph_seed_2026_03","0.4715","seeded_from_onet_task_inventory"
"occ_43_4171_00","task_occ_43_4171_00_757","757","Take orders for merchandise or materials and send them to the proper departments to be filled.","cluster_execution_routine","Supplemental","0.0061","0.2110","0.1470","optional","0.2280","src_onet_30_1|src_v2_role_graph_seed_2026_03","0.4715","seeded_from_onet_task_inventory"
"occ_43_4171_00","task_occ_43_4171_00_758","758","Process and prepare memos, correspondence, travel vouchers, or other documents.","cluster_execution_routine","Supplemental","0.0341","0.4082","0.2614","optional","0.2280","src_onet_30_1|src_v2_role_graph_seed_2026_03","0.4715","seeded_from_onet_task_inventory"
"occ_43_4171_00","task_occ_43_4171_00_759","759","Schedule space or equipment for special programs and prepare lists of participants.","cluster_execution_routine","Supplemental","0.0358","0.4268","0.2721","supporting","0.2280","src_onet_30_1|src_v2_role_graph_seed_2026_03","0.4715","seeded_from_onet_task_inventory"
"occ_43_4171_00","task_occ_43_4171_00_760","760","Enroll individuals to participate in programs and notify them of their acceptance.","cluster_execution_routine","Supplemental","0.0313","0.3772","0.2434","optional","0.2280","src_onet_30_1|src_v2_role_graph_seed_2026_03","0.4715","seeded_from_onet_task_inventory"
"occ_43_4171_00","task_occ_43_4171_00_762","762","Perform duties, such as taking care of plants or straightening magazines to maintain lobby or reception area.","cluster_execution_routine","Core","0.0335","0.5720","0.3564","supporting","0.2280","src_onet_30_1|src_v2_role_graph_seed_2026_03","0.5115","seeded_from_onet_task_inventory"
"occ_43_4171_00","task_occ_43_4171_00_jd_rec_01","jd_rec_01","Greet visitors, answer and route inquiries, and manage front-desk interactions so the office maintains a professional first point of contact.","cluster_client_interaction","Core","0.0321","0.9204","0.8336","core","0.2430","src_manual_job_description_review_2026_03|src_v2_role_graph_seed_2026_03","0.8220","seeded_from_job_description_expansion"
"occ_43_4171_00","task_occ_43_4171_00_jd_rec_02","jd_rec_02","Handle scheduling, mail, deliveries, supply inventory, and routine workplace requests that keep the office running smoothly.","cluster_workflow_admin","Core","0.0295","0.6716","0.4367","supporting","0.2635","src_manual_job_description_review_2026_03|src_v2_role_graph_seed_2026_03","0.8220","seeded_from_job_description_expansion"
"occ_43_4171_00","task_occ_43_4171_00_jd_rec_03","jd_rec_03","Coordinate office events, facilities requests, vendor follow-through, and workplace issues across teams and service providers.","cluster_coordination","Core","0.0253","0.8564","0.7621","core","0.4095","src_manual_job_description_review_2026_03|src_v2_role_graph_seed_2026_03","0.8220","seeded_from_job_description_expansion"
"occ_43_4171_00","task_occ_43_4171_00_jd_rec_04","jd_rec_04","Maintain visitor logs, badges, lobby readiness, and basic office records so workplace operations remain secure and organized.","cluster_documentation","Core","0.0262","0.6696","0.5236","supporting","0.1645","src_manual_job_description_review_2026_03|src_v2_role_graph_seed_2026_03","0.7870","seeded_from_job_description_expansion"
"occ_43_4171_00","task_occ_43_4171_00_jd_rec2_01","jd_rec2_01","Monitor visitor screening, badge rules, and front-desk security procedures and escalate anything unusual to the right partner.","cluster_qa_review","Core","0.0250","0.7856","0.6448","core","0.6060","src_manual_job_description_review_2026_03|src_v2_role_graph_seed_2026_03","0.7590","seeded_from_job_description_expansion"
"occ_43_4171_00","task_occ_43_4171_00_jd_rec2_02","jd_rec2_02","Prepare conference rooms, guest itineraries, and arrival support for meetings, interviews, and external visitors.","cluster_coordination","Core","0.0232","0.8284","0.7459","core","0.4095","src_manual_job_description_review_2026_03|src_v2_role_graph_seed_2026_03","0.8220","seeded_from_job_description_expansion"
"occ_43_4171_00","task_occ_43_4171_00_jd_rec2_03","jd_rec2_03","Triage urgent facilities, security, or workplace requests from employees and hand them off with the right context and priority.","cluster_decision_support","Core","0.0221","0.8944","0.8798","core","0.3175","src_manual_job_description_review_2026_03|src_v2_role_graph_seed_2026_03","0.7065","seeded_from_job_description_expansion"
"occ_43_4171_00","task_occ_43_4171_00_jd_rec2_04","jd_rec2_04","Keep front-desk procedures, contact directories, and coverage handoff notes current so service stays consistent across shifts or absences.","cluster_documentation","Core","0.0223","0.6352","0.5036","supporting","0.1645","src_manual_job_description_review_2026_03|src_v2_role_graph_seed_2026_03","0.7870","seeded_from_job_description_expansion"
"occ_43_4171_00","task_occ_43_4171_00_manual_rec_01","manual_rec_01","De-escalate confused, upset, or policy-sensitive visitor interactions and hand them off without losing trust or context.","cluster_relationship_management","Core","0.0232","0.8884","0.9263","core","0.3175","src_manual_role_graph_review_2026_03","0.7065","seeded_from_manual_task_expansion"
"occ_43_4171_00","task_occ_43_4171_00_manual_rec_02","manual_rec_02","Track visitor patterns, coverage gaps, and recurring workplace issues so front-desk processes can be adjusted before service breaks down.","cluster_analysis","Core","0.0196","0.7540","0.7083","core","0.3175","src_manual_role_graph_review_2026_03","0.7065","seeded_from_manual_task_expansion"
"occ_43_4171_00","task_occ_43_4171_00_manual_rec_03","manual_rec_03","Coordinate host availability, room readiness, and facilities or security follow-through when arrivals depend on several teams.","cluster_coordination","Core","0.0246","0.8440","0.7549","core","0.4095","src_manual_role_graph_review_2026_03","0.8220","seeded_from_manual_task_expansion"
"occ_43_6011_00","task_occ_43_6011_00_18573","18573","Answer phone calls and direct calls to appropriate parties or take messages.","cluster_execution_routine","Core","0.0513","0.6712","0.3995","supporting","0.5610","src_onet_30_1|src_v2_role_graph_seed_2026_03","0.5080","seeded_from_onet_task_inventory"
"occ_43_6011_00","task_occ_43_6011_00_18574","18574","Perform general office duties, such as ordering supplies, maintaining records management database systems, and performing basic bookkeeping work.","cluster_execution_routine","Core","0.0486","0.6464","0.3851","supporting","0.5610","src_onet_30_1|src_v2_role_graph_seed_2026_03","0.5080","seeded_from_onet_task_inventory"
"occ_43_6011_00","task_occ_43_6011_00_18575","18575","Prepare agendas and make arrangements, such as coordinating catering for luncheons, for committee, board, and other meetings.","cluster_execution_routine","Core","0.0097","0.4864","0.2923","supporting","0.5610","src_onet_30_1|src_v2_role_graph_seed_2026_03","0.5080","seeded_from_onet_task_inventory"
"occ_43_6011_00","task_occ_43_6011_00_18576","18576","Coordinate and direct office services, such as records, departmental finances, budget preparation, personnel issues, and housekeeping, to aid executives.","cluster_execution_routine","Core","0.0520","0.6774","0.4031","supporting","0.5610","src_onet_30_1|src_v2_role_graph_seed_2026_03","0.5080","seeded_from_onet_task_inventory"
"occ_43_6011_00","task_occ_43_6011_00_18577","18577","Provide clerical support to other departments.","cluster_execution_routine","Core","0.0445","0.6092","0.3635","supporting","0.5610","src_onet_30_1|src_v2_role_graph_seed_2026_03","0.5080","seeded_from_onet_task_inventory"
"occ_43_6011_00","task_occ_43_6011_00_18578","18578","Process payroll information.","cluster_execution_routine","Supplemental","0.0109","0.3770","0.2289","optional","0.5610","src_onet_30_1|src_v2_role_graph_seed_2026_03","0.4680","seeded_from_onet_task_inventory"
"occ_43_6011_00","task_occ_43_6011_00_18579","18579","Supervise and train other clerical staff and arrange for employee training by scheduling training or organizing training material.","cluster_execution_routine","Supplemental","0.0081","0.2420","0.1506","optional","0.5610","src_onet_30_1|src_v2_role_graph_seed_2026_03","0.4680","seeded_from_onet_task_inventory"
"occ_43_6011_00","task_occ_43_6011_00_2770","2770","Manage and maintain executives' schedules.","cluster_execution_routine","Core","0.0567","0.7208","0.4283","core","0.5610","src_onet_30_1|src_v2_role_graph_seed_2026_03","0.5080","seeded_from_onet_task_inventory"
"occ_43_6011_00","task_occ_43_6011_00_2771","2771","Prepare invoices, reports, memos, letters, financial statements, and other documents, using word processing, spreadsheet, database, or presentation software.","cluster_execution_routine","Core","0.0533","0.6898","0.4103","supporting","0.5610","src_onet_30_1|src_v2_role_graph_seed_2026_03","0.5080","seeded_from_onet_task_inventory"
"occ_43_6011_00","task_occ_43_6011_00_2772","2772","Read and analyze incoming memos, submissions, and reports to determine their significance and plan their distribution.","cluster_execution_routine","Core","0.0459","0.6216","0.3707","supporting","0.5610","src_onet_30_1|src_v2_role_graph_seed_2026_03","0.5080","seeded_from_onet_task_inventory"
"occ_43_6011_00","task_occ_43_6011_00_2773","2773","Open, sort, and distribute incoming correspondence, including faxes and email.","cluster_execution_routine","Core","0.0506","0.6650","0.3959","supporting","0.5610","src_onet_30_1|src_v2_role_graph_seed_2026_03","0.5080","seeded_from_onet_task_inventory"
"occ_43_6011_00","task_occ_43_6011_00_2774","2774","File and retrieve corporate documents, records, and reports.","cluster_execution_routine","Core","0.0466","0.6278","0.3743","supporting","0.5610","src_onet_30_1|src_v2_role_graph_seed_2026_03","0.5080","seeded_from_onet_task_inventory"
"occ_43_6011_00","task_occ_43_6011_00_2775","2775","Greet visitors and determine whether they should be given access to specific individuals.","cluster_execution_routine","Core","0.0506","0.6650","0.3959","supporting","0.5610","src_onet_30_1|src_v2_role_graph_seed_2026_03","0.5080","seeded_from_onet_task_inventory"
"occ_43_6011_00","task_occ_43_6011_00_2776","2776","Prepare responses to correspondence containing routine inquiries.","cluster_execution_routine","Core","0.0506","0.6650","0.3959","supporting","0.5610","src_onet_30_1|src_v2_role_graph_seed_2026_03","0.5080","seeded_from_onet_task_inventory"
"occ_43_6011_00","task_occ_43_6011_00_2779","2779","Make travel arrangements for executives.","cluster_execution_routine","Core","0.0547","0.7022","0.4175","core","0.5610","src_onet_30_1|src_v2_role_graph_seed_2026_03","0.5080","seeded_from_onet_task_inventory"
"occ_43_6011_00","task_occ_43_6011_00_2780","2780","Conduct research, compile data, and prepare papers for consideration and presentation by executives, committees, and boards of directors.","cluster_execution_routine","Core","0.0199","0.5520","0.3304","supporting","0.5610","src_onet_30_1|src_v2_role_graph_seed_2026_03","0.5080","seeded_from_onet_task_inventory"
"occ_43_6011_00","task_occ_43_6011_00_2781","2781","Compile, transcribe, and distribute minutes of meetings.","cluster_execution_routine","Supplemental","0.0088","0.2730","0.1685","optional","0.5610","src_onet_30_1|src_v2_role_graph_seed_2026_03","0.4680","seeded_from_onet_task_inventory"
"occ_43_6011_00","task_occ_43_6011_00_2782","2782","Attend meetings to record minutes.","cluster_execution_routine","Core","0.0084","0.4308","0.2601","supporting","0.5610","src_onet_30_1|src_v2_role_graph_seed_2026_03","0.5080","seeded_from_onet_task_inventory"
"occ_43_6011_00","task_occ_43_6011_00_2784","2784","Meet with individuals, special interest groups, and others on behalf of executives, committees, and boards of directors.","cluster_execution_routine","Supplemental","0.0089","0.2792","0.1721","optional","0.5610","src_onet_30_1|src_v2_role_graph_seed_2026_03","0.4680","seeded_from_onet_task_inventory"
"occ_43_6011_00","task_occ_43_6011_00_2785","2785","Set up and oversee administrative policies and procedures for offices or organizations.","cluster_execution_routine","Supplemental","0.0452","0.4454","0.2685","supporting","0.5610","src_onet_30_1|src_v2_role_graph_seed_2026_03","0.4680","seeded_from_onet_task_inventory"
"occ_43_6011_00","task_occ_43_6011_00_2787","2787","Review operating practices and procedures to determine whether improvements can be made in areas such as workflow, reporting procedures, or expenditures.","cluster_execution_routine","Supplemental","0.0077","0.2234","0.1398","optional","0.5610","src_onet_30_1|src_v2_role_graph_seed_2026_03","0.4680","seeded_from_onet_task_inventory"
"occ_43_6011_00","task_occ_43_6011_00_2788","2788","Interpret administrative and operating policies and procedures for employees.","cluster_execution_routine","Supplemental","0.0472","0.4640","0.2793","supporting","0.5610","src_onet_30_1|src_v2_role_graph_seed_2026_03","0.4680","seeded_from_onet_task_inventory"
"occ_43_6011_00","task_occ_43_6011_00_jd_ea_01","jd_ea_01","Act as a gatekeeper and scheduling partner for executives by sequencing calendars, communications, travel, and changing priorities.","cluster_relationship_management","Core","0.0354","0.9508","0.9625","core","0.3175","src_manual_job_description_review_2026_03|src_v2_role_graph_seed_2026_03","0.7065","seeded_from_job_description_expansion"
"occ_43_6011_00","task_occ_43_6011_00_jd_ea_02","jd_ea_02","Prepare executive-office materials, event logistics, expense support, and follow-up systems for leadership and external stakeholders.","cluster_documentation","Core","0.0324","0.6820","0.4216","supporting","0.2595","src_manual_job_description_review_2026_03|src_v2_role_graph_seed_2026_03","0.8395","seeded_from_job_description_expansion"
"occ_43_6011_00","task_occ_43_6011_00_jd_ea_03","jd_ea_03","Coordinate board, leadership, and cross-functional interactions while handling highly sensitive information with discretion.","cluster_client_interaction","Core","0.0313","0.8888","0.8789","core","0.5360","src_manual_job_description_review_2026_03|src_v2_role_graph_seed_2026_03","0.7555","seeded_from_job_description_expansion"
"occ_43_6011_00","task_occ_43_6011_00_jd_ea_04","jd_ea_04","Track action items, align departments, and extend executive decision cadence through project coordination and operational follow-through.","cluster_oversight_strategy","Core","0.0295","0.9800","0.9900","core","0.1415","src_manual_job_description_review_2026_03|src_v2_role_graph_seed_2026_03","0.7555","seeded_from_job_description_expansion"
"occ_43_6011_00","task_occ_43_6011_00_jd_ea2_01","jd_ea2_01","Screen inboxes, requests, and briefing materials for executives and surface what needs immediate attention, prep, or delegation.","cluster_decision_support","Core","0.0255","0.8604","0.8600","core","0.3175","src_manual_job_description_review_2026_03|src_v2_role_graph_seed_2026_03","0.7065","seeded_from_job_description_expansion"
"occ_43_6011_00","task_occ_43_6011_00_jd_ea2_02","jd_ea2_02","Prepare meeting briefs, board packets, and decision-ready background materials before leadership conversations and travel.","cluster_decision_support","Core","0.0209","0.8044","0.8276","core","0.3175","src_manual_job_description_review_2026_03|src_v2_role_graph_seed_2026_03","0.7065","seeded_from_job_description_expansion"
"occ_43_6011_00","task_occ_43_6011_00_jd_ea2_03","jd_ea2_03","Monitor confidential deadlines, approvals, and cross-functional commitments and flag misses before they create executive risk.","cluster_qa_review","Core","0.0214","0.6860","0.6937","supporting","0.0075","src_manual_job_description_review_2026_03|src_v2_role_graph_seed_2026_03","0.5910","seeded_from_job_description_expansion"
"occ_43_6011_00","task_occ_43_6011_00_jd_ea2_04","jd_ea2_04","Coordinate special projects or leadership initiatives across departments while maintaining discretion, follow-through, and executive context.","cluster_coordination","Core","0.0233","0.7632","0.7457","core","0.5650","src_manual_job_description_review_2026_03|src_v2_role_graph_seed_2026_03","0.7800","seeded_from_job_description_expansion"
"occ_43_6014_00","task_occ_43_6014_00_20280","20280","Use computers for various applications, such as database management or word processing.","cluster_execution_routine","Core","0.0426","0.6960","0.4049","supporting","0.2855","src_onet_30_1|src_v2_role_graph_seed_2026_03","0.5640","seeded_from_onet_task_inventory"
"occ_43_6014_00","task_occ_43_6014_00_20281","20281","Create, maintain, and enter information into databases.","cluster_execution_routine","Core","0.0426","0.6960","0.4049","supporting","0.2855","src_onet_30_1|src_v2_role_graph_seed_2026_03","0.5640","seeded_from_onet_task_inventory"
"occ_43_6014_00","task_occ_43_6014_00_20282","20282","Set up and manage paper or electronic filing systems, recording information, updating paperwork, or maintaining documents, such as attendance records, correspondence, or other material.","cluster_execution_routine","Core","0.0399","0.6650","0.3869","supporting","0.2855","src_onet_30_1|src_v2_role_graph_seed_2026_03","0.5640","seeded_from_onet_task_inventory"
"occ_43_6014_00","task_occ_43_6014_00_20283","20283","Operate office equipment, such as fax machines, copiers, or phone systems and arrange for repairs when equipment malfunctions.","cluster_execution_routine","Core","0.0404","0.6712","0.3905","supporting","0.2855","src_onet_30_1|src_v2_role_graph_seed_2026_03","0.5640","seeded_from_onet_task_inventory"
"occ_43_6014_00","task_occ_43_6014_00_20284","20284","Compose, type, and distribute meeting notes, routine correspondence, or reports, such as presentations or expense, statistical, or monthly reports.","cluster_execution_routine","Core","0.0378","0.6402","0.3725","supporting","0.2855","src_onet_30_1|src_v2_role_graph_seed_2026_03","0.5640","seeded_from_onet_task_inventory"
"occ_43_6014_00","task_occ_43_6014_00_20285","20285","Perform payroll functions, such as maintaining timekeeping information and processing and submitting payroll.","cluster_execution_routine","Supplemental","0.0085","0.3660","0.2135","optional","0.2855","src_onet_30_1|src_v2_role_graph_seed_2026_03","0.5240","seeded_from_onet_task_inventory"
"occ_43_6014_00","task_occ_43_6014_00_20286","20286","Collect and deposit money into accounts, disburse funds from cash accounts to pay bills or invoices, keep records of collections and disbursements, and ensure accounts are balanced.","cluster_execution_routine","Supplemental","0.0286","0.4686","0.2730","supporting","0.2855","src_onet_30_1|src_v2_role_graph_seed_2026_03","0.5240","seeded_from_onet_task_inventory"
"occ_43_6014_00","task_occ_43_6014_00_20287","20287","Coordinate conferences, meetings, or special events, such as luncheons or graduation ceremonies.","cluster_execution_routine","Supplemental","0.0341","0.4268","0.2487","supporting","0.2855","src_onet_30_1|src_v2_role_graph_seed_2026_03","0.5240","seeded_from_onet_task_inventory"
"occ_43_6014_00","task_occ_43_6014_00_20288","20288","Develop or maintain internal or external company Web sites.","cluster_execution_routine","Supplemental","0.0056","0.2130","0.1247","optional","0.2855","src_onet_30_1|src_v2_role_graph_seed_2026_03","0.5240","seeded_from_onet_task_inventory"
"occ_43_6014_00","task_occ_43_6014_00_20289","20289","Train and assist staff with computer usage.","cluster_execution_routine","Core","0.0063","0.4058","0.2366","supporting","0.2855","src_onet_30_1|src_v2_role_graph_seed_2026_03","0.5640","seeded_from_onet_task_inventory"
"occ_43_6014_00","task_occ_43_6014_00_20290","20290","Prepare conference or event materials, such as flyers or invitations.","cluster_execution_routine","Core","0.0061","0.3934","0.2294","supporting","0.2855","src_onet_30_1|src_v2_role_graph_seed_2026_03","0.5640","seeded_from_onet_task_inventory"
"occ_43_6014_00","task_occ_43_6014_00_2790","2790","Answer telephones and give information to callers, take messages, or transfer calls to appropriate individuals.","cluster_execution_routine","Core","0.0442","0.7146","0.4157","core","0.2855","src_onet_30_1|src_v2_role_graph_seed_2026_03","0.5640","seeded_from_onet_task_inventory"
"occ_43_6014_00","task_occ_43_6014_00_2791","2791","Greet visitors or callers and handle their inquiries or direct them to the appropriate persons according to their needs.","cluster_execution_routine","Core","0.0442","0.7146","0.4157","core","0.2855","src_onet_30_1|src_v2_role_graph_seed_2026_03","0.5640","seeded_from_onet_task_inventory"
"occ_43_6014_00","task_occ_43_6014_00_2793","2793","Locate and attach appropriate files to incoming correspondence requiring replies.","cluster_execution_routine","Core","0.0362","0.6216","0.3617","supporting","0.2855","src_onet_30_1|src_v2_role_graph_seed_2026_03","0.5640","seeded_from_onet_task_inventory"
"occ_43_6014_00","task_occ_43_6014_00_2794","2794","Open, read, route, and distribute incoming mail or other materials and answer routine letters.","cluster_execution_routine","Core","0.0357","0.6154","0.3581","supporting","0.2855","src_onet_30_1|src_v2_role_graph_seed_2026_03","0.5640","seeded_from_onet_task_inventory"
"occ_43_6014_00","task_occ_43_6014_00_2795","2795","Complete forms in accordance with company procedures.","cluster_execution_routine","Core","0.0367","0.6278","0.3653","supporting","0.2855","src_onet_30_1|src_v2_role_graph_seed_2026_03","0.5640","seeded_from_onet_task_inventory"
"occ_43_6014_00","task_occ_43_6014_00_2796","2796","Make copies of correspondence or other printed material.","cluster_execution_routine","Core","0.0357","0.6154","0.3581","supporting","0.2855","src_onet_30_1|src_v2_role_graph_seed_2026_03","0.5640","seeded_from_onet_task_inventory"
"occ_43_6014_00","task_occ_43_6014_00_2797","2797","Review work done by others to check for correct spelling and grammar, ensure that company format policies are followed, and recommend revisions.","cluster_execution_routine","Core","0.0160","0.5274","0.3071","supporting","0.2855","src_onet_30_1|src_v2_role_graph_seed_2026_03","0.5640","seeded_from_onet_task_inventory"
"occ_43_6014_00","task_occ_43_6014_00_2799","2799","Learn to operate new office technologies as they are developed and implemented.","cluster_execution_routine","Core","0.0066","0.4244","0.2474","supporting","0.2855","src_onet_30_1|src_v2_role_graph_seed_2026_03","0.5640","seeded_from_onet_task_inventory"
"occ_43_6014_00","task_occ_43_6014_00_2800","2800","Maintain scheduling and event calendars.","cluster_execution_routine","Core","0.0378","0.6402","0.3725","supporting","0.2855","src_onet_30_1|src_v2_role_graph_seed_2026_03","0.5640","seeded_from_onet_task_inventory"
"occ_43_6014_00","task_occ_43_6014_00_2801","2801","Schedule and confirm appointments for clients, customers, or supervisors.","cluster_execution_routine","Core","0.0388","0.6526","0.3797","supporting","0.2855","src_onet_30_1|src_v2_role_graph_seed_2026_03","0.5640","seeded_from_onet_task_inventory"
"occ_43_6014_00","task_occ_43_6014_00_2802","2802","Manage projects or contribute to committee or team work.","cluster_execution_routine","Supplemental","0.0123","0.3352","0.1956","optional","0.2855","src_onet_30_1|src_v2_role_graph_seed_2026_03","0.5240","seeded_from_onet_task_inventory"
"occ_43_6014_00","task_occ_43_6014_00_2803","2803","Mail newsletters, promotional material, or other information.","cluster_execution_routine","Supplemental","0.0064","0.2564","0.1499","optional","0.2855","src_onet_30_1|src_v2_role_graph_seed_2026_03","0.5240","seeded_from_onet_task_inventory"
"occ_43_6014_00","task_occ_43_6014_00_2804","2804","Order and dispense supplies.","cluster_execution_routine","Core","0.0062","0.3996","0.2330","supporting","0.2855","src_onet_30_1|src_v2_role_graph_seed_2026_03","0.5640","seeded_from_onet_task_inventory"
"occ_43_6014_00","task_occ_43_6014_00_2805","2805","Conduct searches to find needed information, using such sources as the Internet.","cluster_execution_routine","Core","0.0357","0.6154","0.3581","supporting","0.2855","src_onet_30_1|src_v2_role_graph_seed_2026_03","0.5640","seeded_from_onet_task_inventory"
"occ_43_6014_00","task_occ_43_6014_00_2806","2806","Provide services to customers, such as order placement or account information.","cluster_execution_routine","Supplemental","0.0367","0.4578","0.2667","supporting","0.2855","src_onet_30_1|src_v2_role_graph_seed_2026_03","0.5240","seeded_from_onet_task_inventory"
"occ_43_6014_00","task_occ_43_6014_00_2808","2808","Prepare and mail checks.","cluster_execution_routine","Supplemental","0.0072","0.2916","0.1703","optional","0.2855","src_onet_30_1|src_v2_role_graph_seed_2026_03","0.5240","seeded_from_onet_task_inventory"
"occ_43_6014_00","task_occ_43_6014_00_2809","2809","Establish work procedures or schedules and keep track of the daily work of clerical staff.","cluster_execution_routine","Supplemental","0.0132","0.3554","0.2073","optional","0.2855","src_onet_30_1|src_v2_role_graph_seed_2026_03","0.5240","seeded_from_onet_task_inventory"
"occ_43_6014_00","task_occ_43_6014_00_2812","2812","Arrange conference, meeting, or travel reservations for office personnel.","cluster_execution_routine","Supplemental","0.0163","0.3636","0.2121","optional","0.2855","src_onet_30_1|src_v2_role_graph_seed_2026_03","0.5240","seeded_from_onet_task_inventory"
"occ_43_6014_00","task_occ_43_6014_00_2813","2813","Operate electronic mail systems and coordinate the flow of information, internally or with other organizations.","cluster_execution_routine","Core","0.0394","0.6588","0.3833","supporting","0.2855","src_onet_30_1|src_v2_role_graph_seed_2026_03","0.5640","seeded_from_onet_task_inventory"
"occ_43_6014_00","task_occ_43_6014_00_2814","2814","Supervise other clerical staff and provide training and orientation to new staff.","cluster_execution_routine","Supplemental","0.0071","0.2854","0.1667","optional","0.2855","src_onet_30_1|src_v2_role_graph_seed_2026_03","0.5240","seeded_from_onet_task_inventory"
"occ_43_6014_00","task_occ_43_6014_00_jd_adm_01","jd_adm_01","Manage calendars, meetings, travel, and expense reporting for supported leaders while keeping routine administrative work moving.","cluster_coordination","Core","0.0288","0.8940","0.8215","core","0.5650","src_manual_job_description_review_2026_03|src_v2_role_graph_seed_2026_03","0.7800","seeded_from_job_description_expansion"
"occ_43_6014_00","task_occ_43_6014_00_jd_adm_02","jd_adm_02","Prepare correspondence, agendas, presentations, and meeting materials and keep confidential administrative records organized.","cluster_documentation","Core","0.0255","0.6820","0.5754","supporting","0.0920","src_manual_job_description_review_2026_03|src_v2_role_graph_seed_2026_03","0.7590","seeded_from_job_description_expansion"
"occ_43_6014_00","task_occ_43_6014_00_jd_adm_03","jd_adm_03","Track follow-ups, deadlines, and internal workflow requests across teams so managers and staff stay aligned on routine operations.","cluster_coordination","Core","0.0241","0.8564","0.7997","core","0.5650","src_manual_job_description_review_2026_03|src_v2_role_graph_seed_2026_03","0.7800","seeded_from_job_description_expansion"
"occ_43_6014_00","task_occ_43_6014_00_jd_adm_04","jd_adm_04","Handle minutes, confidential records, service requests, and other recurring support tasks with discretion and procedural consistency.","cluster_qa_review","Core","0.0232","0.7732","0.6377","core","0.6060","src_manual_job_description_review_2026_03|src_v2_role_graph_seed_2026_03","0.7590","seeded_from_job_description_expansion"
"occ_43_6014_00","task_occ_43_6014_00_jd_adm2_01","jd_adm2_01","Run inbox, expense, travel-booking, and request-routing workflows so recurring administrative work stays current without constant manager intervention.","cluster_workflow_admin","Core","0.0288","0.6840","0.5479","supporting","0.0910","src_manual_job_description_review_2026_03|src_v2_role_graph_seed_2026_03","0.6645","seeded_from_job_description_expansion"
"occ_43_6014_00","task_occ_43_6014_00_jd_adm2_02","jd_adm2_02","Handle visitors, callers, vendors, and internal stakeholders when scheduling, routing, or administrative requests need immediate clarification.","cluster_client_interaction","Core","0.0236","0.8548","0.9196","core","0.0140","src_manual_job_description_review_2026_03|src_v2_role_graph_seed_2026_03","0.5945","seeded_from_job_description_expansion"
"occ_43_6014_00","task_occ_43_6014_00_jd_adm2_03","jd_adm2_03","Prepare manager-ready summaries, priority lists, and meeting context so leaders can act quickly on routine administrative decisions.","cluster_decision_support","Core","0.0210","0.8544","0.8566","core","0.3175","src_manual_job_description_review_2026_03|src_v2_role_graph_seed_2026_03","0.7065","seeded_from_job_description_expansion"
"occ_43_6014_00","task_occ_43_6014_00_jd_adm2_04","jd_adm2_04","Review recurring requests, scheduling conflicts, and support bottlenecks to identify where office processes need cleanup before they become escalations.","cluster_analysis","Core","0.0203","0.7512","0.7067","core","0.3175","src_manual_job_description_review_2026_03|src_v2_role_graph_seed_2026_03","0.7065","seeded_from_job_description_expansion"
"occ_43_9041_00","task_occ_43_9041_00_23313","23313","Prepare insurance claim forms or related documents, and review them for completeness.","cluster_execution_routine","Core","0.0466","0.7828","0.4370","core","0.3030","src_onet_30_1|src_v2_role_graph_seed_2026_03","0.5640","seeded_from_onet_task_inventory"
"occ_43_9041_00","task_occ_43_9041_00_23314","23314","Calculate amount of claim.","cluster_execution_routine","Core","0.0451","0.7642","0.4262","core","0.3030","src_onet_30_1|src_v2_role_graph_seed_2026_03","0.5640","seeded_from_onet_task_inventory"
"occ_43_9041_00","task_occ_43_9041_00_23315","23315","Post or attach information to claim file.","cluster_execution_routine","Core","0.0451","0.7642","0.4262","core","0.3030","src_onet_30_1|src_v2_role_graph_seed_2026_03","0.5640","seeded_from_onet_task_inventory"
"occ_43_9041_00","task_occ_43_9041_00_23316","23316","Transmit claims for payment or further investigation.","cluster_execution_routine","Core","0.0446","0.7580","0.4226","core","0.3030","src_onet_30_1|src_v2_role_graph_seed_2026_03","0.5640","seeded_from_onet_task_inventory"
"occ_43_9041_00","task_occ_43_9041_00_23317","23317","Contact insured or other involved persons to obtain missing information.","cluster_execution_routine","Core","0.0431","0.7394","0.4119","core","0.3030","src_onet_30_1|src_v2_role_graph_seed_2026_03","0.5640","seeded_from_onet_task_inventory"
"occ_43_9041_00","task_occ_43_9041_00_23318","23318","Review insurance policy to determine coverage.","cluster_execution_routine","Core","0.0426","0.7332","0.4083","core","0.3030","src_onet_30_1|src_v2_role_graph_seed_2026_03","0.5640","seeded_from_onet_task_inventory"
"occ_43_9041_00","task_occ_43_9041_00_23319","23319","Process and record new insurance policies and claims.","cluster_execution_routine","Core","0.0426","0.7332","0.4083","core","0.3030","src_onet_30_1|src_v2_role_graph_seed_2026_03","0.5640","seeded_from_onet_task_inventory"
"occ_43_9041_00","task_occ_43_9041_00_23320","23320","Organize or work with detailed office or warehouse records, using computers to enter, access, search or retrieve data.","cluster_execution_routine","Core","0.0421","0.7270","0.4047","core","0.3030","src_onet_30_1|src_v2_role_graph_seed_2026_03","0.5640","seeded_from_onet_task_inventory"
"occ_43_9041_00","task_occ_43_9041_00_23321","23321","Provide customer service, such as limited instructions on proceeding with claims or referrals to auto repair facilities or local contractors.","cluster_execution_routine","Core","0.0416","0.7208","0.4011","core","0.3030","src_onet_30_1|src_v2_role_graph_seed_2026_03","0.5640","seeded_from_onet_task_inventory"
"occ_43_9041_00","task_occ_43_9041_00_23322","23322","Correspond with insured or agent to obtain information or to inform them of account status or changes.","cluster_execution_routine","Core","0.0406","0.7084","0.3939","core","0.3030","src_onet_30_1|src_v2_role_graph_seed_2026_03","0.5640","seeded_from_onet_task_inventory"
"occ_43_9041_00","task_occ_43_9041_00_23323","23323","Review and verify data, such as age, name, address, and principal sum and value of property, on insurance applications and policies.","cluster_execution_routine","Core","0.0397","0.6960","0.3867","supporting","0.3030","src_onet_30_1|src_v2_role_graph_seed_2026_03","0.5640","seeded_from_onet_task_inventory"
"occ_43_9041_00","task_occ_43_9041_00_23324","23324","Compare information from application to criteria for policy reinstatement, and approve reinstatement when criteria are met.","cluster_execution_routine","Core","0.0364","0.6786","0.3766","supporting","0.3030","src_onet_30_1|src_v2_role_graph_seed_2026_03","0.5640","seeded_from_onet_task_inventory"
"occ_43_9041_00","task_occ_43_9041_00_23325","23325","Examine letters from policyholders or agents, original insurance applications, and other company documents to determine if changes are needed and effects of changes.","cluster_execution_routine","Core","0.0387","0.6836","0.3795","supporting","0.3030","src_onet_30_1|src_v2_role_graph_seed_2026_03","0.5640","seeded_from_onet_task_inventory"
"occ_43_9041_00","task_occ_43_9041_00_23326","23326","Transcribe data to worksheets, and enter data into computer for use in preparing documents and adjusting accounts.","cluster_execution_routine","Core","0.0382","0.6774","0.3759","supporting","0.3030","src_onet_30_1|src_v2_role_graph_seed_2026_03","0.5640","seeded_from_onet_task_inventory"
"occ_43_9041_00","task_occ_43_9041_00_23327","23327","Notify insurance agent and accounting department of policy cancellation.","cluster_execution_routine","Core","0.0065","0.4636","0.2519","supporting","0.3030","src_onet_30_1|src_v2_role_graph_seed_2026_03","0.5640","seeded_from_onet_task_inventory"
"occ_43_9041_00","task_occ_43_9041_00_23328","23328","Pay small claims.","cluster_execution_routine","Supplemental","0.0456","0.6004","0.3312","supporting","0.3030","src_onet_30_1|src_v2_role_graph_seed_2026_03","0.5240","seeded_from_onet_task_inventory"
"occ_43_9041_00","task_occ_43_9041_00_23329","23329","Process, prepare, and submit business or government forms, such as submitting applications for coverage to insurance carriers.","cluster_execution_routine","Supplemental","0.0426","0.5632","0.3097","supporting","0.3030","src_onet_30_1|src_v2_role_graph_seed_2026_03","0.5240","seeded_from_onet_task_inventory"
"occ_43_9041_00","task_occ_43_9041_00_23330","23330","Collect initial premiums and issue receipts.","cluster_execution_routine","Supplemental","0.0377","0.5012","0.2737","supporting","0.3030","src_onet_30_1|src_v2_role_graph_seed_2026_03","0.5240","seeded_from_onet_task_inventory"
"occ_43_9041_00","task_occ_43_9041_00_23332","23332","Interview clients and take their calls to provide customer service and obtain information on claims.","cluster_execution_routine","Supplemental","0.0134","0.3818","0.2044","optional","0.3030","src_onet_30_1|src_v2_role_graph_seed_2026_03","0.5240","seeded_from_onet_task_inventory"
"occ_43_9041_00","task_occ_43_9041_00_23333","23333","Obtain computer printout of policy cancellations, or retrieve cancellation cards from file.","cluster_execution_routine","Supplemental","0.0068","0.3138","0.1650","optional","0.3030","src_onet_30_1|src_v2_role_graph_seed_2026_03","0.5240","seeded_from_onet_task_inventory"
"occ_43_9041_00","task_occ_43_9041_00_23334","23334","Compose business correspondence for supervisors, managers, and professionals.","cluster_execution_routine","Supplemental","0.0066","0.2854","0.1485","optional","0.3030","src_onet_30_1|src_v2_role_graph_seed_2026_03","0.5240","seeded_from_onet_task_inventory"
"occ_43_9041_00","task_occ_43_9041_00_23336","23336","Calculate premiums, refunds, commissions, adjustments, or new reserve requirements, using insurance rate standards.","cluster_execution_routine","n/a","0.0149","0.3720","0.1988","optional","0.3030","src_onet_30_1|src_v2_role_graph_seed_2026_03","0.5240","seeded_from_onet_task_inventory"
"occ_43_9041_00","task_occ_43_9041_00_23337","23337","Enter insurance- and claims-related information into database systems.","cluster_execution_routine","n/a","0.0149","0.3720","0.1988","optional","0.3030","src_onet_30_1|src_v2_role_graph_seed_2026_03","0.5240","seeded_from_onet_task_inventory"
"occ_43_9041_00","task_occ_43_9041_00_23338","23338","Modify, update, or process existing policies and claims to reflect any change in beneficiary, amount of coverage, or type of insurance.","cluster_execution_routine","n/a","0.0149","0.3720","0.1988","optional","0.3030","src_onet_30_1|src_v2_role_graph_seed_2026_03","0.5240","seeded_from_onet_task_inventory"
"occ_43_9041_00","task_occ_43_9041_00_23339","23339","Organize or work with detailed office or warehouse records, maintaining files for each policyholder, including policies that are to be reinstated or cancelled.","cluster_execution_routine","n/a","0.0149","0.3720","0.1988","optional","0.3030","src_onet_30_1|src_v2_role_graph_seed_2026_03","0.5240","seeded_from_onet_task_inventory"
"occ_43_9041_00","task_occ_43_9041_00_jd_cpc_01","jd_cpc_01","Process claim intake, adjudication steps, and payment workflow tasks accurately while meeting daily and weekly throughput targets.","cluster_workflow_admin","Core","0.0291","0.7028","0.4794","core","0.5615","src_manual_job_description_review_2026_03|src_v2_role_graph_seed_2026_03","0.7765","seeded_from_job_description_expansion"
"occ_43_9041_00","task_occ_43_9041_00_jd_cpc_02","jd_cpc_02","Review claim documents, verify completeness, and apply policy or processing rules before cases advance to payment or exception handling.","cluster_qa_review","Core","0.0268","0.8140","0.7669","core","0.0175","src_manual_job_description_review_2026_03|src_v2_role_graph_seed_2026_03","0.5945","seeded_from_job_description_expansion"
"occ_43_9041_00","task_occ_43_9041_00_jd_cpc_03","jd_cpc_03","Coordinate with claims examiners and related teams by routing emails, tasks, requests, and follow-ups through the claims workflow.","cluster_coordination","Core","0.0240","0.8628","0.8346","core","0.5505","src_manual_job_description_review_2026_03|src_v2_role_graph_seed_2026_03","0.7800","seeded_from_job_description_expansion"
"occ_43_9041_00","task_occ_43_9041_00_jd_cpc_04","jd_cpc_04","Maintain claim files, status notes, beneficiary records, and payment-support documentation so cases remain traceable and compliant.","cluster_documentation","Core","0.0254","0.6884","0.4149","supporting","0.2820","src_manual_job_description_review_2026_03|src_v2_role_graph_seed_2026_03","0.8255","seeded_from_job_description_expansion"
"occ_43_9041_00","task_occ_43_9041_00_jd_cpc2_01","jd_cpc2_01","Review backlog patterns, denial reasons, and repeat processing errors to identify where the claims queue is getting stuck or misrouted.","cluster_analysis","Core","0.0255","0.8292","0.7519","core","0.3175","src_manual_job_description_review_2026_03|src_v2_role_graph_seed_2026_03","0.7065","seeded_from_job_description_expansion"
"occ_43_9041_00","task_occ_43_9041_00_jd_cpc2_02","jd_cpc2_02","Explain missing-document requests, claim status, and next processing steps to beneficiaries or internal partners when cases need clarification.","cluster_client_interaction","Core","0.0196","0.8052","0.7694","core","0.2525","src_manual_job_description_review_2026_03|src_v2_role_graph_seed_2026_03","0.8080","seeded_from_job_description_expansion"
"occ_43_9041_00","task_occ_43_9041_00_jd_cpc2_03","jd_cpc2_03","Gather missing records, reconcile discrepancies, and assemble the support needed for exceptions before they are handed to senior claims staff.","cluster_research_synthesis","Core","0.0227","0.7780","0.7322","core","0.3175","src_manual_job_description_review_2026_03|src_v2_role_graph_seed_2026_03","0.7065","seeded_from_job_description_expansion"
"occ_43_9041_00","task_occ_43_9041_00_jd_cpc2_04","jd_cpc2_04","Flag claim exceptions and summarize the likely next handling path so more complex issues reach the right examiner quickly.","cluster_decision_support","Core","0.0208","0.8700","0.8636","core","0.5705","src_manual_job_description_review_2026_03|src_v2_role_graph_seed_2026_03","0.7520","seeded_from_job_description_expansion"
"occ_43_9061_00","task_occ_43_9061_00_825","825","Collect, count, and disburse money, do basic bookkeeping, and complete banking transactions.","cluster_execution_routine","Supplemental","0.0482","0.5136","0.3081","supporting","0.5610","src_onet_30_1|src_v2_role_graph_seed_2026_03","0.4680","seeded_from_onet_task_inventory"
"occ_43_9061_00","task_occ_43_9061_00_826","826","Communicate with customers, employees, and other individuals to answer questions, disseminate or explain information, take orders, and address complaints.","cluster_execution_routine","Core","0.0507","0.7084","0.4211","core","0.5610","src_onet_30_1|src_v2_role_graph_seed_2026_03","0.5080","seeded_from_onet_task_inventory"
"occ_43_9061_00","task_occ_43_9061_00_827","827","Answer telephones, direct calls, and take messages.","cluster_execution_routine","Core","0.0513","0.7146","0.4247","core","0.5610","src_onet_30_1|src_v2_role_graph_seed_2026_03","0.5080","seeded_from_onet_task_inventory"
"occ_43_9061_00","task_occ_43_9061_00_828","828","Compile, copy, sort, and file records of office activities, business transactions, and other activities.","cluster_execution_routine","Core","0.0464","0.6650","0.3959","supporting","0.5610","src_onet_30_1|src_v2_role_graph_seed_2026_03","0.5080","seeded_from_onet_task_inventory"
"occ_43_9061_00","task_occ_43_9061_00_829","829","Complete and mail bills, contracts, policies, invoices, or checks.","cluster_execution_routine","Supplemental","0.0367","0.4752","0.2858","supporting","0.5610","src_onet_30_1|src_v2_role_graph_seed_2026_03","0.4680","seeded_from_onet_task_inventory"
"occ_43_9061_00","task_occ_43_9061_00_830","830","Operate office machines, such as photocopiers and scanners, facsimile machines, voice mail systems, and personal computers.","cluster_execution_routine","Core","0.0550","0.7518","0.4462","core","0.5610","src_onet_30_1|src_v2_role_graph_seed_2026_03","0.5080","seeded_from_onet_task_inventory"
"occ_43_9061_00","task_occ_43_9061_00_831","831","Compute, record, and proofread data and other information, such as records or reports.","cluster_execution_routine","Core","0.0427","0.6278","0.3743","supporting","0.5610","src_onet_30_1|src_v2_role_graph_seed_2026_03","0.5080","seeded_from_onet_task_inventory"
"occ_43_9061_00","task_occ_43_9061_00_832","832","Maintain and update filing, inventory, mailing, and database systems, either manually or using a computer.","cluster_execution_routine","Core","0.0470","0.6712","0.3995","supporting","0.5610","src_onet_30_1|src_v2_role_graph_seed_2026_03","0.5080","seeded_from_onet_task_inventory"
"occ_43_9061_00","task_occ_43_9061_00_833","833","Open, sort, and route incoming mail, answer correspondence, and prepare outgoing mail.","cluster_execution_routine","Core","0.0451","0.6526","0.3887","supporting","0.5610","src_onet_30_1|src_v2_role_graph_seed_2026_03","0.5080","seeded_from_onet_task_inventory"
"occ_43_9061_00","task_occ_43_9061_00_834","834","Review files, records, and other documents to obtain information to respond to requests.","cluster_execution_routine","Core","0.0451","0.6526","0.3887","supporting","0.5610","src_onet_30_1|src_v2_role_graph_seed_2026_03","0.5080","seeded_from_onet_task_inventory"
"occ_43_9061_00","task_occ_43_9061_00_835","835","Deliver messages and run errands.","cluster_execution_routine","Core","0.0383","0.5844","0.3492","supporting","0.5610","src_onet_30_1|src_v2_role_graph_seed_2026_03","0.5080","seeded_from_onet_task_inventory"
"occ_43_9061_00","task_occ_43_9061_00_836","836","Inventory and order materials, supplies, and services.","cluster_execution_routine","Core","0.0077","0.4244","0.2564","supporting","0.5610","src_onet_30_1|src_v2_role_graph_seed_2026_03","0.5080","seeded_from_onet_task_inventory"
"occ_43_9061_00","task_occ_43_9061_00_837","837","Complete work schedules, manage calendars, and arrange appointments.","cluster_execution_routine","Core","0.0420","0.6216","0.3707","supporting","0.5610","src_onet_30_1|src_v2_role_graph_seed_2026_03","0.5080","seeded_from_onet_task_inventory"
"occ_43_9061_00","task_occ_43_9061_00_838","838","Process and prepare documents, such as business or government forms and expense reports.","cluster_execution_routine","Supplemental","0.0433","0.4640","0.2793","supporting","0.5610","src_onet_30_1|src_v2_role_graph_seed_2026_03","0.4680","seeded_from_onet_task_inventory"
"occ_43_9061_00","task_occ_43_9061_00_839","839","Monitor and direct the work of lower-level clerks.","cluster_execution_routine","Supplemental","0.0414","0.4454","0.2685","supporting","0.5610","src_onet_30_1|src_v2_role_graph_seed_2026_03","0.4680","seeded_from_onet_task_inventory"
"occ_43_9061_00","task_occ_43_9061_00_840","840","Type, format, proofread, and edit correspondence and other documents, from notes or dictating machines, using computers or typewriters.","cluster_execution_routine","Core","0.0396","0.5968","0.3563","supporting","0.5610","src_onet_30_1|src_v2_role_graph_seed_2026_03","0.5080","seeded_from_onet_task_inventory"
"occ_43_9061_00","task_occ_43_9061_00_841","841","Count, weigh, measure, or organize materials.","cluster_execution_routine","Supplemental","0.0346","0.3772","0.2290","optional","0.5610","src_onet_30_1|src_v2_role_graph_seed_2026_03","0.4680","seeded_from_onet_task_inventory"
"occ_43_9061_00","task_occ_43_9061_00_842","842","Train other staff members to perform work activities, such as using computer applications.","cluster_execution_routine","Supplemental","0.0148","0.2906","0.1787","optional","0.5610","src_onet_30_1|src_v2_role_graph_seed_2026_03","0.4680","seeded_from_onet_task_inventory"
"occ_43_9061_00","task_occ_43_9061_00_843","843","Prepare meeting agendas, attend meetings, and record and transcribe minutes.","cluster_execution_routine","Supplemental","0.0205","0.3546","0.2159","optional","0.5610","src_onet_30_1|src_v2_role_graph_seed_2026_03","0.4680","seeded_from_onet_task_inventory"
"occ_43_9061_00","task_occ_43_9061_00_844","844","Troubleshoot problems involving office equipment, such as computer hardware and software.","cluster_execution_routine","Supplemental","0.0061","0.1866","0.1184","optional","0.5610","src_onet_30_1|src_v2_role_graph_seed_2026_03","0.4680","seeded_from_onet_task_inventory"
"occ_43_9061_00","task_occ_43_9061_00_jd_oc_01","jd_oc_01","Manage front-desk flow, greet visitors, route calls or messages, and maintain a professional first point of contact for the office.","cluster_client_interaction","Core","0.0355","0.9204","0.9606","core","0.0000","src_manual_job_description_review_2026_03|src_v2_role_graph_seed_2026_03","0.5875","seeded_from_job_description_expansion"
"occ_43_9061_00","task_occ_43_9061_00_jd_oc_02","jd_oc_02","Coordinate office vendors, facilities issues, supply requests, and day-to-day workplace operations so routine needs are handled quickly.","cluster_coordination","Core","0.0326","0.8816","0.8143","core","0.5650","src_manual_job_description_review_2026_03|src_v2_role_graph_seed_2026_03","0.7800","seeded_from_job_description_expansion"
"occ_43_9061_00","task_occ_43_9061_00_jd_oc_03","jd_oc_03","Support onboarding, office events, internal announcements, and other routine logistics that keep shared office workflows running.","cluster_coordination","Core","0.0299","0.8628","0.8034","core","0.5650","src_manual_job_description_review_2026_03|src_v2_role_graph_seed_2026_03","0.7800","seeded_from_job_description_expansion"
"occ_43_9061_00","task_occ_43_9061_00_jd_oc_04","jd_oc_04","Maintain routine records, reports, time-and-attendance support, and general clerical requests across office teams.","cluster_documentation","Core","0.0328","0.6824","0.5746","supporting","0.0455","src_manual_job_description_review_2026_03|src_v2_role_graph_seed_2026_03","0.6190","seeded_from_job_description_expansion"
"occ_43_9061_00","task_occ_43_9061_00_jd_oc2_01","jd_oc2_01","Receive, sort, and route incoming forms, mail, records requests, and internal tickets to the correct department or owner.","cluster_workflow_admin","Core","0.0326","0.6716","0.5251","supporting","0.4030","src_manual_job_description_review_2026_03|src_v2_role_graph_seed_2026_03","0.8080","seeded_from_job_description_expansion"
"occ_43_9061_00","task_occ_43_9061_00_jd_oc2_02","jd_oc2_02","Check completed forms, data entries, and routine paperwork for completeness before records are filed or requests move forward.","cluster_qa_review","Core","0.0280","0.7764","0.6395","core","0.6060","src_manual_job_description_review_2026_03|src_v2_role_graph_seed_2026_03","0.7590","seeded_from_job_description_expansion"
"occ_43_9061_00","task_occ_43_9061_00_jd_oc2_03","jd_oc2_03","Track recurring deadlines, supply budgets, and simple office reports so managers can see status and act on exceptions.","cluster_decision_support","Core","0.0238","0.8820","0.8726","core","0.3175","src_manual_job_description_review_2026_03|src_v2_role_graph_seed_2026_03","0.7065","seeded_from_job_description_expansion"
"occ_43_9061_00","task_occ_43_9061_00_jd_oc2_04","jd_oc2_04","Escalate facilities, access, equipment, or staffing issues to the right partner and follow them through to resolution.","cluster_coordination","Core","0.0282","0.8472","0.7944","core","0.5650","src_manual_job_description_review_2026_03|src_v2_role_graph_seed_2026_03","0.7800","seeded_from_job_description_expansion"
"occ_43_9111_00","task_occ_43_9111_00_9788","9788","Compute and analyze data, using statistical formulas and computers or calculators.","cluster_execution_routine","Core","0.0643","0.7456","0.5882","core","0.0020","src_onet_30_1|src_v2_role_graph_seed_2026_03","0.3085","seeded_from_onet_task_inventory"
"occ_43_9111_00","task_occ_43_9111_00_9789","9789","Enter data into computers for use in analyses or reports.","cluster_execution_routine","Core","0.0614","0.7208","0.5739","core","0.0020","src_onet_30_1|src_v2_role_graph_seed_2026_03","0.3085","seeded_from_onet_task_inventory"
"occ_43_9111_00","task_occ_43_9111_00_9790","9790","Compile statistics from source materials, such as production or sales records, quality-control or test records, time sheets, or survey sheets.","cluster_execution_routine","Core","0.0444","0.6438","0.5292","supporting","0.0020","src_onet_30_1|src_v2_role_graph_seed_2026_03","0.3085","seeded_from_onet_task_inventory"
"occ_43_9111_00","task_occ_43_9111_00_9791","9791","Compile reports, charts, or graphs that describe and interpret findings of analyses.","cluster_execution_routine","Core","0.0614","0.7208","0.5739","core","0.0020","src_onet_30_1|src_v2_role_graph_seed_2026_03","0.3085","seeded_from_onet_task_inventory"
"occ_43_9111_00","task_occ_43_9111_00_9792","9792","Check source data to verify completeness and accuracy.","cluster_execution_routine","Core","0.0621","0.7270","0.5775","core","0.0020","src_onet_30_1|src_v2_role_graph_seed_2026_03","0.3085","seeded_from_onet_task_inventory"
"occ_43_9111_00","task_occ_43_9111_00_9793","9793","Participate in the publication of data or information.","cluster_execution_routine","Core","0.0118","0.5422","0.4703","supporting","0.0020","src_onet_30_1|src_v2_role_graph_seed_2026_03","0.3085","seeded_from_onet_task_inventory"
"occ_43_9111_00","task_occ_43_9111_00_9794","9794","Discuss data presentation requirements with clients.","cluster_execution_routine","Supplemental","0.0519","0.4702","0.4285","supporting","0.0020","src_onet_30_1|src_v2_role_graph_seed_2026_03","0.2685","seeded_from_onet_task_inventory"
"occ_43_9111_00","task_occ_43_9111_00_9795","9795","File data and related information, and maintain and update databases.","cluster_execution_routine","Core","0.0243","0.6078","0.5083","supporting","0.0020","src_onet_30_1|src_v2_role_graph_seed_2026_03","0.3085","seeded_from_onet_task_inventory"
"occ_43_9111_00","task_occ_43_9111_00_9796","9796","Select statistical tests for analyzing data.","cluster_execution_routine","Supplemental","0.0117","0.3660","0.3681","optional","0.0020","src_onet_30_1|src_v2_role_graph_seed_2026_03","0.2685","seeded_from_onet_task_inventory"
"occ_43_9111_00","task_occ_43_9111_00_9797","9797","Organize paperwork, such as survey forms or reports, for distribution or analysis.","cluster_execution_routine","Core","0.0432","0.6544","0.5354","supporting","0.0020","src_onet_30_1|src_v2_role_graph_seed_2026_03","0.3085","seeded_from_onet_task_inventory"
"occ_43_9111_00","task_occ_43_9111_00_9798","9798","Code data prior to computer entry, using lists of codes.","cluster_execution_routine","Core","0.0489","0.6566","0.5366","supporting","0.0020","src_onet_30_1|src_v2_role_graph_seed_2026_03","0.3085","seeded_from_onet_task_inventory"
"occ_43_9111_00","task_occ_43_9111_00_9799","9799","Check survey responses for errors, such as the use of pens instead of pencils, and set aside response forms that cannot be used.","cluster_execution_routine","Supplemental","0.0584","0.5260","0.4609","supporting","0.0020","src_onet_30_1|src_v2_role_graph_seed_2026_03","0.2685","seeded_from_onet_task_inventory"
"occ_43_9111_00","task_occ_43_9111_00_9800","9800","Interview people and keep track of their responses.","cluster_execution_routine","Supplemental","0.0606","0.5446","0.4717","supporting","0.0020","src_onet_30_1|src_v2_role_graph_seed_2026_03","0.2685","seeded_from_onet_task_inventory"
"occ_43_9111_00","task_occ_43_9111_00_9801","9801","Send out surveys.","cluster_execution_routine","Supplemental","0.0091","0.2544","0.3034","optional","0.0020","src_onet_30_1|src_v2_role_graph_seed_2026_03","0.2685","seeded_from_onet_task_inventory"
"occ_43_9111_00","task_occ_43_9111_00_jd_st_01","jd_st_01","Collect, clean, organize, and maintain datasets and recurring reporting pipelines that support operational or compliance visibility.","cluster_documentation","Core","0.0383","0.7008","0.5475","core","0.3175","src_manual_job_description_review_2026_03|src_v2_role_graph_seed_2026_03","0.7065","seeded_from_job_description_expansion"
"occ_43_9111_00","task_occ_43_9111_00_jd_st_02","jd_st_02","Build dashboards, KPI reports, and recurring summaries that surface trends and performance signals for operational teams.","cluster_analysis","Core","0.0371","0.8476","0.7698","core","0.2890","src_manual_job_description_review_2026_03|src_v2_role_graph_seed_2026_03","0.8080","seeded_from_job_description_expansion"
"occ_43_9111_00","task_occ_43_9111_00_jd_st_03","jd_st_03","Support workflow tooling, quality checks, and monitoring systems that keep data-driven processes accurate and usable.","cluster_qa_review","Core","0.0351","0.7920","0.6824","core","0.6770","src_manual_job_description_review_2026_03|src_v2_role_graph_seed_2026_03","0.7730","seeded_from_job_description_expansion"
"occ_43_9111_00","task_occ_43_9111_00_jd_st_04","jd_st_04","Partner with analysts and business stakeholders to investigate anomalies, support forecasting, and explain data patterns in decisions.","cluster_decision_support","Core","0.0308","0.9100","0.8894","core","0.6560","src_manual_job_description_review_2026_03|src_v2_role_graph_seed_2026_03","0.7835","seeded_from_job_description_expansion"
"occ_43_9111_00","task_occ_43_9111_00_jd_st2_01","jd_st2_01","Review source data, coding rules, and input quality before records are passed into analysis or compliance reporting workflows.","cluster_qa_review","Core","0.0419","0.8204","0.6988","core","0.6770","src_manual_job_description_review_2026_03|src_v2_role_graph_seed_2026_03","0.7730","seeded_from_job_description_expansion"
"occ_43_9111_00","task_occ_43_9111_00_jd_st2_02","jd_st2_02","Gather context from stakeholders and translate reporting questions into clean definitions, fields, and analysis-ready requests.","cluster_client_interaction","Core","0.0348","0.8336","0.9103","core","0.0055","src_manual_job_description_review_2026_03|src_v2_role_graph_seed_2026_03","0.5875","seeded_from_job_description_expansion"
"occ_43_9111_00","task_occ_43_9111_00_jd_st2_03","jd_st2_03","Prepare recurring report decks, summaries, and written interpretations that help non-analysts use the numbers correctly.","cluster_drafting","Core","0.0389","0.7140","0.5485","core","0.6630","src_manual_job_description_review_2026_03|src_v2_role_graph_seed_2026_03","0.7590","seeded_from_job_description_expansion"
"occ_43_9111_00","task_occ_43_9111_00_jd_st2_04","jd_st2_04","Coordinate handoffs and issue resolution when data questions depend on operational, product, or quality partners to close the loop.","cluster_coordination","Core","0.0348","0.8228","0.8140","core","0.6360","src_manual_job_description_review_2026_03|src_v2_role_graph_seed_2026_03","0.7625","seeded_from_job_description_expansion"
"occ_43_9111_00","task_occ_43_9111_00_manual_sa_01","manual_sa_01","Clean, reconcile, and validate datasets before analysis delivery.","cluster_qa_review","Core","0.0372","0.7784","0.6745","core","0.6770","src_manual_role_graph_review_2026_03","0.7730","seeded_from_manual_task_expansion"
"occ_43_9111_00","task_occ_43_9111_00_manual_sa_02","manual_sa_02","Prepare recurring tables, charts, or statistical reporting packets.","cluster_documentation","Core","0.0327","0.6264","0.5043","supporting","0.3175","src_manual_role_graph_review_2026_03","0.7065","seeded_from_manual_task_expansion"
"occ_43_9111_00","task_occ_43_9111_00_manual_sa_03","manual_sa_03","Check anomalies or missing values with analysts before release.","cluster_coordination","Core","0.0248","0.7816","0.7901","core","0.6360","src_manual_role_graph_review_2026_03","0.7625","seeded_from_manual_task_expansion"
