occupation_id,onet_soc_code,acs_reference_year,acs_release_label,acs_socp_code,acs_query_mode,btos_sector_code,btos_sector_label,sector_rank,sector_weighted_worker_count,sector_share,covered_sector_share,covered_sector_share_normalized,source_mix,notes
occ_11_1021_00,11-1021.00,2024,acs_1yr_pums,111021,exact_socp,72,Accommodation and Food Services,1,211823.000,0.146,0.964,0.152,src_census_acs_2024_1yr_pums_api,acs_api_records=15348|employed_records=13484|query_mode=exact_socp
occ_11_1021_00,11-1021.00,2024,acs_1yr_pums,111021,exact_socp,44,Retail Trade,2,169653.000,0.117,0.964,0.122,src_census_acs_2024_1yr_pums_api,acs_api_records=15348|employed_records=13484|query_mode=exact_socp
occ_11_1021_00,11-1021.00,2024,acs_1yr_pums,111021,exact_socp,31,Manufacturing,3,158299.000,0.109,0.964,0.113,src_census_acs_2024_1yr_pums_api,acs_api_records=15348|employed_records=13484|query_mode=exact_socp
occ_11_1021_00,11-1021.00,2024,acs_1yr_pums,111021,exact_socp,54,"Professional, Scientific, and Technical Services",4,109931.000,0.076,0.964,0.079,src_census_acs_2024_1yr_pums_api,acs_api_records=15348|employed_records=13484|query_mode=exact_socp
occ_11_1021_00,11-1021.00,2024,acs_1yr_pums,111021,exact_socp,48,Transportation and Warehousing,5,85736.000,0.059,0.964,0.061,src_census_acs_2024_1yr_pums_api,acs_api_records=15348|employed_records=13484|query_mode=exact_socp
occ_11_1021_00,11-1021.00,2024,acs_1yr_pums,111021,exact_socp,51,Information,6,85057.000,0.059,0.964,0.061,src_census_acs_2024_1yr_pums_api,acs_api_records=15348|employed_records=13484|query_mode=exact_socp
occ_11_1021_00,11-1021.00,2024,acs_1yr_pums,111021,exact_socp,23,Construction,7,80761.000,0.056,0.964,0.058,src_census_acs_2024_1yr_pums_api,acs_api_records=15348|employed_records=13484|query_mode=exact_socp
occ_11_1021_00,11-1021.00,2024,acs_1yr_pums,111021,exact_socp,56,Administrative and Support and Waste Management Services,8,78299.000,0.054,0.964,0.056,src_census_acs_2024_1yr_pums_api,acs_api_records=15348|employed_records=13484|query_mode=exact_socp
occ_11_1021_00,11-1021.00,2024,acs_1yr_pums,111021,exact_socp,52,Finance and Insurance,9,76145.000,0.053,0.964,0.055,src_census_acs_2024_1yr_pums_api,acs_api_records=15348|employed_records=13484|query_mode=exact_socp
occ_11_1021_00,11-1021.00,2024,acs_1yr_pums,111021,exact_socp,62,Health Care and Social Assistance,10,60728.000,0.042,0.964,0.044,src_census_acs_2024_1yr_pums_api,acs_api_records=15348|employed_records=13484|query_mode=exact_socp
occ_11_1021_00,11-1021.00,2024,acs_1yr_pums,111021,exact_socp,42,Wholesale Trade,11,58185.000,0.040,0.964,0.042,src_census_acs_2024_1yr_pums_api,acs_api_records=15348|employed_records=13484|query_mode=exact_socp
occ_11_1021_00,11-1021.00,2024,acs_1yr_pums,111021,exact_socp,81,Other Services,12,53940.000,0.037,0.964,0.039,src_census_acs_2024_1yr_pums_api,acs_api_records=15348|employed_records=13484|query_mode=exact_socp
occ_11_1021_00,11-1021.00,2024,acs_1yr_pums,111021,exact_socp,71,"Arts, Entertainment, and Recreation",13,49126.000,0.034,0.964,0.035,src_census_acs_2024_1yr_pums_api,acs_api_records=15348|employed_records=13484|query_mode=exact_socp
occ_11_1021_00,11-1021.00,2024,acs_1yr_pums,111021,exact_socp,53,Real Estate and Rental and Leasing,14,35505.000,0.025,0.964,0.025,src_census_acs_2024_1yr_pums_api,acs_api_records=15348|employed_records=13484|query_mode=exact_socp
occ_11_1021_00,11-1021.00,2024,acs_1yr_pums,111021,exact_socp,61,Educational Services,15,34217.000,0.024,0.964,0.025,src_census_acs_2024_1yr_pums_api,acs_api_records=15348|employed_records=13484|query_mode=exact_socp
occ_11_1021_00,11-1021.00,2024,acs_1yr_pums,111021,exact_socp,22,Utilities,16,23546.000,0.016,0.964,0.017,src_census_acs_2024_1yr_pums_api,acs_api_records=15348|employed_records=13484|query_mode=exact_socp
occ_11_1021_00,11-1021.00,2024,acs_1yr_pums,111021,exact_socp,21,"Mining, Quarrying, and Oil and Gas Extraction",17,12343.000,0.009,0.964,0.009,src_census_acs_2024_1yr_pums_api,acs_api_records=15348|employed_records=13484|query_mode=exact_socp
occ_11_1021_00,11-1021.00,2024,acs_1yr_pums,111021,exact_socp,11,"Agriculture, Forestry, Fishing and Hunting",18,8586.000,0.006,0.964,0.006,src_census_acs_2024_1yr_pums_api,acs_api_records=15348|employed_records=13484|query_mode=exact_socp
occ_11_1021_00,11-1021.00,2024,acs_1yr_pums,111021,exact_socp,55,Management of Companies and Enterprises,19,3435.000,0.002,0.964,0.002,src_census_acs_2024_1yr_pums_api,acs_api_records=15348|employed_records=13484|query_mode=exact_socp
occ_11_2021_00,11-2021.00,2024,acs_1yr_pums,112021,exact_socp,54,"Professional, Scientific, and Technical Services",1,199768.000,0.296,0.984,0.301,src_census_acs_2024_1yr_pums_api,acs_api_records=7425|employed_records=6399|query_mode=exact_socp
occ_11_2021_00,11-2021.00,2024,acs_1yr_pums,112021,exact_socp,31,Manufacturing,2,84873.000,0.126,0.984,0.128,src_census_acs_2024_1yr_pums_api,acs_api_records=7425|employed_records=6399|query_mode=exact_socp
occ_11_2021_00,11-2021.00,2024,acs_1yr_pums,112021,exact_socp,44,Retail Trade,3,62378.000,0.093,0.984,0.094,src_census_acs_2024_1yr_pums_api,acs_api_records=7425|employed_records=6399|query_mode=exact_socp
occ_11_2021_00,11-2021.00,2024,acs_1yr_pums,112021,exact_socp,52,Finance and Insurance,4,53177.000,0.079,0.984,0.080,src_census_acs_2024_1yr_pums_api,acs_api_records=7425|employed_records=6399|query_mode=exact_socp
occ_11_2021_00,11-2021.00,2024,acs_1yr_pums,112021,exact_socp,62,Health Care and Social Assistance,5,38937.000,0.058,0.984,0.059,src_census_acs_2024_1yr_pums_api,acs_api_records=7425|employed_records=6399|query_mode=exact_socp
occ_11_2021_00,11-2021.00,2024,acs_1yr_pums,112021,exact_socp,51,Information,6,38066.000,0.056,0.984,0.057,src_census_acs_2024_1yr_pums_api,acs_api_records=7425|employed_records=6399|query_mode=exact_socp
occ_11_2021_00,11-2021.00,2024,acs_1yr_pums,112021,exact_socp,81,Other Services,7,25575.000,0.038,0.984,0.039,src_census_acs_2024_1yr_pums_api,acs_api_records=7425|employed_records=6399|query_mode=exact_socp
occ_11_2021_00,11-2021.00,2024,acs_1yr_pums,112021,exact_socp,56,Administrative and Support and Waste Management Services,8,24148.000,0.036,0.984,0.036,src_census_acs_2024_1yr_pums_api,acs_api_records=7425|employed_records=6399|query_mode=exact_socp
occ_11_2021_00,11-2021.00,2024,acs_1yr_pums,112021,exact_socp,42,Wholesale Trade,9,23984.000,0.036,0.984,0.036,src_census_acs_2024_1yr_pums_api,acs_api_records=7425|employed_records=6399|query_mode=exact_socp
occ_11_2021_00,11-2021.00,2024,acs_1yr_pums,112021,exact_socp,61,Educational Services,10,20252.000,0.030,0.984,0.031,src_census_acs_2024_1yr_pums_api,acs_api_records=7425|employed_records=6399|query_mode=exact_socp
occ_11_2021_00,11-2021.00,2024,acs_1yr_pums,112021,exact_socp,71,"Arts, Entertainment, and Recreation",11,20176.000,0.030,0.984,0.030,src_census_acs_2024_1yr_pums_api,acs_api_records=7425|employed_records=6399|query_mode=exact_socp
occ_11_2021_00,11-2021.00,2024,acs_1yr_pums,112021,exact_socp,72,Accommodation and Food Services,12,19869.000,0.029,0.984,0.030,src_census_acs_2024_1yr_pums_api,acs_api_records=7425|employed_records=6399|query_mode=exact_socp
occ_11_2021_00,11-2021.00,2024,acs_1yr_pums,112021,exact_socp,53,Real Estate and Rental and Leasing,13,15392.000,0.023,0.984,0.023,src_census_acs_2024_1yr_pums_api,acs_api_records=7425|employed_records=6399|query_mode=exact_socp
occ_11_2021_00,11-2021.00,2024,acs_1yr_pums,112021,exact_socp,23,Construction,14,15094.000,0.022,0.984,0.023,src_census_acs_2024_1yr_pums_api,acs_api_records=7425|employed_records=6399|query_mode=exact_socp
occ_11_2021_00,11-2021.00,2024,acs_1yr_pums,112021,exact_socp,48,Transportation and Warehousing,15,8629.000,0.013,0.984,0.013,src_census_acs_2024_1yr_pums_api,acs_api_records=7425|employed_records=6399|query_mode=exact_socp
occ_11_2021_00,11-2021.00,2024,acs_1yr_pums,112021,exact_socp,55,Management of Companies and Enterprises,16,6453.000,0.010,0.984,0.010,src_census_acs_2024_1yr_pums_api,acs_api_records=7425|employed_records=6399|query_mode=exact_socp
occ_11_2021_00,11-2021.00,2024,acs_1yr_pums,112021,exact_socp,22,Utilities,17,4628.000,0.007,0.984,0.007,src_census_acs_2024_1yr_pums_api,acs_api_records=7425|employed_records=6399|query_mode=exact_socp
occ_11_2021_00,11-2021.00,2024,acs_1yr_pums,112021,exact_socp,11,"Agriculture, Forestry, Fishing and Hunting",18,2220.000,0.003,0.984,0.003,src_census_acs_2024_1yr_pums_api,acs_api_records=7425|employed_records=6399|query_mode=exact_socp
occ_11_2021_00,11-2021.00,2024,acs_1yr_pums,112021,exact_socp,21,"Mining, Quarrying, and Oil and Gas Extraction",19,223.000,0.000,0.984,0.000,src_census_acs_2024_1yr_pums_api,acs_api_records=7425|employed_records=6399|query_mode=exact_socp
occ_11_2022_00,11-2022.00,2024,acs_1yr_pums,112022,exact_socp,31,Manufacturing,1,132757.000,0.215,0.990,0.218,src_census_acs_2024_1yr_pums_api,acs_api_records=6734|employed_records=5897|query_mode=exact_socp
occ_11_2022_00,11-2022.00,2024,acs_1yr_pums,112022,exact_socp,54,"Professional, Scientific, and Technical Services",2,98786.000,0.160,0.990,0.162,src_census_acs_2024_1yr_pums_api,acs_api_records=6734|employed_records=5897|query_mode=exact_socp
occ_11_2022_00,11-2022.00,2024,acs_1yr_pums,112022,exact_socp,44,Retail Trade,3,83489.000,0.135,0.990,0.137,src_census_acs_2024_1yr_pums_api,acs_api_records=6734|employed_records=5897|query_mode=exact_socp
occ_11_2022_00,11-2022.00,2024,acs_1yr_pums,112022,exact_socp,72,Accommodation and Food Services,4,40403.000,0.066,0.990,0.066,src_census_acs_2024_1yr_pums_api,acs_api_records=6734|employed_records=5897|query_mode=exact_socp
occ_11_2022_00,11-2022.00,2024,acs_1yr_pums,112022,exact_socp,56,Administrative and Support and Waste Management Services,5,38686.000,0.063,0.990,0.063,src_census_acs_2024_1yr_pums_api,acs_api_records=6734|employed_records=5897|query_mode=exact_socp
occ_11_2022_00,11-2022.00,2024,acs_1yr_pums,112022,exact_socp,51,Information,6,37314.000,0.061,0.990,0.061,src_census_acs_2024_1yr_pums_api,acs_api_records=6734|employed_records=5897|query_mode=exact_socp
occ_11_2022_00,11-2022.00,2024,acs_1yr_pums,112022,exact_socp,23,Construction,7,35803.000,0.058,0.990,0.059,src_census_acs_2024_1yr_pums_api,acs_api_records=6734|employed_records=5897|query_mode=exact_socp
occ_11_2022_00,11-2022.00,2024,acs_1yr_pums,112022,exact_socp,42,Wholesale Trade,8,35518.000,0.058,0.990,0.058,src_census_acs_2024_1yr_pums_api,acs_api_records=6734|employed_records=5897|query_mode=exact_socp
occ_11_2022_00,11-2022.00,2024,acs_1yr_pums,112022,exact_socp,52,Finance and Insurance,9,24906.000,0.040,0.990,0.041,src_census_acs_2024_1yr_pums_api,acs_api_records=6734|employed_records=5897|query_mode=exact_socp
occ_11_2022_00,11-2022.00,2024,acs_1yr_pums,112022,exact_socp,48,Transportation and Warehousing,10,17226.000,0.028,0.990,0.028,src_census_acs_2024_1yr_pums_api,acs_api_records=6734|employed_records=5897|query_mode=exact_socp
occ_11_2022_00,11-2022.00,2024,acs_1yr_pums,112022,exact_socp,62,Health Care and Social Assistance,11,14768.000,0.024,0.990,0.024,src_census_acs_2024_1yr_pums_api,acs_api_records=6734|employed_records=5897|query_mode=exact_socp
occ_11_2022_00,11-2022.00,2024,acs_1yr_pums,112022,exact_socp,71,"Arts, Entertainment, and Recreation",12,13993.000,0.023,0.990,0.023,src_census_acs_2024_1yr_pums_api,acs_api_records=6734|employed_records=5897|query_mode=exact_socp
occ_11_2022_00,11-2022.00,2024,acs_1yr_pums,112022,exact_socp,81,Other Services,13,10262.000,0.017,0.990,0.017,src_census_acs_2024_1yr_pums_api,acs_api_records=6734|employed_records=5897|query_mode=exact_socp
occ_11_2022_00,11-2022.00,2024,acs_1yr_pums,112022,exact_socp,53,Real Estate and Rental and Leasing,14,9331.000,0.015,0.990,0.015,src_census_acs_2024_1yr_pums_api,acs_api_records=6734|employed_records=5897|query_mode=exact_socp
occ_11_2022_00,11-2022.00,2024,acs_1yr_pums,112022,exact_socp,11,"Agriculture, Forestry, Fishing and Hunting",15,3860.000,0.006,0.990,0.006,src_census_acs_2024_1yr_pums_api,acs_api_records=6734|employed_records=5897|query_mode=exact_socp
occ_11_2022_00,11-2022.00,2024,acs_1yr_pums,112022,exact_socp,61,Educational Services,16,3628.000,0.006,0.990,0.006,src_census_acs_2024_1yr_pums_api,acs_api_records=6734|employed_records=5897|query_mode=exact_socp
occ_11_2022_00,11-2022.00,2024,acs_1yr_pums,112022,exact_socp,22,Utilities,17,3626.000,0.006,0.990,0.006,src_census_acs_2024_1yr_pums_api,acs_api_records=6734|employed_records=5897|query_mode=exact_socp
occ_11_2022_00,11-2022.00,2024,acs_1yr_pums,112022,exact_socp,55,Management of Companies and Enterprises,18,3016.000,0.005,0.990,0.005,src_census_acs_2024_1yr_pums_api,acs_api_records=6734|employed_records=5897|query_mode=exact_socp
occ_11_2022_00,11-2022.00,2024,acs_1yr_pums,112022,exact_socp,21,"Mining, Quarrying, and Oil and Gas Extraction",19,2890.000,0.005,0.990,0.005,src_census_acs_2024_1yr_pums_api,acs_api_records=6734|employed_records=5897|query_mode=exact_socp
occ_11_3021_00,11-3021.00,2024,acs_1yr_pums,113021,exact_socp,54,"Professional, Scientific, and Technical Services",1,227433.000,0.337,0.940,0.358,src_census_acs_2024_1yr_pums_api,acs_api_records=7683|employed_records=6753|query_mode=exact_socp
occ_11_3021_00,11-3021.00,2024,acs_1yr_pums,113021,exact_socp,31,Manufacturing,2,75236.000,0.111,0.940,0.118,src_census_acs_2024_1yr_pums_api,acs_api_records=7683|employed_records=6753|query_mode=exact_socp
occ_11_3021_00,11-3021.00,2024,acs_1yr_pums,113021,exact_socp,52,Finance and Insurance,3,66864.000,0.099,0.940,0.105,src_census_acs_2024_1yr_pums_api,acs_api_records=7683|employed_records=6753|query_mode=exact_socp
occ_11_3021_00,11-3021.00,2024,acs_1yr_pums,113021,exact_socp,61,Educational Services,4,51291.000,0.076,0.940,0.081,src_census_acs_2024_1yr_pums_api,acs_api_records=7683|employed_records=6753|query_mode=exact_socp
occ_11_3021_00,11-3021.00,2024,acs_1yr_pums,113021,exact_socp,51,Information,5,48875.000,0.072,0.940,0.077,src_census_acs_2024_1yr_pums_api,acs_api_records=7683|employed_records=6753|query_mode=exact_socp
occ_11_3021_00,11-3021.00,2024,acs_1yr_pums,113021,exact_socp,62,Health Care and Social Assistance,6,42013.000,0.062,0.940,0.066,src_census_acs_2024_1yr_pums_api,acs_api_records=7683|employed_records=6753|query_mode=exact_socp
occ_11_3021_00,11-3021.00,2024,acs_1yr_pums,113021,exact_socp,44,Retail Trade,7,26106.000,0.039,0.940,0.041,src_census_acs_2024_1yr_pums_api,acs_api_records=7683|employed_records=6753|query_mode=exact_socp
occ_11_3021_00,11-3021.00,2024,acs_1yr_pums,113021,exact_socp,56,Administrative and Support and Waste Management Services,8,16666.000,0.025,0.940,0.026,src_census_acs_2024_1yr_pums_api,acs_api_records=7683|employed_records=6753|query_mode=exact_socp
occ_11_3021_00,11-3021.00,2024,acs_1yr_pums,113021,exact_socp,81,Other Services,9,15046.000,0.022,0.940,0.024,src_census_acs_2024_1yr_pums_api,acs_api_records=7683|employed_records=6753|query_mode=exact_socp
occ_11_3021_00,11-3021.00,2024,acs_1yr_pums,113021,exact_socp,48,Transportation and Warehousing,10,10583.000,0.016,0.940,0.017,src_census_acs_2024_1yr_pums_api,acs_api_records=7683|employed_records=6753|query_mode=exact_socp
occ_11_3021_00,11-3021.00,2024,acs_1yr_pums,113021,exact_socp,42,Wholesale Trade,11,10435.000,0.015,0.940,0.016,src_census_acs_2024_1yr_pums_api,acs_api_records=7683|employed_records=6753|query_mode=exact_socp
occ_11_3021_00,11-3021.00,2024,acs_1yr_pums,113021,exact_socp,23,Construction,12,9864.000,0.015,0.940,0.016,src_census_acs_2024_1yr_pums_api,acs_api_records=7683|employed_records=6753|query_mode=exact_socp
occ_11_3021_00,11-3021.00,2024,acs_1yr_pums,113021,exact_socp,22,Utilities,13,8698.000,0.013,0.940,0.014,src_census_acs_2024_1yr_pums_api,acs_api_records=7683|employed_records=6753|query_mode=exact_socp
occ_11_3021_00,11-3021.00,2024,acs_1yr_pums,113021,exact_socp,53,Real Estate and Rental and Leasing,14,6962.000,0.010,0.940,0.011,src_census_acs_2024_1yr_pums_api,acs_api_records=7683|employed_records=6753|query_mode=exact_socp
occ_11_3021_00,11-3021.00,2024,acs_1yr_pums,113021,exact_socp,71,"Arts, Entertainment, and Recreation",15,6476.000,0.010,0.940,0.010,src_census_acs_2024_1yr_pums_api,acs_api_records=7683|employed_records=6753|query_mode=exact_socp
occ_11_3021_00,11-3021.00,2024,acs_1yr_pums,113021,exact_socp,72,Accommodation and Food Services,16,6020.000,0.009,0.940,0.009,src_census_acs_2024_1yr_pums_api,acs_api_records=7683|employed_records=6753|query_mode=exact_socp
occ_11_3021_00,11-3021.00,2024,acs_1yr_pums,113021,exact_socp,55,Management of Companies and Enterprises,17,3114.000,0.005,0.940,0.005,src_census_acs_2024_1yr_pums_api,acs_api_records=7683|employed_records=6753|query_mode=exact_socp
occ_11_3021_00,11-3021.00,2024,acs_1yr_pums,113021,exact_socp,21,"Mining, Quarrying, and Oil and Gas Extraction",18,1866.000,0.003,0.940,0.003,src_census_acs_2024_1yr_pums_api,acs_api_records=7683|employed_records=6753|query_mode=exact_socp
occ_11_3021_00,11-3021.00,2024,acs_1yr_pums,113021,exact_socp,11,"Agriculture, Forestry, Fishing and Hunting",19,1429.000,0.002,0.940,0.002,src_census_acs_2024_1yr_pums_api,acs_api_records=7683|employed_records=6753|query_mode=exact_socp
occ_11_3031_00,11-3031.00,2024,acs_1yr_pums,113031,exact_socp,52,Finance and Insurance,1,894371.000,0.581,0.959,0.606,src_census_acs_2024_1yr_pums_api,acs_api_records=17602|employed_records=15210|query_mode=exact_socp
occ_11_3031_00,11-3031.00,2024,acs_1yr_pums,113031,exact_socp,31,Manufacturing,2,97544.000,0.063,0.959,0.066,src_census_acs_2024_1yr_pums_api,acs_api_records=17602|employed_records=15210|query_mode=exact_socp
occ_11_3031_00,11-3031.00,2024,acs_1yr_pums,113031,exact_socp,54,"Professional, Scientific, and Technical Services",3,95186.000,0.062,0.959,0.065,src_census_acs_2024_1yr_pums_api,acs_api_records=17602|employed_records=15210|query_mode=exact_socp
occ_11_3031_00,11-3031.00,2024,acs_1yr_pums,113031,exact_socp,44,Retail Trade,4,63543.000,0.041,0.959,0.043,src_census_acs_2024_1yr_pums_api,acs_api_records=17602|employed_records=15210|query_mode=exact_socp
occ_11_3031_00,11-3031.00,2024,acs_1yr_pums,113031,exact_socp,62,Health Care and Social Assistance,5,58313.000,0.038,0.959,0.040,src_census_acs_2024_1yr_pums_api,acs_api_records=17602|employed_records=15210|query_mode=exact_socp
occ_11_3031_00,11-3031.00,2024,acs_1yr_pums,113031,exact_socp,23,Construction,6,40208.000,0.026,0.959,0.027,src_census_acs_2024_1yr_pums_api,acs_api_records=17602|employed_records=15210|query_mode=exact_socp
occ_11_3031_00,11-3031.00,2024,acs_1yr_pums,113031,exact_socp,61,Educational Services,7,38808.000,0.025,0.959,0.026,src_census_acs_2024_1yr_pums_api,acs_api_records=17602|employed_records=15210|query_mode=exact_socp
occ_11_3031_00,11-3031.00,2024,acs_1yr_pums,113031,exact_socp,81,Other Services,8,25958.000,0.017,0.959,0.018,src_census_acs_2024_1yr_pums_api,acs_api_records=17602|employed_records=15210|query_mode=exact_socp
occ_11_3031_00,11-3031.00,2024,acs_1yr_pums,113031,exact_socp,42,Wholesale Trade,9,24598.000,0.016,0.959,0.017,src_census_acs_2024_1yr_pums_api,acs_api_records=17602|employed_records=15210|query_mode=exact_socp
occ_11_3031_00,11-3031.00,2024,acs_1yr_pums,113031,exact_socp,56,Administrative and Support and Waste Management Services,10,23791.000,0.015,0.959,0.016,src_census_acs_2024_1yr_pums_api,acs_api_records=17602|employed_records=15210|query_mode=exact_socp
occ_11_3031_00,11-3031.00,2024,acs_1yr_pums,113031,exact_socp,53,Real Estate and Rental and Leasing,11,20643.000,0.013,0.959,0.014,src_census_acs_2024_1yr_pums_api,acs_api_records=17602|employed_records=15210|query_mode=exact_socp
occ_11_3031_00,11-3031.00,2024,acs_1yr_pums,113031,exact_socp,48,Transportation and Warehousing,12,19486.000,0.013,0.959,0.013,src_census_acs_2024_1yr_pums_api,acs_api_records=17602|employed_records=15210|query_mode=exact_socp
occ_11_3031_00,11-3031.00,2024,acs_1yr_pums,113031,exact_socp,51,Information,13,18280.000,0.012,0.959,0.012,src_census_acs_2024_1yr_pums_api,acs_api_records=17602|employed_records=15210|query_mode=exact_socp
occ_11_3031_00,11-3031.00,2024,acs_1yr_pums,113031,exact_socp,72,Accommodation and Food Services,14,16548.000,0.011,0.959,0.011,src_census_acs_2024_1yr_pums_api,acs_api_records=17602|employed_records=15210|query_mode=exact_socp
occ_11_3031_00,11-3031.00,2024,acs_1yr_pums,113031,exact_socp,22,Utilities,15,12863.000,0.008,0.959,0.009,src_census_acs_2024_1yr_pums_api,acs_api_records=17602|employed_records=15210|query_mode=exact_socp
occ_11_3031_00,11-3031.00,2024,acs_1yr_pums,113031,exact_socp,71,"Arts, Entertainment, and Recreation",16,12554.000,0.008,0.959,0.009,src_census_acs_2024_1yr_pums_api,acs_api_records=17602|employed_records=15210|query_mode=exact_socp
occ_11_3031_00,11-3031.00,2024,acs_1yr_pums,113031,exact_socp,55,Management of Companies and Enterprises,17,5230.000,0.003,0.959,0.004,src_census_acs_2024_1yr_pums_api,acs_api_records=17602|employed_records=15210|query_mode=exact_socp
occ_11_3031_00,11-3031.00,2024,acs_1yr_pums,113031,exact_socp,21,"Mining, Quarrying, and Oil and Gas Extraction",18,4072.000,0.003,0.959,0.003,src_census_acs_2024_1yr_pums_api,acs_api_records=17602|employed_records=15210|query_mode=exact_socp
occ_11_3031_00,11-3031.00,2024,acs_1yr_pums,113031,exact_socp,11,"Agriculture, Forestry, Fishing and Hunting",19,3679.000,0.002,0.959,0.002,src_census_acs_2024_1yr_pums_api,acs_api_records=17602|employed_records=15210|query_mode=exact_socp
occ_11_3071_00,11-3071.00,2024,acs_1yr_pums,113071,exact_socp,48,Transportation and Warehousing,1,88002.000,0.246,0.941,0.261,src_census_acs_2024_1yr_pums_api,acs_api_records=3992|employed_records=3375|query_mode=exact_socp
occ_11_3071_00,11-3071.00,2024,acs_1yr_pums,113071,exact_socp,31,Manufacturing,2,60359.000,0.169,0.941,0.179,src_census_acs_2024_1yr_pums_api,acs_api_records=3992|employed_records=3375|query_mode=exact_socp
occ_11_3071_00,11-3071.00,2024,acs_1yr_pums,113071,exact_socp,42,Wholesale Trade,3,51601.000,0.144,0.941,0.153,src_census_acs_2024_1yr_pums_api,acs_api_records=3992|employed_records=3375|query_mode=exact_socp
occ_11_3071_00,11-3071.00,2024,acs_1yr_pums,113071,exact_socp,44,Retail Trade,4,47319.000,0.132,0.941,0.140,src_census_acs_2024_1yr_pums_api,acs_api_records=3992|employed_records=3375|query_mode=exact_socp
occ_11_3071_00,11-3071.00,2024,acs_1yr_pums,113071,exact_socp,54,"Professional, Scientific, and Technical Services",5,25484.000,0.071,0.941,0.076,src_census_acs_2024_1yr_pums_api,acs_api_records=3992|employed_records=3375|query_mode=exact_socp
occ_11_3071_00,11-3071.00,2024,acs_1yr_pums,113071,exact_socp,23,Construction,6,15921.000,0.044,0.941,0.047,src_census_acs_2024_1yr_pums_api,acs_api_records=3992|employed_records=3375|query_mode=exact_socp
occ_11_3071_00,11-3071.00,2024,acs_1yr_pums,113071,exact_socp,61,Educational Services,7,8703.000,0.024,0.941,0.026,src_census_acs_2024_1yr_pums_api,acs_api_records=3992|employed_records=3375|query_mode=exact_socp
occ_11_3071_00,11-3071.00,2024,acs_1yr_pums,113071,exact_socp,62,Health Care and Social Assistance,8,7146.000,0.020,0.941,0.021,src_census_acs_2024_1yr_pums_api,acs_api_records=3992|employed_records=3375|query_mode=exact_socp
occ_11_3071_00,11-3071.00,2024,acs_1yr_pums,113071,exact_socp,81,Other Services,9,6676.000,0.019,0.941,0.020,src_census_acs_2024_1yr_pums_api,acs_api_records=3992|employed_records=3375|query_mode=exact_socp
occ_11_3071_00,11-3071.00,2024,acs_1yr_pums,113071,exact_socp,56,Administrative and Support and Waste Management Services,10,5035.000,0.014,0.941,0.015,src_census_acs_2024_1yr_pums_api,acs_api_records=3992|employed_records=3375|query_mode=exact_socp
occ_11_3071_00,11-3071.00,2024,acs_1yr_pums,113071,exact_socp,51,Information,11,3426.000,0.010,0.941,0.010,src_census_acs_2024_1yr_pums_api,acs_api_records=3992|employed_records=3375|query_mode=exact_socp
occ_11_3071_00,11-3071.00,2024,acs_1yr_pums,113071,exact_socp,71,"Arts, Entertainment, and Recreation",12,3425.000,0.010,0.941,0.010,src_census_acs_2024_1yr_pums_api,acs_api_records=3992|employed_records=3375|query_mode=exact_socp
occ_11_3071_00,11-3071.00,2024,acs_1yr_pums,113071,exact_socp,72,Accommodation and Food Services,13,3365.000,0.009,0.941,0.010,src_census_acs_2024_1yr_pums_api,acs_api_records=3992|employed_records=3375|query_mode=exact_socp
occ_11_3071_00,11-3071.00,2024,acs_1yr_pums,113071,exact_socp,22,Utilities,14,2974.000,0.008,0.941,0.009,src_census_acs_2024_1yr_pums_api,acs_api_records=3992|employed_records=3375|query_mode=exact_socp
occ_11_3071_00,11-3071.00,2024,acs_1yr_pums,113071,exact_socp,53,Real Estate and Rental and Leasing,15,2494.000,0.007,0.941,0.007,src_census_acs_2024_1yr_pums_api,acs_api_records=3992|employed_records=3375|query_mode=exact_socp
occ_11_3071_00,11-3071.00,2024,acs_1yr_pums,113071,exact_socp,52,Finance and Insurance,16,1903.000,0.005,0.941,0.006,src_census_acs_2024_1yr_pums_api,acs_api_records=3992|employed_records=3375|query_mode=exact_socp
occ_11_3071_00,11-3071.00,2024,acs_1yr_pums,113071,exact_socp,21,"Mining, Quarrying, and Oil and Gas Extraction",17,1335.000,0.004,0.941,0.004,src_census_acs_2024_1yr_pums_api,acs_api_records=3992|employed_records=3375|query_mode=exact_socp
occ_11_3071_00,11-3071.00,2024,acs_1yr_pums,113071,exact_socp,11,"Agriculture, Forestry, Fishing and Hunting",18,1137.000,0.003,0.941,0.003,src_census_acs_2024_1yr_pums_api,acs_api_records=3992|employed_records=3375|query_mode=exact_socp
occ_11_3071_00,11-3071.00,2024,acs_1yr_pums,113071,exact_socp,55,Management of Companies and Enterprises,19,597.000,0.002,0.941,0.002,src_census_acs_2024_1yr_pums_api,acs_api_records=3992|employed_records=3375|query_mode=exact_socp
occ_11_3121_00,11-3121.00,2024,acs_1yr_pums,113121,exact_socp,31,Manufacturing,1,49771.000,0.164,0.896,0.183,src_census_acs_2024_1yr_pums_api,acs_api_records=3460|employed_records=2921|query_mode=exact_socp
occ_11_3121_00,11-3121.00,2024,acs_1yr_pums,113121,exact_socp,62,Health Care and Social Assistance,2,37057.000,0.122,0.896,0.136,src_census_acs_2024_1yr_pums_api,acs_api_records=3460|employed_records=2921|query_mode=exact_socp
occ_11_3121_00,11-3121.00,2024,acs_1yr_pums,113121,exact_socp,54,"Professional, Scientific, and Technical Services",3,35861.000,0.118,0.896,0.132,src_census_acs_2024_1yr_pums_api,acs_api_records=3460|employed_records=2921|query_mode=exact_socp
occ_11_3121_00,11-3121.00,2024,acs_1yr_pums,113121,exact_socp,56,Administrative and Support and Waste Management Services,4,24584.000,0.081,0.896,0.091,src_census_acs_2024_1yr_pums_api,acs_api_records=3460|employed_records=2921|query_mode=exact_socp
occ_11_3121_00,11-3121.00,2024,acs_1yr_pums,113121,exact_socp,44,Retail Trade,5,22842.000,0.075,0.896,0.084,src_census_acs_2024_1yr_pums_api,acs_api_records=3460|employed_records=2921|query_mode=exact_socp
occ_11_3121_00,11-3121.00,2024,acs_1yr_pums,113121,exact_socp,61,Educational Services,6,16627.000,0.055,0.896,0.061,src_census_acs_2024_1yr_pums_api,acs_api_records=3460|employed_records=2921|query_mode=exact_socp
occ_11_3121_00,11-3121.00,2024,acs_1yr_pums,113121,exact_socp,52,Finance and Insurance,7,14479.000,0.048,0.896,0.053,src_census_acs_2024_1yr_pums_api,acs_api_records=3460|employed_records=2921|query_mode=exact_socp
occ_11_3121_00,11-3121.00,2024,acs_1yr_pums,113121,exact_socp,23,Construction,8,10751.000,0.035,0.896,0.040,src_census_acs_2024_1yr_pums_api,acs_api_records=3460|employed_records=2921|query_mode=exact_socp
occ_11_3121_00,11-3121.00,2024,acs_1yr_pums,113121,exact_socp,48,Transportation and Warehousing,9,9243.000,0.030,0.896,0.034,src_census_acs_2024_1yr_pums_api,acs_api_records=3460|employed_records=2921|query_mode=exact_socp
occ_11_3121_00,11-3121.00,2024,acs_1yr_pums,113121,exact_socp,81,Other Services,10,8686.000,0.029,0.896,0.032,src_census_acs_2024_1yr_pums_api,acs_api_records=3460|employed_records=2921|query_mode=exact_socp
occ_11_3121_00,11-3121.00,2024,acs_1yr_pums,113121,exact_socp,72,Accommodation and Food Services,11,8011.000,0.026,0.896,0.030,src_census_acs_2024_1yr_pums_api,acs_api_records=3460|employed_records=2921|query_mode=exact_socp
occ_11_3121_00,11-3121.00,2024,acs_1yr_pums,113121,exact_socp,42,Wholesale Trade,12,7710.000,0.025,0.896,0.028,src_census_acs_2024_1yr_pums_api,acs_api_records=3460|employed_records=2921|query_mode=exact_socp
occ_11_3121_00,11-3121.00,2024,acs_1yr_pums,113121,exact_socp,51,Information,13,6155.000,0.020,0.896,0.023,src_census_acs_2024_1yr_pums_api,acs_api_records=3460|employed_records=2921|query_mode=exact_socp
occ_11_3121_00,11-3121.00,2024,acs_1yr_pums,113121,exact_socp,71,"Arts, Entertainment, and Recreation",14,6022.000,0.020,0.896,0.022,src_census_acs_2024_1yr_pums_api,acs_api_records=3460|employed_records=2921|query_mode=exact_socp
occ_11_3121_00,11-3121.00,2024,acs_1yr_pums,113121,exact_socp,53,Real Estate and Rental and Leasing,15,4664.000,0.015,0.896,0.017,src_census_acs_2024_1yr_pums_api,acs_api_records=3460|employed_records=2921|query_mode=exact_socp
occ_11_3121_00,11-3121.00,2024,acs_1yr_pums,113121,exact_socp,22,Utilities,16,3720.000,0.012,0.896,0.014,src_census_acs_2024_1yr_pums_api,acs_api_records=3460|employed_records=2921|query_mode=exact_socp
occ_11_3121_00,11-3121.00,2024,acs_1yr_pums,113121,exact_socp,21,"Mining, Quarrying, and Oil and Gas Extraction",17,2160.000,0.007,0.896,0.008,src_census_acs_2024_1yr_pums_api,acs_api_records=3460|employed_records=2921|query_mode=exact_socp
occ_11_3121_00,11-3121.00,2024,acs_1yr_pums,113121,exact_socp,11,"Agriculture, Forestry, Fishing and Hunting",18,1611.000,0.005,0.896,0.006,src_census_acs_2024_1yr_pums_api,acs_api_records=3460|employed_records=2921|query_mode=exact_socp
occ_11_3121_00,11-3121.00,2024,acs_1yr_pums,113121,exact_socp,55,Management of Companies and Enterprises,19,1582.000,0.005,0.896,0.006,src_census_acs_2024_1yr_pums_api,acs_api_records=3460|employed_records=2921|query_mode=exact_socp
occ_11_9041_00,11-9041.00,2024,acs_1yr_pums,119041,exact_socp,31,Manufacturing,1,98391.000,0.404,0.961,0.420,src_census_acs_2024_1yr_pums_api,acs_api_records=2991|employed_records=2608|query_mode=exact_socp
occ_11_9041_00,11-9041.00,2024,acs_1yr_pums,119041,exact_socp,54,"Professional, Scientific, and Technical Services",2,61765.000,0.253,0.961,0.264,src_census_acs_2024_1yr_pums_api,acs_api_records=2991|employed_records=2608|query_mode=exact_socp
occ_11_9041_00,11-9041.00,2024,acs_1yr_pums,119041,exact_socp,51,Information,3,13353.000,0.055,0.961,0.057,src_census_acs_2024_1yr_pums_api,acs_api_records=2991|employed_records=2608|query_mode=exact_socp
occ_11_9041_00,11-9041.00,2024,acs_1yr_pums,119041,exact_socp,22,Utilities,4,8362.000,0.034,0.961,0.036,src_census_acs_2024_1yr_pums_api,acs_api_records=2991|employed_records=2608|query_mode=exact_socp
occ_11_9041_00,11-9041.00,2024,acs_1yr_pums,119041,exact_socp,56,Administrative and Support and Waste Management Services,5,7791.000,0.032,0.961,0.033,src_census_acs_2024_1yr_pums_api,acs_api_records=2991|employed_records=2608|query_mode=exact_socp
occ_11_9041_00,11-9041.00,2024,acs_1yr_pums,119041,exact_socp,44,Retail Trade,6,7035.000,0.029,0.961,0.030,src_census_acs_2024_1yr_pums_api,acs_api_records=2991|employed_records=2608|query_mode=exact_socp
occ_11_9041_00,11-9041.00,2024,acs_1yr_pums,119041,exact_socp,52,Finance and Insurance,7,6724.000,0.028,0.961,0.029,src_census_acs_2024_1yr_pums_api,acs_api_records=2991|employed_records=2608|query_mode=exact_socp
occ_11_9041_00,11-9041.00,2024,acs_1yr_pums,119041,exact_socp,72,Accommodation and Food Services,8,6373.000,0.026,0.961,0.027,src_census_acs_2024_1yr_pums_api,acs_api_records=2991|employed_records=2608|query_mode=exact_socp
occ_11_9041_00,11-9041.00,2024,acs_1yr_pums,119041,exact_socp,23,Construction,9,4377.000,0.018,0.961,0.019,src_census_acs_2024_1yr_pums_api,acs_api_records=2991|employed_records=2608|query_mode=exact_socp
occ_11_9041_00,11-9041.00,2024,acs_1yr_pums,119041,exact_socp,48,Transportation and Warehousing,10,4242.000,0.017,0.961,0.018,src_census_acs_2024_1yr_pums_api,acs_api_records=2991|employed_records=2608|query_mode=exact_socp
occ_11_9041_00,11-9041.00,2024,acs_1yr_pums,119041,exact_socp,53,Real Estate and Rental and Leasing,11,3077.000,0.013,0.961,0.013,src_census_acs_2024_1yr_pums_api,acs_api_records=2991|employed_records=2608|query_mode=exact_socp
occ_11_9041_00,11-9041.00,2024,acs_1yr_pums,119041,exact_socp,62,Health Care and Social Assistance,12,2845.000,0.012,0.961,0.012,src_census_acs_2024_1yr_pums_api,acs_api_records=2991|employed_records=2608|query_mode=exact_socp
occ_11_9041_00,11-9041.00,2024,acs_1yr_pums,119041,exact_socp,61,Educational Services,13,2339.000,0.010,0.961,0.010,src_census_acs_2024_1yr_pums_api,acs_api_records=2991|employed_records=2608|query_mode=exact_socp
occ_11_9041_00,11-9041.00,2024,acs_1yr_pums,119041,exact_socp,21,"Mining, Quarrying, and Oil and Gas Extraction",14,2192.000,0.009,0.961,0.009,src_census_acs_2024_1yr_pums_api,acs_api_records=2991|employed_records=2608|query_mode=exact_socp
occ_11_9041_00,11-9041.00,2024,acs_1yr_pums,119041,exact_socp,42,Wholesale Trade,15,1798.000,0.007,0.961,0.008,src_census_acs_2024_1yr_pums_api,acs_api_records=2991|employed_records=2608|query_mode=exact_socp
occ_11_9041_00,11-9041.00,2024,acs_1yr_pums,119041,exact_socp,71,"Arts, Entertainment, and Recreation",16,1366.000,0.006,0.961,0.006,src_census_acs_2024_1yr_pums_api,acs_api_records=2991|employed_records=2608|query_mode=exact_socp
occ_11_9041_00,11-9041.00,2024,acs_1yr_pums,119041,exact_socp,55,Management of Companies and Enterprises,17,1338.000,0.005,0.961,0.006,src_census_acs_2024_1yr_pums_api,acs_api_records=2991|employed_records=2608|query_mode=exact_socp
occ_11_9041_00,11-9041.00,2024,acs_1yr_pums,119041,exact_socp,81,Other Services,18,591.000,0.002,0.961,0.003,src_census_acs_2024_1yr_pums_api,acs_api_records=2991|employed_records=2608|query_mode=exact_socp
occ_11_9041_00,11-9041.00,2024,acs_1yr_pums,119041,exact_socp,11,"Agriculture, Forestry, Fishing and Hunting",19,238.000,0.001,0.961,0.001,src_census_acs_2024_1yr_pums_api,acs_api_records=2991|employed_records=2608|query_mode=exact_socp
occ_11_9141_00,11-9141.00,2024,acs_1yr_pums,119141,exact_socp,53,Real Estate and Rental and Leasing,1,538879.000,0.842,0.989,0.851,src_census_acs_2024_1yr_pums_api,acs_api_records=7409|employed_records=5998|query_mode=exact_socp
occ_11_9141_00,11-9141.00,2024,acs_1yr_pums,119141,exact_socp,56,Administrative and Support and Waste Management Services,2,18953.000,0.030,0.989,0.030,src_census_acs_2024_1yr_pums_api,acs_api_records=7409|employed_records=5998|query_mode=exact_socp
occ_11_9141_00,11-9141.00,2024,acs_1yr_pums,119141,exact_socp,81,Other Services,3,12461.000,0.019,0.989,0.020,src_census_acs_2024_1yr_pums_api,acs_api_records=7409|employed_records=5998|query_mode=exact_socp
occ_11_9141_00,11-9141.00,2024,acs_1yr_pums,119141,exact_socp,62,Health Care and Social Assistance,4,11390.000,0.018,0.989,0.018,src_census_acs_2024_1yr_pums_api,acs_api_records=7409|employed_records=5998|query_mode=exact_socp
occ_11_9141_00,11-9141.00,2024,acs_1yr_pums,119141,exact_socp,23,Construction,5,6893.000,0.011,0.989,0.011,src_census_acs_2024_1yr_pums_api,acs_api_records=7409|employed_records=5998|query_mode=exact_socp
occ_11_9141_00,11-9141.00,2024,acs_1yr_pums,119141,exact_socp,72,Accommodation and Food Services,6,5753.000,0.009,0.989,0.009,src_census_acs_2024_1yr_pums_api,acs_api_records=7409|employed_records=5998|query_mode=exact_socp
occ_11_9141_00,11-9141.00,2024,acs_1yr_pums,119141,exact_socp,48,Transportation and Warehousing,7,5637.000,0.009,0.989,0.009,src_census_acs_2024_1yr_pums_api,acs_api_records=7409|employed_records=5998|query_mode=exact_socp
occ_11_9141_00,11-9141.00,2024,acs_1yr_pums,119141,exact_socp,52,Finance and Insurance,8,5212.000,0.008,0.989,0.008,src_census_acs_2024_1yr_pums_api,acs_api_records=7409|employed_records=5998|query_mode=exact_socp
occ_11_9141_00,11-9141.00,2024,acs_1yr_pums,119141,exact_socp,54,"Professional, Scientific, and Technical Services",9,4976.000,0.008,0.989,0.008,src_census_acs_2024_1yr_pums_api,acs_api_records=7409|employed_records=5998|query_mode=exact_socp
occ_11_9141_00,11-9141.00,2024,acs_1yr_pums,119141,exact_socp,44,Retail Trade,10,4331.000,0.007,0.989,0.007,src_census_acs_2024_1yr_pums_api,acs_api_records=7409|employed_records=5998|query_mode=exact_socp
occ_11_9141_00,11-9141.00,2024,acs_1yr_pums,119141,exact_socp,21,"Mining, Quarrying, and Oil and Gas Extraction",11,3357.000,0.005,0.989,0.005,src_census_acs_2024_1yr_pums_api,acs_api_records=7409|employed_records=5998|query_mode=exact_socp
occ_11_9141_00,11-9141.00,2024,acs_1yr_pums,119141,exact_socp,11,"Agriculture, Forestry, Fishing and Hunting",12,3153.000,0.005,0.989,0.005,src_census_acs_2024_1yr_pums_api,acs_api_records=7409|employed_records=5998|query_mode=exact_socp
occ_11_9141_00,11-9141.00,2024,acs_1yr_pums,119141,exact_socp,61,Educational Services,13,2941.000,0.005,0.989,0.005,src_census_acs_2024_1yr_pums_api,acs_api_records=7409|employed_records=5998|query_mode=exact_socp
occ_11_9141_00,11-9141.00,2024,acs_1yr_pums,119141,exact_socp,31,Manufacturing,14,2380.000,0.004,0.989,0.004,src_census_acs_2024_1yr_pums_api,acs_api_records=7409|employed_records=5998|query_mode=exact_socp
occ_11_9141_00,11-9141.00,2024,acs_1yr_pums,119141,exact_socp,22,Utilities,15,2166.000,0.003,0.989,0.003,src_census_acs_2024_1yr_pums_api,acs_api_records=7409|employed_records=5998|query_mode=exact_socp
occ_11_9141_00,11-9141.00,2024,acs_1yr_pums,119141,exact_socp,71,"Arts, Entertainment, and Recreation",16,1729.000,0.003,0.989,0.003,src_census_acs_2024_1yr_pums_api,acs_api_records=7409|employed_records=5998|query_mode=exact_socp
occ_11_9141_00,11-9141.00,2024,acs_1yr_pums,119141,exact_socp,51,Information,17,1210.000,0.002,0.989,0.002,src_census_acs_2024_1yr_pums_api,acs_api_records=7409|employed_records=5998|query_mode=exact_socp
occ_11_9141_00,11-9141.00,2024,acs_1yr_pums,119141,exact_socp,55,Management of Companies and Enterprises,18,811.000,0.001,0.989,0.001,src_census_acs_2024_1yr_pums_api,acs_api_records=7409|employed_records=5998|query_mode=exact_socp
occ_11_9141_00,11-9141.00,2024,acs_1yr_pums,119141,exact_socp,42,Wholesale Trade,19,719.000,0.001,0.989,0.001,src_census_acs_2024_1yr_pums_api,acs_api_records=7409|employed_records=5998|query_mode=exact_socp
occ_13_1023_00,13-1023.00,2024,acs_1yr_pums,131023,exact_socp,31,Manufacturing,1,112022.000,0.342,0.864,0.396,src_census_acs_2024_1yr_pums_api,acs_api_records=3964|employed_records=3294|query_mode=exact_socp
occ_13_1023_00,13-1023.00,2024,acs_1yr_pums,131023,exact_socp,54,"Professional, Scientific, and Technical Services",2,26569.000,0.081,0.864,0.094,src_census_acs_2024_1yr_pums_api,acs_api_records=3964|employed_records=3294|query_mode=exact_socp
occ_13_1023_00,13-1023.00,2024,acs_1yr_pums,131023,exact_socp,44,Retail Trade,3,23815.000,0.073,0.864,0.084,src_census_acs_2024_1yr_pums_api,acs_api_records=3964|employed_records=3294|query_mode=exact_socp
occ_13_1023_00,13-1023.00,2024,acs_1yr_pums,131023,exact_socp,62,Health Care and Social Assistance,4,21470.000,0.066,0.864,0.076,src_census_acs_2024_1yr_pums_api,acs_api_records=3964|employed_records=3294|query_mode=exact_socp
occ_13_1023_00,13-1023.00,2024,acs_1yr_pums,131023,exact_socp,23,Construction,5,18732.000,0.057,0.864,0.066,src_census_acs_2024_1yr_pums_api,acs_api_records=3964|employed_records=3294|query_mode=exact_socp
occ_13_1023_00,13-1023.00,2024,acs_1yr_pums,131023,exact_socp,42,Wholesale Trade,6,14089.000,0.043,0.864,0.050,src_census_acs_2024_1yr_pums_api,acs_api_records=3964|employed_records=3294|query_mode=exact_socp
occ_13_1023_00,13-1023.00,2024,acs_1yr_pums,131023,exact_socp,56,Administrative and Support and Waste Management Services,7,9566.000,0.029,0.864,0.034,src_census_acs_2024_1yr_pums_api,acs_api_records=3964|employed_records=3294|query_mode=exact_socp
occ_13_1023_00,13-1023.00,2024,acs_1yr_pums,131023,exact_socp,61,Educational Services,8,8671.000,0.026,0.864,0.031,src_census_acs_2024_1yr_pums_api,acs_api_records=3964|employed_records=3294|query_mode=exact_socp
occ_13_1023_00,13-1023.00,2024,acs_1yr_pums,131023,exact_socp,52,Finance and Insurance,9,7472.000,0.023,0.864,0.026,src_census_acs_2024_1yr_pums_api,acs_api_records=3964|employed_records=3294|query_mode=exact_socp
occ_13_1023_00,13-1023.00,2024,acs_1yr_pums,131023,exact_socp,48,Transportation and Warehousing,10,6710.000,0.020,0.864,0.024,src_census_acs_2024_1yr_pums_api,acs_api_records=3964|employed_records=3294|query_mode=exact_socp
occ_13_1023_00,13-1023.00,2024,acs_1yr_pums,131023,exact_socp,71,"Arts, Entertainment, and Recreation",11,6527.000,0.020,0.864,0.023,src_census_acs_2024_1yr_pums_api,acs_api_records=3964|employed_records=3294|query_mode=exact_socp
occ_13_1023_00,13-1023.00,2024,acs_1yr_pums,131023,exact_socp,22,Utilities,12,5748.000,0.018,0.864,0.020,src_census_acs_2024_1yr_pums_api,acs_api_records=3964|employed_records=3294|query_mode=exact_socp
occ_13_1023_00,13-1023.00,2024,acs_1yr_pums,131023,exact_socp,72,Accommodation and Food Services,13,3893.000,0.012,0.864,0.014,src_census_acs_2024_1yr_pums_api,acs_api_records=3964|employed_records=3294|query_mode=exact_socp
occ_13_1023_00,13-1023.00,2024,acs_1yr_pums,131023,exact_socp,11,"Agriculture, Forestry, Fishing and Hunting",14,3816.000,0.012,0.864,0.013,src_census_acs_2024_1yr_pums_api,acs_api_records=3964|employed_records=3294|query_mode=exact_socp
occ_13_1023_00,13-1023.00,2024,acs_1yr_pums,131023,exact_socp,53,Real Estate and Rental and Leasing,15,3804.000,0.012,0.864,0.013,src_census_acs_2024_1yr_pums_api,acs_api_records=3964|employed_records=3294|query_mode=exact_socp
occ_13_1023_00,13-1023.00,2024,acs_1yr_pums,131023,exact_socp,81,Other Services,16,3710.000,0.011,0.864,0.013,src_census_acs_2024_1yr_pums_api,acs_api_records=3964|employed_records=3294|query_mode=exact_socp
occ_13_1023_00,13-1023.00,2024,acs_1yr_pums,131023,exact_socp,21,"Mining, Quarrying, and Oil and Gas Extraction",17,3052.000,0.009,0.864,0.011,src_census_acs_2024_1yr_pums_api,acs_api_records=3964|employed_records=3294|query_mode=exact_socp
occ_13_1023_00,13-1023.00,2024,acs_1yr_pums,131023,exact_socp,51,Information,18,2502.000,0.008,0.864,0.009,src_census_acs_2024_1yr_pums_api,acs_api_records=3964|employed_records=3294|query_mode=exact_socp
occ_13_1023_00,13-1023.00,2024,acs_1yr_pums,131023,exact_socp,55,Management of Companies and Enterprises,19,629.000,0.002,0.864,0.002,src_census_acs_2024_1yr_pums_api,acs_api_records=3964|employed_records=3294|query_mode=exact_socp
occ_13_1031_00,13-1031.00,2024,acs_1yr_pums,131030,grouped_zero_fallback,52,Finance and Insurance,1,328059.000,0.833,0.926,0.900,src_census_acs_2024_1yr_pums_api,acs_api_records=4303|employed_records=3711|query_mode=grouped_zero_fallback
occ_13_1031_00,13-1031.00,2024,acs_1yr_pums,131030,grouped_zero_fallback,62,Health Care and Social Assistance,2,11328.000,0.029,0.926,0.031,src_census_acs_2024_1yr_pums_api,acs_api_records=4303|employed_records=3711|query_mode=grouped_zero_fallback
occ_13_1031_00,13-1031.00,2024,acs_1yr_pums,131030,grouped_zero_fallback,81,Other Services,3,8449.000,0.021,0.926,0.023,src_census_acs_2024_1yr_pums_api,acs_api_records=4303|employed_records=3711|query_mode=grouped_zero_fallback
occ_13_1031_00,13-1031.00,2024,acs_1yr_pums,131030,grouped_zero_fallback,54,"Professional, Scientific, and Technical Services",4,5704.000,0.014,0.926,0.016,src_census_acs_2024_1yr_pums_api,acs_api_records=4303|employed_records=3711|query_mode=grouped_zero_fallback
occ_13_1031_00,13-1031.00,2024,acs_1yr_pums,131030,grouped_zero_fallback,31,Manufacturing,5,2397.000,0.006,0.926,0.007,src_census_acs_2024_1yr_pums_api,acs_api_records=4303|employed_records=3711|query_mode=grouped_zero_fallback
occ_13_1031_00,13-1031.00,2024,acs_1yr_pums,131030,grouped_zero_fallback,56,Administrative and Support and Waste Management Services,6,2048.000,0.005,0.926,0.006,src_census_acs_2024_1yr_pums_api,acs_api_records=4303|employed_records=3711|query_mode=grouped_zero_fallback
occ_13_1031_00,13-1031.00,2024,acs_1yr_pums,131030,grouped_zero_fallback,53,Real Estate and Rental and Leasing,7,1737.000,0.004,0.926,0.005,src_census_acs_2024_1yr_pums_api,acs_api_records=4303|employed_records=3711|query_mode=grouped_zero_fallback
occ_13_1031_00,13-1031.00,2024,acs_1yr_pums,131030,grouped_zero_fallback,48,Transportation and Warehousing,8,920.000,0.002,0.926,0.003,src_census_acs_2024_1yr_pums_api,acs_api_records=4303|employed_records=3711|query_mode=grouped_zero_fallback
occ_13_1031_00,13-1031.00,2024,acs_1yr_pums,131030,grouped_zero_fallback,61,Educational Services,9,836.000,0.002,0.926,0.002,src_census_acs_2024_1yr_pums_api,acs_api_records=4303|employed_records=3711|query_mode=grouped_zero_fallback
occ_13_1031_00,13-1031.00,2024,acs_1yr_pums,131030,grouped_zero_fallback,42,Wholesale Trade,10,717.000,0.002,0.926,0.002,src_census_acs_2024_1yr_pums_api,acs_api_records=4303|employed_records=3711|query_mode=grouped_zero_fallback
occ_13_1031_00,13-1031.00,2024,acs_1yr_pums,131030,grouped_zero_fallback,44,Retail Trade,11,701.000,0.002,0.926,0.002,src_census_acs_2024_1yr_pums_api,acs_api_records=4303|employed_records=3711|query_mode=grouped_zero_fallback
occ_13_1031_00,13-1031.00,2024,acs_1yr_pums,131030,grouped_zero_fallback,23,Construction,12,637.000,0.002,0.926,0.002,src_census_acs_2024_1yr_pums_api,acs_api_records=4303|employed_records=3711|query_mode=grouped_zero_fallback
occ_13_1031_00,13-1031.00,2024,acs_1yr_pums,131030,grouped_zero_fallback,22,Utilities,13,623.000,0.002,0.926,0.002,src_census_acs_2024_1yr_pums_api,acs_api_records=4303|employed_records=3711|query_mode=grouped_zero_fallback
occ_13_1031_00,13-1031.00,2024,acs_1yr_pums,131030,grouped_zero_fallback,72,Accommodation and Food Services,14,151.000,0.000,0.926,0.000,src_census_acs_2024_1yr_pums_api,acs_api_records=4303|employed_records=3711|query_mode=grouped_zero_fallback
occ_13_1031_00,13-1031.00,2024,acs_1yr_pums,131030,grouped_zero_fallback,51,Information,15,137.000,0.000,0.926,0.000,src_census_acs_2024_1yr_pums_api,acs_api_records=4303|employed_records=3711|query_mode=grouped_zero_fallback
occ_13_1031_00,13-1031.00,2024,acs_1yr_pums,131030,grouped_zero_fallback,55,Management of Companies and Enterprises,16,78.000,0.000,0.926,0.000,src_census_acs_2024_1yr_pums_api,acs_api_records=4303|employed_records=3711|query_mode=grouped_zero_fallback
occ_13_1041_00,13-1041.00,2024,acs_1yr_pums,131041,exact_socp,52,Finance and Insurance,1,76349.000,0.210,0.706,0.298,src_census_acs_2024_1yr_pums_api,acs_api_records=4284|employed_records=3714|query_mode=exact_socp
occ_13_1041_00,13-1041.00,2024,acs_1yr_pums,131041,exact_socp,31,Manufacturing,2,37054.000,0.102,0.706,0.145,src_census_acs_2024_1yr_pums_api,acs_api_records=4284|employed_records=3714|query_mode=exact_socp
occ_13_1041_00,13-1041.00,2024,acs_1yr_pums,131041,exact_socp,54,"Professional, Scientific, and Technical Services",3,31220.000,0.086,0.706,0.122,src_census_acs_2024_1yr_pums_api,acs_api_records=4284|employed_records=3714|query_mode=exact_socp
occ_13_1041_00,13-1041.00,2024,acs_1yr_pums,131041,exact_socp,62,Health Care and Social Assistance,4,25247.000,0.070,0.706,0.099,src_census_acs_2024_1yr_pums_api,acs_api_records=4284|employed_records=3714|query_mode=exact_socp
occ_13_1041_00,13-1041.00,2024,acs_1yr_pums,131041,exact_socp,61,Educational Services,5,12852.000,0.035,0.706,0.050,src_census_acs_2024_1yr_pums_api,acs_api_records=4284|employed_records=3714|query_mode=exact_socp
occ_13_1041_00,13-1041.00,2024,acs_1yr_pums,131041,exact_socp,22,Utilities,6,10479.000,0.029,0.706,0.041,src_census_acs_2024_1yr_pums_api,acs_api_records=4284|employed_records=3714|query_mode=exact_socp
occ_13_1041_00,13-1041.00,2024,acs_1yr_pums,131041,exact_socp,44,Retail Trade,7,9385.000,0.026,0.706,0.037,src_census_acs_2024_1yr_pums_api,acs_api_records=4284|employed_records=3714|query_mode=exact_socp
occ_13_1041_00,13-1041.00,2024,acs_1yr_pums,131041,exact_socp,48,Transportation and Warehousing,8,7837.000,0.022,0.706,0.031,src_census_acs_2024_1yr_pums_api,acs_api_records=4284|employed_records=3714|query_mode=exact_socp
occ_13_1041_00,13-1041.00,2024,acs_1yr_pums,131041,exact_socp,56,Administrative and Support and Waste Management Services,9,7793.000,0.021,0.706,0.030,src_census_acs_2024_1yr_pums_api,acs_api_records=4284|employed_records=3714|query_mode=exact_socp
occ_13_1041_00,13-1041.00,2024,acs_1yr_pums,131041,exact_socp,81,Other Services,10,7781.000,0.021,0.706,0.030,src_census_acs_2024_1yr_pums_api,acs_api_records=4284|employed_records=3714|query_mode=exact_socp
occ_13_1041_00,13-1041.00,2024,acs_1yr_pums,131041,exact_socp,42,Wholesale Trade,11,6243.000,0.017,0.706,0.024,src_census_acs_2024_1yr_pums_api,acs_api_records=4284|employed_records=3714|query_mode=exact_socp
occ_13_1041_00,13-1041.00,2024,acs_1yr_pums,131041,exact_socp,51,Information,12,5196.000,0.014,0.706,0.020,src_census_acs_2024_1yr_pums_api,acs_api_records=4284|employed_records=3714|query_mode=exact_socp
occ_13_1041_00,13-1041.00,2024,acs_1yr_pums,131041,exact_socp,53,Real Estate and Rental and Leasing,13,4207.000,0.012,0.706,0.016,src_census_acs_2024_1yr_pums_api,acs_api_records=4284|employed_records=3714|query_mode=exact_socp
occ_13_1041_00,13-1041.00,2024,acs_1yr_pums,131041,exact_socp,71,"Arts, Entertainment, and Recreation",14,3316.000,0.009,0.706,0.013,src_census_acs_2024_1yr_pums_api,acs_api_records=4284|employed_records=3714|query_mode=exact_socp
occ_13_1041_00,13-1041.00,2024,acs_1yr_pums,131041,exact_socp,55,Management of Companies and Enterprises,15,3112.000,0.009,0.706,0.012,src_census_acs_2024_1yr_pums_api,acs_api_records=4284|employed_records=3714|query_mode=exact_socp
occ_13_1041_00,13-1041.00,2024,acs_1yr_pums,131041,exact_socp,23,Construction,16,2532.000,0.007,0.706,0.010,src_census_acs_2024_1yr_pums_api,acs_api_records=4284|employed_records=3714|query_mode=exact_socp
occ_13_1041_00,13-1041.00,2024,acs_1yr_pums,131041,exact_socp,72,Accommodation and Food Services,17,2106.000,0.006,0.706,0.008,src_census_acs_2024_1yr_pums_api,acs_api_records=4284|employed_records=3714|query_mode=exact_socp
occ_13_1041_00,13-1041.00,2024,acs_1yr_pums,131041,exact_socp,21,"Mining, Quarrying, and Oil and Gas Extraction",18,1757.000,0.005,0.706,0.007,src_census_acs_2024_1yr_pums_api,acs_api_records=4284|employed_records=3714|query_mode=exact_socp
occ_13_1041_00,13-1041.00,2024,acs_1yr_pums,131041,exact_socp,11,"Agriculture, Forestry, Fishing and Hunting",19,1453.000,0.004,0.706,0.006,src_census_acs_2024_1yr_pums_api,acs_api_records=4284|employed_records=3714|query_mode=exact_socp
occ_13_1051_00,13-1051.00,2024,acs_1yr_pums,131051,exact_socp,23,Construction,1,111636.000,0.615,0.993,0.620,src_census_acs_2024_1yr_pums_api,acs_api_records=2033|employed_records=1791|query_mode=exact_socp
occ_13_1051_00,13-1051.00,2024,acs_1yr_pums,131051,exact_socp,31,Manufacturing,2,21887.000,0.121,0.993,0.121,src_census_acs_2024_1yr_pums_api,acs_api_records=2033|employed_records=1791|query_mode=exact_socp
occ_13_1051_00,13-1051.00,2024,acs_1yr_pums,131051,exact_socp,81,Other Services,3,10856.000,0.060,0.993,0.060,src_census_acs_2024_1yr_pums_api,acs_api_records=2033|employed_records=1791|query_mode=exact_socp
occ_13_1051_00,13-1051.00,2024,acs_1yr_pums,131051,exact_socp,56,Administrative and Support and Waste Management Services,4,10171.000,0.056,0.993,0.056,src_census_acs_2024_1yr_pums_api,acs_api_records=2033|employed_records=1791|query_mode=exact_socp
occ_13_1051_00,13-1051.00,2024,acs_1yr_pums,131051,exact_socp,42,Wholesale Trade,5,6214.000,0.034,0.993,0.034,src_census_acs_2024_1yr_pums_api,acs_api_records=2033|employed_records=1791|query_mode=exact_socp
occ_13_1051_00,13-1051.00,2024,acs_1yr_pums,131051,exact_socp,44,Retail Trade,6,5440.000,0.030,0.993,0.030,src_census_acs_2024_1yr_pums_api,acs_api_records=2033|employed_records=1791|query_mode=exact_socp
occ_13_1051_00,13-1051.00,2024,acs_1yr_pums,131051,exact_socp,54,"Professional, Scientific, and Technical Services",7,4763.000,0.026,0.993,0.026,src_census_acs_2024_1yr_pums_api,acs_api_records=2033|employed_records=1791|query_mode=exact_socp
occ_13_1051_00,13-1051.00,2024,acs_1yr_pums,131051,exact_socp,22,Utilities,8,3125.000,0.017,0.993,0.017,src_census_acs_2024_1yr_pums_api,acs_api_records=2033|employed_records=1791|query_mode=exact_socp
occ_13_1051_00,13-1051.00,2024,acs_1yr_pums,131051,exact_socp,48,Transportation and Warehousing,9,1364.000,0.008,0.993,0.008,src_census_acs_2024_1yr_pums_api,acs_api_records=2033|employed_records=1791|query_mode=exact_socp
occ_13_1051_00,13-1051.00,2024,acs_1yr_pums,131051,exact_socp,52,Finance and Insurance,10,1100.000,0.006,0.993,0.006,src_census_acs_2024_1yr_pums_api,acs_api_records=2033|employed_records=1791|query_mode=exact_socp
occ_13_1051_00,13-1051.00,2024,acs_1yr_pums,131051,exact_socp,62,Health Care and Social Assistance,11,1039.000,0.006,0.993,0.006,src_census_acs_2024_1yr_pums_api,acs_api_records=2033|employed_records=1791|query_mode=exact_socp
occ_13_1051_00,13-1051.00,2024,acs_1yr_pums,131051,exact_socp,51,Information,12,633.000,0.003,0.993,0.004,src_census_acs_2024_1yr_pums_api,acs_api_records=2033|employed_records=1791|query_mode=exact_socp
occ_13_1051_00,13-1051.00,2024,acs_1yr_pums,131051,exact_socp,53,Real Estate and Rental and Leasing,13,578.000,0.003,0.993,0.003,src_census_acs_2024_1yr_pums_api,acs_api_records=2033|employed_records=1791|query_mode=exact_socp
occ_13_1051_00,13-1051.00,2024,acs_1yr_pums,131051,exact_socp,61,Educational Services,14,552.000,0.003,0.993,0.003,src_census_acs_2024_1yr_pums_api,acs_api_records=2033|employed_records=1791|query_mode=exact_socp
occ_13_1051_00,13-1051.00,2024,acs_1yr_pums,131051,exact_socp,55,Management of Companies and Enterprises,15,352.000,0.002,0.993,0.002,src_census_acs_2024_1yr_pums_api,acs_api_records=2033|employed_records=1791|query_mode=exact_socp
occ_13_1051_00,13-1051.00,2024,acs_1yr_pums,131051,exact_socp,21,"Mining, Quarrying, and Oil and Gas Extraction",16,275.000,0.002,0.993,0.002,src_census_acs_2024_1yr_pums_api,acs_api_records=2033|employed_records=1791|query_mode=exact_socp
occ_13_1051_00,13-1051.00,2024,acs_1yr_pums,131051,exact_socp,71,"Arts, Entertainment, and Recreation",17,161.000,0.001,0.993,0.001,src_census_acs_2024_1yr_pums_api,acs_api_records=2033|employed_records=1791|query_mode=exact_socp
occ_13_1071_00,13-1071.00,2024,acs_1yr_pums,131070,grouped_zero_fallback,56,Administrative and Support and Waste Management Services,1,157355.000,0.150,0.860,0.174,src_census_acs_2024_1yr_pums_api,acs_api_records=11433|employed_records=9784|query_mode=grouped_zero_fallback
occ_13_1071_00,13-1071.00,2024,acs_1yr_pums,131070,grouped_zero_fallback,62,Health Care and Social Assistance,2,154254.000,0.147,0.860,0.171,src_census_acs_2024_1yr_pums_api,acs_api_records=11433|employed_records=9784|query_mode=grouped_zero_fallback
occ_13_1071_00,13-1071.00,2024,acs_1yr_pums,131070,grouped_zero_fallback,54,"Professional, Scientific, and Technical Services",3,134459.000,0.128,0.860,0.149,src_census_acs_2024_1yr_pums_api,acs_api_records=11433|employed_records=9784|query_mode=grouped_zero_fallback
occ_13_1071_00,13-1071.00,2024,acs_1yr_pums,131070,grouped_zero_fallback,31,Manufacturing,4,87908.000,0.084,0.860,0.097,src_census_acs_2024_1yr_pums_api,acs_api_records=11433|employed_records=9784|query_mode=grouped_zero_fallback
occ_13_1071_00,13-1071.00,2024,acs_1yr_pums,131070,grouped_zero_fallback,61,Educational Services,5,69573.000,0.066,0.860,0.077,src_census_acs_2024_1yr_pums_api,acs_api_records=11433|employed_records=9784|query_mode=grouped_zero_fallback
occ_13_1071_00,13-1071.00,2024,acs_1yr_pums,131070,grouped_zero_fallback,52,Finance and Insurance,6,62234.000,0.059,0.860,0.069,src_census_acs_2024_1yr_pums_api,acs_api_records=11433|employed_records=9784|query_mode=grouped_zero_fallback
occ_13_1071_00,13-1071.00,2024,acs_1yr_pums,131070,grouped_zero_fallback,44,Retail Trade,7,53507.000,0.051,0.860,0.059,src_census_acs_2024_1yr_pums_api,acs_api_records=11433|employed_records=9784|query_mode=grouped_zero_fallback
occ_13_1071_00,13-1071.00,2024,acs_1yr_pums,131070,grouped_zero_fallback,81,Other Services,8,50473.000,0.048,0.860,0.056,src_census_acs_2024_1yr_pums_api,acs_api_records=11433|employed_records=9784|query_mode=grouped_zero_fallback
occ_13_1071_00,13-1071.00,2024,acs_1yr_pums,131070,grouped_zero_fallback,48,Transportation and Warehousing,9,24504.000,0.023,0.860,0.027,src_census_acs_2024_1yr_pums_api,acs_api_records=11433|employed_records=9784|query_mode=grouped_zero_fallback
occ_13_1071_00,13-1071.00,2024,acs_1yr_pums,131070,grouped_zero_fallback,23,Construction,10,21217.000,0.020,0.860,0.024,src_census_acs_2024_1yr_pums_api,acs_api_records=11433|employed_records=9784|query_mode=grouped_zero_fallback
occ_13_1071_00,13-1071.00,2024,acs_1yr_pums,131070,grouped_zero_fallback,51,Information,11,20650.000,0.020,0.860,0.023,src_census_acs_2024_1yr_pums_api,acs_api_records=11433|employed_records=9784|query_mode=grouped_zero_fallback
occ_13_1071_00,13-1071.00,2024,acs_1yr_pums,131070,grouped_zero_fallback,42,Wholesale Trade,12,12513.000,0.012,0.860,0.014,src_census_acs_2024_1yr_pums_api,acs_api_records=11433|employed_records=9784|query_mode=grouped_zero_fallback
occ_13_1071_00,13-1071.00,2024,acs_1yr_pums,131070,grouped_zero_fallback,53,Real Estate and Rental and Leasing,13,12348.000,0.012,0.860,0.014,src_census_acs_2024_1yr_pums_api,acs_api_records=11433|employed_records=9784|query_mode=grouped_zero_fallback
occ_13_1071_00,13-1071.00,2024,acs_1yr_pums,131070,grouped_zero_fallback,72,Accommodation and Food Services,14,12281.000,0.012,0.860,0.014,src_census_acs_2024_1yr_pums_api,acs_api_records=11433|employed_records=9784|query_mode=grouped_zero_fallback
occ_13_1071_00,13-1071.00,2024,acs_1yr_pums,131070,grouped_zero_fallback,71,"Arts, Entertainment, and Recreation",15,11052.000,0.011,0.860,0.012,src_census_acs_2024_1yr_pums_api,acs_api_records=11433|employed_records=9784|query_mode=grouped_zero_fallback
occ_13_1071_00,13-1071.00,2024,acs_1yr_pums,131070,grouped_zero_fallback,22,Utilities,16,7819.000,0.007,0.860,0.009,src_census_acs_2024_1yr_pums_api,acs_api_records=11433|employed_records=9784|query_mode=grouped_zero_fallback
occ_13_1071_00,13-1071.00,2024,acs_1yr_pums,131070,grouped_zero_fallback,11,"Agriculture, Forestry, Fishing and Hunting",17,4295.000,0.004,0.860,0.005,src_census_acs_2024_1yr_pums_api,acs_api_records=11433|employed_records=9784|query_mode=grouped_zero_fallback
occ_13_1071_00,13-1071.00,2024,acs_1yr_pums,131070,grouped_zero_fallback,21,"Mining, Quarrying, and Oil and Gas Extraction",18,3198.000,0.003,0.860,0.004,src_census_acs_2024_1yr_pums_api,acs_api_records=11433|employed_records=9784|query_mode=grouped_zero_fallback
occ_13_1071_00,13-1071.00,2024,acs_1yr_pums,131070,grouped_zero_fallback,55,Management of Companies and Enterprises,19,2709.000,0.003,0.860,0.003,src_census_acs_2024_1yr_pums_api,acs_api_records=11433|employed_records=9784|query_mode=grouped_zero_fallback
occ_13_1081_00,13-1081.00,2024,acs_1yr_pums,131081,exact_socp,31,Manufacturing,1,48471.000,0.202,0.815,0.248,src_census_acs_2024_1yr_pums_api,acs_api_records=2442|employed_records=2108|query_mode=exact_socp
occ_13_1081_00,13-1081.00,2024,acs_1yr_pums,131081,exact_socp,54,"Professional, Scientific, and Technical Services",2,43670.000,0.182,0.815,0.224,src_census_acs_2024_1yr_pums_api,acs_api_records=2442|employed_records=2108|query_mode=exact_socp
occ_13_1081_00,13-1081.00,2024,acs_1yr_pums,131081,exact_socp,48,Transportation and Warehousing,3,30526.000,0.128,0.815,0.156,src_census_acs_2024_1yr_pums_api,acs_api_records=2442|employed_records=2108|query_mode=exact_socp
occ_13_1081_00,13-1081.00,2024,acs_1yr_pums,131081,exact_socp,44,Retail Trade,4,23612.000,0.099,0.815,0.121,src_census_acs_2024_1yr_pums_api,acs_api_records=2442|employed_records=2108|query_mode=exact_socp
occ_13_1081_00,13-1081.00,2024,acs_1yr_pums,131081,exact_socp,42,Wholesale Trade,5,16534.000,0.069,0.815,0.085,src_census_acs_2024_1yr_pums_api,acs_api_records=2442|employed_records=2108|query_mode=exact_socp
occ_13_1081_00,13-1081.00,2024,acs_1yr_pums,131081,exact_socp,62,Health Care and Social Assistance,6,8448.000,0.035,0.815,0.043,src_census_acs_2024_1yr_pums_api,acs_api_records=2442|employed_records=2108|query_mode=exact_socp
occ_13_1081_00,13-1081.00,2024,acs_1yr_pums,131081,exact_socp,56,Administrative and Support and Waste Management Services,7,3599.000,0.015,0.815,0.018,src_census_acs_2024_1yr_pums_api,acs_api_records=2442|employed_records=2108|query_mode=exact_socp
occ_13_1081_00,13-1081.00,2024,acs_1yr_pums,131081,exact_socp,23,Construction,8,3143.000,0.013,0.815,0.016,src_census_acs_2024_1yr_pums_api,acs_api_records=2442|employed_records=2108|query_mode=exact_socp
occ_13_1081_00,13-1081.00,2024,acs_1yr_pums,131081,exact_socp,81,Other Services,9,2786.000,0.012,0.815,0.014,src_census_acs_2024_1yr_pums_api,acs_api_records=2442|employed_records=2108|query_mode=exact_socp
occ_13_1081_00,13-1081.00,2024,acs_1yr_pums,131081,exact_socp,22,Utilities,10,2080.000,0.009,0.815,0.011,src_census_acs_2024_1yr_pums_api,acs_api_records=2442|employed_records=2108|query_mode=exact_socp
occ_13_1081_00,13-1081.00,2024,acs_1yr_pums,131081,exact_socp,61,Educational Services,11,1827.000,0.008,0.815,0.009,src_census_acs_2024_1yr_pums_api,acs_api_records=2442|employed_records=2108|query_mode=exact_socp
occ_13_1081_00,13-1081.00,2024,acs_1yr_pums,131081,exact_socp,21,"Mining, Quarrying, and Oil and Gas Extraction",12,1767.000,0.007,0.815,0.009,src_census_acs_2024_1yr_pums_api,acs_api_records=2442|employed_records=2108|query_mode=exact_socp
occ_13_1081_00,13-1081.00,2024,acs_1yr_pums,131081,exact_socp,51,Information,13,1726.000,0.007,0.815,0.009,src_census_acs_2024_1yr_pums_api,acs_api_records=2442|employed_records=2108|query_mode=exact_socp
occ_13_1081_00,13-1081.00,2024,acs_1yr_pums,131081,exact_socp,52,Finance and Insurance,14,1693.000,0.007,0.815,0.009,src_census_acs_2024_1yr_pums_api,acs_api_records=2442|employed_records=2108|query_mode=exact_socp
occ_13_1081_00,13-1081.00,2024,acs_1yr_pums,131081,exact_socp,53,Real Estate and Rental and Leasing,15,1296.000,0.005,0.815,0.007,src_census_acs_2024_1yr_pums_api,acs_api_records=2442|employed_records=2108|query_mode=exact_socp
occ_13_1081_00,13-1081.00,2024,acs_1yr_pums,131081,exact_socp,72,Accommodation and Food Services,16,1118.000,0.005,0.815,0.006,src_census_acs_2024_1yr_pums_api,acs_api_records=2442|employed_records=2108|query_mode=exact_socp
occ_13_1081_00,13-1081.00,2024,acs_1yr_pums,131081,exact_socp,55,Management of Companies and Enterprises,17,1109.000,0.005,0.815,0.006,src_census_acs_2024_1yr_pums_api,acs_api_records=2442|employed_records=2108|query_mode=exact_socp
occ_13_1081_00,13-1081.00,2024,acs_1yr_pums,131081,exact_socp,71,"Arts, Entertainment, and Recreation",18,1006.000,0.004,0.815,0.005,src_census_acs_2024_1yr_pums_api,acs_api_records=2442|employed_records=2108|query_mode=exact_socp
occ_13_1081_00,13-1081.00,2024,acs_1yr_pums,131081,exact_socp,11,"Agriculture, Forestry, Fishing and Hunting",19,766.000,0.003,0.815,0.004,src_census_acs_2024_1yr_pums_api,acs_api_records=2442|employed_records=2108|query_mode=exact_socp
occ_13_1082_00,13-1082.00,2024,acs_1yr_pums,131082,exact_socp,54,"Professional, Scientific, and Technical Services",1,290302.000,0.285,0.939,0.304,src_census_acs_2024_1yr_pums_api,acs_api_records=11487|employed_records=10148|query_mode=exact_socp
occ_13_1082_00,13-1082.00,2024,acs_1yr_pums,131082,exact_socp,31,Manufacturing,2,168497.000,0.166,0.939,0.176,src_census_acs_2024_1yr_pums_api,acs_api_records=11487|employed_records=10148|query_mode=exact_socp
occ_13_1082_00,13-1082.00,2024,acs_1yr_pums,131082,exact_socp,52,Finance and Insurance,3,88022.000,0.086,0.939,0.092,src_census_acs_2024_1yr_pums_api,acs_api_records=11487|employed_records=10148|query_mode=exact_socp
occ_13_1082_00,13-1082.00,2024,acs_1yr_pums,131082,exact_socp,51,Information,4,58247.000,0.057,0.939,0.061,src_census_acs_2024_1yr_pums_api,acs_api_records=11487|employed_records=10148|query_mode=exact_socp
occ_13_1082_00,13-1082.00,2024,acs_1yr_pums,131082,exact_socp,56,Administrative and Support and Waste Management Services,5,45620.000,0.045,0.939,0.048,src_census_acs_2024_1yr_pums_api,acs_api_records=11487|employed_records=10148|query_mode=exact_socp
occ_13_1082_00,13-1082.00,2024,acs_1yr_pums,131082,exact_socp,62,Health Care and Social Assistance,6,43597.000,0.043,0.939,0.046,src_census_acs_2024_1yr_pums_api,acs_api_records=11487|employed_records=10148|query_mode=exact_socp
occ_13_1082_00,13-1082.00,2024,acs_1yr_pums,131082,exact_socp,23,Construction,7,41693.000,0.041,0.939,0.044,src_census_acs_2024_1yr_pums_api,acs_api_records=11487|employed_records=10148|query_mode=exact_socp
occ_13_1082_00,13-1082.00,2024,acs_1yr_pums,131082,exact_socp,44,Retail Trade,8,39723.000,0.039,0.939,0.042,src_census_acs_2024_1yr_pums_api,acs_api_records=11487|employed_records=10148|query_mode=exact_socp
occ_13_1082_00,13-1082.00,2024,acs_1yr_pums,131082,exact_socp,61,Educational Services,9,39349.000,0.039,0.939,0.041,src_census_acs_2024_1yr_pums_api,acs_api_records=11487|employed_records=10148|query_mode=exact_socp
occ_13_1082_00,13-1082.00,2024,acs_1yr_pums,131082,exact_socp,22,Utilities,10,32842.000,0.032,0.939,0.034,src_census_acs_2024_1yr_pums_api,acs_api_records=11487|employed_records=10148|query_mode=exact_socp
occ_13_1082_00,13-1082.00,2024,acs_1yr_pums,131082,exact_socp,81,Other Services,11,27414.000,0.027,0.939,0.029,src_census_acs_2024_1yr_pums_api,acs_api_records=11487|employed_records=10148|query_mode=exact_socp
occ_13_1082_00,13-1082.00,2024,acs_1yr_pums,131082,exact_socp,53,Real Estate and Rental and Leasing,12,20315.000,0.020,0.939,0.021,src_census_acs_2024_1yr_pums_api,acs_api_records=11487|employed_records=10148|query_mode=exact_socp
occ_13_1082_00,13-1082.00,2024,acs_1yr_pums,131082,exact_socp,42,Wholesale Trade,13,17918.000,0.018,0.939,0.019,src_census_acs_2024_1yr_pums_api,acs_api_records=11487|employed_records=10148|query_mode=exact_socp
occ_13_1082_00,13-1082.00,2024,acs_1yr_pums,131082,exact_socp,48,Transportation and Warehousing,14,17461.000,0.017,0.939,0.018,src_census_acs_2024_1yr_pums_api,acs_api_records=11487|employed_records=10148|query_mode=exact_socp
occ_13_1082_00,13-1082.00,2024,acs_1yr_pums,131082,exact_socp,71,"Arts, Entertainment, and Recreation",15,9564.000,0.009,0.939,0.010,src_census_acs_2024_1yr_pums_api,acs_api_records=11487|employed_records=10148|query_mode=exact_socp
occ_13_1082_00,13-1082.00,2024,acs_1yr_pums,131082,exact_socp,72,Accommodation and Food Services,16,5841.000,0.006,0.939,0.006,src_census_acs_2024_1yr_pums_api,acs_api_records=11487|employed_records=10148|query_mode=exact_socp
occ_13_1082_00,13-1082.00,2024,acs_1yr_pums,131082,exact_socp,55,Management of Companies and Enterprises,17,4047.000,0.004,0.939,0.004,src_census_acs_2024_1yr_pums_api,acs_api_records=11487|employed_records=10148|query_mode=exact_socp
occ_13_1082_00,13-1082.00,2024,acs_1yr_pums,131082,exact_socp,21,"Mining, Quarrying, and Oil and Gas Extraction",18,3491.000,0.003,0.939,0.004,src_census_acs_2024_1yr_pums_api,acs_api_records=11487|employed_records=10148|query_mode=exact_socp
occ_13_1082_00,13-1082.00,2024,acs_1yr_pums,131082,exact_socp,11,"Agriculture, Forestry, Fishing and Hunting",19,1846.000,0.002,0.939,0.002,src_census_acs_2024_1yr_pums_api,acs_api_records=11487|employed_records=10148|query_mode=exact_socp
occ_13_1111_00,13-1111.00,2024,acs_1yr_pums,131111,exact_socp,54,"Professional, Scientific, and Technical Services",1,729787.000,0.637,0.955,0.667,src_census_acs_2024_1yr_pums_api,acs_api_records=13691|employed_records=11365|query_mode=exact_socp
occ_13_1111_00,13-1111.00,2024,acs_1yr_pums,131111,exact_socp,52,Finance and Insurance,2,106955.000,0.093,0.955,0.098,src_census_acs_2024_1yr_pums_api,acs_api_records=13691|employed_records=11365|query_mode=exact_socp
occ_13_1111_00,13-1111.00,2024,acs_1yr_pums,131111,exact_socp,44,Retail Trade,3,49528.000,0.043,0.955,0.045,src_census_acs_2024_1yr_pums_api,acs_api_records=13691|employed_records=11365|query_mode=exact_socp
occ_13_1111_00,13-1111.00,2024,acs_1yr_pums,131111,exact_socp,31,Manufacturing,4,46287.000,0.040,0.955,0.042,src_census_acs_2024_1yr_pums_api,acs_api_records=13691|employed_records=11365|query_mode=exact_socp
occ_13_1111_00,13-1111.00,2024,acs_1yr_pums,131111,exact_socp,62,Health Care and Social Assistance,5,25964.000,0.023,0.955,0.024,src_census_acs_2024_1yr_pums_api,acs_api_records=13691|employed_records=11365|query_mode=exact_socp
occ_13_1111_00,13-1111.00,2024,acs_1yr_pums,131111,exact_socp,51,Information,6,24331.000,0.021,0.955,0.022,src_census_acs_2024_1yr_pums_api,acs_api_records=13691|employed_records=11365|query_mode=exact_socp
occ_13_1111_00,13-1111.00,2024,acs_1yr_pums,131111,exact_socp,56,Administrative and Support and Waste Management Services,7,20486.000,0.018,0.955,0.019,src_census_acs_2024_1yr_pums_api,acs_api_records=13691|employed_records=11365|query_mode=exact_socp
occ_13_1111_00,13-1111.00,2024,acs_1yr_pums,131111,exact_socp,42,Wholesale Trade,8,18055.000,0.016,0.955,0.016,src_census_acs_2024_1yr_pums_api,acs_api_records=13691|employed_records=11365|query_mode=exact_socp
occ_13_1111_00,13-1111.00,2024,acs_1yr_pums,131111,exact_socp,61,Educational Services,9,14463.000,0.013,0.955,0.013,src_census_acs_2024_1yr_pums_api,acs_api_records=13691|employed_records=11365|query_mode=exact_socp
occ_13_1111_00,13-1111.00,2024,acs_1yr_pums,131111,exact_socp,22,Utilities,10,12262.000,0.011,0.955,0.011,src_census_acs_2024_1yr_pums_api,acs_api_records=13691|employed_records=11365|query_mode=exact_socp
occ_13_1111_00,13-1111.00,2024,acs_1yr_pums,131111,exact_socp,81,Other Services,11,11188.000,0.010,0.955,0.010,src_census_acs_2024_1yr_pums_api,acs_api_records=13691|employed_records=11365|query_mode=exact_socp
occ_13_1111_00,13-1111.00,2024,acs_1yr_pums,131111,exact_socp,48,Transportation and Warehousing,12,7774.000,0.007,0.955,0.007,src_census_acs_2024_1yr_pums_api,acs_api_records=13691|employed_records=11365|query_mode=exact_socp
occ_13_1111_00,13-1111.00,2024,acs_1yr_pums,131111,exact_socp,53,Real Estate and Rental and Leasing,13,7221.000,0.006,0.955,0.007,src_census_acs_2024_1yr_pums_api,acs_api_records=13691|employed_records=11365|query_mode=exact_socp
occ_13_1111_00,13-1111.00,2024,acs_1yr_pums,131111,exact_socp,23,Construction,14,7038.000,0.006,0.955,0.006,src_census_acs_2024_1yr_pums_api,acs_api_records=13691|employed_records=11365|query_mode=exact_socp
occ_13_1111_00,13-1111.00,2024,acs_1yr_pums,131111,exact_socp,55,Management of Companies and Enterprises,15,4023.000,0.004,0.955,0.004,src_census_acs_2024_1yr_pums_api,acs_api_records=13691|employed_records=11365|query_mode=exact_socp
occ_13_1111_00,13-1111.00,2024,acs_1yr_pums,131111,exact_socp,72,Accommodation and Food Services,16,3069.000,0.003,0.955,0.003,src_census_acs_2024_1yr_pums_api,acs_api_records=13691|employed_records=11365|query_mode=exact_socp
occ_13_1111_00,13-1111.00,2024,acs_1yr_pums,131111,exact_socp,71,"Arts, Entertainment, and Recreation",17,2716.000,0.002,0.955,0.002,src_census_acs_2024_1yr_pums_api,acs_api_records=13691|employed_records=11365|query_mode=exact_socp
occ_13_1111_00,13-1111.00,2024,acs_1yr_pums,131111,exact_socp,21,"Mining, Quarrying, and Oil and Gas Extraction",18,1736.000,0.002,0.955,0.002,src_census_acs_2024_1yr_pums_api,acs_api_records=13691|employed_records=11365|query_mode=exact_socp
occ_13_1111_00,13-1111.00,2024,acs_1yr_pums,131111,exact_socp,11,"Agriculture, Forestry, Fishing and Hunting",19,1735.000,0.002,0.955,0.002,src_census_acs_2024_1yr_pums_api,acs_api_records=13691|employed_records=11365|query_mode=exact_socp
occ_13_1151_00,13-1151.00,2024,acs_1yr_pums,131151,exact_socp,31,Manufacturing,1,31063.000,0.154,0.871,0.177,src_census_acs_2024_1yr_pums_api,acs_api_records=2276|employed_records=1936|query_mode=exact_socp
occ_13_1151_00,13-1151.00,2024,acs_1yr_pums,131151,exact_socp,54,"Professional, Scientific, and Technical Services",2,25822.000,0.128,0.871,0.147,src_census_acs_2024_1yr_pums_api,acs_api_records=2276|employed_records=1936|query_mode=exact_socp
occ_13_1151_00,13-1151.00,2024,acs_1yr_pums,131151,exact_socp,62,Health Care and Social Assistance,3,24233.000,0.120,0.871,0.138,src_census_acs_2024_1yr_pums_api,acs_api_records=2276|employed_records=1936|query_mode=exact_socp
occ_13_1151_00,13-1151.00,2024,acs_1yr_pums,131151,exact_socp,52,Finance and Insurance,4,15406.000,0.076,0.871,0.088,src_census_acs_2024_1yr_pums_api,acs_api_records=2276|employed_records=1936|query_mode=exact_socp
occ_13_1151_00,13-1151.00,2024,acs_1yr_pums,131151,exact_socp,44,Retail Trade,5,12209.000,0.060,0.871,0.069,src_census_acs_2024_1yr_pums_api,acs_api_records=2276|employed_records=1936|query_mode=exact_socp
occ_13_1151_00,13-1151.00,2024,acs_1yr_pums,131151,exact_socp,61,Educational Services,6,12002.000,0.059,0.871,0.068,src_census_acs_2024_1yr_pums_api,acs_api_records=2276|employed_records=1936|query_mode=exact_socp
occ_13_1151_00,13-1151.00,2024,acs_1yr_pums,131151,exact_socp,56,Administrative and Support and Waste Management Services,7,11058.000,0.055,0.871,0.063,src_census_acs_2024_1yr_pums_api,acs_api_records=2276|employed_records=1936|query_mode=exact_socp
occ_13_1151_00,13-1151.00,2024,acs_1yr_pums,131151,exact_socp,48,Transportation and Warehousing,8,6852.000,0.034,0.871,0.039,src_census_acs_2024_1yr_pums_api,acs_api_records=2276|employed_records=1936|query_mode=exact_socp
occ_13_1151_00,13-1151.00,2024,acs_1yr_pums,131151,exact_socp,81,Other Services,9,5910.000,0.029,0.871,0.034,src_census_acs_2024_1yr_pums_api,acs_api_records=2276|employed_records=1936|query_mode=exact_socp
occ_13_1151_00,13-1151.00,2024,acs_1yr_pums,131151,exact_socp,22,Utilities,10,5569.000,0.028,0.871,0.032,src_census_acs_2024_1yr_pums_api,acs_api_records=2276|employed_records=1936|query_mode=exact_socp
occ_13_1151_00,13-1151.00,2024,acs_1yr_pums,131151,exact_socp,42,Wholesale Trade,11,5198.000,0.026,0.871,0.030,src_census_acs_2024_1yr_pums_api,acs_api_records=2276|employed_records=1936|query_mode=exact_socp
occ_13_1151_00,13-1151.00,2024,acs_1yr_pums,131151,exact_socp,72,Accommodation and Food Services,12,4987.000,0.025,0.871,0.028,src_census_acs_2024_1yr_pums_api,acs_api_records=2276|employed_records=1936|query_mode=exact_socp
occ_13_1151_00,13-1151.00,2024,acs_1yr_pums,131151,exact_socp,51,Information,13,4847.000,0.024,0.871,0.028,src_census_acs_2024_1yr_pums_api,acs_api_records=2276|employed_records=1936|query_mode=exact_socp
occ_13_1151_00,13-1151.00,2024,acs_1yr_pums,131151,exact_socp,23,Construction,14,3735.000,0.018,0.871,0.021,src_census_acs_2024_1yr_pums_api,acs_api_records=2276|employed_records=1936|query_mode=exact_socp
occ_13_1151_00,13-1151.00,2024,acs_1yr_pums,131151,exact_socp,71,"Arts, Entertainment, and Recreation",15,2520.000,0.012,0.871,0.014,src_census_acs_2024_1yr_pums_api,acs_api_records=2276|employed_records=1936|query_mode=exact_socp
occ_13_1151_00,13-1151.00,2024,acs_1yr_pums,131151,exact_socp,21,"Mining, Quarrying, and Oil and Gas Extraction",16,1641.000,0.008,0.871,0.009,src_census_acs_2024_1yr_pums_api,acs_api_records=2276|employed_records=1936|query_mode=exact_socp
occ_13_1151_00,13-1151.00,2024,acs_1yr_pums,131151,exact_socp,55,Management of Companies and Enterprises,17,1629.000,0.008,0.871,0.009,src_census_acs_2024_1yr_pums_api,acs_api_records=2276|employed_records=1936|query_mode=exact_socp
occ_13_1151_00,13-1151.00,2024,acs_1yr_pums,131151,exact_socp,53,Real Estate and Rental and Leasing,18,745.000,0.004,0.871,0.004,src_census_acs_2024_1yr_pums_api,acs_api_records=2276|employed_records=1936|query_mode=exact_socp
occ_13_1151_00,13-1151.00,2024,acs_1yr_pums,131151,exact_socp,11,"Agriculture, Forestry, Fishing and Hunting",19,473.000,0.002,0.871,0.003,src_census_acs_2024_1yr_pums_api,acs_api_records=2276|employed_records=1936|query_mode=exact_socp
occ_13_1161_00,13-1161.00,2024,acs_1yr_pums,131161,exact_socp,54,"Professional, Scientific, and Technical Services",1,186890.000,0.356,0.990,0.360,src_census_acs_2024_1yr_pums_api,acs_api_records=5842|employed_records=4976|query_mode=exact_socp
occ_13_1161_00,13-1161.00,2024,acs_1yr_pums,131161,exact_socp,31,Manufacturing,2,59888.000,0.114,0.990,0.115,src_census_acs_2024_1yr_pums_api,acs_api_records=5842|employed_records=4976|query_mode=exact_socp
occ_13_1161_00,13-1161.00,2024,acs_1yr_pums,131161,exact_socp,52,Finance and Insurance,3,47900.000,0.091,0.990,0.092,src_census_acs_2024_1yr_pums_api,acs_api_records=5842|employed_records=4976|query_mode=exact_socp
occ_13_1161_00,13-1161.00,2024,acs_1yr_pums,131161,exact_socp,51,Information,4,42900.000,0.082,0.990,0.083,src_census_acs_2024_1yr_pums_api,acs_api_records=5842|employed_records=4976|query_mode=exact_socp
occ_13_1161_00,13-1161.00,2024,acs_1yr_pums,131161,exact_socp,44,Retail Trade,5,38040.000,0.072,0.990,0.073,src_census_acs_2024_1yr_pums_api,acs_api_records=5842|employed_records=4976|query_mode=exact_socp
occ_13_1161_00,13-1161.00,2024,acs_1yr_pums,131161,exact_socp,62,Health Care and Social Assistance,6,26980.000,0.051,0.990,0.052,src_census_acs_2024_1yr_pums_api,acs_api_records=5842|employed_records=4976|query_mode=exact_socp
occ_13_1161_00,13-1161.00,2024,acs_1yr_pums,131161,exact_socp,61,Educational Services,7,20074.000,0.038,0.990,0.039,src_census_acs_2024_1yr_pums_api,acs_api_records=5842|employed_records=4976|query_mode=exact_socp
occ_13_1161_00,13-1161.00,2024,acs_1yr_pums,131161,exact_socp,81,Other Services,8,18666.000,0.036,0.990,0.036,src_census_acs_2024_1yr_pums_api,acs_api_records=5842|employed_records=4976|query_mode=exact_socp
occ_13_1161_00,13-1161.00,2024,acs_1yr_pums,131161,exact_socp,42,Wholesale Trade,9,14602.000,0.028,0.990,0.028,src_census_acs_2024_1yr_pums_api,acs_api_records=5842|employed_records=4976|query_mode=exact_socp
occ_13_1161_00,13-1161.00,2024,acs_1yr_pums,131161,exact_socp,71,"Arts, Entertainment, and Recreation",10,14439.000,0.028,0.990,0.028,src_census_acs_2024_1yr_pums_api,acs_api_records=5842|employed_records=4976|query_mode=exact_socp
occ_13_1161_00,13-1161.00,2024,acs_1yr_pums,131161,exact_socp,56,Administrative and Support and Waste Management Services,11,10981.000,0.021,0.990,0.021,src_census_acs_2024_1yr_pums_api,acs_api_records=5842|employed_records=4976|query_mode=exact_socp
occ_13_1161_00,13-1161.00,2024,acs_1yr_pums,131161,exact_socp,72,Accommodation and Food Services,12,9119.000,0.017,0.990,0.018,src_census_acs_2024_1yr_pums_api,acs_api_records=5842|employed_records=4976|query_mode=exact_socp
occ_13_1161_00,13-1161.00,2024,acs_1yr_pums,131161,exact_socp,53,Real Estate and Rental and Leasing,13,8420.000,0.016,0.990,0.016,src_census_acs_2024_1yr_pums_api,acs_api_records=5842|employed_records=4976|query_mode=exact_socp
occ_13_1161_00,13-1161.00,2024,acs_1yr_pums,131161,exact_socp,23,Construction,14,7672.000,0.015,0.990,0.015,src_census_acs_2024_1yr_pums_api,acs_api_records=5842|employed_records=4976|query_mode=exact_socp
occ_13_1161_00,13-1161.00,2024,acs_1yr_pums,131161,exact_socp,48,Transportation and Warehousing,15,5302.000,0.010,0.990,0.010,src_census_acs_2024_1yr_pums_api,acs_api_records=5842|employed_records=4976|query_mode=exact_socp
occ_13_1161_00,13-1161.00,2024,acs_1yr_pums,131161,exact_socp,22,Utilities,16,3675.000,0.007,0.990,0.007,src_census_acs_2024_1yr_pums_api,acs_api_records=5842|employed_records=4976|query_mode=exact_socp
occ_13_1161_00,13-1161.00,2024,acs_1yr_pums,131161,exact_socp,55,Management of Companies and Enterprises,17,2875.000,0.005,0.990,0.006,src_census_acs_2024_1yr_pums_api,acs_api_records=5842|employed_records=4976|query_mode=exact_socp
occ_13_1161_00,13-1161.00,2024,acs_1yr_pums,131161,exact_socp,11,"Agriculture, Forestry, Fishing and Hunting",18,832.000,0.002,0.990,0.002,src_census_acs_2024_1yr_pums_api,acs_api_records=5842|employed_records=4976|query_mode=exact_socp
occ_13_1161_00,13-1161.00,2024,acs_1yr_pums,131161,exact_socp,21,"Mining, Quarrying, and Oil and Gas Extraction",19,462.000,0.001,0.990,0.001,src_census_acs_2024_1yr_pums_api,acs_api_records=5842|employed_records=4976|query_mode=exact_socp
occ_13_2011_00,13-2011.00,2024,acs_1yr_pums,132011,exact_socp,54,"Professional, Scientific, and Technical Services",1,671801.000,0.385,0.925,0.416,src_census_acs_2024_1yr_pums_api,acs_api_records=20814|employed_records=17673|query_mode=exact_socp
occ_13_2011_00,13-2011.00,2024,acs_1yr_pums,132011,exact_socp,52,Finance and Insurance,2,184830.000,0.106,0.925,0.115,src_census_acs_2024_1yr_pums_api,acs_api_records=20814|employed_records=17673|query_mode=exact_socp
occ_13_2011_00,13-2011.00,2024,acs_1yr_pums,132011,exact_socp,31,Manufacturing,3,144240.000,0.083,0.925,0.089,src_census_acs_2024_1yr_pums_api,acs_api_records=20814|employed_records=17673|query_mode=exact_socp
occ_13_2011_00,13-2011.00,2024,acs_1yr_pums,132011,exact_socp,62,Health Care and Social Assistance,4,91304.000,0.052,0.925,0.057,src_census_acs_2024_1yr_pums_api,acs_api_records=20814|employed_records=17673|query_mode=exact_socp
occ_13_2011_00,13-2011.00,2024,acs_1yr_pums,132011,exact_socp,44,Retail Trade,5,69956.000,0.040,0.925,0.043,src_census_acs_2024_1yr_pums_api,acs_api_records=20814|employed_records=17673|query_mode=exact_socp
occ_13_2011_00,13-2011.00,2024,acs_1yr_pums,132011,exact_socp,61,Educational Services,6,67783.000,0.039,0.925,0.042,src_census_acs_2024_1yr_pums_api,acs_api_records=20814|employed_records=17673|query_mode=exact_socp
occ_13_2011_00,13-2011.00,2024,acs_1yr_pums,132011,exact_socp,23,Construction,7,62285.000,0.036,0.925,0.039,src_census_acs_2024_1yr_pums_api,acs_api_records=20814|employed_records=17673|query_mode=exact_socp
occ_13_2011_00,13-2011.00,2024,acs_1yr_pums,132011,exact_socp,53,Real Estate and Rental and Leasing,8,49578.000,0.028,0.925,0.031,src_census_acs_2024_1yr_pums_api,acs_api_records=20814|employed_records=17673|query_mode=exact_socp
occ_13_2011_00,13-2011.00,2024,acs_1yr_pums,132011,exact_socp,42,Wholesale Trade,9,41097.000,0.024,0.925,0.025,src_census_acs_2024_1yr_pums_api,acs_api_records=20814|employed_records=17673|query_mode=exact_socp
occ_13_2011_00,13-2011.00,2024,acs_1yr_pums,132011,exact_socp,81,Other Services,10,40896.000,0.023,0.925,0.025,src_census_acs_2024_1yr_pums_api,acs_api_records=20814|employed_records=17673|query_mode=exact_socp
occ_13_2011_00,13-2011.00,2024,acs_1yr_pums,132011,exact_socp,56,Administrative and Support and Waste Management Services,11,40599.000,0.023,0.925,0.025,src_census_acs_2024_1yr_pums_api,acs_api_records=20814|employed_records=17673|query_mode=exact_socp
occ_13_2011_00,13-2011.00,2024,acs_1yr_pums,132011,exact_socp,48,Transportation and Warehousing,12,31693.000,0.018,0.925,0.020,src_census_acs_2024_1yr_pums_api,acs_api_records=20814|employed_records=17673|query_mode=exact_socp
occ_13_2011_00,13-2011.00,2024,acs_1yr_pums,132011,exact_socp,72,Accommodation and Food Services,13,30001.000,0.017,0.925,0.019,src_census_acs_2024_1yr_pums_api,acs_api_records=20814|employed_records=17673|query_mode=exact_socp
occ_13_2011_00,13-2011.00,2024,acs_1yr_pums,132011,exact_socp,51,Information,14,25340.000,0.015,0.925,0.016,src_census_acs_2024_1yr_pums_api,acs_api_records=20814|employed_records=17673|query_mode=exact_socp
occ_13_2011_00,13-2011.00,2024,acs_1yr_pums,132011,exact_socp,22,Utilities,15,23876.000,0.014,0.925,0.015,src_census_acs_2024_1yr_pums_api,acs_api_records=20814|employed_records=17673|query_mode=exact_socp
occ_13_2011_00,13-2011.00,2024,acs_1yr_pums,132011,exact_socp,71,"Arts, Entertainment, and Recreation",16,15587.000,0.009,0.925,0.010,src_census_acs_2024_1yr_pums_api,acs_api_records=20814|employed_records=17673|query_mode=exact_socp
occ_13_2011_00,13-2011.00,2024,acs_1yr_pums,132011,exact_socp,21,"Mining, Quarrying, and Oil and Gas Extraction",17,8922.000,0.005,0.925,0.006,src_census_acs_2024_1yr_pums_api,acs_api_records=20814|employed_records=17673|query_mode=exact_socp
occ_13_2011_00,13-2011.00,2024,acs_1yr_pums,132011,exact_socp,55,Management of Companies and Enterprises,18,7041.000,0.004,0.925,0.004,src_census_acs_2024_1yr_pums_api,acs_api_records=20814|employed_records=17673|query_mode=exact_socp
occ_13_2011_00,13-2011.00,2024,acs_1yr_pums,132011,exact_socp,11,"Agriculture, Forestry, Fishing and Hunting",19,6822.000,0.004,0.925,0.004,src_census_acs_2024_1yr_pums_api,acs_api_records=20814|employed_records=17673|query_mode=exact_socp
occ_13_2051_00,13-2051.00,2024,acs_1yr_pums,132051,exact_socp,52,Finance and Insurance,1,172855.000,0.455,0.943,0.482,src_census_acs_2024_1yr_pums_api,acs_api_records=4146|employed_records=3633|query_mode=exact_socp
occ_13_2051_00,13-2051.00,2024,acs_1yr_pums,132051,exact_socp,54,"Professional, Scientific, and Technical Services",2,40483.000,0.107,0.943,0.113,src_census_acs_2024_1yr_pums_api,acs_api_records=4146|employed_records=3633|query_mode=exact_socp
occ_13_2051_00,13-2051.00,2024,acs_1yr_pums,132051,exact_socp,31,Manufacturing,3,38563.000,0.101,0.943,0.108,src_census_acs_2024_1yr_pums_api,acs_api_records=4146|employed_records=3633|query_mode=exact_socp
occ_13_2051_00,13-2051.00,2024,acs_1yr_pums,132051,exact_socp,62,Health Care and Social Assistance,4,21436.000,0.056,0.943,0.060,src_census_acs_2024_1yr_pums_api,acs_api_records=4146|employed_records=3633|query_mode=exact_socp
occ_13_2051_00,13-2051.00,2024,acs_1yr_pums,132051,exact_socp,44,Retail Trade,5,11845.000,0.031,0.943,0.033,src_census_acs_2024_1yr_pums_api,acs_api_records=4146|employed_records=3633|query_mode=exact_socp
occ_13_2051_00,13-2051.00,2024,acs_1yr_pums,132051,exact_socp,61,Educational Services,6,11450.000,0.030,0.943,0.032,src_census_acs_2024_1yr_pums_api,acs_api_records=4146|employed_records=3633|query_mode=exact_socp
occ_13_2051_00,13-2051.00,2024,acs_1yr_pums,132051,exact_socp,51,Information,7,11226.000,0.030,0.943,0.031,src_census_acs_2024_1yr_pums_api,acs_api_records=4146|employed_records=3633|query_mode=exact_socp
occ_13_2051_00,13-2051.00,2024,acs_1yr_pums,132051,exact_socp,53,Real Estate and Rental and Leasing,8,9882.000,0.026,0.943,0.028,src_census_acs_2024_1yr_pums_api,acs_api_records=4146|employed_records=3633|query_mode=exact_socp
occ_13_2051_00,13-2051.00,2024,acs_1yr_pums,132051,exact_socp,56,Administrative and Support and Waste Management Services,9,6413.000,0.017,0.943,0.018,src_census_acs_2024_1yr_pums_api,acs_api_records=4146|employed_records=3633|query_mode=exact_socp
occ_13_2051_00,13-2051.00,2024,acs_1yr_pums,132051,exact_socp,22,Utilities,10,6405.000,0.017,0.943,0.018,src_census_acs_2024_1yr_pums_api,acs_api_records=4146|employed_records=3633|query_mode=exact_socp
occ_13_2051_00,13-2051.00,2024,acs_1yr_pums,132051,exact_socp,42,Wholesale Trade,11,5256.000,0.014,0.943,0.015,src_census_acs_2024_1yr_pums_api,acs_api_records=4146|employed_records=3633|query_mode=exact_socp
occ_13_2051_00,13-2051.00,2024,acs_1yr_pums,132051,exact_socp,23,Construction,12,4625.000,0.012,0.943,0.013,src_census_acs_2024_1yr_pums_api,acs_api_records=4146|employed_records=3633|query_mode=exact_socp
occ_13_2051_00,13-2051.00,2024,acs_1yr_pums,132051,exact_socp,81,Other Services,13,4265.000,0.011,0.943,0.012,src_census_acs_2024_1yr_pums_api,acs_api_records=4146|employed_records=3633|query_mode=exact_socp
occ_13_2051_00,13-2051.00,2024,acs_1yr_pums,132051,exact_socp,72,Accommodation and Food Services,14,3540.000,0.009,0.943,0.010,src_census_acs_2024_1yr_pums_api,acs_api_records=4146|employed_records=3633|query_mode=exact_socp
occ_13_2051_00,13-2051.00,2024,acs_1yr_pums,132051,exact_socp,48,Transportation and Warehousing,15,3302.000,0.009,0.943,0.009,src_census_acs_2024_1yr_pums_api,acs_api_records=4146|employed_records=3633|query_mode=exact_socp
occ_13_2051_00,13-2051.00,2024,acs_1yr_pums,132051,exact_socp,55,Management of Companies and Enterprises,16,3091.000,0.008,0.943,0.009,src_census_acs_2024_1yr_pums_api,acs_api_records=4146|employed_records=3633|query_mode=exact_socp
occ_13_2051_00,13-2051.00,2024,acs_1yr_pums,132051,exact_socp,71,"Arts, Entertainment, and Recreation",17,2563.000,0.007,0.943,0.007,src_census_acs_2024_1yr_pums_api,acs_api_records=4146|employed_records=3633|query_mode=exact_socp
occ_13_2051_00,13-2051.00,2024,acs_1yr_pums,132051,exact_socp,21,"Mining, Quarrying, and Oil and Gas Extraction",18,949.000,0.002,0.943,0.003,src_census_acs_2024_1yr_pums_api,acs_api_records=4146|employed_records=3633|query_mode=exact_socp
occ_13_2051_00,13-2051.00,2024,acs_1yr_pums,132051,exact_socp,11,"Agriculture, Forestry, Fishing and Hunting",19,336.000,0.001,0.943,0.001,src_census_acs_2024_1yr_pums_api,acs_api_records=4146|employed_records=3633|query_mode=exact_socp
occ_13_2052_00,13-2052.00,2024,acs_1yr_pums,132052,exact_socp,52,Finance and Insurance,1,445532.000,0.861,0.990,0.870,src_census_acs_2024_1yr_pums_api,acs_api_records=5806|employed_records=5164|query_mode=exact_socp
occ_13_2052_00,13-2052.00,2024,acs_1yr_pums,132052,exact_socp,54,"Professional, Scientific, and Technical Services",2,25686.000,0.050,0.990,0.050,src_census_acs_2024_1yr_pums_api,acs_api_records=5806|employed_records=5164|query_mode=exact_socp
occ_13_2052_00,13-2052.00,2024,acs_1yr_pums,132052,exact_socp,62,Health Care and Social Assistance,3,13460.000,0.026,0.990,0.026,src_census_acs_2024_1yr_pums_api,acs_api_records=5806|employed_records=5164|query_mode=exact_socp
occ_13_2052_00,13-2052.00,2024,acs_1yr_pums,132052,exact_socp,31,Manufacturing,4,5712.000,0.011,0.990,0.011,src_census_acs_2024_1yr_pums_api,acs_api_records=5806|employed_records=5164|query_mode=exact_socp
occ_13_2052_00,13-2052.00,2024,acs_1yr_pums,132052,exact_socp,61,Educational Services,5,5224.000,0.010,0.990,0.010,src_census_acs_2024_1yr_pums_api,acs_api_records=5806|employed_records=5164|query_mode=exact_socp
occ_13_2052_00,13-2052.00,2024,acs_1yr_pums,132052,exact_socp,44,Retail Trade,6,4009.000,0.008,0.990,0.008,src_census_acs_2024_1yr_pums_api,acs_api_records=5806|employed_records=5164|query_mode=exact_socp
occ_13_2052_00,13-2052.00,2024,acs_1yr_pums,132052,exact_socp,56,Administrative and Support and Waste Management Services,7,2300.000,0.004,0.990,0.004,src_census_acs_2024_1yr_pums_api,acs_api_records=5806|employed_records=5164|query_mode=exact_socp
occ_13_2052_00,13-2052.00,2024,acs_1yr_pums,132052,exact_socp,81,Other Services,8,1751.000,0.003,0.990,0.003,src_census_acs_2024_1yr_pums_api,acs_api_records=5806|employed_records=5164|query_mode=exact_socp
occ_13_2052_00,13-2052.00,2024,acs_1yr_pums,132052,exact_socp,48,Transportation and Warehousing,9,1623.000,0.003,0.990,0.003,src_census_acs_2024_1yr_pums_api,acs_api_records=5806|employed_records=5164|query_mode=exact_socp
occ_13_2052_00,13-2052.00,2024,acs_1yr_pums,132052,exact_socp,51,Information,10,1273.000,0.002,0.990,0.002,src_census_acs_2024_1yr_pums_api,acs_api_records=5806|employed_records=5164|query_mode=exact_socp
occ_13_2052_00,13-2052.00,2024,acs_1yr_pums,132052,exact_socp,53,Real Estate and Rental and Leasing,11,1113.000,0.002,0.990,0.002,src_census_acs_2024_1yr_pums_api,acs_api_records=5806|employed_records=5164|query_mode=exact_socp
occ_13_2052_00,13-2052.00,2024,acs_1yr_pums,132052,exact_socp,23,Construction,12,922.000,0.002,0.990,0.002,src_census_acs_2024_1yr_pums_api,acs_api_records=5806|employed_records=5164|query_mode=exact_socp
occ_13_2052_00,13-2052.00,2024,acs_1yr_pums,132052,exact_socp,71,"Arts, Entertainment, and Recreation",13,895.000,0.002,0.990,0.002,src_census_acs_2024_1yr_pums_api,acs_api_records=5806|employed_records=5164|query_mode=exact_socp
occ_13_2052_00,13-2052.00,2024,acs_1yr_pums,132052,exact_socp,55,Management of Companies and Enterprises,14,758.000,0.001,0.990,0.001,src_census_acs_2024_1yr_pums_api,acs_api_records=5806|employed_records=5164|query_mode=exact_socp
occ_13_2052_00,13-2052.00,2024,acs_1yr_pums,132052,exact_socp,22,Utilities,15,549.000,0.001,0.990,0.001,src_census_acs_2024_1yr_pums_api,acs_api_records=5806|employed_records=5164|query_mode=exact_socp
occ_13_2052_00,13-2052.00,2024,acs_1yr_pums,132052,exact_socp,72,Accommodation and Food Services,16,540.000,0.001,0.990,0.001,src_census_acs_2024_1yr_pums_api,acs_api_records=5806|employed_records=5164|query_mode=exact_socp
occ_13_2052_00,13-2052.00,2024,acs_1yr_pums,132052,exact_socp,21,"Mining, Quarrying, and Oil and Gas Extraction",17,450.000,0.001,0.990,0.001,src_census_acs_2024_1yr_pums_api,acs_api_records=5806|employed_records=5164|query_mode=exact_socp
occ_13_2052_00,13-2052.00,2024,acs_1yr_pums,132052,exact_socp,42,Wholesale Trade,18,362.000,0.001,0.990,0.001,src_census_acs_2024_1yr_pums_api,acs_api_records=5806|employed_records=5164|query_mode=exact_socp
occ_13_2052_00,13-2052.00,2024,acs_1yr_pums,132052,exact_socp,11,"Agriculture, Forestry, Fishing and Hunting",19,59.000,0.000,0.990,0.000,src_census_acs_2024_1yr_pums_api,acs_api_records=5806|employed_records=5164|query_mode=exact_socp
occ_13_2072_00,13-2072.00,2024,acs_1yr_pums,132070,grouped_zero_fallback,52,Finance and Insurance,1,304697.000,0.888,0.976,0.909,src_census_acs_2024_1yr_pums_api,acs_api_records=3876|employed_records=3295|query_mode=grouped_zero_fallback
occ_13_2072_00,13-2072.00,2024,acs_1yr_pums,132070,grouped_zero_fallback,61,Educational Services,2,15501.000,0.045,0.976,0.046,src_census_acs_2024_1yr_pums_api,acs_api_records=3876|employed_records=3295|query_mode=grouped_zero_fallback
occ_13_2072_00,13-2072.00,2024,acs_1yr_pums,132070,grouped_zero_fallback,53,Real Estate and Rental and Leasing,3,5414.000,0.016,0.976,0.016,src_census_acs_2024_1yr_pums_api,acs_api_records=3876|employed_records=3295|query_mode=grouped_zero_fallback
occ_13_2072_00,13-2072.00,2024,acs_1yr_pums,132070,grouped_zero_fallback,81,Other Services,4,2788.000,0.008,0.976,0.008,src_census_acs_2024_1yr_pums_api,acs_api_records=3876|employed_records=3295|query_mode=grouped_zero_fallback
occ_13_2072_00,13-2072.00,2024,acs_1yr_pums,132070,grouped_zero_fallback,62,Health Care and Social Assistance,5,1421.000,0.004,0.976,0.004,src_census_acs_2024_1yr_pums_api,acs_api_records=3876|employed_records=3295|query_mode=grouped_zero_fallback
occ_13_2072_00,13-2072.00,2024,acs_1yr_pums,132070,grouped_zero_fallback,23,Construction,6,1224.000,0.004,0.976,0.004,src_census_acs_2024_1yr_pums_api,acs_api_records=3876|employed_records=3295|query_mode=grouped_zero_fallback
occ_13_2072_00,13-2072.00,2024,acs_1yr_pums,132070,grouped_zero_fallback,31,Manufacturing,7,1071.000,0.003,0.976,0.003,src_census_acs_2024_1yr_pums_api,acs_api_records=3876|employed_records=3295|query_mode=grouped_zero_fallback
occ_13_2072_00,13-2072.00,2024,acs_1yr_pums,132070,grouped_zero_fallback,54,"Professional, Scientific, and Technical Services",8,895.000,0.003,0.976,0.003,src_census_acs_2024_1yr_pums_api,acs_api_records=3876|employed_records=3295|query_mode=grouped_zero_fallback
occ_13_2072_00,13-2072.00,2024,acs_1yr_pums,132070,grouped_zero_fallback,44,Retail Trade,9,842.000,0.002,0.976,0.003,src_census_acs_2024_1yr_pums_api,acs_api_records=3876|employed_records=3295|query_mode=grouped_zero_fallback
occ_13_2072_00,13-2072.00,2024,acs_1yr_pums,132070,grouped_zero_fallback,56,Administrative and Support and Waste Management Services,10,823.000,0.002,0.976,0.002,src_census_acs_2024_1yr_pums_api,acs_api_records=3876|employed_records=3295|query_mode=grouped_zero_fallback
occ_13_2072_00,13-2072.00,2024,acs_1yr_pums,132070,grouped_zero_fallback,42,Wholesale Trade,11,232.000,0.001,0.976,0.001,src_census_acs_2024_1yr_pums_api,acs_api_records=3876|employed_records=3295|query_mode=grouped_zero_fallback
occ_13_2072_00,13-2072.00,2024,acs_1yr_pums,132070,grouped_zero_fallback,22,Utilities,12,123.000,0.000,0.976,0.000,src_census_acs_2024_1yr_pums_api,acs_api_records=3876|employed_records=3295|query_mode=grouped_zero_fallback
occ_13_2072_00,13-2072.00,2024,acs_1yr_pums,132070,grouped_zero_fallback,48,Transportation and Warehousing,13,57.000,0.000,0.976,0.000,src_census_acs_2024_1yr_pums_api,acs_api_records=3876|employed_records=3295|query_mode=grouped_zero_fallback
occ_13_2072_00,13-2072.00,2024,acs_1yr_pums,132070,grouped_zero_fallback,11,"Agriculture, Forestry, Fishing and Hunting",14,31.000,0.000,0.976,0.000,src_census_acs_2024_1yr_pums_api,acs_api_records=3876|employed_records=3295|query_mode=grouped_zero_fallback
occ_15_1211_00,15-1211.00,2024,acs_1yr_pums,151211,exact_socp,54,"Professional, Scientific, and Technical Services",1,198257.000,0.285,0.947,0.301,src_census_acs_2024_1yr_pums_api,acs_api_records=7498|employed_records=6568|query_mode=exact_socp
occ_15_1211_00,15-1211.00,2024,acs_1yr_pums,151211,exact_socp,52,Finance and Insurance,2,134827.000,0.194,0.947,0.205,src_census_acs_2024_1yr_pums_api,acs_api_records=7498|employed_records=6568|query_mode=exact_socp
occ_15_1211_00,15-1211.00,2024,acs_1yr_pums,151211,exact_socp,62,Health Care and Social Assistance,3,72003.000,0.103,0.947,0.109,src_census_acs_2024_1yr_pums_api,acs_api_records=7498|employed_records=6568|query_mode=exact_socp
occ_15_1211_00,15-1211.00,2024,acs_1yr_pums,151211,exact_socp,31,Manufacturing,4,62289.000,0.089,0.947,0.094,src_census_acs_2024_1yr_pums_api,acs_api_records=7498|employed_records=6568|query_mode=exact_socp
occ_15_1211_00,15-1211.00,2024,acs_1yr_pums,151211,exact_socp,44,Retail Trade,5,36494.000,0.052,0.947,0.055,src_census_acs_2024_1yr_pums_api,acs_api_records=7498|employed_records=6568|query_mode=exact_socp
occ_15_1211_00,15-1211.00,2024,acs_1yr_pums,151211,exact_socp,61,Educational Services,6,29528.000,0.042,0.947,0.045,src_census_acs_2024_1yr_pums_api,acs_api_records=7498|employed_records=6568|query_mode=exact_socp
occ_15_1211_00,15-1211.00,2024,acs_1yr_pums,151211,exact_socp,51,Information,7,24220.000,0.035,0.947,0.037,src_census_acs_2024_1yr_pums_api,acs_api_records=7498|employed_records=6568|query_mode=exact_socp
occ_15_1211_00,15-1211.00,2024,acs_1yr_pums,151211,exact_socp,56,Administrative and Support and Waste Management Services,8,23354.000,0.034,0.947,0.035,src_census_acs_2024_1yr_pums_api,acs_api_records=7498|employed_records=6568|query_mode=exact_socp
occ_15_1211_00,15-1211.00,2024,acs_1yr_pums,151211,exact_socp,48,Transportation and Warehousing,9,15644.000,0.022,0.947,0.024,src_census_acs_2024_1yr_pums_api,acs_api_records=7498|employed_records=6568|query_mode=exact_socp
occ_15_1211_00,15-1211.00,2024,acs_1yr_pums,151211,exact_socp,22,Utilities,10,14992.000,0.022,0.947,0.023,src_census_acs_2024_1yr_pums_api,acs_api_records=7498|employed_records=6568|query_mode=exact_socp
occ_15_1211_00,15-1211.00,2024,acs_1yr_pums,151211,exact_socp,42,Wholesale Trade,11,11649.000,0.017,0.947,0.018,src_census_acs_2024_1yr_pums_api,acs_api_records=7498|employed_records=6568|query_mode=exact_socp
occ_15_1211_00,15-1211.00,2024,acs_1yr_pums,151211,exact_socp,81,Other Services,12,8138.000,0.012,0.947,0.012,src_census_acs_2024_1yr_pums_api,acs_api_records=7498|employed_records=6568|query_mode=exact_socp
occ_15_1211_00,15-1211.00,2024,acs_1yr_pums,151211,exact_socp,53,Real Estate and Rental and Leasing,13,8069.000,0.012,0.947,0.012,src_census_acs_2024_1yr_pums_api,acs_api_records=7498|employed_records=6568|query_mode=exact_socp
occ_15_1211_00,15-1211.00,2024,acs_1yr_pums,151211,exact_socp,23,Construction,14,5648.000,0.008,0.947,0.009,src_census_acs_2024_1yr_pums_api,acs_api_records=7498|employed_records=6568|query_mode=exact_socp
occ_15_1211_00,15-1211.00,2024,acs_1yr_pums,151211,exact_socp,72,Accommodation and Food Services,15,5118.000,0.007,0.947,0.008,src_census_acs_2024_1yr_pums_api,acs_api_records=7498|employed_records=6568|query_mode=exact_socp
occ_15_1211_00,15-1211.00,2024,acs_1yr_pums,151211,exact_socp,71,"Arts, Entertainment, and Recreation",16,3185.000,0.005,0.947,0.005,src_census_acs_2024_1yr_pums_api,acs_api_records=7498|employed_records=6568|query_mode=exact_socp
occ_15_1211_00,15-1211.00,2024,acs_1yr_pums,151211,exact_socp,55,Management of Companies and Enterprises,17,2558.000,0.004,0.947,0.004,src_census_acs_2024_1yr_pums_api,acs_api_records=7498|employed_records=6568|query_mode=exact_socp
occ_15_1211_00,15-1211.00,2024,acs_1yr_pums,151211,exact_socp,21,"Mining, Quarrying, and Oil and Gas Extraction",18,2105.000,0.003,0.947,0.003,src_census_acs_2024_1yr_pums_api,acs_api_records=7498|employed_records=6568|query_mode=exact_socp
occ_15_1211_00,15-1211.00,2024,acs_1yr_pums,151211,exact_socp,11,"Agriculture, Forestry, Fishing and Hunting",19,1146.000,0.002,0.947,0.002,src_census_acs_2024_1yr_pums_api,acs_api_records=7498|employed_records=6568|query_mode=exact_socp
occ_15_1212_00,15-1212.00,2024,acs_1yr_pums,151212,exact_socp,54,"Professional, Scientific, and Technical Services",1,95578.000,0.380,0.838,0.453,src_census_acs_2024_1yr_pums_api,acs_api_records=2603|employed_records=2392|query_mode=exact_socp
occ_15_1212_00,15-1212.00,2024,acs_1yr_pums,151212,exact_socp,52,Finance and Insurance,2,36328.000,0.144,0.838,0.172,src_census_acs_2024_1yr_pums_api,acs_api_records=2603|employed_records=2392|query_mode=exact_socp
occ_15_1212_00,15-1212.00,2024,acs_1yr_pums,151212,exact_socp,31,Manufacturing,3,20293.000,0.081,0.838,0.096,src_census_acs_2024_1yr_pums_api,acs_api_records=2603|employed_records=2392|query_mode=exact_socp
occ_15_1212_00,15-1212.00,2024,acs_1yr_pums,151212,exact_socp,44,Retail Trade,4,9941.000,0.039,0.838,0.047,src_census_acs_2024_1yr_pums_api,acs_api_records=2603|employed_records=2392|query_mode=exact_socp
occ_15_1212_00,15-1212.00,2024,acs_1yr_pums,151212,exact_socp,51,Information,5,9108.000,0.036,0.838,0.043,src_census_acs_2024_1yr_pums_api,acs_api_records=2603|employed_records=2392|query_mode=exact_socp
occ_15_1212_00,15-1212.00,2024,acs_1yr_pums,151212,exact_socp,61,Educational Services,6,9020.000,0.036,0.838,0.043,src_census_acs_2024_1yr_pums_api,acs_api_records=2603|employed_records=2392|query_mode=exact_socp
occ_15_1212_00,15-1212.00,2024,acs_1yr_pums,151212,exact_socp,62,Health Care and Social Assistance,7,7725.000,0.031,0.838,0.037,src_census_acs_2024_1yr_pums_api,acs_api_records=2603|employed_records=2392|query_mode=exact_socp
occ_15_1212_00,15-1212.00,2024,acs_1yr_pums,151212,exact_socp,56,Administrative and Support and Waste Management Services,8,4962.000,0.020,0.838,0.024,src_census_acs_2024_1yr_pums_api,acs_api_records=2603|employed_records=2392|query_mode=exact_socp
occ_15_1212_00,15-1212.00,2024,acs_1yr_pums,151212,exact_socp,22,Utilities,9,4640.000,0.018,0.838,0.022,src_census_acs_2024_1yr_pums_api,acs_api_records=2603|employed_records=2392|query_mode=exact_socp
occ_15_1212_00,15-1212.00,2024,acs_1yr_pums,151212,exact_socp,48,Transportation and Warehousing,10,3614.000,0.014,0.838,0.017,src_census_acs_2024_1yr_pums_api,acs_api_records=2603|employed_records=2392|query_mode=exact_socp
occ_15_1212_00,15-1212.00,2024,acs_1yr_pums,151212,exact_socp,23,Construction,11,2312.000,0.009,0.838,0.011,src_census_acs_2024_1yr_pums_api,acs_api_records=2603|employed_records=2392|query_mode=exact_socp
occ_15_1212_00,15-1212.00,2024,acs_1yr_pums,151212,exact_socp,42,Wholesale Trade,12,1648.000,0.007,0.838,0.008,src_census_acs_2024_1yr_pums_api,acs_api_records=2603|employed_records=2392|query_mode=exact_socp
occ_15_1212_00,15-1212.00,2024,acs_1yr_pums,151212,exact_socp,55,Management of Companies and Enterprises,13,1235.000,0.005,0.838,0.006,src_census_acs_2024_1yr_pums_api,acs_api_records=2603|employed_records=2392|query_mode=exact_socp
occ_15_1212_00,15-1212.00,2024,acs_1yr_pums,151212,exact_socp,72,Accommodation and Food Services,14,1182.000,0.005,0.838,0.006,src_census_acs_2024_1yr_pums_api,acs_api_records=2603|employed_records=2392|query_mode=exact_socp
occ_15_1212_00,15-1212.00,2024,acs_1yr_pums,151212,exact_socp,81,Other Services,15,1017.000,0.004,0.838,0.005,src_census_acs_2024_1yr_pums_api,acs_api_records=2603|employed_records=2392|query_mode=exact_socp
occ_15_1212_00,15-1212.00,2024,acs_1yr_pums,151212,exact_socp,53,Real Estate and Rental and Leasing,16,742.000,0.003,0.838,0.004,src_census_acs_2024_1yr_pums_api,acs_api_records=2603|employed_records=2392|query_mode=exact_socp
occ_15_1212_00,15-1212.00,2024,acs_1yr_pums,151212,exact_socp,21,"Mining, Quarrying, and Oil and Gas Extraction",17,729.000,0.003,0.838,0.003,src_census_acs_2024_1yr_pums_api,acs_api_records=2603|employed_records=2392|query_mode=exact_socp
occ_15_1212_00,15-1212.00,2024,acs_1yr_pums,151212,exact_socp,71,"Arts, Entertainment, and Recreation",18,555.000,0.002,0.838,0.003,src_census_acs_2024_1yr_pums_api,acs_api_records=2603|employed_records=2392|query_mode=exact_socp
occ_15_1212_00,15-1212.00,2024,acs_1yr_pums,151212,exact_socp,11,"Agriculture, Forestry, Fishing and Hunting",19,270.000,0.001,0.838,0.001,src_census_acs_2024_1yr_pums_api,acs_api_records=2603|employed_records=2392|query_mode=exact_socp
occ_15_1232_00,15-1232.00,2024,acs_1yr_pums,151230,grouped_zero_fallback,54,"Professional, Scientific, and Technical Services",1,295884.000,0.427,0.935,0.457,src_census_acs_2024_1yr_pums_api,acs_api_records=7691|employed_records=6538|query_mode=grouped_zero_fallback
occ_15_1232_00,15-1232.00,2024,acs_1yr_pums,151230,grouped_zero_fallback,61,Educational Services,2,65060.000,0.094,0.935,0.100,src_census_acs_2024_1yr_pums_api,acs_api_records=7691|employed_records=6538|query_mode=grouped_zero_fallback
occ_15_1232_00,15-1232.00,2024,acs_1yr_pums,151230,grouped_zero_fallback,31,Manufacturing,3,51394.000,0.074,0.935,0.079,src_census_acs_2024_1yr_pums_api,acs_api_records=7691|employed_records=6538|query_mode=grouped_zero_fallback
occ_15_1232_00,15-1232.00,2024,acs_1yr_pums,151230,grouped_zero_fallback,62,Health Care and Social Assistance,4,44404.000,0.064,0.935,0.069,src_census_acs_2024_1yr_pums_api,acs_api_records=7691|employed_records=6538|query_mode=grouped_zero_fallback
occ_15_1232_00,15-1232.00,2024,acs_1yr_pums,151230,grouped_zero_fallback,51,Information,5,42927.000,0.062,0.935,0.066,src_census_acs_2024_1yr_pums_api,acs_api_records=7691|employed_records=6538|query_mode=grouped_zero_fallback
occ_15_1232_00,15-1232.00,2024,acs_1yr_pums,151230,grouped_zero_fallback,52,Finance and Insurance,6,41608.000,0.060,0.935,0.064,src_census_acs_2024_1yr_pums_api,acs_api_records=7691|employed_records=6538|query_mode=grouped_zero_fallback
occ_15_1232_00,15-1232.00,2024,acs_1yr_pums,151230,grouped_zero_fallback,44,Retail Trade,7,31225.000,0.045,0.935,0.048,src_census_acs_2024_1yr_pums_api,acs_api_records=7691|employed_records=6538|query_mode=grouped_zero_fallback
occ_15_1232_00,15-1232.00,2024,acs_1yr_pums,151230,grouped_zero_fallback,56,Administrative and Support and Waste Management Services,8,23072.000,0.033,0.935,0.036,src_census_acs_2024_1yr_pums_api,acs_api_records=7691|employed_records=6538|query_mode=grouped_zero_fallback
occ_15_1232_00,15-1232.00,2024,acs_1yr_pums,151230,grouped_zero_fallback,42,Wholesale Trade,9,9624.000,0.014,0.935,0.015,src_census_acs_2024_1yr_pums_api,acs_api_records=7691|employed_records=6538|query_mode=grouped_zero_fallback
occ_15_1232_00,15-1232.00,2024,acs_1yr_pums,151230,grouped_zero_fallback,48,Transportation and Warehousing,10,7846.000,0.011,0.935,0.012,src_census_acs_2024_1yr_pums_api,acs_api_records=7691|employed_records=6538|query_mode=grouped_zero_fallback
occ_15_1232_00,15-1232.00,2024,acs_1yr_pums,151230,grouped_zero_fallback,81,Other Services,11,6935.000,0.010,0.935,0.011,src_census_acs_2024_1yr_pums_api,acs_api_records=7691|employed_records=6538|query_mode=grouped_zero_fallback
occ_15_1232_00,15-1232.00,2024,acs_1yr_pums,151230,grouped_zero_fallback,22,Utilities,12,6905.000,0.010,0.935,0.011,src_census_acs_2024_1yr_pums_api,acs_api_records=7691|employed_records=6538|query_mode=grouped_zero_fallback
occ_15_1232_00,15-1232.00,2024,acs_1yr_pums,151230,grouped_zero_fallback,23,Construction,13,5495.000,0.008,0.935,0.008,src_census_acs_2024_1yr_pums_api,acs_api_records=7691|employed_records=6538|query_mode=grouped_zero_fallback
occ_15_1232_00,15-1232.00,2024,acs_1yr_pums,151230,grouped_zero_fallback,71,"Arts, Entertainment, and Recreation",14,5116.000,0.007,0.935,0.008,src_census_acs_2024_1yr_pums_api,acs_api_records=7691|employed_records=6538|query_mode=grouped_zero_fallback
occ_15_1232_00,15-1232.00,2024,acs_1yr_pums,151230,grouped_zero_fallback,72,Accommodation and Food Services,15,4036.000,0.006,0.935,0.006,src_census_acs_2024_1yr_pums_api,acs_api_records=7691|employed_records=6538|query_mode=grouped_zero_fallback
occ_15_1232_00,15-1232.00,2024,acs_1yr_pums,151230,grouped_zero_fallback,53,Real Estate and Rental and Leasing,16,2991.000,0.004,0.935,0.005,src_census_acs_2024_1yr_pums_api,acs_api_records=7691|employed_records=6538|query_mode=grouped_zero_fallback
occ_15_1232_00,15-1232.00,2024,acs_1yr_pums,151230,grouped_zero_fallback,21,"Mining, Quarrying, and Oil and Gas Extraction",17,1848.000,0.003,0.935,0.003,src_census_acs_2024_1yr_pums_api,acs_api_records=7691|employed_records=6538|query_mode=grouped_zero_fallback
occ_15_1232_00,15-1232.00,2024,acs_1yr_pums,151230,grouped_zero_fallback,11,"Agriculture, Forestry, Fishing and Hunting",18,628.000,0.001,0.935,0.001,src_census_acs_2024_1yr_pums_api,acs_api_records=7691|employed_records=6538|query_mode=grouped_zero_fallback
occ_15_1232_00,15-1232.00,2024,acs_1yr_pums,151230,grouped_zero_fallback,55,Management of Companies and Enterprises,19,414.000,0.001,0.935,0.001,src_census_acs_2024_1yr_pums_api,acs_api_records=7691|employed_records=6538|query_mode=grouped_zero_fallback
occ_15_1241_00,15-1241.00,2024,acs_1yr_pums,151241,exact_socp,54,"Professional, Scientific, and Technical Services",1,39368.000,0.325,0.949,0.342,src_census_acs_2024_1yr_pums_api,acs_api_records=1316|employed_records=1171|query_mode=exact_socp
occ_15_1241_00,15-1241.00,2024,acs_1yr_pums,151241,exact_socp,51,Information,2,26414.000,0.218,0.949,0.229,src_census_acs_2024_1yr_pums_api,acs_api_records=1316|employed_records=1171|query_mode=exact_socp
occ_15_1241_00,15-1241.00,2024,acs_1yr_pums,151241,exact_socp,52,Finance and Insurance,3,9942.000,0.082,0.949,0.086,src_census_acs_2024_1yr_pums_api,acs_api_records=1316|employed_records=1171|query_mode=exact_socp
occ_15_1241_00,15-1241.00,2024,acs_1yr_pums,151241,exact_socp,31,Manufacturing,4,8377.000,0.069,0.949,0.073,src_census_acs_2024_1yr_pums_api,acs_api_records=1316|employed_records=1171|query_mode=exact_socp
occ_15_1241_00,15-1241.00,2024,acs_1yr_pums,151241,exact_socp,61,Educational Services,5,7240.000,0.060,0.949,0.063,src_census_acs_2024_1yr_pums_api,acs_api_records=1316|employed_records=1171|query_mode=exact_socp
occ_15_1241_00,15-1241.00,2024,acs_1yr_pums,151241,exact_socp,62,Health Care and Social Assistance,6,6424.000,0.053,0.949,0.056,src_census_acs_2024_1yr_pums_api,acs_api_records=1316|employed_records=1171|query_mode=exact_socp
occ_15_1241_00,15-1241.00,2024,acs_1yr_pums,151241,exact_socp,44,Retail Trade,7,4021.000,0.033,0.949,0.035,src_census_acs_2024_1yr_pums_api,acs_api_records=1316|employed_records=1171|query_mode=exact_socp
occ_15_1241_00,15-1241.00,2024,acs_1yr_pums,151241,exact_socp,22,Utilities,8,2480.000,0.020,0.949,0.022,src_census_acs_2024_1yr_pums_api,acs_api_records=1316|employed_records=1171|query_mode=exact_socp
occ_15_1241_00,15-1241.00,2024,acs_1yr_pums,151241,exact_socp,56,Administrative and Support and Waste Management Services,9,2142.000,0.018,0.949,0.019,src_census_acs_2024_1yr_pums_api,acs_api_records=1316|employed_records=1171|query_mode=exact_socp
occ_15_1241_00,15-1241.00,2024,acs_1yr_pums,151241,exact_socp,81,Other Services,10,2006.000,0.017,0.949,0.017,src_census_acs_2024_1yr_pums_api,acs_api_records=1316|employed_records=1171|query_mode=exact_socp
occ_15_1241_00,15-1241.00,2024,acs_1yr_pums,151241,exact_socp,48,Transportation and Warehousing,11,1770.000,0.015,0.949,0.015,src_census_acs_2024_1yr_pums_api,acs_api_records=1316|employed_records=1171|query_mode=exact_socp
occ_15_1241_00,15-1241.00,2024,acs_1yr_pums,151241,exact_socp,42,Wholesale Trade,12,1374.000,0.011,0.949,0.012,src_census_acs_2024_1yr_pums_api,acs_api_records=1316|employed_records=1171|query_mode=exact_socp
occ_15_1241_00,15-1241.00,2024,acs_1yr_pums,151241,exact_socp,23,Construction,13,987.000,0.008,0.949,0.009,src_census_acs_2024_1yr_pums_api,acs_api_records=1316|employed_records=1171|query_mode=exact_socp
occ_15_1241_00,15-1241.00,2024,acs_1yr_pums,151241,exact_socp,21,"Mining, Quarrying, and Oil and Gas Extraction",14,878.000,0.007,0.949,0.008,src_census_acs_2024_1yr_pums_api,acs_api_records=1316|employed_records=1171|query_mode=exact_socp
occ_15_1241_00,15-1241.00,2024,acs_1yr_pums,151241,exact_socp,72,Accommodation and Food Services,15,594.000,0.005,0.949,0.005,src_census_acs_2024_1yr_pums_api,acs_api_records=1316|employed_records=1171|query_mode=exact_socp
occ_15_1241_00,15-1241.00,2024,acs_1yr_pums,151241,exact_socp,11,"Agriculture, Forestry, Fishing and Hunting",16,408.000,0.003,0.949,0.004,src_census_acs_2024_1yr_pums_api,acs_api_records=1316|employed_records=1171|query_mode=exact_socp
occ_15_1241_00,15-1241.00,2024,acs_1yr_pums,151241,exact_socp,53,Real Estate and Rental and Leasing,17,253.000,0.002,0.949,0.002,src_census_acs_2024_1yr_pums_api,acs_api_records=1316|employed_records=1171|query_mode=exact_socp
occ_15_1241_00,15-1241.00,2024,acs_1yr_pums,151241,exact_socp,71,"Arts, Entertainment, and Recreation",18,234.000,0.002,0.949,0.002,src_census_acs_2024_1yr_pums_api,acs_api_records=1316|employed_records=1171|query_mode=exact_socp
occ_15_1241_00,15-1241.00,2024,acs_1yr_pums,151241,exact_socp,55,Management of Companies and Enterprises,19,199.000,0.002,0.949,0.002,src_census_acs_2024_1yr_pums_api,acs_api_records=1316|employed_records=1171|query_mode=exact_socp
occ_15_1244_00,15-1244.00,2024,acs_1yr_pums,151244,exact_socp,54,"Professional, Scientific, and Technical Services",1,69945.000,0.305,0.884,0.345,src_census_acs_2024_1yr_pums_api,acs_api_records=2555|employed_records=2279|query_mode=exact_socp
occ_15_1244_00,15-1244.00,2024,acs_1yr_pums,151244,exact_socp,61,Educational Services,2,22893.000,0.100,0.884,0.113,src_census_acs_2024_1yr_pums_api,acs_api_records=2555|employed_records=2279|query_mode=exact_socp
occ_15_1244_00,15-1244.00,2024,acs_1yr_pums,151244,exact_socp,31,Manufacturing,3,22703.000,0.099,0.884,0.112,src_census_acs_2024_1yr_pums_api,acs_api_records=2555|employed_records=2279|query_mode=exact_socp
occ_15_1244_00,15-1244.00,2024,acs_1yr_pums,151244,exact_socp,52,Finance and Insurance,4,17482.000,0.076,0.884,0.086,src_census_acs_2024_1yr_pums_api,acs_api_records=2555|employed_records=2279|query_mode=exact_socp
occ_15_1244_00,15-1244.00,2024,acs_1yr_pums,151244,exact_socp,62,Health Care and Social Assistance,5,17138.000,0.075,0.884,0.085,src_census_acs_2024_1yr_pums_api,acs_api_records=2555|employed_records=2279|query_mode=exact_socp
occ_15_1244_00,15-1244.00,2024,acs_1yr_pums,151244,exact_socp,51,Information,6,11859.000,0.052,0.884,0.059,src_census_acs_2024_1yr_pums_api,acs_api_records=2555|employed_records=2279|query_mode=exact_socp
occ_15_1244_00,15-1244.00,2024,acs_1yr_pums,151244,exact_socp,44,Retail Trade,7,8054.000,0.035,0.884,0.040,src_census_acs_2024_1yr_pums_api,acs_api_records=2555|employed_records=2279|query_mode=exact_socp
occ_15_1244_00,15-1244.00,2024,acs_1yr_pums,151244,exact_socp,22,Utilities,8,5319.000,0.023,0.884,0.026,src_census_acs_2024_1yr_pums_api,acs_api_records=2555|employed_records=2279|query_mode=exact_socp
occ_15_1244_00,15-1244.00,2024,acs_1yr_pums,151244,exact_socp,56,Administrative and Support and Waste Management Services,9,5163.000,0.023,0.884,0.025,src_census_acs_2024_1yr_pums_api,acs_api_records=2555|employed_records=2279|query_mode=exact_socp
occ_15_1244_00,15-1244.00,2024,acs_1yr_pums,151244,exact_socp,48,Transportation and Warehousing,10,3966.000,0.017,0.884,0.020,src_census_acs_2024_1yr_pums_api,acs_api_records=2555|employed_records=2279|query_mode=exact_socp
occ_15_1244_00,15-1244.00,2024,acs_1yr_pums,151244,exact_socp,23,Construction,11,3845.000,0.017,0.884,0.019,src_census_acs_2024_1yr_pums_api,acs_api_records=2555|employed_records=2279|query_mode=exact_socp
occ_15_1244_00,15-1244.00,2024,acs_1yr_pums,151244,exact_socp,81,Other Services,12,3562.000,0.016,0.884,0.018,src_census_acs_2024_1yr_pums_api,acs_api_records=2555|employed_records=2279|query_mode=exact_socp
occ_15_1244_00,15-1244.00,2024,acs_1yr_pums,151244,exact_socp,71,"Arts, Entertainment, and Recreation",13,2897.000,0.013,0.884,0.014,src_census_acs_2024_1yr_pums_api,acs_api_records=2555|employed_records=2279|query_mode=exact_socp
occ_15_1244_00,15-1244.00,2024,acs_1yr_pums,151244,exact_socp,42,Wholesale Trade,14,2171.000,0.009,0.884,0.011,src_census_acs_2024_1yr_pums_api,acs_api_records=2555|employed_records=2279|query_mode=exact_socp
occ_15_1244_00,15-1244.00,2024,acs_1yr_pums,151244,exact_socp,72,Accommodation and Food Services,15,1971.000,0.009,0.884,0.010,src_census_acs_2024_1yr_pums_api,acs_api_records=2555|employed_records=2279|query_mode=exact_socp
occ_15_1244_00,15-1244.00,2024,acs_1yr_pums,151244,exact_socp,53,Real Estate and Rental and Leasing,16,1764.000,0.008,0.884,0.009,src_census_acs_2024_1yr_pums_api,acs_api_records=2555|employed_records=2279|query_mode=exact_socp
occ_15_1244_00,15-1244.00,2024,acs_1yr_pums,151244,exact_socp,55,Management of Companies and Enterprises,17,1170.000,0.005,0.884,0.006,src_census_acs_2024_1yr_pums_api,acs_api_records=2555|employed_records=2279|query_mode=exact_socp
occ_15_1244_00,15-1244.00,2024,acs_1yr_pums,151244,exact_socp,21,"Mining, Quarrying, and Oil and Gas Extraction",18,464.000,0.002,0.884,0.002,src_census_acs_2024_1yr_pums_api,acs_api_records=2555|employed_records=2279|query_mode=exact_socp
occ_15_1244_00,15-1244.00,2024,acs_1yr_pums,151244,exact_socp,11,"Agriculture, Forestry, Fishing and Hunting",19,218.000,0.001,0.884,0.001,src_census_acs_2024_1yr_pums_api,acs_api_records=2555|employed_records=2279|query_mode=exact_socp
occ_15_1252_00,15-1252.00,2024,acs_1yr_pums,151252,exact_socp,54,"Professional, Scientific, and Technical Services",1,1195763.000,0.516,0.970,0.532,src_census_acs_2024_1yr_pums_api,acs_api_records=24270|employed_records=21827|query_mode=exact_socp
occ_15_1252_00,15-1252.00,2024,acs_1yr_pums,151252,exact_socp,52,Finance and Insurance,2,261852.000,0.113,0.970,0.117,src_census_acs_2024_1yr_pums_api,acs_api_records=24270|employed_records=21827|query_mode=exact_socp
occ_15_1252_00,15-1252.00,2024,acs_1yr_pums,151252,exact_socp,31,Manufacturing,3,238314.000,0.103,0.970,0.106,src_census_acs_2024_1yr_pums_api,acs_api_records=24270|employed_records=21827|query_mode=exact_socp
occ_15_1252_00,15-1252.00,2024,acs_1yr_pums,151252,exact_socp,51,Information,4,179933.000,0.078,0.970,0.080,src_census_acs_2024_1yr_pums_api,acs_api_records=24270|employed_records=21827|query_mode=exact_socp
occ_15_1252_00,15-1252.00,2024,acs_1yr_pums,151252,exact_socp,44,Retail Trade,5,104714.000,0.045,0.970,0.047,src_census_acs_2024_1yr_pums_api,acs_api_records=24270|employed_records=21827|query_mode=exact_socp
occ_15_1252_00,15-1252.00,2024,acs_1yr_pums,151252,exact_socp,62,Health Care and Social Assistance,6,53951.000,0.023,0.970,0.024,src_census_acs_2024_1yr_pums_api,acs_api_records=24270|employed_records=21827|query_mode=exact_socp
occ_15_1252_00,15-1252.00,2024,acs_1yr_pums,151252,exact_socp,56,Administrative and Support and Waste Management Services,7,40730.000,0.018,0.970,0.018,src_census_acs_2024_1yr_pums_api,acs_api_records=24270|employed_records=21827|query_mode=exact_socp
occ_15_1252_00,15-1252.00,2024,acs_1yr_pums,151252,exact_socp,48,Transportation and Warehousing,8,36933.000,0.016,0.970,0.016,src_census_acs_2024_1yr_pums_api,acs_api_records=24270|employed_records=21827|query_mode=exact_socp
occ_15_1252_00,15-1252.00,2024,acs_1yr_pums,151252,exact_socp,61,Educational Services,9,36786.000,0.016,0.970,0.016,src_census_acs_2024_1yr_pums_api,acs_api_records=24270|employed_records=21827|query_mode=exact_socp
occ_15_1252_00,15-1252.00,2024,acs_1yr_pums,151252,exact_socp,22,Utilities,10,16571.000,0.007,0.970,0.007,src_census_acs_2024_1yr_pums_api,acs_api_records=24270|employed_records=21827|query_mode=exact_socp
occ_15_1252_00,15-1252.00,2024,acs_1yr_pums,151252,exact_socp,71,"Arts, Entertainment, and Recreation",11,15280.000,0.007,0.970,0.007,src_census_acs_2024_1yr_pums_api,acs_api_records=24270|employed_records=21827|query_mode=exact_socp
occ_15_1252_00,15-1252.00,2024,acs_1yr_pums,151252,exact_socp,42,Wholesale Trade,12,15060.000,0.007,0.970,0.007,src_census_acs_2024_1yr_pums_api,acs_api_records=24270|employed_records=21827|query_mode=exact_socp
occ_15_1252_00,15-1252.00,2024,acs_1yr_pums,151252,exact_socp,23,Construction,13,10549.000,0.005,0.970,0.005,src_census_acs_2024_1yr_pums_api,acs_api_records=24270|employed_records=21827|query_mode=exact_socp
occ_15_1252_00,15-1252.00,2024,acs_1yr_pums,151252,exact_socp,53,Real Estate and Rental and Leasing,14,10470.000,0.005,0.970,0.005,src_census_acs_2024_1yr_pums_api,acs_api_records=24270|employed_records=21827|query_mode=exact_socp
occ_15_1252_00,15-1252.00,2024,acs_1yr_pums,151252,exact_socp,81,Other Services,15,9662.000,0.004,0.970,0.004,src_census_acs_2024_1yr_pums_api,acs_api_records=24270|employed_records=21827|query_mode=exact_socp
occ_15_1252_00,15-1252.00,2024,acs_1yr_pums,151252,exact_socp,72,Accommodation and Food Services,16,8353.000,0.004,0.970,0.004,src_census_acs_2024_1yr_pums_api,acs_api_records=24270|employed_records=21827|query_mode=exact_socp
occ_15_1252_00,15-1252.00,2024,acs_1yr_pums,151252,exact_socp,55,Management of Companies and Enterprises,17,5743.000,0.002,0.970,0.003,src_census_acs_2024_1yr_pums_api,acs_api_records=24270|employed_records=21827|query_mode=exact_socp
occ_15_1252_00,15-1252.00,2024,acs_1yr_pums,151252,exact_socp,21,"Mining, Quarrying, and Oil and Gas Extraction",18,3961.000,0.002,0.970,0.002,src_census_acs_2024_1yr_pums_api,acs_api_records=24270|employed_records=21827|query_mode=exact_socp
occ_15_1252_00,15-1252.00,2024,acs_1yr_pums,151252,exact_socp,11,"Agriculture, Forestry, Fishing and Hunting",19,1185.000,0.001,0.970,0.001,src_census_acs_2024_1yr_pums_api,acs_api_records=24270|employed_records=21827|query_mode=exact_socp
occ_15_1253_00,15-1253.00,2024,acs_1yr_pums,151253,exact_socp,54,"Professional, Scientific, and Technical Services",1,49819.000,0.523,0.949,0.551,src_census_acs_2024_1yr_pums_api,acs_api_records=1067|employed_records=899|query_mode=exact_socp
occ_15_1253_00,15-1253.00,2024,acs_1yr_pums,151253,exact_socp,52,Finance and Insurance,2,10306.000,0.108,0.949,0.114,src_census_acs_2024_1yr_pums_api,acs_api_records=1067|employed_records=899|query_mode=exact_socp
occ_15_1253_00,15-1253.00,2024,acs_1yr_pums,151253,exact_socp,31,Manufacturing,3,9545.000,0.100,0.949,0.106,src_census_acs_2024_1yr_pums_api,acs_api_records=1067|employed_records=899|query_mode=exact_socp
occ_15_1253_00,15-1253.00,2024,acs_1yr_pums,151253,exact_socp,51,Information,4,5641.000,0.059,0.949,0.062,src_census_acs_2024_1yr_pums_api,acs_api_records=1067|employed_records=899|query_mode=exact_socp
occ_15_1253_00,15-1253.00,2024,acs_1yr_pums,151253,exact_socp,44,Retail Trade,5,3876.000,0.041,0.949,0.043,src_census_acs_2024_1yr_pums_api,acs_api_records=1067|employed_records=899|query_mode=exact_socp
occ_15_1253_00,15-1253.00,2024,acs_1yr_pums,151253,exact_socp,62,Health Care and Social Assistance,6,3002.000,0.032,0.949,0.033,src_census_acs_2024_1yr_pums_api,acs_api_records=1067|employed_records=899|query_mode=exact_socp
occ_15_1253_00,15-1253.00,2024,acs_1yr_pums,151253,exact_socp,81,Other Services,7,1155.000,0.012,0.949,0.013,src_census_acs_2024_1yr_pums_api,acs_api_records=1067|employed_records=899|query_mode=exact_socp
occ_15_1253_00,15-1253.00,2024,acs_1yr_pums,151253,exact_socp,61,Educational Services,8,1131.000,0.012,0.949,0.013,src_census_acs_2024_1yr_pums_api,acs_api_records=1067|employed_records=899|query_mode=exact_socp
occ_15_1253_00,15-1253.00,2024,acs_1yr_pums,151253,exact_socp,56,Administrative and Support and Waste Management Services,9,1013.000,0.011,0.949,0.011,src_census_acs_2024_1yr_pums_api,acs_api_records=1067|employed_records=899|query_mode=exact_socp
occ_15_1253_00,15-1253.00,2024,acs_1yr_pums,151253,exact_socp,55,Management of Companies and Enterprises,10,887.000,0.009,0.949,0.010,src_census_acs_2024_1yr_pums_api,acs_api_records=1067|employed_records=899|query_mode=exact_socp
occ_15_1253_00,15-1253.00,2024,acs_1yr_pums,151253,exact_socp,42,Wholesale Trade,11,849.000,0.009,0.949,0.009,src_census_acs_2024_1yr_pums_api,acs_api_records=1067|employed_records=899|query_mode=exact_socp
occ_15_1253_00,15-1253.00,2024,acs_1yr_pums,151253,exact_socp,48,Transportation and Warehousing,12,830.000,0.009,0.949,0.009,src_census_acs_2024_1yr_pums_api,acs_api_records=1067|employed_records=899|query_mode=exact_socp
occ_15_1253_00,15-1253.00,2024,acs_1yr_pums,151253,exact_socp,71,"Arts, Entertainment, and Recreation",13,731.000,0.008,0.949,0.008,src_census_acs_2024_1yr_pums_api,acs_api_records=1067|employed_records=899|query_mode=exact_socp
occ_15_1253_00,15-1253.00,2024,acs_1yr_pums,151253,exact_socp,23,Construction,14,501.000,0.005,0.949,0.006,src_census_acs_2024_1yr_pums_api,acs_api_records=1067|employed_records=899|query_mode=exact_socp
occ_15_1253_00,15-1253.00,2024,acs_1yr_pums,151253,exact_socp,22,Utilities,15,471.000,0.005,0.949,0.005,src_census_acs_2024_1yr_pums_api,acs_api_records=1067|employed_records=899|query_mode=exact_socp
occ_15_1253_00,15-1253.00,2024,acs_1yr_pums,151253,exact_socp,53,Real Estate and Rental and Leasing,16,323.000,0.003,0.949,0.004,src_census_acs_2024_1yr_pums_api,acs_api_records=1067|employed_records=899|query_mode=exact_socp
occ_15_1253_00,15-1253.00,2024,acs_1yr_pums,151253,exact_socp,72,Accommodation and Food Services,17,261.000,0.003,0.949,0.003,src_census_acs_2024_1yr_pums_api,acs_api_records=1067|employed_records=899|query_mode=exact_socp
occ_15_2031_00,15-2031.00,2024,acs_1yr_pums,152031,exact_socp,54,"Professional, Scientific, and Technical Services",1,35689.000,0.172,0.500,0.344,src_census_acs_2024_1yr_pums_api,acs_api_records=2460|employed_records=2154|query_mode=exact_socp
occ_15_2031_00,15-2031.00,2024,acs_1yr_pums,152031,exact_socp,52,Finance and Insurance,2,19067.000,0.092,0.500,0.184,src_census_acs_2024_1yr_pums_api,acs_api_records=2460|employed_records=2154|query_mode=exact_socp
occ_15_2031_00,15-2031.00,2024,acs_1yr_pums,152031,exact_socp,31,Manufacturing,3,8660.000,0.042,0.500,0.083,src_census_acs_2024_1yr_pums_api,acs_api_records=2460|employed_records=2154|query_mode=exact_socp
occ_15_2031_00,15-2031.00,2024,acs_1yr_pums,152031,exact_socp,62,Health Care and Social Assistance,4,8611.000,0.042,0.500,0.083,src_census_acs_2024_1yr_pums_api,acs_api_records=2460|employed_records=2154|query_mode=exact_socp
occ_15_2031_00,15-2031.00,2024,acs_1yr_pums,152031,exact_socp,61,Educational Services,5,6653.000,0.032,0.500,0.064,src_census_acs_2024_1yr_pums_api,acs_api_records=2460|employed_records=2154|query_mode=exact_socp
occ_15_2031_00,15-2031.00,2024,acs_1yr_pums,152031,exact_socp,44,Retail Trade,6,4638.000,0.022,0.500,0.045,src_census_acs_2024_1yr_pums_api,acs_api_records=2460|employed_records=2154|query_mode=exact_socp
occ_15_2031_00,15-2031.00,2024,acs_1yr_pums,152031,exact_socp,51,Information,7,3852.000,0.019,0.500,0.037,src_census_acs_2024_1yr_pums_api,acs_api_records=2460|employed_records=2154|query_mode=exact_socp
occ_15_2031_00,15-2031.00,2024,acs_1yr_pums,152031,exact_socp,81,Other Services,8,2791.000,0.013,0.500,0.027,src_census_acs_2024_1yr_pums_api,acs_api_records=2460|employed_records=2154|query_mode=exact_socp
occ_15_2031_00,15-2031.00,2024,acs_1yr_pums,152031,exact_socp,22,Utilities,9,2703.000,0.013,0.500,0.026,src_census_acs_2024_1yr_pums_api,acs_api_records=2460|employed_records=2154|query_mode=exact_socp
occ_15_2031_00,15-2031.00,2024,acs_1yr_pums,152031,exact_socp,42,Wholesale Trade,10,2499.000,0.012,0.500,0.024,src_census_acs_2024_1yr_pums_api,acs_api_records=2460|employed_records=2154|query_mode=exact_socp
occ_15_2031_00,15-2031.00,2024,acs_1yr_pums,152031,exact_socp,48,Transportation and Warehousing,11,2311.000,0.011,0.500,0.022,src_census_acs_2024_1yr_pums_api,acs_api_records=2460|employed_records=2154|query_mode=exact_socp
occ_15_2031_00,15-2031.00,2024,acs_1yr_pums,152031,exact_socp,56,Administrative and Support and Waste Management Services,12,1612.000,0.008,0.500,0.016,src_census_acs_2024_1yr_pums_api,acs_api_records=2460|employed_records=2154|query_mode=exact_socp
occ_15_2031_00,15-2031.00,2024,acs_1yr_pums,152031,exact_socp,72,Accommodation and Food Services,13,1247.000,0.006,0.500,0.012,src_census_acs_2024_1yr_pums_api,acs_api_records=2460|employed_records=2154|query_mode=exact_socp
occ_15_2031_00,15-2031.00,2024,acs_1yr_pums,152031,exact_socp,23,Construction,14,1032.000,0.005,0.500,0.010,src_census_acs_2024_1yr_pums_api,acs_api_records=2460|employed_records=2154|query_mode=exact_socp
occ_15_2031_00,15-2031.00,2024,acs_1yr_pums,152031,exact_socp,55,Management of Companies and Enterprises,15,903.000,0.004,0.500,0.009,src_census_acs_2024_1yr_pums_api,acs_api_records=2460|employed_records=2154|query_mode=exact_socp
occ_15_2031_00,15-2031.00,2024,acs_1yr_pums,152031,exact_socp,53,Real Estate and Rental and Leasing,16,596.000,0.003,0.500,0.006,src_census_acs_2024_1yr_pums_api,acs_api_records=2460|employed_records=2154|query_mode=exact_socp
occ_15_2031_00,15-2031.00,2024,acs_1yr_pums,152031,exact_socp,71,"Arts, Entertainment, and Recreation",17,417.000,0.002,0.500,0.004,src_census_acs_2024_1yr_pums_api,acs_api_records=2460|employed_records=2154|query_mode=exact_socp
occ_15_2031_00,15-2031.00,2024,acs_1yr_pums,152031,exact_socp,11,"Agriculture, Forestry, Fishing and Hunting",18,256.000,0.001,0.500,0.002,src_census_acs_2024_1yr_pums_api,acs_api_records=2460|employed_records=2154|query_mode=exact_socp
occ_15_2031_00,15-2031.00,2024,acs_1yr_pums,152031,exact_socp,21,"Mining, Quarrying, and Oil and Gas Extraction",19,187.000,0.001,0.500,0.002,src_census_acs_2024_1yr_pums_api,acs_api_records=2460|employed_records=2154|query_mode=exact_socp
occ_17_2051_00,17-2051.00,2024,acs_1yr_pums,172051,exact_socp,54,"Professional, Scientific, and Technical Services",1,340539.000,0.603,0.926,0.651,src_census_acs_2024_1yr_pums_api,acs_api_records=6252|employed_records=5465|query_mode=exact_socp
occ_17_2051_00,17-2051.00,2024,acs_1yr_pums,172051,exact_socp,23,Construction,2,143218.000,0.254,0.926,0.274,src_census_acs_2024_1yr_pums_api,acs_api_records=6252|employed_records=5465|query_mode=exact_socp
occ_17_2051_00,17-2051.00,2024,acs_1yr_pums,172051,exact_socp,31,Manufacturing,3,9857.000,0.017,0.926,0.019,src_census_acs_2024_1yr_pums_api,acs_api_records=6252|employed_records=5465|query_mode=exact_socp
occ_17_2051_00,17-2051.00,2024,acs_1yr_pums,172051,exact_socp,48,Transportation and Warehousing,4,8558.000,0.015,0.926,0.016,src_census_acs_2024_1yr_pums_api,acs_api_records=6252|employed_records=5465|query_mode=exact_socp
occ_17_2051_00,17-2051.00,2024,acs_1yr_pums,172051,exact_socp,22,Utilities,5,7075.000,0.013,0.926,0.014,src_census_acs_2024_1yr_pums_api,acs_api_records=6252|employed_records=5465|query_mode=exact_socp
occ_17_2051_00,17-2051.00,2024,acs_1yr_pums,172051,exact_socp,61,Educational Services,6,2189.000,0.004,0.926,0.004,src_census_acs_2024_1yr_pums_api,acs_api_records=6252|employed_records=5465|query_mode=exact_socp
occ_17_2051_00,17-2051.00,2024,acs_1yr_pums,172051,exact_socp,56,Administrative and Support and Waste Management Services,7,1713.000,0.003,0.926,0.003,src_census_acs_2024_1yr_pums_api,acs_api_records=6252|employed_records=5465|query_mode=exact_socp
occ_17_2051_00,17-2051.00,2024,acs_1yr_pums,172051,exact_socp,21,"Mining, Quarrying, and Oil and Gas Extraction",8,1379.000,0.002,0.926,0.003,src_census_acs_2024_1yr_pums_api,acs_api_records=6252|employed_records=5465|query_mode=exact_socp
occ_17_2051_00,17-2051.00,2024,acs_1yr_pums,172051,exact_socp,11,"Agriculture, Forestry, Fishing and Hunting",9,1307.000,0.002,0.926,0.002,src_census_acs_2024_1yr_pums_api,acs_api_records=6252|employed_records=5465|query_mode=exact_socp
occ_17_2051_00,17-2051.00,2024,acs_1yr_pums,172051,exact_socp,53,Real Estate and Rental and Leasing,10,1020.000,0.002,0.926,0.002,src_census_acs_2024_1yr_pums_api,acs_api_records=6252|employed_records=5465|query_mode=exact_socp
occ_17_2051_00,17-2051.00,2024,acs_1yr_pums,172051,exact_socp,62,Health Care and Social Assistance,11,965.000,0.002,0.926,0.002,src_census_acs_2024_1yr_pums_api,acs_api_records=6252|employed_records=5465|query_mode=exact_socp
occ_17_2051_00,17-2051.00,2024,acs_1yr_pums,172051,exact_socp,72,Accommodation and Food Services,12,952.000,0.002,0.926,0.002,src_census_acs_2024_1yr_pums_api,acs_api_records=6252|employed_records=5465|query_mode=exact_socp
occ_17_2051_00,17-2051.00,2024,acs_1yr_pums,172051,exact_socp,51,Information,13,888.000,0.002,0.926,0.002,src_census_acs_2024_1yr_pums_api,acs_api_records=6252|employed_records=5465|query_mode=exact_socp
occ_17_2051_00,17-2051.00,2024,acs_1yr_pums,172051,exact_socp,71,"Arts, Entertainment, and Recreation",14,739.000,0.001,0.926,0.001,src_census_acs_2024_1yr_pums_api,acs_api_records=6252|employed_records=5465|query_mode=exact_socp
occ_17_2051_00,17-2051.00,2024,acs_1yr_pums,172051,exact_socp,42,Wholesale Trade,15,676.000,0.001,0.926,0.001,src_census_acs_2024_1yr_pums_api,acs_api_records=6252|employed_records=5465|query_mode=exact_socp
occ_17_2051_00,17-2051.00,2024,acs_1yr_pums,172051,exact_socp,81,Other Services,16,620.000,0.001,0.926,0.001,src_census_acs_2024_1yr_pums_api,acs_api_records=6252|employed_records=5465|query_mode=exact_socp
occ_17_2051_00,17-2051.00,2024,acs_1yr_pums,172051,exact_socp,52,Finance and Insurance,17,548.000,0.001,0.926,0.001,src_census_acs_2024_1yr_pums_api,acs_api_records=6252|employed_records=5465|query_mode=exact_socp
occ_17_2051_00,17-2051.00,2024,acs_1yr_pums,172051,exact_socp,55,Management of Companies and Enterprises,18,333.000,0.001,0.926,0.001,src_census_acs_2024_1yr_pums_api,acs_api_records=6252|employed_records=5465|query_mode=exact_socp
occ_17_2051_00,17-2051.00,2024,acs_1yr_pums,172051,exact_socp,44,Retail Trade,19,271.000,0.000,0.926,0.001,src_census_acs_2024_1yr_pums_api,acs_api_records=6252|employed_records=5465|query_mode=exact_socp
occ_17_2071_00,17-2071.00,2024,acs_1yr_pums,172070,grouped_zero_fallback,31,Manufacturing,1,128561.000,0.429,0.946,0.454,src_census_acs_2024_1yr_pums_api,acs_api_records=3614|employed_records=3034|query_mode=grouped_zero_fallback
occ_17_2071_00,17-2071.00,2024,acs_1yr_pums,172070,grouped_zero_fallback,54,"Professional, Scientific, and Technical Services",2,68479.000,0.229,0.946,0.242,src_census_acs_2024_1yr_pums_api,acs_api_records=3614|employed_records=3034|query_mode=grouped_zero_fallback
occ_17_2071_00,17-2071.00,2024,acs_1yr_pums,172070,grouped_zero_fallback,22,Utilities,3,27896.000,0.093,0.946,0.098,src_census_acs_2024_1yr_pums_api,acs_api_records=3614|employed_records=3034|query_mode=grouped_zero_fallback
occ_17_2071_00,17-2071.00,2024,acs_1yr_pums,172070,grouped_zero_fallback,51,Information,4,22114.000,0.074,0.946,0.078,src_census_acs_2024_1yr_pums_api,acs_api_records=3614|employed_records=3034|query_mode=grouped_zero_fallback
occ_17_2071_00,17-2071.00,2024,acs_1yr_pums,172070,grouped_zero_fallback,23,Construction,5,9974.000,0.033,0.946,0.035,src_census_acs_2024_1yr_pums_api,acs_api_records=3614|employed_records=3034|query_mode=grouped_zero_fallback
occ_17_2071_00,17-2071.00,2024,acs_1yr_pums,172070,grouped_zero_fallback,56,Administrative and Support and Waste Management Services,6,5411.000,0.018,0.946,0.019,src_census_acs_2024_1yr_pums_api,acs_api_records=3614|employed_records=3034|query_mode=grouped_zero_fallback
occ_17_2071_00,17-2071.00,2024,acs_1yr_pums,172070,grouped_zero_fallback,42,Wholesale Trade,7,3454.000,0.012,0.946,0.012,src_census_acs_2024_1yr_pums_api,acs_api_records=3614|employed_records=3034|query_mode=grouped_zero_fallback
occ_17_2071_00,17-2071.00,2024,acs_1yr_pums,172070,grouped_zero_fallback,61,Educational Services,8,3191.000,0.011,0.946,0.011,src_census_acs_2024_1yr_pums_api,acs_api_records=3614|employed_records=3034|query_mode=grouped_zero_fallback
occ_17_2071_00,17-2071.00,2024,acs_1yr_pums,172070,grouped_zero_fallback,48,Transportation and Warehousing,9,3184.000,0.011,0.946,0.011,src_census_acs_2024_1yr_pums_api,acs_api_records=3614|employed_records=3034|query_mode=grouped_zero_fallback
occ_17_2071_00,17-2071.00,2024,acs_1yr_pums,172070,grouped_zero_fallback,44,Retail Trade,10,2651.000,0.009,0.946,0.009,src_census_acs_2024_1yr_pums_api,acs_api_records=3614|employed_records=3034|query_mode=grouped_zero_fallback
occ_17_2071_00,17-2071.00,2024,acs_1yr_pums,172070,grouped_zero_fallback,62,Health Care and Social Assistance,11,2258.000,0.008,0.946,0.008,src_census_acs_2024_1yr_pums_api,acs_api_records=3614|employed_records=3034|query_mode=grouped_zero_fallback
occ_17_2071_00,17-2071.00,2024,acs_1yr_pums,172070,grouped_zero_fallback,21,"Mining, Quarrying, and Oil and Gas Extraction",12,1494.000,0.005,0.946,0.005,src_census_acs_2024_1yr_pums_api,acs_api_records=3614|employed_records=3034|query_mode=grouped_zero_fallback
occ_17_2071_00,17-2071.00,2024,acs_1yr_pums,172070,grouped_zero_fallback,81,Other Services,13,1409.000,0.005,0.946,0.005,src_census_acs_2024_1yr_pums_api,acs_api_records=3614|employed_records=3034|query_mode=grouped_zero_fallback
occ_17_2071_00,17-2071.00,2024,acs_1yr_pums,172070,grouped_zero_fallback,52,Finance and Insurance,14,1359.000,0.005,0.946,0.005,src_census_acs_2024_1yr_pums_api,acs_api_records=3614|employed_records=3034|query_mode=grouped_zero_fallback
occ_17_2071_00,17-2071.00,2024,acs_1yr_pums,172070,grouped_zero_fallback,71,"Arts, Entertainment, and Recreation",15,893.000,0.003,0.946,0.003,src_census_acs_2024_1yr_pums_api,acs_api_records=3614|employed_records=3034|query_mode=grouped_zero_fallback
occ_17_2071_00,17-2071.00,2024,acs_1yr_pums,172070,grouped_zero_fallback,55,Management of Companies and Enterprises,16,609.000,0.002,0.946,0.002,src_census_acs_2024_1yr_pums_api,acs_api_records=3614|employed_records=3034|query_mode=grouped_zero_fallback
occ_17_2071_00,17-2071.00,2024,acs_1yr_pums,172070,grouped_zero_fallback,53,Real Estate and Rental and Leasing,17,224.000,0.001,0.946,0.001,src_census_acs_2024_1yr_pums_api,acs_api_records=3614|employed_records=3034|query_mode=grouped_zero_fallback
occ_17_2071_00,17-2071.00,2024,acs_1yr_pums,172070,grouped_zero_fallback,72,Accommodation and Food Services,18,194.000,0.001,0.946,0.001,src_census_acs_2024_1yr_pums_api,acs_api_records=3614|employed_records=3034|query_mode=grouped_zero_fallback
occ_17_2072_00,17-2072.00,2024,acs_1yr_pums,172070,grouped_zero_fallback,31,Manufacturing,1,128561.000,0.429,0.946,0.454,src_census_acs_2024_1yr_pums_api,acs_api_records=3614|employed_records=3034|query_mode=grouped_zero_fallback
occ_17_2072_00,17-2072.00,2024,acs_1yr_pums,172070,grouped_zero_fallback,54,"Professional, Scientific, and Technical Services",2,68479.000,0.229,0.946,0.242,src_census_acs_2024_1yr_pums_api,acs_api_records=3614|employed_records=3034|query_mode=grouped_zero_fallback
occ_17_2072_00,17-2072.00,2024,acs_1yr_pums,172070,grouped_zero_fallback,22,Utilities,3,27896.000,0.093,0.946,0.098,src_census_acs_2024_1yr_pums_api,acs_api_records=3614|employed_records=3034|query_mode=grouped_zero_fallback
occ_17_2072_00,17-2072.00,2024,acs_1yr_pums,172070,grouped_zero_fallback,51,Information,4,22114.000,0.074,0.946,0.078,src_census_acs_2024_1yr_pums_api,acs_api_records=3614|employed_records=3034|query_mode=grouped_zero_fallback
occ_17_2072_00,17-2072.00,2024,acs_1yr_pums,172070,grouped_zero_fallback,23,Construction,5,9974.000,0.033,0.946,0.035,src_census_acs_2024_1yr_pums_api,acs_api_records=3614|employed_records=3034|query_mode=grouped_zero_fallback
occ_17_2072_00,17-2072.00,2024,acs_1yr_pums,172070,grouped_zero_fallback,56,Administrative and Support and Waste Management Services,6,5411.000,0.018,0.946,0.019,src_census_acs_2024_1yr_pums_api,acs_api_records=3614|employed_records=3034|query_mode=grouped_zero_fallback
occ_17_2072_00,17-2072.00,2024,acs_1yr_pums,172070,grouped_zero_fallback,42,Wholesale Trade,7,3454.000,0.012,0.946,0.012,src_census_acs_2024_1yr_pums_api,acs_api_records=3614|employed_records=3034|query_mode=grouped_zero_fallback
occ_17_2072_00,17-2072.00,2024,acs_1yr_pums,172070,grouped_zero_fallback,61,Educational Services,8,3191.000,0.011,0.946,0.011,src_census_acs_2024_1yr_pums_api,acs_api_records=3614|employed_records=3034|query_mode=grouped_zero_fallback
occ_17_2072_00,17-2072.00,2024,acs_1yr_pums,172070,grouped_zero_fallback,48,Transportation and Warehousing,9,3184.000,0.011,0.946,0.011,src_census_acs_2024_1yr_pums_api,acs_api_records=3614|employed_records=3034|query_mode=grouped_zero_fallback
occ_17_2072_00,17-2072.00,2024,acs_1yr_pums,172070,grouped_zero_fallback,44,Retail Trade,10,2651.000,0.009,0.946,0.009,src_census_acs_2024_1yr_pums_api,acs_api_records=3614|employed_records=3034|query_mode=grouped_zero_fallback
occ_17_2072_00,17-2072.00,2024,acs_1yr_pums,172070,grouped_zero_fallback,62,Health Care and Social Assistance,11,2258.000,0.008,0.946,0.008,src_census_acs_2024_1yr_pums_api,acs_api_records=3614|employed_records=3034|query_mode=grouped_zero_fallback
occ_17_2072_00,17-2072.00,2024,acs_1yr_pums,172070,grouped_zero_fallback,21,"Mining, Quarrying, and Oil and Gas Extraction",12,1494.000,0.005,0.946,0.005,src_census_acs_2024_1yr_pums_api,acs_api_records=3614|employed_records=3034|query_mode=grouped_zero_fallback
occ_17_2072_00,17-2072.00,2024,acs_1yr_pums,172070,grouped_zero_fallback,81,Other Services,13,1409.000,0.005,0.946,0.005,src_census_acs_2024_1yr_pums_api,acs_api_records=3614|employed_records=3034|query_mode=grouped_zero_fallback
occ_17_2072_00,17-2072.00,2024,acs_1yr_pums,172070,grouped_zero_fallback,52,Finance and Insurance,14,1359.000,0.005,0.946,0.005,src_census_acs_2024_1yr_pums_api,acs_api_records=3614|employed_records=3034|query_mode=grouped_zero_fallback
occ_17_2072_00,17-2072.00,2024,acs_1yr_pums,172070,grouped_zero_fallback,71,"Arts, Entertainment, and Recreation",15,893.000,0.003,0.946,0.003,src_census_acs_2024_1yr_pums_api,acs_api_records=3614|employed_records=3034|query_mode=grouped_zero_fallback
occ_17_2072_00,17-2072.00,2024,acs_1yr_pums,172070,grouped_zero_fallback,55,Management of Companies and Enterprises,16,609.000,0.002,0.946,0.002,src_census_acs_2024_1yr_pums_api,acs_api_records=3614|employed_records=3034|query_mode=grouped_zero_fallback
occ_17_2072_00,17-2072.00,2024,acs_1yr_pums,172070,grouped_zero_fallback,53,Real Estate and Rental and Leasing,17,224.000,0.001,0.946,0.001,src_census_acs_2024_1yr_pums_api,acs_api_records=3614|employed_records=3034|query_mode=grouped_zero_fallback
occ_17_2072_00,17-2072.00,2024,acs_1yr_pums,172070,grouped_zero_fallback,72,Accommodation and Food Services,18,194.000,0.001,0.946,0.001,src_census_acs_2024_1yr_pums_api,acs_api_records=3614|employed_records=3034|query_mode=grouped_zero_fallback
occ_17_2112_00,17-2112.00,2024,acs_1yr_pums,172110,grouped_zero_fallback,31,Manufacturing,1,221703.000,0.691,0.945,0.731,src_census_acs_2024_1yr_pums_api,acs_api_records=3719|employed_records=3197|query_mode=grouped_zero_fallback
occ_17_2112_00,17-2112.00,2024,acs_1yr_pums,172110,grouped_zero_fallback,54,"Professional, Scientific, and Technical Services",2,32224.000,0.100,0.945,0.106,src_census_acs_2024_1yr_pums_api,acs_api_records=3719|employed_records=3197|query_mode=grouped_zero_fallback
occ_17_2112_00,17-2112.00,2024,acs_1yr_pums,172110,grouped_zero_fallback,52,Finance and Insurance,3,8687.000,0.027,0.945,0.029,src_census_acs_2024_1yr_pums_api,acs_api_records=3719|employed_records=3197|query_mode=grouped_zero_fallback
occ_17_2112_00,17-2112.00,2024,acs_1yr_pums,172110,grouped_zero_fallback,56,Administrative and Support and Waste Management Services,4,6436.000,0.020,0.945,0.021,src_census_acs_2024_1yr_pums_api,acs_api_records=3719|employed_records=3197|query_mode=grouped_zero_fallback
occ_17_2112_00,17-2112.00,2024,acs_1yr_pums,172110,grouped_zero_fallback,23,Construction,5,5943.000,0.019,0.945,0.020,src_census_acs_2024_1yr_pums_api,acs_api_records=3719|employed_records=3197|query_mode=grouped_zero_fallback
occ_17_2112_00,17-2112.00,2024,acs_1yr_pums,172110,grouped_zero_fallback,48,Transportation and Warehousing,6,5637.000,0.018,0.945,0.019,src_census_acs_2024_1yr_pums_api,acs_api_records=3719|employed_records=3197|query_mode=grouped_zero_fallback
occ_17_2112_00,17-2112.00,2024,acs_1yr_pums,172110,grouped_zero_fallback,44,Retail Trade,7,4109.000,0.013,0.945,0.014,src_census_acs_2024_1yr_pums_api,acs_api_records=3719|employed_records=3197|query_mode=grouped_zero_fallback
occ_17_2112_00,17-2112.00,2024,acs_1yr_pums,172110,grouped_zero_fallback,22,Utilities,8,3768.000,0.012,0.945,0.012,src_census_acs_2024_1yr_pums_api,acs_api_records=3719|employed_records=3197|query_mode=grouped_zero_fallback
occ_17_2112_00,17-2112.00,2024,acs_1yr_pums,172110,grouped_zero_fallback,62,Health Care and Social Assistance,9,2475.000,0.008,0.945,0.008,src_census_acs_2024_1yr_pums_api,acs_api_records=3719|employed_records=3197|query_mode=grouped_zero_fallback
occ_17_2112_00,17-2112.00,2024,acs_1yr_pums,172110,grouped_zero_fallback,21,"Mining, Quarrying, and Oil and Gas Extraction",10,2320.000,0.007,0.945,0.008,src_census_acs_2024_1yr_pums_api,acs_api_records=3719|employed_records=3197|query_mode=grouped_zero_fallback
occ_17_2112_00,17-2112.00,2024,acs_1yr_pums,172110,grouped_zero_fallback,51,Information,11,2218.000,0.007,0.945,0.007,src_census_acs_2024_1yr_pums_api,acs_api_records=3719|employed_records=3197|query_mode=grouped_zero_fallback
occ_17_2112_00,17-2112.00,2024,acs_1yr_pums,172110,grouped_zero_fallback,71,"Arts, Entertainment, and Recreation",12,1693.000,0.005,0.945,0.006,src_census_acs_2024_1yr_pums_api,acs_api_records=3719|employed_records=3197|query_mode=grouped_zero_fallback
occ_17_2112_00,17-2112.00,2024,acs_1yr_pums,172110,grouped_zero_fallback,42,Wholesale Trade,13,1584.000,0.005,0.945,0.005,src_census_acs_2024_1yr_pums_api,acs_api_records=3719|employed_records=3197|query_mode=grouped_zero_fallback
occ_17_2112_00,17-2112.00,2024,acs_1yr_pums,172110,grouped_zero_fallback,81,Other Services,14,1528.000,0.005,0.945,0.005,src_census_acs_2024_1yr_pums_api,acs_api_records=3719|employed_records=3197|query_mode=grouped_zero_fallback
occ_17_2112_00,17-2112.00,2024,acs_1yr_pums,172110,grouped_zero_fallback,61,Educational Services,15,1254.000,0.004,0.945,0.004,src_census_acs_2024_1yr_pums_api,acs_api_records=3719|employed_records=3197|query_mode=grouped_zero_fallback
occ_17_2112_00,17-2112.00,2024,acs_1yr_pums,172110,grouped_zero_fallback,11,"Agriculture, Forestry, Fishing and Hunting",16,955.000,0.003,0.945,0.003,src_census_acs_2024_1yr_pums_api,acs_api_records=3719|employed_records=3197|query_mode=grouped_zero_fallback
occ_17_2112_00,17-2112.00,2024,acs_1yr_pums,172110,grouped_zero_fallback,55,Management of Companies and Enterprises,17,346.000,0.001,0.945,0.001,src_census_acs_2024_1yr_pums_api,acs_api_records=3719|employed_records=3197|query_mode=grouped_zero_fallback
occ_17_2112_00,17-2112.00,2024,acs_1yr_pums,172110,grouped_zero_fallback,72,Accommodation and Food Services,18,189.000,0.001,0.945,0.001,src_census_acs_2024_1yr_pums_api,acs_api_records=3719|employed_records=3197|query_mode=grouped_zero_fallback
occ_17_2112_00,17-2112.00,2024,acs_1yr_pums,172110,grouped_zero_fallback,53,Real Estate and Rental and Leasing,19,146.000,0.000,0.945,0.000,src_census_acs_2024_1yr_pums_api,acs_api_records=3719|employed_records=3197|query_mode=grouped_zero_fallback
occ_17_2141_00,17-2141.00,2024,acs_1yr_pums,172141,exact_socp,31,Manufacturing,1,274324.000,0.714,0.971,0.735,src_census_acs_2024_1yr_pums_api,acs_api_records=4303|employed_records=3745|query_mode=exact_socp
occ_17_2141_00,17-2141.00,2024,acs_1yr_pums,172141,exact_socp,54,"Professional, Scientific, and Technical Services",2,57756.000,0.150,0.971,0.155,src_census_acs_2024_1yr_pums_api,acs_api_records=4303|employed_records=3745|query_mode=exact_socp
occ_17_2141_00,17-2141.00,2024,acs_1yr_pums,172141,exact_socp,23,Construction,3,7687.000,0.020,0.971,0.021,src_census_acs_2024_1yr_pums_api,acs_api_records=4303|employed_records=3745|query_mode=exact_socp
occ_17_2141_00,17-2141.00,2024,acs_1yr_pums,172141,exact_socp,22,Utilities,4,6478.000,0.017,0.971,0.017,src_census_acs_2024_1yr_pums_api,acs_api_records=4303|employed_records=3745|query_mode=exact_socp
occ_17_2141_00,17-2141.00,2024,acs_1yr_pums,172141,exact_socp,42,Wholesale Trade,5,3237.000,0.008,0.971,0.009,src_census_acs_2024_1yr_pums_api,acs_api_records=4303|employed_records=3745|query_mode=exact_socp
occ_17_2141_00,17-2141.00,2024,acs_1yr_pums,172141,exact_socp,62,Health Care and Social Assistance,6,3224.000,0.008,0.971,0.009,src_census_acs_2024_1yr_pums_api,acs_api_records=4303|employed_records=3745|query_mode=exact_socp
occ_17_2141_00,17-2141.00,2024,acs_1yr_pums,172141,exact_socp,51,Information,7,2881.000,0.007,0.971,0.008,src_census_acs_2024_1yr_pums_api,acs_api_records=4303|employed_records=3745|query_mode=exact_socp
occ_17_2141_00,17-2141.00,2024,acs_1yr_pums,172141,exact_socp,81,Other Services,8,2796.000,0.007,0.971,0.007,src_census_acs_2024_1yr_pums_api,acs_api_records=4303|employed_records=3745|query_mode=exact_socp
occ_17_2141_00,17-2141.00,2024,acs_1yr_pums,172141,exact_socp,48,Transportation and Warehousing,9,2642.000,0.007,0.971,0.007,src_census_acs_2024_1yr_pums_api,acs_api_records=4303|employed_records=3745|query_mode=exact_socp
occ_17_2141_00,17-2141.00,2024,acs_1yr_pums,172141,exact_socp,72,Accommodation and Food Services,10,2624.000,0.007,0.971,0.007,src_census_acs_2024_1yr_pums_api,acs_api_records=4303|employed_records=3745|query_mode=exact_socp
occ_17_2141_00,17-2141.00,2024,acs_1yr_pums,172141,exact_socp,44,Retail Trade,11,2360.000,0.006,0.971,0.006,src_census_acs_2024_1yr_pums_api,acs_api_records=4303|employed_records=3745|query_mode=exact_socp
occ_17_2141_00,17-2141.00,2024,acs_1yr_pums,172141,exact_socp,56,Administrative and Support and Waste Management Services,12,2016.000,0.005,0.971,0.005,src_census_acs_2024_1yr_pums_api,acs_api_records=4303|employed_records=3745|query_mode=exact_socp
occ_17_2141_00,17-2141.00,2024,acs_1yr_pums,172141,exact_socp,61,Educational Services,13,1962.000,0.005,0.971,0.005,src_census_acs_2024_1yr_pums_api,acs_api_records=4303|employed_records=3745|query_mode=exact_socp
occ_17_2141_00,17-2141.00,2024,acs_1yr_pums,172141,exact_socp,21,"Mining, Quarrying, and Oil and Gas Extraction",14,961.000,0.003,0.971,0.003,src_census_acs_2024_1yr_pums_api,acs_api_records=4303|employed_records=3745|query_mode=exact_socp
occ_17_2141_00,17-2141.00,2024,acs_1yr_pums,172141,exact_socp,53,Real Estate and Rental and Leasing,15,877.000,0.002,0.971,0.002,src_census_acs_2024_1yr_pums_api,acs_api_records=4303|employed_records=3745|query_mode=exact_socp
occ_17_2141_00,17-2141.00,2024,acs_1yr_pums,172141,exact_socp,71,"Arts, Entertainment, and Recreation",16,649.000,0.002,0.971,0.002,src_census_acs_2024_1yr_pums_api,acs_api_records=4303|employed_records=3745|query_mode=exact_socp
occ_17_2141_00,17-2141.00,2024,acs_1yr_pums,172141,exact_socp,52,Finance and Insurance,17,370.000,0.001,0.971,0.001,src_census_acs_2024_1yr_pums_api,acs_api_records=4303|employed_records=3745|query_mode=exact_socp
occ_17_2141_00,17-2141.00,2024,acs_1yr_pums,172141,exact_socp,11,"Agriculture, Forestry, Fishing and Hunting",18,224.000,0.001,0.971,0.001,src_census_acs_2024_1yr_pums_api,acs_api_records=4303|employed_records=3745|query_mode=exact_socp
occ_23_2011_00,23-2011.00,2024,acs_1yr_pums,232011,exact_socp,54,"Professional, Scientific, and Technical Services",1,394294.000,0.802,0.905,0.886,src_census_acs_2024_1yr_pums_api,acs_api_records=5805|employed_records=4735|query_mode=exact_socp
occ_23_2011_00,23-2011.00,2024,acs_1yr_pums,232011,exact_socp,52,Finance and Insurance,2,12712.000,0.026,0.905,0.029,src_census_acs_2024_1yr_pums_api,acs_api_records=5805|employed_records=4735|query_mode=exact_socp
occ_23_2011_00,23-2011.00,2024,acs_1yr_pums,232011,exact_socp,62,Health Care and Social Assistance,3,5699.000,0.012,0.905,0.013,src_census_acs_2024_1yr_pums_api,acs_api_records=5805|employed_records=4735|query_mode=exact_socp
occ_23_2011_00,23-2011.00,2024,acs_1yr_pums,232011,exact_socp,53,Real Estate and Rental and Leasing,4,5036.000,0.010,0.905,0.011,src_census_acs_2024_1yr_pums_api,acs_api_records=5805|employed_records=4735|query_mode=exact_socp
occ_23_2011_00,23-2011.00,2024,acs_1yr_pums,232011,exact_socp,31,Manufacturing,5,4853.000,0.010,0.905,0.011,src_census_acs_2024_1yr_pums_api,acs_api_records=5805|employed_records=4735|query_mode=exact_socp
occ_23_2011_00,23-2011.00,2024,acs_1yr_pums,232011,exact_socp,61,Educational Services,6,3441.000,0.007,0.905,0.008,src_census_acs_2024_1yr_pums_api,acs_api_records=5805|employed_records=4735|query_mode=exact_socp
occ_23_2011_00,23-2011.00,2024,acs_1yr_pums,232011,exact_socp,81,Other Services,7,3262.000,0.007,0.905,0.007,src_census_acs_2024_1yr_pums_api,acs_api_records=5805|employed_records=4735|query_mode=exact_socp
occ_23_2011_00,23-2011.00,2024,acs_1yr_pums,232011,exact_socp,56,Administrative and Support and Waste Management Services,8,3258.000,0.007,0.905,0.007,src_census_acs_2024_1yr_pums_api,acs_api_records=5805|employed_records=4735|query_mode=exact_socp
occ_23_2011_00,23-2011.00,2024,acs_1yr_pums,232011,exact_socp,48,Transportation and Warehousing,9,2058.000,0.004,0.905,0.005,src_census_acs_2024_1yr_pums_api,acs_api_records=5805|employed_records=4735|query_mode=exact_socp
occ_23_2011_00,23-2011.00,2024,acs_1yr_pums,232011,exact_socp,51,Information,10,2034.000,0.004,0.905,0.005,src_census_acs_2024_1yr_pums_api,acs_api_records=5805|employed_records=4735|query_mode=exact_socp
occ_23_2011_00,23-2011.00,2024,acs_1yr_pums,232011,exact_socp,42,Wholesale Trade,11,1884.000,0.004,0.905,0.004,src_census_acs_2024_1yr_pums_api,acs_api_records=5805|employed_records=4735|query_mode=exact_socp
occ_23_2011_00,23-2011.00,2024,acs_1yr_pums,232011,exact_socp,55,Management of Companies and Enterprises,12,1300.000,0.003,0.905,0.003,src_census_acs_2024_1yr_pums_api,acs_api_records=5805|employed_records=4735|query_mode=exact_socp
occ_23_2011_00,23-2011.00,2024,acs_1yr_pums,232011,exact_socp,72,Accommodation and Food Services,13,1294.000,0.003,0.905,0.003,src_census_acs_2024_1yr_pums_api,acs_api_records=5805|employed_records=4735|query_mode=exact_socp
occ_23_2011_00,23-2011.00,2024,acs_1yr_pums,232011,exact_socp,44,Retail Trade,14,1210.000,0.002,0.905,0.003,src_census_acs_2024_1yr_pums_api,acs_api_records=5805|employed_records=4735|query_mode=exact_socp
occ_23_2011_00,23-2011.00,2024,acs_1yr_pums,232011,exact_socp,23,Construction,15,877.000,0.002,0.905,0.002,src_census_acs_2024_1yr_pums_api,acs_api_records=5805|employed_records=4735|query_mode=exact_socp
occ_23_2011_00,23-2011.00,2024,acs_1yr_pums,232011,exact_socp,71,"Arts, Entertainment, and Recreation",16,692.000,0.001,0.905,0.002,src_census_acs_2024_1yr_pums_api,acs_api_records=5805|employed_records=4735|query_mode=exact_socp
occ_23_2011_00,23-2011.00,2024,acs_1yr_pums,232011,exact_socp,22,Utilities,17,534.000,0.001,0.905,0.001,src_census_acs_2024_1yr_pums_api,acs_api_records=5805|employed_records=4735|query_mode=exact_socp
occ_23_2011_00,23-2011.00,2024,acs_1yr_pums,232011,exact_socp,21,"Mining, Quarrying, and Oil and Gas Extraction",18,278.000,0.001,0.905,0.001,src_census_acs_2024_1yr_pums_api,acs_api_records=5805|employed_records=4735|query_mode=exact_socp
occ_23_2011_00,23-2011.00,2024,acs_1yr_pums,232011,exact_socp,11,"Agriculture, Forestry, Fishing and Hunting",19,163.000,0.000,0.905,0.000,src_census_acs_2024_1yr_pums_api,acs_api_records=5805|employed_records=4735|query_mode=exact_socp
occ_27_1024_00,27-1024.00,2024,acs_1yr_pums,271024,exact_socp,54,"Professional, Scientific, and Technical Services",1,159705.000,0.470,0.972,0.484,src_census_acs_2024_1yr_pums_api,acs_api_records=3926|employed_records=3298|query_mode=exact_socp
occ_27_1024_00,27-1024.00,2024,acs_1yr_pums,271024,exact_socp,31,Manufacturing,2,43918.000,0.129,0.972,0.133,src_census_acs_2024_1yr_pums_api,acs_api_records=3926|employed_records=3298|query_mode=exact_socp
occ_27_1024_00,27-1024.00,2024,acs_1yr_pums,271024,exact_socp,44,Retail Trade,3,25684.000,0.076,0.972,0.078,src_census_acs_2024_1yr_pums_api,acs_api_records=3926|employed_records=3298|query_mode=exact_socp
occ_27_1024_00,27-1024.00,2024,acs_1yr_pums,271024,exact_socp,61,Educational Services,4,19310.000,0.057,0.972,0.059,src_census_acs_2024_1yr_pums_api,acs_api_records=3926|employed_records=3298|query_mode=exact_socp
occ_27_1024_00,27-1024.00,2024,acs_1yr_pums,271024,exact_socp,51,Information,5,18976.000,0.056,0.972,0.058,src_census_acs_2024_1yr_pums_api,acs_api_records=3926|employed_records=3298|query_mode=exact_socp
occ_27_1024_00,27-1024.00,2024,acs_1yr_pums,271024,exact_socp,81,Other Services,6,11526.000,0.034,0.972,0.035,src_census_acs_2024_1yr_pums_api,acs_api_records=3926|employed_records=3298|query_mode=exact_socp
occ_27_1024_00,27-1024.00,2024,acs_1yr_pums,271024,exact_socp,71,"Arts, Entertainment, and Recreation",7,11053.000,0.033,0.972,0.033,src_census_acs_2024_1yr_pums_api,acs_api_records=3926|employed_records=3298|query_mode=exact_socp
occ_27_1024_00,27-1024.00,2024,acs_1yr_pums,271024,exact_socp,52,Finance and Insurance,8,8958.000,0.026,0.972,0.027,src_census_acs_2024_1yr_pums_api,acs_api_records=3926|employed_records=3298|query_mode=exact_socp
occ_27_1024_00,27-1024.00,2024,acs_1yr_pums,271024,exact_socp,42,Wholesale Trade,9,7745.000,0.023,0.972,0.023,src_census_acs_2024_1yr_pums_api,acs_api_records=3926|employed_records=3298|query_mode=exact_socp
occ_27_1024_00,27-1024.00,2024,acs_1yr_pums,271024,exact_socp,62,Health Care and Social Assistance,10,5801.000,0.017,0.972,0.018,src_census_acs_2024_1yr_pums_api,acs_api_records=3926|employed_records=3298|query_mode=exact_socp
occ_27_1024_00,27-1024.00,2024,acs_1yr_pums,271024,exact_socp,56,Administrative and Support and Waste Management Services,11,5479.000,0.016,0.972,0.017,src_census_acs_2024_1yr_pums_api,acs_api_records=3926|employed_records=3298|query_mode=exact_socp
occ_27_1024_00,27-1024.00,2024,acs_1yr_pums,271024,exact_socp,53,Real Estate and Rental and Leasing,12,4252.000,0.013,0.972,0.013,src_census_acs_2024_1yr_pums_api,acs_api_records=3926|employed_records=3298|query_mode=exact_socp
occ_27_1024_00,27-1024.00,2024,acs_1yr_pums,271024,exact_socp,23,Construction,13,2435.000,0.007,0.972,0.007,src_census_acs_2024_1yr_pums_api,acs_api_records=3926|employed_records=3298|query_mode=exact_socp
occ_27_1024_00,27-1024.00,2024,acs_1yr_pums,271024,exact_socp,55,Management of Companies and Enterprises,14,1544.000,0.005,0.972,0.005,src_census_acs_2024_1yr_pums_api,acs_api_records=3926|employed_records=3298|query_mode=exact_socp
occ_27_1024_00,27-1024.00,2024,acs_1yr_pums,271024,exact_socp,72,Accommodation and Food Services,15,1524.000,0.004,0.972,0.005,src_census_acs_2024_1yr_pums_api,acs_api_records=3926|employed_records=3298|query_mode=exact_socp
occ_27_1024_00,27-1024.00,2024,acs_1yr_pums,271024,exact_socp,48,Transportation and Warehousing,16,1344.000,0.004,0.972,0.004,src_census_acs_2024_1yr_pums_api,acs_api_records=3926|employed_records=3298|query_mode=exact_socp
occ_27_1024_00,27-1024.00,2024,acs_1yr_pums,271024,exact_socp,22,Utilities,17,432.000,0.001,0.972,0.001,src_census_acs_2024_1yr_pums_api,acs_api_records=3926|employed_records=3298|query_mode=exact_socp
occ_27_1024_00,27-1024.00,2024,acs_1yr_pums,271024,exact_socp,11,"Agriculture, Forestry, Fishing and Hunting",18,211.000,0.001,0.972,0.001,src_census_acs_2024_1yr_pums_api,acs_api_records=3926|employed_records=3298|query_mode=exact_socp
occ_27_1024_00,27-1024.00,2024,acs_1yr_pums,271024,exact_socp,21,"Mining, Quarrying, and Oil and Gas Extraction",19,111.000,0.000,0.972,0.000,src_census_acs_2024_1yr_pums_api,acs_api_records=3926|employed_records=3298|query_mode=exact_socp
occ_27_3023_00,27-3023.00,2024,acs_1yr_pums,273023,exact_socp,51,Information,1,59687.000,0.695,0.984,0.706,src_census_acs_2024_1yr_pums_api,acs_api_records=1029|employed_records=822|query_mode=exact_socp
occ_27_3023_00,27-3023.00,2024,acs_1yr_pums,273023,exact_socp,71,"Arts, Entertainment, and Recreation",2,13364.000,0.156,0.984,0.158,src_census_acs_2024_1yr_pums_api,acs_api_records=1029|employed_records=822|query_mode=exact_socp
occ_27_3023_00,27-3023.00,2024,acs_1yr_pums,273023,exact_socp,54,"Professional, Scientific, and Technical Services",3,4085.000,0.048,0.984,0.048,src_census_acs_2024_1yr_pums_api,acs_api_records=1029|employed_records=822|query_mode=exact_socp
occ_27_3023_00,27-3023.00,2024,acs_1yr_pums,273023,exact_socp,61,Educational Services,4,2102.000,0.024,0.984,0.025,src_census_acs_2024_1yr_pums_api,acs_api_records=1029|employed_records=822|query_mode=exact_socp
occ_27_3023_00,27-3023.00,2024,acs_1yr_pums,273023,exact_socp,81,Other Services,5,1777.000,0.021,0.984,0.021,src_census_acs_2024_1yr_pums_api,acs_api_records=1029|employed_records=822|query_mode=exact_socp
occ_27_3023_00,27-3023.00,2024,acs_1yr_pums,273023,exact_socp,56,Administrative and Support and Waste Management Services,6,1108.000,0.013,0.984,0.013,src_census_acs_2024_1yr_pums_api,acs_api_records=1029|employed_records=822|query_mode=exact_socp
occ_27_3023_00,27-3023.00,2024,acs_1yr_pums,273023,exact_socp,44,Retail Trade,7,1020.000,0.012,0.984,0.012,src_census_acs_2024_1yr_pums_api,acs_api_records=1029|employed_records=822|query_mode=exact_socp
occ_27_3023_00,27-3023.00,2024,acs_1yr_pums,273023,exact_socp,72,Accommodation and Food Services,8,343.000,0.004,0.984,0.004,src_census_acs_2024_1yr_pums_api,acs_api_records=1029|employed_records=822|query_mode=exact_socp
occ_27_3023_00,27-3023.00,2024,acs_1yr_pums,273023,exact_socp,52,Finance and Insurance,9,321.000,0.004,0.984,0.004,src_census_acs_2024_1yr_pums_api,acs_api_records=1029|employed_records=822|query_mode=exact_socp
occ_27_3023_00,27-3023.00,2024,acs_1yr_pums,273023,exact_socp,62,Health Care and Social Assistance,10,290.000,0.003,0.984,0.003,src_census_acs_2024_1yr_pums_api,acs_api_records=1029|employed_records=822|query_mode=exact_socp
occ_27_3023_00,27-3023.00,2024,acs_1yr_pums,273023,exact_socp,53,Real Estate and Rental and Leasing,11,204.000,0.002,0.984,0.002,src_census_acs_2024_1yr_pums_api,acs_api_records=1029|employed_records=822|query_mode=exact_socp
occ_27_3023_00,27-3023.00,2024,acs_1yr_pums,273023,exact_socp,22,Utilities,12,98.000,0.001,0.984,0.001,src_census_acs_2024_1yr_pums_api,acs_api_records=1029|employed_records=822|query_mode=exact_socp
occ_27_3023_00,27-3023.00,2024,acs_1yr_pums,273023,exact_socp,31,Manufacturing,13,81.000,0.001,0.984,0.001,src_census_acs_2024_1yr_pums_api,acs_api_records=1029|employed_records=822|query_mode=exact_socp
occ_27_3023_00,27-3023.00,2024,acs_1yr_pums,273023,exact_socp,42,Wholesale Trade,14,40.000,0.000,0.984,0.000,src_census_acs_2024_1yr_pums_api,acs_api_records=1029|employed_records=822|query_mode=exact_socp
occ_27_3023_00,27-3023.00,2024,acs_1yr_pums,273023,exact_socp,55,Management of Companies and Enterprises,15,31.000,0.000,0.984,0.000,src_census_acs_2024_1yr_pums_api,acs_api_records=1029|employed_records=822|query_mode=exact_socp
occ_27_3031_00,27-3031.00,2024,acs_1yr_pums,273031,exact_socp,54,"Professional, Scientific, and Technical Services",1,49877.000,0.310,0.868,0.357,src_census_acs_2024_1yr_pums_api,acs_api_records=1821|employed_records=1558|query_mode=exact_socp
occ_27_3031_00,27-3031.00,2024,acs_1yr_pums,273031,exact_socp,61,Educational Services,2,16906.000,0.105,0.868,0.121,src_census_acs_2024_1yr_pums_api,acs_api_records=1821|employed_records=1558|query_mode=exact_socp
occ_27_3031_00,27-3031.00,2024,acs_1yr_pums,273031,exact_socp,81,Other Services,3,14285.000,0.089,0.868,0.102,src_census_acs_2024_1yr_pums_api,acs_api_records=1821|employed_records=1558|query_mode=exact_socp
occ_27_3031_00,27-3031.00,2024,acs_1yr_pums,273031,exact_socp,62,Health Care and Social Assistance,4,9562.000,0.059,0.868,0.068,src_census_acs_2024_1yr_pums_api,acs_api_records=1821|employed_records=1558|query_mode=exact_socp
occ_27_3031_00,27-3031.00,2024,acs_1yr_pums,273031,exact_socp,51,Information,5,8210.000,0.051,0.868,0.059,src_census_acs_2024_1yr_pums_api,acs_api_records=1821|employed_records=1558|query_mode=exact_socp
occ_27_3031_00,27-3031.00,2024,acs_1yr_pums,273031,exact_socp,31,Manufacturing,6,8021.000,0.050,0.868,0.057,src_census_acs_2024_1yr_pums_api,acs_api_records=1821|employed_records=1558|query_mode=exact_socp
occ_27_3031_00,27-3031.00,2024,acs_1yr_pums,273031,exact_socp,52,Finance and Insurance,7,7646.000,0.048,0.868,0.055,src_census_acs_2024_1yr_pums_api,acs_api_records=1821|employed_records=1558|query_mode=exact_socp
occ_27_3031_00,27-3031.00,2024,acs_1yr_pums,273031,exact_socp,44,Retail Trade,8,3807.000,0.024,0.868,0.027,src_census_acs_2024_1yr_pums_api,acs_api_records=1821|employed_records=1558|query_mode=exact_socp
occ_27_3031_00,27-3031.00,2024,acs_1yr_pums,273031,exact_socp,71,"Arts, Entertainment, and Recreation",9,3776.000,0.023,0.868,0.027,src_census_acs_2024_1yr_pums_api,acs_api_records=1821|employed_records=1558|query_mode=exact_socp
occ_27_3031_00,27-3031.00,2024,acs_1yr_pums,273031,exact_socp,22,Utilities,10,2999.000,0.019,0.868,0.021,src_census_acs_2024_1yr_pums_api,acs_api_records=1821|employed_records=1558|query_mode=exact_socp
occ_27_3031_00,27-3031.00,2024,acs_1yr_pums,273031,exact_socp,56,Administrative and Support and Waste Management Services,11,2885.000,0.018,0.868,0.021,src_census_acs_2024_1yr_pums_api,acs_api_records=1821|employed_records=1558|query_mode=exact_socp
occ_27_3031_00,27-3031.00,2024,acs_1yr_pums,273031,exact_socp,53,Real Estate and Rental and Leasing,12,2557.000,0.016,0.868,0.018,src_census_acs_2024_1yr_pums_api,acs_api_records=1821|employed_records=1558|query_mode=exact_socp
occ_27_3031_00,27-3031.00,2024,acs_1yr_pums,273031,exact_socp,42,Wholesale Trade,13,2229.000,0.014,0.868,0.016,src_census_acs_2024_1yr_pums_api,acs_api_records=1821|employed_records=1558|query_mode=exact_socp
occ_27_3031_00,27-3031.00,2024,acs_1yr_pums,273031,exact_socp,23,Construction,14,1901.000,0.012,0.868,0.014,src_census_acs_2024_1yr_pums_api,acs_api_records=1821|employed_records=1558|query_mode=exact_socp
occ_27_3031_00,27-3031.00,2024,acs_1yr_pums,273031,exact_socp,72,Accommodation and Food Services,15,1571.000,0.010,0.868,0.011,src_census_acs_2024_1yr_pums_api,acs_api_records=1821|employed_records=1558|query_mode=exact_socp
occ_27_3031_00,27-3031.00,2024,acs_1yr_pums,273031,exact_socp,48,Transportation and Warehousing,16,1463.000,0.009,0.868,0.010,src_census_acs_2024_1yr_pums_api,acs_api_records=1821|employed_records=1558|query_mode=exact_socp
occ_27_3031_00,27-3031.00,2024,acs_1yr_pums,273031,exact_socp,55,Management of Companies and Enterprises,17,971.000,0.006,0.868,0.007,src_census_acs_2024_1yr_pums_api,acs_api_records=1821|employed_records=1558|query_mode=exact_socp
occ_27_3031_00,27-3031.00,2024,acs_1yr_pums,273031,exact_socp,11,"Agriculture, Forestry, Fishing and Hunting",18,681.000,0.004,0.868,0.005,src_census_acs_2024_1yr_pums_api,acs_api_records=1821|employed_records=1558|query_mode=exact_socp
occ_27_3031_00,27-3031.00,2024,acs_1yr_pums,273031,exact_socp,21,"Mining, Quarrying, and Oil and Gas Extraction",19,278.000,0.002,0.868,0.002,src_census_acs_2024_1yr_pums_api,acs_api_records=1821|employed_records=1558|query_mode=exact_socp
occ_27_3041_00,27-3041.00,2024,acs_1yr_pums,273041,exact_socp,51,Information,1,54532.000,0.472,0.986,0.479,src_census_acs_2024_1yr_pums_api,acs_api_records=1578|employed_records=1286|query_mode=exact_socp
occ_27_3041_00,27-3041.00,2024,acs_1yr_pums,273041,exact_socp,54,"Professional, Scientific, and Technical Services",2,16727.000,0.145,0.986,0.147,src_census_acs_2024_1yr_pums_api,acs_api_records=1578|employed_records=1286|query_mode=exact_socp
occ_27_3041_00,27-3041.00,2024,acs_1yr_pums,273041,exact_socp,56,Administrative and Support and Waste Management Services,3,16201.000,0.140,0.986,0.142,src_census_acs_2024_1yr_pums_api,acs_api_records=1578|employed_records=1286|query_mode=exact_socp
occ_27_3041_00,27-3041.00,2024,acs_1yr_pums,273041,exact_socp,61,Educational Services,4,8826.000,0.076,0.986,0.077,src_census_acs_2024_1yr_pums_api,acs_api_records=1578|employed_records=1286|query_mode=exact_socp
occ_27_3041_00,27-3041.00,2024,acs_1yr_pums,273041,exact_socp,81,Other Services,5,5415.000,0.047,0.986,0.048,src_census_acs_2024_1yr_pums_api,acs_api_records=1578|employed_records=1286|query_mode=exact_socp
occ_27_3041_00,27-3041.00,2024,acs_1yr_pums,273041,exact_socp,71,"Arts, Entertainment, and Recreation",6,3095.000,0.027,0.986,0.027,src_census_acs_2024_1yr_pums_api,acs_api_records=1578|employed_records=1286|query_mode=exact_socp
occ_27_3041_00,27-3041.00,2024,acs_1yr_pums,273041,exact_socp,44,Retail Trade,7,2190.000,0.019,0.986,0.019,src_census_acs_2024_1yr_pums_api,acs_api_records=1578|employed_records=1286|query_mode=exact_socp
occ_27_3041_00,27-3041.00,2024,acs_1yr_pums,273041,exact_socp,62,Health Care and Social Assistance,8,1569.000,0.014,0.986,0.014,src_census_acs_2024_1yr_pums_api,acs_api_records=1578|employed_records=1286|query_mode=exact_socp
occ_27_3041_00,27-3041.00,2024,acs_1yr_pums,273041,exact_socp,52,Finance and Insurance,9,1390.000,0.012,0.986,0.012,src_census_acs_2024_1yr_pums_api,acs_api_records=1578|employed_records=1286|query_mode=exact_socp
occ_27_3041_00,27-3041.00,2024,acs_1yr_pums,273041,exact_socp,31,Manufacturing,10,1329.000,0.012,0.986,0.012,src_census_acs_2024_1yr_pums_api,acs_api_records=1578|employed_records=1286|query_mode=exact_socp
occ_27_3041_00,27-3041.00,2024,acs_1yr_pums,273041,exact_socp,42,Wholesale Trade,11,933.000,0.008,0.986,0.008,src_census_acs_2024_1yr_pums_api,acs_api_records=1578|employed_records=1286|query_mode=exact_socp
occ_27_3041_00,27-3041.00,2024,acs_1yr_pums,273041,exact_socp,53,Real Estate and Rental and Leasing,12,779.000,0.007,0.986,0.007,src_census_acs_2024_1yr_pums_api,acs_api_records=1578|employed_records=1286|query_mode=exact_socp
occ_27_3041_00,27-3041.00,2024,acs_1yr_pums,273041,exact_socp,55,Management of Companies and Enterprises,13,467.000,0.004,0.986,0.004,src_census_acs_2024_1yr_pums_api,acs_api_records=1578|employed_records=1286|query_mode=exact_socp
occ_27_3041_00,27-3041.00,2024,acs_1yr_pums,273041,exact_socp,72,Accommodation and Food Services,14,254.000,0.002,0.986,0.002,src_census_acs_2024_1yr_pums_api,acs_api_records=1578|employed_records=1286|query_mode=exact_socp
occ_27_3041_00,27-3041.00,2024,acs_1yr_pums,273041,exact_socp,48,Transportation and Warehousing,15,237.000,0.002,0.986,0.002,src_census_acs_2024_1yr_pums_api,acs_api_records=1578|employed_records=1286|query_mode=exact_socp
occ_27_3042_00,27-3042.00,2024,acs_1yr_pums,273042,exact_socp,54,"Professional, Scientific, and Technical Services",1,22047.000,0.391,0.964,0.406,src_census_acs_2024_1yr_pums_api,acs_api_records=764|employed_records=608|query_mode=exact_socp
occ_27_3042_00,27-3042.00,2024,acs_1yr_pums,273042,exact_socp,31,Manufacturing,2,13173.000,0.234,0.964,0.243,src_census_acs_2024_1yr_pums_api,acs_api_records=764|employed_records=608|query_mode=exact_socp
occ_27_3042_00,27-3042.00,2024,acs_1yr_pums,273042,exact_socp,71,"Arts, Entertainment, and Recreation",3,3332.000,0.059,0.964,0.061,src_census_acs_2024_1yr_pums_api,acs_api_records=764|employed_records=608|query_mode=exact_socp
occ_27_3042_00,27-3042.00,2024,acs_1yr_pums,273042,exact_socp,52,Finance and Insurance,4,2943.000,0.052,0.964,0.054,src_census_acs_2024_1yr_pums_api,acs_api_records=764|employed_records=608|query_mode=exact_socp
occ_27_3042_00,27-3042.00,2024,acs_1yr_pums,273042,exact_socp,56,Administrative and Support and Waste Management Services,5,2423.000,0.043,0.964,0.045,src_census_acs_2024_1yr_pums_api,acs_api_records=764|employed_records=608|query_mode=exact_socp
occ_27_3042_00,27-3042.00,2024,acs_1yr_pums,273042,exact_socp,51,Information,6,2288.000,0.041,0.964,0.042,src_census_acs_2024_1yr_pums_api,acs_api_records=764|employed_records=608|query_mode=exact_socp
occ_27_3042_00,27-3042.00,2024,acs_1yr_pums,273042,exact_socp,61,Educational Services,7,1454.000,0.026,0.964,0.027,src_census_acs_2024_1yr_pums_api,acs_api_records=764|employed_records=608|query_mode=exact_socp
occ_27_3042_00,27-3042.00,2024,acs_1yr_pums,273042,exact_socp,44,Retail Trade,8,1440.000,0.026,0.964,0.027,src_census_acs_2024_1yr_pums_api,acs_api_records=764|employed_records=608|query_mode=exact_socp
occ_27_3042_00,27-3042.00,2024,acs_1yr_pums,273042,exact_socp,62,Health Care and Social Assistance,9,1433.000,0.025,0.964,0.026,src_census_acs_2024_1yr_pums_api,acs_api_records=764|employed_records=608|query_mode=exact_socp
occ_27_3042_00,27-3042.00,2024,acs_1yr_pums,273042,exact_socp,48,Transportation and Warehousing,10,909.000,0.016,0.964,0.017,src_census_acs_2024_1yr_pums_api,acs_api_records=764|employed_records=608|query_mode=exact_socp
occ_27_3042_00,27-3042.00,2024,acs_1yr_pums,273042,exact_socp,22,Utilities,11,583.000,0.010,0.964,0.011,src_census_acs_2024_1yr_pums_api,acs_api_records=764|employed_records=608|query_mode=exact_socp
occ_27_3042_00,27-3042.00,2024,acs_1yr_pums,273042,exact_socp,42,Wholesale Trade,12,420.000,0.007,0.964,0.008,src_census_acs_2024_1yr_pums_api,acs_api_records=764|employed_records=608|query_mode=exact_socp
occ_27_3042_00,27-3042.00,2024,acs_1yr_pums,273042,exact_socp,23,Construction,13,403.000,0.007,0.964,0.007,src_census_acs_2024_1yr_pums_api,acs_api_records=764|employed_records=608|query_mode=exact_socp
occ_27_3042_00,27-3042.00,2024,acs_1yr_pums,273042,exact_socp,81,Other Services,14,387.000,0.007,0.964,0.007,src_census_acs_2024_1yr_pums_api,acs_api_records=764|employed_records=608|query_mode=exact_socp
occ_27_3042_00,27-3042.00,2024,acs_1yr_pums,273042,exact_socp,55,Management of Companies and Enterprises,15,387.000,0.007,0.964,0.007,src_census_acs_2024_1yr_pums_api,acs_api_records=764|employed_records=608|query_mode=exact_socp
occ_27_3042_00,27-3042.00,2024,acs_1yr_pums,273042,exact_socp,21,"Mining, Quarrying, and Oil and Gas Extraction",16,279.000,0.005,0.964,0.005,src_census_acs_2024_1yr_pums_api,acs_api_records=764|employed_records=608|query_mode=exact_socp
occ_27_3042_00,27-3042.00,2024,acs_1yr_pums,273042,exact_socp,72,Accommodation and Food Services,17,230.000,0.004,0.964,0.004,src_census_acs_2024_1yr_pums_api,acs_api_records=764|employed_records=608|query_mode=exact_socp
occ_27_3042_00,27-3042.00,2024,acs_1yr_pums,273042,exact_socp,53,Real Estate and Rental and Leasing,18,155.000,0.003,0.964,0.003,src_census_acs_2024_1yr_pums_api,acs_api_records=764|employed_records=608|query_mode=exact_socp
occ_27_3043_00,27-3043.00,2024,acs_1yr_pums,273043,exact_socp,71,"Arts, Entertainment, and Recreation",1,74238.000,0.295,0.961,0.307,src_census_acs_2024_1yr_pums_api,acs_api_records=3493|employed_records=2620|query_mode=exact_socp
occ_27_3043_00,27-3043.00,2024,acs_1yr_pums,273043,exact_socp,54,"Professional, Scientific, and Technical Services",2,47003.000,0.187,0.961,0.194,src_census_acs_2024_1yr_pums_api,acs_api_records=3493|employed_records=2620|query_mode=exact_socp
occ_27_3043_00,27-3043.00,2024,acs_1yr_pums,273043,exact_socp,51,Information,3,37667.000,0.150,0.961,0.156,src_census_acs_2024_1yr_pums_api,acs_api_records=3493|employed_records=2620|query_mode=exact_socp
occ_27_3043_00,27-3043.00,2024,acs_1yr_pums,273043,exact_socp,61,Educational Services,4,21404.000,0.085,0.961,0.088,src_census_acs_2024_1yr_pums_api,acs_api_records=3493|employed_records=2620|query_mode=exact_socp
occ_27_3043_00,27-3043.00,2024,acs_1yr_pums,273043,exact_socp,81,Other Services,5,15812.000,0.063,0.961,0.065,src_census_acs_2024_1yr_pums_api,acs_api_records=3493|employed_records=2620|query_mode=exact_socp
occ_27_3043_00,27-3043.00,2024,acs_1yr_pums,273043,exact_socp,62,Health Care and Social Assistance,6,11794.000,0.047,0.961,0.049,src_census_acs_2024_1yr_pums_api,acs_api_records=3493|employed_records=2620|query_mode=exact_socp
occ_27_3043_00,27-3043.00,2024,acs_1yr_pums,273043,exact_socp,56,Administrative and Support and Waste Management Services,7,7495.000,0.030,0.961,0.031,src_census_acs_2024_1yr_pums_api,acs_api_records=3493|employed_records=2620|query_mode=exact_socp
occ_27_3043_00,27-3043.00,2024,acs_1yr_pums,273043,exact_socp,52,Finance and Insurance,8,7078.000,0.028,0.961,0.029,src_census_acs_2024_1yr_pums_api,acs_api_records=3493|employed_records=2620|query_mode=exact_socp
occ_27_3043_00,27-3043.00,2024,acs_1yr_pums,273043,exact_socp,44,Retail Trade,9,7062.000,0.028,0.961,0.029,src_census_acs_2024_1yr_pums_api,acs_api_records=3493|employed_records=2620|query_mode=exact_socp
occ_27_3043_00,27-3043.00,2024,acs_1yr_pums,273043,exact_socp,31,Manufacturing,10,6730.000,0.027,0.961,0.028,src_census_acs_2024_1yr_pums_api,acs_api_records=3493|employed_records=2620|query_mode=exact_socp
occ_27_3043_00,27-3043.00,2024,acs_1yr_pums,273043,exact_socp,42,Wholesale Trade,11,1474.000,0.006,0.961,0.006,src_census_acs_2024_1yr_pums_api,acs_api_records=3493|employed_records=2620|query_mode=exact_socp
occ_27_3043_00,27-3043.00,2024,acs_1yr_pums,273043,exact_socp,48,Transportation and Warehousing,12,778.000,0.003,0.961,0.003,src_census_acs_2024_1yr_pums_api,acs_api_records=3493|employed_records=2620|query_mode=exact_socp
occ_27_3043_00,27-3043.00,2024,acs_1yr_pums,273043,exact_socp,22,Utilities,13,752.000,0.003,0.961,0.003,src_census_acs_2024_1yr_pums_api,acs_api_records=3493|employed_records=2620|query_mode=exact_socp
occ_27_3043_00,27-3043.00,2024,acs_1yr_pums,273043,exact_socp,23,Construction,14,736.000,0.003,0.961,0.003,src_census_acs_2024_1yr_pums_api,acs_api_records=3493|employed_records=2620|query_mode=exact_socp
occ_27_3043_00,27-3043.00,2024,acs_1yr_pums,273043,exact_socp,72,Accommodation and Food Services,15,607.000,0.002,0.961,0.003,src_census_acs_2024_1yr_pums_api,acs_api_records=3493|employed_records=2620|query_mode=exact_socp
occ_27_3043_00,27-3043.00,2024,acs_1yr_pums,273043,exact_socp,55,Management of Companies and Enterprises,16,599.000,0.002,0.961,0.002,src_census_acs_2024_1yr_pums_api,acs_api_records=3493|employed_records=2620|query_mode=exact_socp
occ_27_3043_00,27-3043.00,2024,acs_1yr_pums,273043,exact_socp,53,Real Estate and Rental and Leasing,17,531.000,0.002,0.961,0.002,src_census_acs_2024_1yr_pums_api,acs_api_records=3493|employed_records=2620|query_mode=exact_socp
occ_27_3043_00,27-3043.00,2024,acs_1yr_pums,273043,exact_socp,11,"Agriculture, Forestry, Fishing and Hunting",18,353.000,0.001,0.961,0.001,src_census_acs_2024_1yr_pums_api,acs_api_records=3493|employed_records=2620|query_mode=exact_socp
occ_41_3011_00,41-3011.00,2024,acs_1yr_pums,413011,exact_socp,54,"Professional, Scientific, and Technical Services",1,52940.000,0.515,0.992,0.519,src_census_acs_2024_1yr_pums_api,acs_api_records=1224|employed_records=985|query_mode=exact_socp
occ_41_3011_00,41-3011.00,2024,acs_1yr_pums,413011,exact_socp,51,Information,2,40657.000,0.395,0.992,0.398,src_census_acs_2024_1yr_pums_api,acs_api_records=1224|employed_records=985|query_mode=exact_socp
occ_41_3011_00,41-3011.00,2024,acs_1yr_pums,413011,exact_socp,44,Retail Trade,3,3382.000,0.033,0.992,0.033,src_census_acs_2024_1yr_pums_api,acs_api_records=1224|employed_records=985|query_mode=exact_socp
occ_41_3011_00,41-3011.00,2024,acs_1yr_pums,413011,exact_socp,31,Manufacturing,4,1018.000,0.010,0.992,0.010,src_census_acs_2024_1yr_pums_api,acs_api_records=1224|employed_records=985|query_mode=exact_socp
occ_41_3011_00,41-3011.00,2024,acs_1yr_pums,413011,exact_socp,61,Educational Services,5,679.000,0.007,0.992,0.007,src_census_acs_2024_1yr_pums_api,acs_api_records=1224|employed_records=985|query_mode=exact_socp
occ_41_3011_00,41-3011.00,2024,acs_1yr_pums,413011,exact_socp,52,Finance and Insurance,6,568.000,0.006,0.992,0.006,src_census_acs_2024_1yr_pums_api,acs_api_records=1224|employed_records=985|query_mode=exact_socp
occ_41_3011_00,41-3011.00,2024,acs_1yr_pums,413011,exact_socp,71,"Arts, Entertainment, and Recreation",7,471.000,0.005,0.992,0.005,src_census_acs_2024_1yr_pums_api,acs_api_records=1224|employed_records=985|query_mode=exact_socp
occ_41_3011_00,41-3011.00,2024,acs_1yr_pums,413011,exact_socp,62,Health Care and Social Assistance,8,451.000,0.004,0.992,0.004,src_census_acs_2024_1yr_pums_api,acs_api_records=1224|employed_records=985|query_mode=exact_socp
occ_41_3011_00,41-3011.00,2024,acs_1yr_pums,413011,exact_socp,55,Management of Companies and Enterprises,9,413.000,0.004,0.992,0.004,src_census_acs_2024_1yr_pums_api,acs_api_records=1224|employed_records=985|query_mode=exact_socp
occ_41_3011_00,41-3011.00,2024,acs_1yr_pums,413011,exact_socp,56,Administrative and Support and Waste Management Services,10,411.000,0.004,0.992,0.004,src_census_acs_2024_1yr_pums_api,acs_api_records=1224|employed_records=985|query_mode=exact_socp
occ_41_3011_00,41-3011.00,2024,acs_1yr_pums,413011,exact_socp,81,Other Services,11,357.000,0.003,0.992,0.003,src_census_acs_2024_1yr_pums_api,acs_api_records=1224|employed_records=985|query_mode=exact_socp
occ_41_3011_00,41-3011.00,2024,acs_1yr_pums,413011,exact_socp,42,Wholesale Trade,12,294.000,0.003,0.992,0.003,src_census_acs_2024_1yr_pums_api,acs_api_records=1224|employed_records=985|query_mode=exact_socp
occ_41_3011_00,41-3011.00,2024,acs_1yr_pums,413011,exact_socp,48,Transportation and Warehousing,13,255.000,0.002,0.992,0.002,src_census_acs_2024_1yr_pums_api,acs_api_records=1224|employed_records=985|query_mode=exact_socp
occ_41_3011_00,41-3011.00,2024,acs_1yr_pums,413011,exact_socp,72,Accommodation and Food Services,14,91.000,0.001,0.992,0.001,src_census_acs_2024_1yr_pums_api,acs_api_records=1224|employed_records=985|query_mode=exact_socp
occ_41_3011_00,41-3011.00,2024,acs_1yr_pums,413011,exact_socp,23,Construction,15,53.000,0.001,0.992,0.001,src_census_acs_2024_1yr_pums_api,acs_api_records=1224|employed_records=985|query_mode=exact_socp
occ_41_3021_00,41-3021.00,2024,acs_1yr_pums,413021,exact_socp,52,Finance and Insurance,1,620626.000,0.979,0.999,0.980,src_census_acs_2024_1yr_pums_api,acs_api_records=7503|employed_records=6273|query_mode=exact_socp
occ_41_3021_00,41-3021.00,2024,acs_1yr_pums,413021,exact_socp,62,Health Care and Social Assistance,2,3152.000,0.005,0.999,0.005,src_census_acs_2024_1yr_pums_api,acs_api_records=7503|employed_records=6273|query_mode=exact_socp
occ_41_3021_00,41-3021.00,2024,acs_1yr_pums,413021,exact_socp,31,Manufacturing,3,2258.000,0.004,0.999,0.004,src_census_acs_2024_1yr_pums_api,acs_api_records=7503|employed_records=6273|query_mode=exact_socp
occ_41_3021_00,41-3021.00,2024,acs_1yr_pums,413021,exact_socp,56,Administrative and Support and Waste Management Services,4,2178.000,0.003,0.999,0.003,src_census_acs_2024_1yr_pums_api,acs_api_records=7503|employed_records=6273|query_mode=exact_socp
occ_41_3021_00,41-3021.00,2024,acs_1yr_pums,413021,exact_socp,54,"Professional, Scientific, and Technical Services",5,1441.000,0.002,0.999,0.002,src_census_acs_2024_1yr_pums_api,acs_api_records=7503|employed_records=6273|query_mode=exact_socp
occ_41_3021_00,41-3021.00,2024,acs_1yr_pums,413021,exact_socp,44,Retail Trade,6,1267.000,0.002,0.999,0.002,src_census_acs_2024_1yr_pums_api,acs_api_records=7503|employed_records=6273|query_mode=exact_socp
occ_41_3021_00,41-3021.00,2024,acs_1yr_pums,413021,exact_socp,53,Real Estate and Rental and Leasing,7,835.000,0.001,0.999,0.001,src_census_acs_2024_1yr_pums_api,acs_api_records=7503|employed_records=6273|query_mode=exact_socp
occ_41_3021_00,41-3021.00,2024,acs_1yr_pums,413021,exact_socp,81,Other Services,8,819.000,0.001,0.999,0.001,src_census_acs_2024_1yr_pums_api,acs_api_records=7503|employed_records=6273|query_mode=exact_socp
occ_41_3021_00,41-3021.00,2024,acs_1yr_pums,413021,exact_socp,48,Transportation and Warehousing,9,277.000,0.000,0.999,0.000,src_census_acs_2024_1yr_pums_api,acs_api_records=7503|employed_records=6273|query_mode=exact_socp
occ_41_3021_00,41-3021.00,2024,acs_1yr_pums,413021,exact_socp,72,Accommodation and Food Services,10,215.000,0.000,0.999,0.000,src_census_acs_2024_1yr_pums_api,acs_api_records=7503|employed_records=6273|query_mode=exact_socp
occ_41_3021_00,41-3021.00,2024,acs_1yr_pums,413021,exact_socp,61,Educational Services,11,149.000,0.000,0.999,0.000,src_census_acs_2024_1yr_pums_api,acs_api_records=7503|employed_records=6273|query_mode=exact_socp
occ_41_3021_00,41-3021.00,2024,acs_1yr_pums,413021,exact_socp,71,"Arts, Entertainment, and Recreation",12,99.000,0.000,0.999,0.000,src_census_acs_2024_1yr_pums_api,acs_api_records=7503|employed_records=6273|query_mode=exact_socp
occ_41_3021_00,41-3021.00,2024,acs_1yr_pums,413021,exact_socp,42,Wholesale Trade,13,30.000,0.000,0.999,0.000,src_census_acs_2024_1yr_pums_api,acs_api_records=7503|employed_records=6273|query_mode=exact_socp
occ_41_3021_00,41-3021.00,2024,acs_1yr_pums,413021,exact_socp,23,Construction,14,16.000,0.000,0.999,0.000,src_census_acs_2024_1yr_pums_api,acs_api_records=7503|employed_records=6273|query_mode=exact_socp
occ_41_3031_00,41-3031.00,2024,acs_1yr_pums,413031,exact_socp,52,Finance and Insurance,1,198754.000,0.955,0.996,0.959,src_census_acs_2024_1yr_pums_api,acs_api_records=2403|employed_records=2015|query_mode=exact_socp
occ_41_3031_00,41-3031.00,2024,acs_1yr_pums,413031,exact_socp,53,Real Estate and Rental and Leasing,2,2178.000,0.010,0.996,0.011,src_census_acs_2024_1yr_pums_api,acs_api_records=2403|employed_records=2015|query_mode=exact_socp
occ_41_3031_00,41-3031.00,2024,acs_1yr_pums,413031,exact_socp,42,Wholesale Trade,3,967.000,0.005,0.996,0.005,src_census_acs_2024_1yr_pums_api,acs_api_records=2403|employed_records=2015|query_mode=exact_socp
occ_41_3031_00,41-3031.00,2024,acs_1yr_pums,413031,exact_socp,31,Manufacturing,4,855.000,0.004,0.996,0.004,src_census_acs_2024_1yr_pums_api,acs_api_records=2403|employed_records=2015|query_mode=exact_socp
occ_41_3031_00,41-3031.00,2024,acs_1yr_pums,413031,exact_socp,22,Utilities,5,841.000,0.004,0.996,0.004,src_census_acs_2024_1yr_pums_api,acs_api_records=2403|employed_records=2015|query_mode=exact_socp
occ_41_3031_00,41-3031.00,2024,acs_1yr_pums,413031,exact_socp,54,"Professional, Scientific, and Technical Services",6,828.000,0.004,0.996,0.004,src_census_acs_2024_1yr_pums_api,acs_api_records=2403|employed_records=2015|query_mode=exact_socp
occ_41_3031_00,41-3031.00,2024,acs_1yr_pums,413031,exact_socp,44,Retail Trade,7,744.000,0.004,0.996,0.004,src_census_acs_2024_1yr_pums_api,acs_api_records=2403|employed_records=2015|query_mode=exact_socp
occ_41_3031_00,41-3031.00,2024,acs_1yr_pums,413031,exact_socp,48,Transportation and Warehousing,8,497.000,0.002,0.996,0.002,src_census_acs_2024_1yr_pums_api,acs_api_records=2403|employed_records=2015|query_mode=exact_socp
occ_41_3031_00,41-3031.00,2024,acs_1yr_pums,413031,exact_socp,62,Health Care and Social Assistance,9,378.000,0.002,0.996,0.002,src_census_acs_2024_1yr_pums_api,acs_api_records=2403|employed_records=2015|query_mode=exact_socp
occ_41_3031_00,41-3031.00,2024,acs_1yr_pums,413031,exact_socp,21,"Mining, Quarrying, and Oil and Gas Extraction",10,309.000,0.001,0.996,0.001,src_census_acs_2024_1yr_pums_api,acs_api_records=2403|employed_records=2015|query_mode=exact_socp
occ_41_3031_00,41-3031.00,2024,acs_1yr_pums,413031,exact_socp,56,Administrative and Support and Waste Management Services,11,240.000,0.001,0.996,0.001,src_census_acs_2024_1yr_pums_api,acs_api_records=2403|employed_records=2015|query_mode=exact_socp
occ_41_3031_00,41-3031.00,2024,acs_1yr_pums,413031,exact_socp,51,Information,12,236.000,0.001,0.996,0.001,src_census_acs_2024_1yr_pums_api,acs_api_records=2403|employed_records=2015|query_mode=exact_socp
occ_41_3031_00,41-3031.00,2024,acs_1yr_pums,413031,exact_socp,11,"Agriculture, Forestry, Fishing and Hunting",13,157.000,0.001,0.996,0.001,src_census_acs_2024_1yr_pums_api,acs_api_records=2403|employed_records=2015|query_mode=exact_socp
occ_41_3031_00,41-3031.00,2024,acs_1yr_pums,413031,exact_socp,72,Accommodation and Food Services,14,111.000,0.001,0.996,0.001,src_census_acs_2024_1yr_pums_api,acs_api_records=2403|employed_records=2015|query_mode=exact_socp
occ_41_3031_00,41-3031.00,2024,acs_1yr_pums,413031,exact_socp,81,Other Services,15,83.000,0.000,0.996,0.000,src_census_acs_2024_1yr_pums_api,acs_api_records=2403|employed_records=2015|query_mode=exact_socp
occ_41_3031_00,41-3031.00,2024,acs_1yr_pums,413031,exact_socp,61,Educational Services,16,78.000,0.000,0.996,0.000,src_census_acs_2024_1yr_pums_api,acs_api_records=2403|employed_records=2015|query_mode=exact_socp
occ_41_3091_00,41-3091.00,2024,acs_1yr_pums,413091,exact_socp,54,"Professional, Scientific, and Technical Services",1,255397.000,0.330,0.997,0.331,src_census_acs_2024_1yr_pums_api,acs_api_records=8433|employed_records=7103|query_mode=exact_socp
occ_41_3091_00,41-3091.00,2024,acs_1yr_pums,413091,exact_socp,23,Construction,2,141062.000,0.183,0.997,0.183,src_census_acs_2024_1yr_pums_api,acs_api_records=8433|employed_records=7103|query_mode=exact_socp
occ_41_3091_00,41-3091.00,2024,acs_1yr_pums,413091,exact_socp,51,Information,3,109021.000,0.141,0.997,0.141,src_census_acs_2024_1yr_pums_api,acs_api_records=8433|employed_records=7103|query_mode=exact_socp
occ_41_3091_00,41-3091.00,2024,acs_1yr_pums,413091,exact_socp,56,Administrative and Support and Waste Management Services,4,91160.000,0.118,0.997,0.118,src_census_acs_2024_1yr_pums_api,acs_api_records=8433|employed_records=7103|query_mode=exact_socp
occ_41_3091_00,41-3091.00,2024,acs_1yr_pums,413091,exact_socp,48,Transportation and Warehousing,5,67950.000,0.088,0.997,0.088,src_census_acs_2024_1yr_pums_api,acs_api_records=8433|employed_records=7103|query_mode=exact_socp
occ_41_3091_00,41-3091.00,2024,acs_1yr_pums,413091,exact_socp,81,Other Services,6,22628.000,0.029,0.997,0.029,src_census_acs_2024_1yr_pums_api,acs_api_records=8433|employed_records=7103|query_mode=exact_socp
occ_41_3091_00,41-3091.00,2024,acs_1yr_pums,413091,exact_socp,31,Manufacturing,7,19956.000,0.026,0.997,0.026,src_census_acs_2024_1yr_pums_api,acs_api_records=8433|employed_records=7103|query_mode=exact_socp
occ_41_3091_00,41-3091.00,2024,acs_1yr_pums,413091,exact_socp,53,Real Estate and Rental and Leasing,8,19151.000,0.025,0.997,0.025,src_census_acs_2024_1yr_pums_api,acs_api_records=8433|employed_records=7103|query_mode=exact_socp
occ_41_3091_00,41-3091.00,2024,acs_1yr_pums,413091,exact_socp,22,Utilities,9,14777.000,0.019,0.997,0.019,src_census_acs_2024_1yr_pums_api,acs_api_records=8433|employed_records=7103|query_mode=exact_socp
occ_41_3091_00,41-3091.00,2024,acs_1yr_pums,413091,exact_socp,52,Finance and Insurance,10,7375.000,0.010,0.997,0.010,src_census_acs_2024_1yr_pums_api,acs_api_records=8433|employed_records=7103|query_mode=exact_socp
occ_41_3091_00,41-3091.00,2024,acs_1yr_pums,413091,exact_socp,61,Educational Services,11,4983.000,0.006,0.997,0.006,src_census_acs_2024_1yr_pums_api,acs_api_records=8433|employed_records=7103|query_mode=exact_socp
occ_41_3091_00,41-3091.00,2024,acs_1yr_pums,413091,exact_socp,62,Health Care and Social Assistance,12,4674.000,0.006,0.997,0.006,src_census_acs_2024_1yr_pums_api,acs_api_records=8433|employed_records=7103|query_mode=exact_socp
occ_41_3091_00,41-3091.00,2024,acs_1yr_pums,413091,exact_socp,71,"Arts, Entertainment, and Recreation",13,3171.000,0.004,0.997,0.004,src_census_acs_2024_1yr_pums_api,acs_api_records=8433|employed_records=7103|query_mode=exact_socp
occ_41_3091_00,41-3091.00,2024,acs_1yr_pums,413091,exact_socp,44,Retail Trade,14,2427.000,0.003,0.997,0.003,src_census_acs_2024_1yr_pums_api,acs_api_records=8433|employed_records=7103|query_mode=exact_socp
occ_41_3091_00,41-3091.00,2024,acs_1yr_pums,413091,exact_socp,11,"Agriculture, Forestry, Fishing and Hunting",15,2159.000,0.003,0.997,0.003,src_census_acs_2024_1yr_pums_api,acs_api_records=8433|employed_records=7103|query_mode=exact_socp
occ_41_3091_00,41-3091.00,2024,acs_1yr_pums,413091,exact_socp,55,Management of Companies and Enterprises,16,1614.000,0.002,0.997,0.002,src_census_acs_2024_1yr_pums_api,acs_api_records=8433|employed_records=7103|query_mode=exact_socp
occ_41_3091_00,41-3091.00,2024,acs_1yr_pums,413091,exact_socp,42,Wholesale Trade,17,1517.000,0.002,0.997,0.002,src_census_acs_2024_1yr_pums_api,acs_api_records=8433|employed_records=7103|query_mode=exact_socp
occ_41_3091_00,41-3091.00,2024,acs_1yr_pums,413091,exact_socp,72,Accommodation and Food Services,18,1495.000,0.002,0.997,0.002,src_census_acs_2024_1yr_pums_api,acs_api_records=8433|employed_records=7103|query_mode=exact_socp
occ_41_3091_00,41-3091.00,2024,acs_1yr_pums,413091,exact_socp,21,"Mining, Quarrying, and Oil and Gas Extraction",19,154.000,0.000,0.997,0.000,src_census_acs_2024_1yr_pums_api,acs_api_records=8433|employed_records=7103|query_mode=exact_socp
occ_41_4011_00,41-4011.00,2024,acs_1yr_pums,414010,grouped_zero_fallback,42,Wholesale Trade,1,617666.000,0.525,0.981,0.534,src_census_acs_2024_1yr_pums_api,acs_api_records=13920|employed_records=11587|query_mode=grouped_zero_fallback
occ_41_4011_00,41-4011.00,2024,acs_1yr_pums,414010,grouped_zero_fallback,31,Manufacturing,2,415637.000,0.353,0.981,0.360,src_census_acs_2024_1yr_pums_api,acs_api_records=13920|employed_records=11587|query_mode=grouped_zero_fallback
occ_41_4011_00,41-4011.00,2024,acs_1yr_pums,414010,grouped_zero_fallback,44,Retail Trade,3,23396.000,0.020,0.981,0.020,src_census_acs_2024_1yr_pums_api,acs_api_records=13920|employed_records=11587|query_mode=grouped_zero_fallback
occ_41_4011_00,41-4011.00,2024,acs_1yr_pums,414010,grouped_zero_fallback,54,"Professional, Scientific, and Technical Services",4,23335.000,0.020,0.981,0.020,src_census_acs_2024_1yr_pums_api,acs_api_records=13920|employed_records=11587|query_mode=grouped_zero_fallback
occ_41_4011_00,41-4011.00,2024,acs_1yr_pums,414010,grouped_zero_fallback,11,"Agriculture, Forestry, Fishing and Hunting",5,16405.000,0.014,0.981,0.014,src_census_acs_2024_1yr_pums_api,acs_api_records=13920|employed_records=11587|query_mode=grouped_zero_fallback
occ_41_4011_00,41-4011.00,2024,acs_1yr_pums,414010,grouped_zero_fallback,62,Health Care and Social Assistance,6,10795.000,0.009,0.981,0.009,src_census_acs_2024_1yr_pums_api,acs_api_records=13920|employed_records=11587|query_mode=grouped_zero_fallback
occ_41_4011_00,41-4011.00,2024,acs_1yr_pums,414010,grouped_zero_fallback,56,Administrative and Support and Waste Management Services,7,10472.000,0.009,0.981,0.009,src_census_acs_2024_1yr_pums_api,acs_api_records=13920|employed_records=11587|query_mode=grouped_zero_fallback
occ_41_4011_00,41-4011.00,2024,acs_1yr_pums,414010,grouped_zero_fallback,21,"Mining, Quarrying, and Oil and Gas Extraction",8,8668.000,0.007,0.981,0.008,src_census_acs_2024_1yr_pums_api,acs_api_records=13920|employed_records=11587|query_mode=grouped_zero_fallback
occ_41_4011_00,41-4011.00,2024,acs_1yr_pums,414010,grouped_zero_fallback,23,Construction,9,5570.000,0.005,0.981,0.005,src_census_acs_2024_1yr_pums_api,acs_api_records=13920|employed_records=11587|query_mode=grouped_zero_fallback
occ_41_4011_00,41-4011.00,2024,acs_1yr_pums,414010,grouped_zero_fallback,51,Information,10,5455.000,0.005,0.981,0.005,src_census_acs_2024_1yr_pums_api,acs_api_records=13920|employed_records=11587|query_mode=grouped_zero_fallback
occ_41_4011_00,41-4011.00,2024,acs_1yr_pums,414010,grouped_zero_fallback,48,Transportation and Warehousing,11,4974.000,0.004,0.981,0.004,src_census_acs_2024_1yr_pums_api,acs_api_records=13920|employed_records=11587|query_mode=grouped_zero_fallback
occ_41_4011_00,41-4011.00,2024,acs_1yr_pums,414010,grouped_zero_fallback,61,Educational Services,12,2484.000,0.002,0.981,0.002,src_census_acs_2024_1yr_pums_api,acs_api_records=13920|employed_records=11587|query_mode=grouped_zero_fallback
occ_41_4011_00,41-4011.00,2024,acs_1yr_pums,414010,grouped_zero_fallback,22,Utilities,13,2222.000,0.002,0.981,0.002,src_census_acs_2024_1yr_pums_api,acs_api_records=13920|employed_records=11587|query_mode=grouped_zero_fallback
occ_41_4011_00,41-4011.00,2024,acs_1yr_pums,414010,grouped_zero_fallback,53,Real Estate and Rental and Leasing,14,1928.000,0.002,0.981,0.002,src_census_acs_2024_1yr_pums_api,acs_api_records=13920|employed_records=11587|query_mode=grouped_zero_fallback
occ_41_4011_00,41-4011.00,2024,acs_1yr_pums,414010,grouped_zero_fallback,71,"Arts, Entertainment, and Recreation",15,1688.000,0.001,0.981,0.001,src_census_acs_2024_1yr_pums_api,acs_api_records=13920|employed_records=11587|query_mode=grouped_zero_fallback
occ_41_4011_00,41-4011.00,2024,acs_1yr_pums,414010,grouped_zero_fallback,72,Accommodation and Food Services,16,1548.000,0.001,0.981,0.001,src_census_acs_2024_1yr_pums_api,acs_api_records=13920|employed_records=11587|query_mode=grouped_zero_fallback
occ_41_4011_00,41-4011.00,2024,acs_1yr_pums,414010,grouped_zero_fallback,52,Finance and Insurance,17,1199.000,0.001,0.981,0.001,src_census_acs_2024_1yr_pums_api,acs_api_records=13920|employed_records=11587|query_mode=grouped_zero_fallback
occ_41_4011_00,41-4011.00,2024,acs_1yr_pums,414010,grouped_zero_fallback,81,Other Services,18,1144.000,0.001,0.981,0.001,src_census_acs_2024_1yr_pums_api,acs_api_records=13920|employed_records=11587|query_mode=grouped_zero_fallback
occ_41_4011_00,41-4011.00,2024,acs_1yr_pums,414010,grouped_zero_fallback,55,Management of Companies and Enterprises,19,1030.000,0.001,0.981,0.001,src_census_acs_2024_1yr_pums_api,acs_api_records=13920|employed_records=11587|query_mode=grouped_zero_fallback
occ_43_1011_00,43-1011.00,2024,acs_1yr_pums,431011,exact_socp,62,Health Care and Social Assistance,1,182049.000,0.155,0.859,0.181,src_census_acs_2024_1yr_pums_api,acs_api_records=14186|employed_records=11665|query_mode=exact_socp
occ_43_1011_00,43-1011.00,2024,acs_1yr_pums,431011,exact_socp,54,"Professional, Scientific, and Technical Services",2,147876.000,0.126,0.859,0.147,src_census_acs_2024_1yr_pums_api,acs_api_records=14186|employed_records=11665|query_mode=exact_socp
occ_43_1011_00,43-1011.00,2024,acs_1yr_pums,431011,exact_socp,52,Finance and Insurance,3,118259.000,0.101,0.859,0.117,src_census_acs_2024_1yr_pums_api,acs_api_records=14186|employed_records=11665|query_mode=exact_socp
occ_43_1011_00,43-1011.00,2024,acs_1yr_pums,431011,exact_socp,31,Manufacturing,4,78059.000,0.067,0.859,0.077,src_census_acs_2024_1yr_pums_api,acs_api_records=14186|employed_records=11665|query_mode=exact_socp
occ_43_1011_00,43-1011.00,2024,acs_1yr_pums,431011,exact_socp,56,Administrative and Support and Waste Management Services,5,77320.000,0.066,0.859,0.077,src_census_acs_2024_1yr_pums_api,acs_api_records=14186|employed_records=11665|query_mode=exact_socp
occ_43_1011_00,43-1011.00,2024,acs_1yr_pums,431011,exact_socp,44,Retail Trade,6,73623.000,0.063,0.859,0.073,src_census_acs_2024_1yr_pums_api,acs_api_records=14186|employed_records=11665|query_mode=exact_socp
occ_43_1011_00,43-1011.00,2024,acs_1yr_pums,431011,exact_socp,23,Construction,7,61613.000,0.053,0.859,0.061,src_census_acs_2024_1yr_pums_api,acs_api_records=14186|employed_records=11665|query_mode=exact_socp
occ_43_1011_00,43-1011.00,2024,acs_1yr_pums,431011,exact_socp,48,Transportation and Warehousing,8,48532.000,0.041,0.859,0.048,src_census_acs_2024_1yr_pums_api,acs_api_records=14186|employed_records=11665|query_mode=exact_socp
occ_43_1011_00,43-1011.00,2024,acs_1yr_pums,431011,exact_socp,81,Other Services,9,47587.000,0.041,0.859,0.047,src_census_acs_2024_1yr_pums_api,acs_api_records=14186|employed_records=11665|query_mode=exact_socp
occ_43_1011_00,43-1011.00,2024,acs_1yr_pums,431011,exact_socp,61,Educational Services,10,37388.000,0.032,0.859,0.037,src_census_acs_2024_1yr_pums_api,acs_api_records=14186|employed_records=11665|query_mode=exact_socp
occ_43_1011_00,43-1011.00,2024,acs_1yr_pums,431011,exact_socp,42,Wholesale Trade,11,31587.000,0.027,0.859,0.031,src_census_acs_2024_1yr_pums_api,acs_api_records=14186|employed_records=11665|query_mode=exact_socp
occ_43_1011_00,43-1011.00,2024,acs_1yr_pums,431011,exact_socp,51,Information,12,23498.000,0.020,0.859,0.023,src_census_acs_2024_1yr_pums_api,acs_api_records=14186|employed_records=11665|query_mode=exact_socp
occ_43_1011_00,43-1011.00,2024,acs_1yr_pums,431011,exact_socp,53,Real Estate and Rental and Leasing,13,23003.000,0.020,0.859,0.023,src_census_acs_2024_1yr_pums_api,acs_api_records=14186|employed_records=11665|query_mode=exact_socp
occ_43_1011_00,43-1011.00,2024,acs_1yr_pums,431011,exact_socp,72,Accommodation and Food Services,14,17578.000,0.015,0.859,0.017,src_census_acs_2024_1yr_pums_api,acs_api_records=14186|employed_records=11665|query_mode=exact_socp
occ_43_1011_00,43-1011.00,2024,acs_1yr_pums,431011,exact_socp,71,"Arts, Entertainment, and Recreation",15,14019.000,0.012,0.859,0.014,src_census_acs_2024_1yr_pums_api,acs_api_records=14186|employed_records=11665|query_mode=exact_socp
occ_43_1011_00,43-1011.00,2024,acs_1yr_pums,431011,exact_socp,22,Utilities,16,11685.000,0.010,0.859,0.012,src_census_acs_2024_1yr_pums_api,acs_api_records=14186|employed_records=11665|query_mode=exact_socp
occ_43_1011_00,43-1011.00,2024,acs_1yr_pums,431011,exact_socp,11,"Agriculture, Forestry, Fishing and Hunting",17,6512.000,0.006,0.859,0.006,src_census_acs_2024_1yr_pums_api,acs_api_records=14186|employed_records=11665|query_mode=exact_socp
occ_43_1011_00,43-1011.00,2024,acs_1yr_pums,431011,exact_socp,21,"Mining, Quarrying, and Oil and Gas Extraction",18,4501.000,0.004,0.859,0.004,src_census_acs_2024_1yr_pums_api,acs_api_records=14186|employed_records=11665|query_mode=exact_socp
occ_43_1011_00,43-1011.00,2024,acs_1yr_pums,431011,exact_socp,55,Management of Companies and Enterprises,19,3215.000,0.003,0.859,0.003,src_census_acs_2024_1yr_pums_api,acs_api_records=14186|employed_records=11665|query_mode=exact_socp
occ_43_3021_00,43-3021.00,2024,acs_1yr_pums,433021,exact_socp,62,Health Care and Social Assistance,1,187396.000,0.406,0.965,0.421,src_census_acs_2024_1yr_pums_api,acs_api_records=5372|employed_records=4506|query_mode=exact_socp
occ_43_3021_00,43-3021.00,2024,acs_1yr_pums,433021,exact_socp,54,"Professional, Scientific, and Technical Services",2,84790.000,0.184,0.965,0.191,src_census_acs_2024_1yr_pums_api,acs_api_records=5372|employed_records=4506|query_mode=exact_socp
occ_43_3021_00,43-3021.00,2024,acs_1yr_pums,433021,exact_socp,44,Retail Trade,3,38368.000,0.083,0.965,0.086,src_census_acs_2024_1yr_pums_api,acs_api_records=5372|employed_records=4506|query_mode=exact_socp
occ_43_3021_00,43-3021.00,2024,acs_1yr_pums,433021,exact_socp,52,Finance and Insurance,4,24159.000,0.052,0.965,0.054,src_census_acs_2024_1yr_pums_api,acs_api_records=5372|employed_records=4506|query_mode=exact_socp
occ_43_3021_00,43-3021.00,2024,acs_1yr_pums,433021,exact_socp,56,Administrative and Support and Waste Management Services,5,17765.000,0.039,0.965,0.040,src_census_acs_2024_1yr_pums_api,acs_api_records=5372|employed_records=4506|query_mode=exact_socp
occ_43_3021_00,43-3021.00,2024,acs_1yr_pums,433021,exact_socp,31,Manufacturing,6,16706.000,0.036,0.965,0.038,src_census_acs_2024_1yr_pums_api,acs_api_records=5372|employed_records=4506|query_mode=exact_socp
occ_43_3021_00,43-3021.00,2024,acs_1yr_pums,433021,exact_socp,48,Transportation and Warehousing,7,14742.000,0.032,0.965,0.033,src_census_acs_2024_1yr_pums_api,acs_api_records=5372|employed_records=4506|query_mode=exact_socp
occ_43_3021_00,43-3021.00,2024,acs_1yr_pums,433021,exact_socp,23,Construction,8,12489.000,0.027,0.965,0.028,src_census_acs_2024_1yr_pums_api,acs_api_records=5372|employed_records=4506|query_mode=exact_socp
occ_43_3021_00,43-3021.00,2024,acs_1yr_pums,433021,exact_socp,61,Educational Services,9,12368.000,0.027,0.965,0.028,src_census_acs_2024_1yr_pums_api,acs_api_records=5372|employed_records=4506|query_mode=exact_socp
occ_43_3021_00,43-3021.00,2024,acs_1yr_pums,433021,exact_socp,22,Utilities,10,8384.000,0.018,0.965,0.019,src_census_acs_2024_1yr_pums_api,acs_api_records=5372|employed_records=4506|query_mode=exact_socp
occ_43_3021_00,43-3021.00,2024,acs_1yr_pums,433021,exact_socp,42,Wholesale Trade,11,7762.000,0.017,0.965,0.017,src_census_acs_2024_1yr_pums_api,acs_api_records=5372|employed_records=4506|query_mode=exact_socp
occ_43_3021_00,43-3021.00,2024,acs_1yr_pums,433021,exact_socp,51,Information,12,5809.000,0.013,0.965,0.013,src_census_acs_2024_1yr_pums_api,acs_api_records=5372|employed_records=4506|query_mode=exact_socp
occ_43_3021_00,43-3021.00,2024,acs_1yr_pums,433021,exact_socp,81,Other Services,13,4882.000,0.011,0.965,0.011,src_census_acs_2024_1yr_pums_api,acs_api_records=5372|employed_records=4506|query_mode=exact_socp
occ_43_3021_00,43-3021.00,2024,acs_1yr_pums,433021,exact_socp,53,Real Estate and Rental and Leasing,14,4132.000,0.009,0.965,0.009,src_census_acs_2024_1yr_pums_api,acs_api_records=5372|employed_records=4506|query_mode=exact_socp
occ_43_3021_00,43-3021.00,2024,acs_1yr_pums,433021,exact_socp,71,"Arts, Entertainment, and Recreation",15,2319.000,0.005,0.965,0.005,src_census_acs_2024_1yr_pums_api,acs_api_records=5372|employed_records=4506|query_mode=exact_socp
occ_43_3021_00,43-3021.00,2024,acs_1yr_pums,433021,exact_socp,72,Accommodation and Food Services,16,1303.000,0.003,0.965,0.003,src_census_acs_2024_1yr_pums_api,acs_api_records=5372|employed_records=4506|query_mode=exact_socp
occ_43_3021_00,43-3021.00,2024,acs_1yr_pums,433021,exact_socp,21,"Mining, Quarrying, and Oil and Gas Extraction",17,954.000,0.002,0.965,0.002,src_census_acs_2024_1yr_pums_api,acs_api_records=5372|employed_records=4506|query_mode=exact_socp
occ_43_3021_00,43-3021.00,2024,acs_1yr_pums,433021,exact_socp,55,Management of Companies and Enterprises,18,447.000,0.001,0.965,0.001,src_census_acs_2024_1yr_pums_api,acs_api_records=5372|employed_records=4506|query_mode=exact_socp
occ_43_3021_00,43-3021.00,2024,acs_1yr_pums,433021,exact_socp,11,"Agriculture, Forestry, Fishing and Hunting",19,278.000,0.001,0.965,0.001,src_census_acs_2024_1yr_pums_api,acs_api_records=5372|employed_records=4506|query_mode=exact_socp
occ_43_3031_00,43-3031.00,2024,acs_1yr_pums,433031,exact_socp,54,"Professional, Scientific, and Technical Services",1,240715.000,0.189,0.944,0.200,src_census_acs_2024_1yr_pums_api,acs_api_records=17390|employed_records=13547|query_mode=exact_socp
occ_43_3031_00,43-3031.00,2024,acs_1yr_pums,433031,exact_socp,44,Retail Trade,2,113245.000,0.089,0.944,0.094,src_census_acs_2024_1yr_pums_api,acs_api_records=17390|employed_records=13547|query_mode=exact_socp
occ_43_3031_00,43-3031.00,2024,acs_1yr_pums,433031,exact_socp,31,Manufacturing,3,108179.000,0.085,0.944,0.090,src_census_acs_2024_1yr_pums_api,acs_api_records=17390|employed_records=13547|query_mode=exact_socp
occ_43_3031_00,43-3031.00,2024,acs_1yr_pums,433031,exact_socp,23,Construction,4,104783.000,0.082,0.944,0.087,src_census_acs_2024_1yr_pums_api,acs_api_records=17390|employed_records=13547|query_mode=exact_socp
occ_43_3031_00,43-3031.00,2024,acs_1yr_pums,433031,exact_socp,52,Finance and Insurance,5,91717.000,0.072,0.944,0.076,src_census_acs_2024_1yr_pums_api,acs_api_records=17390|employed_records=13547|query_mode=exact_socp
occ_43_3031_00,43-3031.00,2024,acs_1yr_pums,433031,exact_socp,62,Health Care and Social Assistance,6,82183.000,0.065,0.944,0.068,src_census_acs_2024_1yr_pums_api,acs_api_records=17390|employed_records=13547|query_mode=exact_socp
occ_43_3031_00,43-3031.00,2024,acs_1yr_pums,433031,exact_socp,56,Administrative and Support and Waste Management Services,7,63745.000,0.050,0.944,0.053,src_census_acs_2024_1yr_pums_api,acs_api_records=17390|employed_records=13547|query_mode=exact_socp
occ_43_3031_00,43-3031.00,2024,acs_1yr_pums,433031,exact_socp,81,Other Services,8,62782.000,0.049,0.944,0.052,src_census_acs_2024_1yr_pums_api,acs_api_records=17390|employed_records=13547|query_mode=exact_socp
occ_43_3031_00,43-3031.00,2024,acs_1yr_pums,433031,exact_socp,42,Wholesale Trade,9,61937.000,0.049,0.944,0.052,src_census_acs_2024_1yr_pums_api,acs_api_records=17390|employed_records=13547|query_mode=exact_socp
occ_43_3031_00,43-3031.00,2024,acs_1yr_pums,433031,exact_socp,61,Educational Services,10,58172.000,0.046,0.944,0.048,src_census_acs_2024_1yr_pums_api,acs_api_records=17390|employed_records=13547|query_mode=exact_socp
occ_43_3031_00,43-3031.00,2024,acs_1yr_pums,433031,exact_socp,53,Real Estate and Rental and Leasing,11,50745.000,0.040,0.944,0.042,src_census_acs_2024_1yr_pums_api,acs_api_records=17390|employed_records=13547|query_mode=exact_socp
occ_43_3031_00,43-3031.00,2024,acs_1yr_pums,433031,exact_socp,72,Accommodation and Food Services,12,45844.000,0.036,0.944,0.038,src_census_acs_2024_1yr_pums_api,acs_api_records=17390|employed_records=13547|query_mode=exact_socp
occ_43_3031_00,43-3031.00,2024,acs_1yr_pums,433031,exact_socp,48,Transportation and Warehousing,13,40914.000,0.032,0.944,0.034,src_census_acs_2024_1yr_pums_api,acs_api_records=17390|employed_records=13547|query_mode=exact_socp
occ_43_3031_00,43-3031.00,2024,acs_1yr_pums,433031,exact_socp,71,"Arts, Entertainment, and Recreation",14,20379.000,0.016,0.944,0.017,src_census_acs_2024_1yr_pums_api,acs_api_records=17390|employed_records=13547|query_mode=exact_socp
occ_43_3031_00,43-3031.00,2024,acs_1yr_pums,433031,exact_socp,11,"Agriculture, Forestry, Fishing and Hunting",15,17937.000,0.014,0.944,0.015,src_census_acs_2024_1yr_pums_api,acs_api_records=17390|employed_records=13547|query_mode=exact_socp
occ_43_3031_00,43-3031.00,2024,acs_1yr_pums,433031,exact_socp,51,Information,16,16690.000,0.013,0.944,0.014,src_census_acs_2024_1yr_pums_api,acs_api_records=17390|employed_records=13547|query_mode=exact_socp
occ_43_3031_00,43-3031.00,2024,acs_1yr_pums,433031,exact_socp,22,Utilities,17,9787.000,0.008,0.944,0.008,src_census_acs_2024_1yr_pums_api,acs_api_records=17390|employed_records=13547|query_mode=exact_socp
occ_43_3031_00,43-3031.00,2024,acs_1yr_pums,433031,exact_socp,21,"Mining, Quarrying, and Oil and Gas Extraction",18,7851.000,0.006,0.944,0.007,src_census_acs_2024_1yr_pums_api,acs_api_records=17390|employed_records=13547|query_mode=exact_socp
occ_43_3031_00,43-3031.00,2024,acs_1yr_pums,433031,exact_socp,55,Management of Companies and Enterprises,19,2991.000,0.002,0.944,0.002,src_census_acs_2024_1yr_pums_api,acs_api_records=17390|employed_records=13547|query_mode=exact_socp
occ_43_4031_00,43-4031.00,2024,acs_1yr_pums,434031,exact_socp,54,"Professional, Scientific, and Technical Services",1,8149.000,0.095,0.164,0.582,src_census_acs_2024_1yr_pums_api,acs_api_records=1123|employed_records=902|query_mode=exact_socp
occ_43_4031_00,43-4031.00,2024,acs_1yr_pums,434031,exact_socp,62,Health Care and Social Assistance,2,794.000,0.009,0.164,0.057,src_census_acs_2024_1yr_pums_api,acs_api_records=1123|employed_records=902|query_mode=exact_socp
occ_43_4031_00,43-4031.00,2024,acs_1yr_pums,434031,exact_socp,56,Administrative and Support and Waste Management Services,3,756.000,0.009,0.164,0.054,src_census_acs_2024_1yr_pums_api,acs_api_records=1123|employed_records=902|query_mode=exact_socp
occ_43_4031_00,43-4031.00,2024,acs_1yr_pums,434031,exact_socp,81,Other Services,4,692.000,0.008,0.164,0.049,src_census_acs_2024_1yr_pums_api,acs_api_records=1123|employed_records=902|query_mode=exact_socp
occ_43_4031_00,43-4031.00,2024,acs_1yr_pums,434031,exact_socp,31,Manufacturing,5,594.000,0.007,0.164,0.042,src_census_acs_2024_1yr_pums_api,acs_api_records=1123|employed_records=902|query_mode=exact_socp
occ_43_4031_00,43-4031.00,2024,acs_1yr_pums,434031,exact_socp,52,Finance and Insurance,6,582.000,0.007,0.164,0.042,src_census_acs_2024_1yr_pums_api,acs_api_records=1123|employed_records=902|query_mode=exact_socp
occ_43_4031_00,43-4031.00,2024,acs_1yr_pums,434031,exact_socp,53,Real Estate and Rental and Leasing,7,432.000,0.005,0.164,0.031,src_census_acs_2024_1yr_pums_api,acs_api_records=1123|employed_records=902|query_mode=exact_socp
occ_43_4031_00,43-4031.00,2024,acs_1yr_pums,434031,exact_socp,51,Information,8,360.000,0.004,0.164,0.026,src_census_acs_2024_1yr_pums_api,acs_api_records=1123|employed_records=902|query_mode=exact_socp
occ_43_4031_00,43-4031.00,2024,acs_1yr_pums,434031,exact_socp,44,Retail Trade,9,312.000,0.004,0.164,0.022,src_census_acs_2024_1yr_pums_api,acs_api_records=1123|employed_records=902|query_mode=exact_socp
occ_43_4031_00,43-4031.00,2024,acs_1yr_pums,434031,exact_socp,61,Educational Services,10,294.000,0.003,0.164,0.021,src_census_acs_2024_1yr_pums_api,acs_api_records=1123|employed_records=902|query_mode=exact_socp
occ_43_4031_00,43-4031.00,2024,acs_1yr_pums,434031,exact_socp,23,Construction,11,251.000,0.003,0.164,0.018,src_census_acs_2024_1yr_pums_api,acs_api_records=1123|employed_records=902|query_mode=exact_socp
occ_43_4031_00,43-4031.00,2024,acs_1yr_pums,434031,exact_socp,22,Utilities,12,218.000,0.003,0.164,0.016,src_census_acs_2024_1yr_pums_api,acs_api_records=1123|employed_records=902|query_mode=exact_socp
occ_43_4031_00,43-4031.00,2024,acs_1yr_pums,434031,exact_socp,11,"Agriculture, Forestry, Fishing and Hunting",13,196.000,0.002,0.164,0.014,src_census_acs_2024_1yr_pums_api,acs_api_records=1123|employed_records=902|query_mode=exact_socp
occ_43_4031_00,43-4031.00,2024,acs_1yr_pums,434031,exact_socp,48,Transportation and Warehousing,14,110.000,0.001,0.164,0.008,src_census_acs_2024_1yr_pums_api,acs_api_records=1123|employed_records=902|query_mode=exact_socp
occ_43_4031_00,43-4031.00,2024,acs_1yr_pums,434031,exact_socp,71,"Arts, Entertainment, and Recreation",15,104.000,0.001,0.164,0.007,src_census_acs_2024_1yr_pums_api,acs_api_records=1123|employed_records=902|query_mode=exact_socp
occ_43_4031_00,43-4031.00,2024,acs_1yr_pums,434031,exact_socp,42,Wholesale Trade,16,82.000,0.001,0.164,0.006,src_census_acs_2024_1yr_pums_api,acs_api_records=1123|employed_records=902|query_mode=exact_socp
occ_43_4031_00,43-4031.00,2024,acs_1yr_pums,434031,exact_socp,55,Management of Companies and Enterprises,17,66.000,0.001,0.164,0.005,src_census_acs_2024_1yr_pums_api,acs_api_records=1123|employed_records=902|query_mode=exact_socp
occ_43_4051_00,43-4051.00,2024,acs_1yr_pums,434051,exact_socp,44,Retail Trade,1,788161.000,0.263,0.960,0.274,src_census_acs_2024_1yr_pums_api,acs_api_records=34026|employed_records=26623|query_mode=exact_socp
occ_43_4051_00,43-4051.00,2024,acs_1yr_pums,434051,exact_socp,52,Finance and Insurance,2,334428.000,0.112,0.960,0.116,src_census_acs_2024_1yr_pums_api,acs_api_records=34026|employed_records=26623|query_mode=exact_socp
occ_43_4051_00,43-4051.00,2024,acs_1yr_pums,434051,exact_socp,54,"Professional, Scientific, and Technical Services",3,237103.000,0.079,0.960,0.082,src_census_acs_2024_1yr_pums_api,acs_api_records=34026|employed_records=26623|query_mode=exact_socp
occ_43_4051_00,43-4051.00,2024,acs_1yr_pums,434051,exact_socp,56,Administrative and Support and Waste Management Services,4,215933.000,0.072,0.960,0.075,src_census_acs_2024_1yr_pums_api,acs_api_records=34026|employed_records=26623|query_mode=exact_socp
occ_43_4051_00,43-4051.00,2024,acs_1yr_pums,434051,exact_socp,62,Health Care and Social Assistance,5,201867.000,0.067,0.960,0.070,src_census_acs_2024_1yr_pums_api,acs_api_records=34026|employed_records=26623|query_mode=exact_socp
occ_43_4051_00,43-4051.00,2024,acs_1yr_pums,434051,exact_socp,72,Accommodation and Food Services,6,199701.000,0.067,0.960,0.069,src_census_acs_2024_1yr_pums_api,acs_api_records=34026|employed_records=26623|query_mode=exact_socp
occ_43_4051_00,43-4051.00,2024,acs_1yr_pums,434051,exact_socp,31,Manufacturing,7,195077.000,0.065,0.960,0.068,src_census_acs_2024_1yr_pums_api,acs_api_records=34026|employed_records=26623|query_mode=exact_socp
occ_43_4051_00,43-4051.00,2024,acs_1yr_pums,434051,exact_socp,48,Transportation and Warehousing,8,150635.000,0.050,0.960,0.052,src_census_acs_2024_1yr_pums_api,acs_api_records=34026|employed_records=26623|query_mode=exact_socp
occ_43_4051_00,43-4051.00,2024,acs_1yr_pums,434051,exact_socp,51,Information,9,109647.000,0.037,0.960,0.038,src_census_acs_2024_1yr_pums_api,acs_api_records=34026|employed_records=26623|query_mode=exact_socp
occ_43_4051_00,43-4051.00,2024,acs_1yr_pums,434051,exact_socp,71,"Arts, Entertainment, and Recreation",10,97055.000,0.032,0.960,0.034,src_census_acs_2024_1yr_pums_api,acs_api_records=34026|employed_records=26623|query_mode=exact_socp
occ_43_4051_00,43-4051.00,2024,acs_1yr_pums,434051,exact_socp,42,Wholesale Trade,11,95569.000,0.032,0.960,0.033,src_census_acs_2024_1yr_pums_api,acs_api_records=34026|employed_records=26623|query_mode=exact_socp
occ_43_4051_00,43-4051.00,2024,acs_1yr_pums,434051,exact_socp,81,Other Services,12,71449.000,0.024,0.960,0.025,src_census_acs_2024_1yr_pums_api,acs_api_records=34026|employed_records=26623|query_mode=exact_socp
occ_43_4051_00,43-4051.00,2024,acs_1yr_pums,434051,exact_socp,22,Utilities,13,45554.000,0.015,0.960,0.016,src_census_acs_2024_1yr_pums_api,acs_api_records=34026|employed_records=26623|query_mode=exact_socp
occ_43_4051_00,43-4051.00,2024,acs_1yr_pums,434051,exact_socp,23,Construction,14,44089.000,0.015,0.960,0.015,src_census_acs_2024_1yr_pums_api,acs_api_records=34026|employed_records=26623|query_mode=exact_socp
occ_43_4051_00,43-4051.00,2024,acs_1yr_pums,434051,exact_socp,61,Educational Services,15,39614.000,0.013,0.960,0.014,src_census_acs_2024_1yr_pums_api,acs_api_records=34026|employed_records=26623|query_mode=exact_socp
occ_43_4051_00,43-4051.00,2024,acs_1yr_pums,434051,exact_socp,53,Real Estate and Rental and Leasing,16,39438.000,0.013,0.960,0.014,src_census_acs_2024_1yr_pums_api,acs_api_records=34026|employed_records=26623|query_mode=exact_socp
occ_43_4051_00,43-4051.00,2024,acs_1yr_pums,434051,exact_socp,11,"Agriculture, Forestry, Fishing and Hunting",17,5705.000,0.002,0.960,0.002,src_census_acs_2024_1yr_pums_api,acs_api_records=34026|employed_records=26623|query_mode=exact_socp
occ_43_4051_00,43-4051.00,2024,acs_1yr_pums,434051,exact_socp,55,Management of Companies and Enterprises,18,2755.000,0.001,0.960,0.001,src_census_acs_2024_1yr_pums_api,acs_api_records=34026|employed_records=26623|query_mode=exact_socp
occ_43_4051_00,43-4051.00,2024,acs_1yr_pums,434051,exact_socp,21,"Mining, Quarrying, and Oil and Gas Extraction",19,1683.000,0.001,0.960,0.001,src_census_acs_2024_1yr_pums_api,acs_api_records=34026|employed_records=26623|query_mode=exact_socp
occ_43_4131_00,43-4131.00,2024,acs_1yr_pums,434131,exact_socp,52,Finance and Insurance,1,97034.000,0.930,0.987,0.943,src_census_acs_2024_1yr_pums_api,acs_api_records=1188|employed_records=987|query_mode=exact_socp
occ_43_4131_00,43-4131.00,2024,acs_1yr_pums,434131,exact_socp,53,Real Estate and Rental and Leasing,2,2362.000,0.023,0.987,0.023,src_census_acs_2024_1yr_pums_api,acs_api_records=1188|employed_records=987|query_mode=exact_socp
occ_43_4131_00,43-4131.00,2024,acs_1yr_pums,434131,exact_socp,54,"Professional, Scientific, and Technical Services",3,1594.000,0.015,0.987,0.015,src_census_acs_2024_1yr_pums_api,acs_api_records=1188|employed_records=987|query_mode=exact_socp
occ_43_4131_00,43-4131.00,2024,acs_1yr_pums,434131,exact_socp,44,Retail Trade,4,732.000,0.007,0.987,0.007,src_census_acs_2024_1yr_pums_api,acs_api_records=1188|employed_records=987|query_mode=exact_socp
occ_43_4131_00,43-4131.00,2024,acs_1yr_pums,434131,exact_socp,23,Construction,5,461.000,0.004,0.987,0.004,src_census_acs_2024_1yr_pums_api,acs_api_records=1188|employed_records=987|query_mode=exact_socp
occ_43_4131_00,43-4131.00,2024,acs_1yr_pums,434131,exact_socp,31,Manufacturing,6,252.000,0.002,0.987,0.002,src_census_acs_2024_1yr_pums_api,acs_api_records=1188|employed_records=987|query_mode=exact_socp
occ_43_4131_00,43-4131.00,2024,acs_1yr_pums,434131,exact_socp,55,Management of Companies and Enterprises,7,196.000,0.002,0.987,0.002,src_census_acs_2024_1yr_pums_api,acs_api_records=1188|employed_records=987|query_mode=exact_socp
occ_43_4131_00,43-4131.00,2024,acs_1yr_pums,434131,exact_socp,62,Health Care and Social Assistance,8,136.000,0.001,0.987,0.001,src_census_acs_2024_1yr_pums_api,acs_api_records=1188|employed_records=987|query_mode=exact_socp
occ_43_4131_00,43-4131.00,2024,acs_1yr_pums,434131,exact_socp,81,Other Services,9,104.000,0.001,0.987,0.001,src_census_acs_2024_1yr_pums_api,acs_api_records=1188|employed_records=987|query_mode=exact_socp
occ_43_4131_00,43-4131.00,2024,acs_1yr_pums,434131,exact_socp,42,Wholesale Trade,10,42.000,0.000,0.987,0.000,src_census_acs_2024_1yr_pums_api,acs_api_records=1188|employed_records=987|query_mode=exact_socp
occ_43_4131_00,43-4131.00,2024,acs_1yr_pums,434131,exact_socp,56,Administrative and Support and Waste Management Services,11,25.000,0.000,0.987,0.000,src_census_acs_2024_1yr_pums_api,acs_api_records=1188|employed_records=987|query_mode=exact_socp
occ_43_4171_00,43-4171.00,2024,acs_1yr_pums,434171,exact_socp,62,Health Care and Social Assistance,1,636042.000,0.490,0.971,0.504,src_census_acs_2024_1yr_pums_api,acs_api_records=16354|employed_records=12301|query_mode=exact_socp
occ_43_4171_00,43-4171.00,2024,acs_1yr_pums,434171,exact_socp,54,"Professional, Scientific, and Technical Services",2,104654.000,0.081,0.971,0.083,src_census_acs_2024_1yr_pums_api,acs_api_records=16354|employed_records=12301|query_mode=exact_socp
occ_43_4171_00,43-4171.00,2024,acs_1yr_pums,434171,exact_socp,81,Other Services,3,98558.000,0.076,0.971,0.078,src_census_acs_2024_1yr_pums_api,acs_api_records=16354|employed_records=12301|query_mode=exact_socp
occ_43_4171_00,43-4171.00,2024,acs_1yr_pums,434171,exact_socp,61,Educational Services,4,92265.000,0.071,0.971,0.073,src_census_acs_2024_1yr_pums_api,acs_api_records=16354|employed_records=12301|query_mode=exact_socp
occ_43_4171_00,43-4171.00,2024,acs_1yr_pums,434171,exact_socp,44,Retail Trade,5,61911.000,0.048,0.971,0.049,src_census_acs_2024_1yr_pums_api,acs_api_records=16354|employed_records=12301|query_mode=exact_socp
occ_43_4171_00,43-4171.00,2024,acs_1yr_pums,434171,exact_socp,56,Administrative and Support and Waste Management Services,6,41494.000,0.032,0.971,0.033,src_census_acs_2024_1yr_pums_api,acs_api_records=16354|employed_records=12301|query_mode=exact_socp
occ_43_4171_00,43-4171.00,2024,acs_1yr_pums,434171,exact_socp,71,"Arts, Entertainment, and Recreation",7,35262.000,0.027,0.971,0.028,src_census_acs_2024_1yr_pums_api,acs_api_records=16354|employed_records=12301|query_mode=exact_socp
occ_43_4171_00,43-4171.00,2024,acs_1yr_pums,434171,exact_socp,52,Finance and Insurance,8,34455.000,0.027,0.971,0.027,src_census_acs_2024_1yr_pums_api,acs_api_records=16354|employed_records=12301|query_mode=exact_socp
occ_43_4171_00,43-4171.00,2024,acs_1yr_pums,434171,exact_socp,72,Accommodation and Food Services,9,31161.000,0.024,0.971,0.025,src_census_acs_2024_1yr_pums_api,acs_api_records=16354|employed_records=12301|query_mode=exact_socp
occ_43_4171_00,43-4171.00,2024,acs_1yr_pums,434171,exact_socp,23,Construction,10,31157.000,0.024,0.971,0.025,src_census_acs_2024_1yr_pums_api,acs_api_records=16354|employed_records=12301|query_mode=exact_socp
occ_43_4171_00,43-4171.00,2024,acs_1yr_pums,434171,exact_socp,31,Manufacturing,11,22779.000,0.018,0.971,0.018,src_census_acs_2024_1yr_pums_api,acs_api_records=16354|employed_records=12301|query_mode=exact_socp
occ_43_4171_00,43-4171.00,2024,acs_1yr_pums,434171,exact_socp,53,Real Estate and Rental and Leasing,12,21820.000,0.017,0.971,0.017,src_census_acs_2024_1yr_pums_api,acs_api_records=16354|employed_records=12301|query_mode=exact_socp
occ_43_4171_00,43-4171.00,2024,acs_1yr_pums,434171,exact_socp,48,Transportation and Warehousing,13,17015.000,0.013,0.971,0.013,src_census_acs_2024_1yr_pums_api,acs_api_records=16354|employed_records=12301|query_mode=exact_socp
occ_43_4171_00,43-4171.00,2024,acs_1yr_pums,434171,exact_socp,51,Information,14,12780.000,0.010,0.971,0.010,src_census_acs_2024_1yr_pums_api,acs_api_records=16354|employed_records=12301|query_mode=exact_socp
occ_43_4171_00,43-4171.00,2024,acs_1yr_pums,434171,exact_socp,42,Wholesale Trade,15,9405.000,0.007,0.971,0.007,src_census_acs_2024_1yr_pums_api,acs_api_records=16354|employed_records=12301|query_mode=exact_socp
occ_43_4171_00,43-4171.00,2024,acs_1yr_pums,434171,exact_socp,22,Utilities,16,6619.000,0.005,0.971,0.005,src_census_acs_2024_1yr_pums_api,acs_api_records=16354|employed_records=12301|query_mode=exact_socp
occ_43_4171_00,43-4171.00,2024,acs_1yr_pums,434171,exact_socp,11,"Agriculture, Forestry, Fishing and Hunting",17,1999.000,0.002,0.971,0.002,src_census_acs_2024_1yr_pums_api,acs_api_records=16354|employed_records=12301|query_mode=exact_socp
occ_43_4171_00,43-4171.00,2024,acs_1yr_pums,434171,exact_socp,55,Management of Companies and Enterprises,18,1075.000,0.001,0.971,0.001,src_census_acs_2024_1yr_pums_api,acs_api_records=16354|employed_records=12301|query_mode=exact_socp
occ_43_4171_00,43-4171.00,2024,acs_1yr_pums,434171,exact_socp,21,"Mining, Quarrying, and Oil and Gas Extraction",19,748.000,0.001,0.971,0.001,src_census_acs_2024_1yr_pums_api,acs_api_records=16354|employed_records=12301|query_mode=exact_socp
occ_43_6011_00,43-6011.00,2024,acs_1yr_pums,436011,exact_socp,54,"Professional, Scientific, and Technical Services",1,37785.000,0.143,0.918,0.156,src_census_acs_2024_1yr_pums_api,acs_api_records=3431|employed_records=2797|query_mode=exact_socp
occ_43_6011_00,43-6011.00,2024,acs_1yr_pums,436011,exact_socp,52,Finance and Insurance,2,36571.000,0.138,0.918,0.151,src_census_acs_2024_1yr_pums_api,acs_api_records=3431|employed_records=2797|query_mode=exact_socp
occ_43_6011_00,43-6011.00,2024,acs_1yr_pums,436011,exact_socp,62,Health Care and Social Assistance,3,29375.000,0.111,0.918,0.121,src_census_acs_2024_1yr_pums_api,acs_api_records=3431|employed_records=2797|query_mode=exact_socp
occ_43_6011_00,43-6011.00,2024,acs_1yr_pums,436011,exact_socp,61,Educational Services,4,26000.000,0.098,0.918,0.107,src_census_acs_2024_1yr_pums_api,acs_api_records=3431|employed_records=2797|query_mode=exact_socp
occ_43_6011_00,43-6011.00,2024,acs_1yr_pums,436011,exact_socp,31,Manufacturing,5,21749.000,0.082,0.918,0.090,src_census_acs_2024_1yr_pums_api,acs_api_records=3431|employed_records=2797|query_mode=exact_socp
occ_43_6011_00,43-6011.00,2024,acs_1yr_pums,436011,exact_socp,81,Other Services,6,19636.000,0.074,0.918,0.081,src_census_acs_2024_1yr_pums_api,acs_api_records=3431|employed_records=2797|query_mode=exact_socp
occ_43_6011_00,43-6011.00,2024,acs_1yr_pums,436011,exact_socp,23,Construction,7,9848.000,0.037,0.918,0.041,src_census_acs_2024_1yr_pums_api,acs_api_records=3431|employed_records=2797|query_mode=exact_socp
occ_43_6011_00,43-6011.00,2024,acs_1yr_pums,436011,exact_socp,53,Real Estate and Rental and Leasing,8,9622.000,0.036,0.918,0.040,src_census_acs_2024_1yr_pums_api,acs_api_records=3431|employed_records=2797|query_mode=exact_socp
occ_43_6011_00,43-6011.00,2024,acs_1yr_pums,436011,exact_socp,51,Information,9,8747.000,0.033,0.918,0.036,src_census_acs_2024_1yr_pums_api,acs_api_records=3431|employed_records=2797|query_mode=exact_socp
occ_43_6011_00,43-6011.00,2024,acs_1yr_pums,436011,exact_socp,56,Administrative and Support and Waste Management Services,10,7905.000,0.030,0.918,0.033,src_census_acs_2024_1yr_pums_api,acs_api_records=3431|employed_records=2797|query_mode=exact_socp
occ_43_6011_00,43-6011.00,2024,acs_1yr_pums,436011,exact_socp,44,Retail Trade,11,7781.000,0.029,0.918,0.032,src_census_acs_2024_1yr_pums_api,acs_api_records=3431|employed_records=2797|query_mode=exact_socp
occ_43_6011_00,43-6011.00,2024,acs_1yr_pums,436011,exact_socp,71,"Arts, Entertainment, and Recreation",12,7333.000,0.028,0.918,0.030,src_census_acs_2024_1yr_pums_api,acs_api_records=3431|employed_records=2797|query_mode=exact_socp
occ_43_6011_00,43-6011.00,2024,acs_1yr_pums,436011,exact_socp,72,Accommodation and Food Services,13,4846.000,0.018,0.918,0.020,src_census_acs_2024_1yr_pums_api,acs_api_records=3431|employed_records=2797|query_mode=exact_socp
occ_43_6011_00,43-6011.00,2024,acs_1yr_pums,436011,exact_socp,48,Transportation and Warehousing,14,3953.000,0.015,0.918,0.016,src_census_acs_2024_1yr_pums_api,acs_api_records=3431|employed_records=2797|query_mode=exact_socp
occ_43_6011_00,43-6011.00,2024,acs_1yr_pums,436011,exact_socp,42,Wholesale Trade,15,3850.000,0.015,0.918,0.016,src_census_acs_2024_1yr_pums_api,acs_api_records=3431|employed_records=2797|query_mode=exact_socp
occ_43_6011_00,43-6011.00,2024,acs_1yr_pums,436011,exact_socp,55,Management of Companies and Enterprises,16,3190.000,0.012,0.918,0.013,src_census_acs_2024_1yr_pums_api,acs_api_records=3431|employed_records=2797|query_mode=exact_socp
occ_43_6011_00,43-6011.00,2024,acs_1yr_pums,436011,exact_socp,22,Utilities,17,2917.000,0.011,0.918,0.012,src_census_acs_2024_1yr_pums_api,acs_api_records=3431|employed_records=2797|query_mode=exact_socp
occ_43_6011_00,43-6011.00,2024,acs_1yr_pums,436011,exact_socp,11,"Agriculture, Forestry, Fishing and Hunting",18,944.000,0.004,0.918,0.004,src_census_acs_2024_1yr_pums_api,acs_api_records=3431|employed_records=2797|query_mode=exact_socp
occ_43_6011_00,43-6011.00,2024,acs_1yr_pums,436011,exact_socp,21,"Mining, Quarrying, and Oil and Gas Extraction",19,921.000,0.003,0.918,0.004,src_census_acs_2024_1yr_pums_api,acs_api_records=3431|employed_records=2797|query_mode=exact_socp
occ_43_6014_00,43-6014.00,2024,acs_1yr_pums,436014,exact_socp,61,Educational Services,1,363118.000,0.177,0.912,0.194,src_census_acs_2024_1yr_pums_api,acs_api_records=28986|employed_records=21914|query_mode=exact_socp
occ_43_6014_00,43-6014.00,2024,acs_1yr_pums,436014,exact_socp,62,Health Care and Social Assistance,2,337876.000,0.165,0.912,0.181,src_census_acs_2024_1yr_pums_api,acs_api_records=28986|employed_records=21914|query_mode=exact_socp
occ_43_6014_00,43-6014.00,2024,acs_1yr_pums,436014,exact_socp,23,Construction,3,181514.000,0.089,0.912,0.097,src_census_acs_2024_1yr_pums_api,acs_api_records=28986|employed_records=21914|query_mode=exact_socp
occ_43_6014_00,43-6014.00,2024,acs_1yr_pums,436014,exact_socp,81,Other Services,4,180906.000,0.088,0.912,0.097,src_census_acs_2024_1yr_pums_api,acs_api_records=28986|employed_records=21914|query_mode=exact_socp
occ_43_6014_00,43-6014.00,2024,acs_1yr_pums,436014,exact_socp,54,"Professional, Scientific, and Technical Services",5,178950.000,0.087,0.912,0.096,src_census_acs_2024_1yr_pums_api,acs_api_records=28986|employed_records=21914|query_mode=exact_socp
occ_43_6014_00,43-6014.00,2024,acs_1yr_pums,436014,exact_socp,44,Retail Trade,6,96610.000,0.047,0.912,0.052,src_census_acs_2024_1yr_pums_api,acs_api_records=28986|employed_records=21914|query_mode=exact_socp
occ_43_6014_00,43-6014.00,2024,acs_1yr_pums,436014,exact_socp,56,Administrative and Support and Waste Management Services,7,94476.000,0.046,0.912,0.051,src_census_acs_2024_1yr_pums_api,acs_api_records=28986|employed_records=21914|query_mode=exact_socp
occ_43_6014_00,43-6014.00,2024,acs_1yr_pums,436014,exact_socp,52,Finance and Insurance,8,94128.000,0.046,0.912,0.050,src_census_acs_2024_1yr_pums_api,acs_api_records=28986|employed_records=21914|query_mode=exact_socp
occ_43_6014_00,43-6014.00,2024,acs_1yr_pums,436014,exact_socp,31,Manufacturing,9,93965.000,0.046,0.912,0.050,src_census_acs_2024_1yr_pums_api,acs_api_records=28986|employed_records=21914|query_mode=exact_socp
occ_43_6014_00,43-6014.00,2024,acs_1yr_pums,436014,exact_socp,53,Real Estate and Rental and Leasing,10,56773.000,0.028,0.912,0.030,src_census_acs_2024_1yr_pums_api,acs_api_records=28986|employed_records=21914|query_mode=exact_socp
occ_43_6014_00,43-6014.00,2024,acs_1yr_pums,436014,exact_socp,48,Transportation and Warehousing,11,43930.000,0.021,0.912,0.024,src_census_acs_2024_1yr_pums_api,acs_api_records=28986|employed_records=21914|query_mode=exact_socp
occ_43_6014_00,43-6014.00,2024,acs_1yr_pums,436014,exact_socp,42,Wholesale Trade,12,40164.000,0.020,0.912,0.022,src_census_acs_2024_1yr_pums_api,acs_api_records=28986|employed_records=21914|query_mode=exact_socp
occ_43_6014_00,43-6014.00,2024,acs_1yr_pums,436014,exact_socp,71,"Arts, Entertainment, and Recreation",13,22553.000,0.011,0.912,0.012,src_census_acs_2024_1yr_pums_api,acs_api_records=28986|employed_records=21914|query_mode=exact_socp
occ_43_6014_00,43-6014.00,2024,acs_1yr_pums,436014,exact_socp,72,Accommodation and Food Services,14,19555.000,0.010,0.912,0.010,src_census_acs_2024_1yr_pums_api,acs_api_records=28986|employed_records=21914|query_mode=exact_socp
occ_43_6014_00,43-6014.00,2024,acs_1yr_pums,436014,exact_socp,51,Information,15,19385.000,0.009,0.912,0.010,src_census_acs_2024_1yr_pums_api,acs_api_records=28986|employed_records=21914|query_mode=exact_socp
occ_43_6014_00,43-6014.00,2024,acs_1yr_pums,436014,exact_socp,22,Utilities,16,18826.000,0.009,0.912,0.010,src_census_acs_2024_1yr_pums_api,acs_api_records=28986|employed_records=21914|query_mode=exact_socp
occ_43_6014_00,43-6014.00,2024,acs_1yr_pums,436014,exact_socp,11,"Agriculture, Forestry, Fishing and Hunting",17,13555.000,0.007,0.912,0.007,src_census_acs_2024_1yr_pums_api,acs_api_records=28986|employed_records=21914|query_mode=exact_socp
occ_43_6014_00,43-6014.00,2024,acs_1yr_pums,436014,exact_socp,21,"Mining, Quarrying, and Oil and Gas Extraction",18,8131.000,0.004,0.912,0.004,src_census_acs_2024_1yr_pums_api,acs_api_records=28986|employed_records=21914|query_mode=exact_socp
occ_43_6014_00,43-6014.00,2024,acs_1yr_pums,436014,exact_socp,55,Management of Companies and Enterprises,19,2698.000,0.001,0.912,0.001,src_census_acs_2024_1yr_pums_api,acs_api_records=28986|employed_records=21914|query_mode=exact_socp
occ_43_9041_00,43-9041.00,2024,acs_1yr_pums,439041,exact_socp,52,Finance and Insurance,1,168196.000,0.749,0.989,0.757,src_census_acs_2024_1yr_pums_api,acs_api_records=2454|employed_records=2081|query_mode=exact_socp
occ_43_9041_00,43-9041.00,2024,acs_1yr_pums,439041,exact_socp,62,Health Care and Social Assistance,2,37727.000,0.168,0.989,0.170,src_census_acs_2024_1yr_pums_api,acs_api_records=2454|employed_records=2081|query_mode=exact_socp
occ_43_9041_00,43-9041.00,2024,acs_1yr_pums,439041,exact_socp,44,Retail Trade,3,4642.000,0.021,0.989,0.021,src_census_acs_2024_1yr_pums_api,acs_api_records=2454|employed_records=2081|query_mode=exact_socp
occ_43_9041_00,43-9041.00,2024,acs_1yr_pums,439041,exact_socp,54,"Professional, Scientific, and Technical Services",4,3401.000,0.015,0.989,0.015,src_census_acs_2024_1yr_pums_api,acs_api_records=2454|employed_records=2081|query_mode=exact_socp
occ_43_9041_00,43-9041.00,2024,acs_1yr_pums,439041,exact_socp,56,Administrative and Support and Waste Management Services,5,2700.000,0.012,0.989,0.012,src_census_acs_2024_1yr_pums_api,acs_api_records=2454|employed_records=2081|query_mode=exact_socp
occ_43_9041_00,43-9041.00,2024,acs_1yr_pums,439041,exact_socp,31,Manufacturing,6,1599.000,0.007,0.989,0.007,src_census_acs_2024_1yr_pums_api,acs_api_records=2454|employed_records=2081|query_mode=exact_socp
occ_43_9041_00,43-9041.00,2024,acs_1yr_pums,439041,exact_socp,81,Other Services,7,1200.000,0.005,0.989,0.005,src_census_acs_2024_1yr_pums_api,acs_api_records=2454|employed_records=2081|query_mode=exact_socp
occ_43_9041_00,43-9041.00,2024,acs_1yr_pums,439041,exact_socp,42,Wholesale Trade,8,656.000,0.003,0.989,0.003,src_census_acs_2024_1yr_pums_api,acs_api_records=2454|employed_records=2081|query_mode=exact_socp
occ_43_9041_00,43-9041.00,2024,acs_1yr_pums,439041,exact_socp,61,Educational Services,9,519.000,0.002,0.989,0.002,src_census_acs_2024_1yr_pums_api,acs_api_records=2454|employed_records=2081|query_mode=exact_socp
occ_43_9041_00,43-9041.00,2024,acs_1yr_pums,439041,exact_socp,53,Real Estate and Rental and Leasing,10,510.000,0.002,0.989,0.002,src_census_acs_2024_1yr_pums_api,acs_api_records=2454|employed_records=2081|query_mode=exact_socp
occ_43_9041_00,43-9041.00,2024,acs_1yr_pums,439041,exact_socp,48,Transportation and Warehousing,11,462.000,0.002,0.989,0.002,src_census_acs_2024_1yr_pums_api,acs_api_records=2454|employed_records=2081|query_mode=exact_socp
occ_43_9041_00,43-9041.00,2024,acs_1yr_pums,439041,exact_socp,23,Construction,12,363.000,0.002,0.989,0.002,src_census_acs_2024_1yr_pums_api,acs_api_records=2454|employed_records=2081|query_mode=exact_socp
occ_43_9041_00,43-9041.00,2024,acs_1yr_pums,439041,exact_socp,55,Management of Companies and Enterprises,13,120.000,0.001,0.989,0.001,src_census_acs_2024_1yr_pums_api,acs_api_records=2454|employed_records=2081|query_mode=exact_socp
occ_43_9041_00,43-9041.00,2024,acs_1yr_pums,439041,exact_socp,51,Information,14,16.000,0.000,0.989,0.000,src_census_acs_2024_1yr_pums_api,acs_api_records=2454|employed_records=2081|query_mode=exact_socp
occ_43_9061_00,43-9061.00,2024,acs_1yr_pums,439061,exact_socp,62,Health Care and Social Assistance,1,242681.000,0.182,0.835,0.218,src_census_acs_2024_1yr_pums_api,acs_api_records=18493|employed_records=13662|query_mode=exact_socp
occ_43_9061_00,43-9061.00,2024,acs_1yr_pums,439061,exact_socp,61,Educational Services,2,167070.000,0.126,0.835,0.150,src_census_acs_2024_1yr_pums_api,acs_api_records=18493|employed_records=13662|query_mode=exact_socp
occ_43_9061_00,43-9061.00,2024,acs_1yr_pums,439061,exact_socp,54,"Professional, Scientific, and Technical Services",3,90637.000,0.068,0.835,0.082,src_census_acs_2024_1yr_pums_api,acs_api_records=18493|employed_records=13662|query_mode=exact_socp
occ_43_9061_00,43-9061.00,2024,acs_1yr_pums,439061,exact_socp,23,Construction,4,75656.000,0.057,0.835,0.068,src_census_acs_2024_1yr_pums_api,acs_api_records=18493|employed_records=13662|query_mode=exact_socp
occ_43_9061_00,43-9061.00,2024,acs_1yr_pums,439061,exact_socp,31,Manufacturing,5,71274.000,0.054,0.835,0.064,src_census_acs_2024_1yr_pums_api,acs_api_records=18493|employed_records=13662|query_mode=exact_socp
occ_43_9061_00,43-9061.00,2024,acs_1yr_pums,439061,exact_socp,52,Finance and Insurance,6,69592.000,0.052,0.835,0.063,src_census_acs_2024_1yr_pums_api,acs_api_records=18493|employed_records=13662|query_mode=exact_socp
occ_43_9061_00,43-9061.00,2024,acs_1yr_pums,439061,exact_socp,44,Retail Trade,7,65134.000,0.049,0.835,0.059,src_census_acs_2024_1yr_pums_api,acs_api_records=18493|employed_records=13662|query_mode=exact_socp
occ_43_9061_00,43-9061.00,2024,acs_1yr_pums,439061,exact_socp,81,Other Services,8,63289.000,0.048,0.835,0.057,src_census_acs_2024_1yr_pums_api,acs_api_records=18493|employed_records=13662|query_mode=exact_socp
occ_43_9061_00,43-9061.00,2024,acs_1yr_pums,439061,exact_socp,48,Transportation and Warehousing,9,59130.000,0.044,0.835,0.053,src_census_acs_2024_1yr_pums_api,acs_api_records=18493|employed_records=13662|query_mode=exact_socp
occ_43_9061_00,43-9061.00,2024,acs_1yr_pums,439061,exact_socp,56,Administrative and Support and Waste Management Services,10,55772.000,0.042,0.835,0.050,src_census_acs_2024_1yr_pums_api,acs_api_records=18493|employed_records=13662|query_mode=exact_socp
occ_43_9061_00,43-9061.00,2024,acs_1yr_pums,439061,exact_socp,53,Real Estate and Rental and Leasing,11,31222.000,0.023,0.835,0.028,src_census_acs_2024_1yr_pums_api,acs_api_records=18493|employed_records=13662|query_mode=exact_socp
occ_43_9061_00,43-9061.00,2024,acs_1yr_pums,439061,exact_socp,42,Wholesale Trade,12,30800.000,0.023,0.835,0.028,src_census_acs_2024_1yr_pums_api,acs_api_records=18493|employed_records=13662|query_mode=exact_socp
occ_43_9061_00,43-9061.00,2024,acs_1yr_pums,439061,exact_socp,71,"Arts, Entertainment, and Recreation",13,23346.000,0.018,0.835,0.021,src_census_acs_2024_1yr_pums_api,acs_api_records=18493|employed_records=13662|query_mode=exact_socp
occ_43_9061_00,43-9061.00,2024,acs_1yr_pums,439061,exact_socp,72,Accommodation and Food Services,14,20578.000,0.015,0.835,0.019,src_census_acs_2024_1yr_pums_api,acs_api_records=18493|employed_records=13662|query_mode=exact_socp
occ_43_9061_00,43-9061.00,2024,acs_1yr_pums,439061,exact_socp,22,Utilities,15,15314.000,0.012,0.835,0.014,src_census_acs_2024_1yr_pums_api,acs_api_records=18493|employed_records=13662|query_mode=exact_socp
occ_43_9061_00,43-9061.00,2024,acs_1yr_pums,439061,exact_socp,51,Information,16,15248.000,0.011,0.835,0.014,src_census_acs_2024_1yr_pums_api,acs_api_records=18493|employed_records=13662|query_mode=exact_socp
occ_43_9061_00,43-9061.00,2024,acs_1yr_pums,439061,exact_socp,11,"Agriculture, Forestry, Fishing and Hunting",17,7555.000,0.006,0.835,0.007,src_census_acs_2024_1yr_pums_api,acs_api_records=18493|employed_records=13662|query_mode=exact_socp
occ_43_9061_00,43-9061.00,2024,acs_1yr_pums,439061,exact_socp,55,Management of Companies and Enterprises,18,3305.000,0.002,0.835,0.003,src_census_acs_2024_1yr_pums_api,acs_api_records=18493|employed_records=13662|query_mode=exact_socp
occ_43_9061_00,43-9061.00,2024,acs_1yr_pums,439061,exact_socp,21,"Mining, Quarrying, and Oil and Gas Extraction",19,3162.000,0.002,0.835,0.003,src_census_acs_2024_1yr_pums_api,acs_api_records=18493|employed_records=13662|query_mode=exact_socp
occ_43_9111_00,43-9111.00,2024,acs_1yr_pums,439111,exact_socp,54,"Professional, Scientific, and Technical Services",1,11921.000,0.230,0.889,0.259,src_census_acs_2024_1yr_pums_api,acs_api_records=582|employed_records=494|query_mode=exact_socp
occ_43_9111_00,43-9111.00,2024,acs_1yr_pums,439111,exact_socp,52,Finance and Insurance,2,6849.000,0.132,0.889,0.149,src_census_acs_2024_1yr_pums_api,acs_api_records=582|employed_records=494|query_mode=exact_socp
occ_43_9111_00,43-9111.00,2024,acs_1yr_pums,439111,exact_socp,51,Information,3,5243.000,0.101,0.889,0.114,src_census_acs_2024_1yr_pums_api,acs_api_records=582|employed_records=494|query_mode=exact_socp
occ_43_9111_00,43-9111.00,2024,acs_1yr_pums,439111,exact_socp,62,Health Care and Social Assistance,4,4122.000,0.080,0.889,0.090,src_census_acs_2024_1yr_pums_api,acs_api_records=582|employed_records=494|query_mode=exact_socp
occ_43_9111_00,43-9111.00,2024,acs_1yr_pums,439111,exact_socp,31,Manufacturing,5,3913.000,0.075,0.889,0.085,src_census_acs_2024_1yr_pums_api,acs_api_records=582|employed_records=494|query_mode=exact_socp
occ_43_9111_00,43-9111.00,2024,acs_1yr_pums,439111,exact_socp,61,Educational Services,6,3446.000,0.066,0.889,0.075,src_census_acs_2024_1yr_pums_api,acs_api_records=582|employed_records=494|query_mode=exact_socp
occ_43_9111_00,43-9111.00,2024,acs_1yr_pums,439111,exact_socp,56,Administrative and Support and Waste Management Services,7,2506.000,0.048,0.889,0.054,src_census_acs_2024_1yr_pums_api,acs_api_records=582|employed_records=494|query_mode=exact_socp
occ_43_9111_00,43-9111.00,2024,acs_1yr_pums,439111,exact_socp,48,Transportation and Warehousing,8,1793.000,0.035,0.889,0.039,src_census_acs_2024_1yr_pums_api,acs_api_records=582|employed_records=494|query_mode=exact_socp
occ_43_9111_00,43-9111.00,2024,acs_1yr_pums,439111,exact_socp,44,Retail Trade,9,1428.000,0.028,0.889,0.031,src_census_acs_2024_1yr_pums_api,acs_api_records=582|employed_records=494|query_mode=exact_socp
occ_43_9111_00,43-9111.00,2024,acs_1yr_pums,439111,exact_socp,42,Wholesale Trade,10,946.000,0.018,0.889,0.021,src_census_acs_2024_1yr_pums_api,acs_api_records=582|employed_records=494|query_mode=exact_socp
occ_43_9111_00,43-9111.00,2024,acs_1yr_pums,439111,exact_socp,71,"Arts, Entertainment, and Recreation",11,920.000,0.018,0.889,0.020,src_census_acs_2024_1yr_pums_api,acs_api_records=582|employed_records=494|query_mode=exact_socp
occ_43_9111_00,43-9111.00,2024,acs_1yr_pums,439111,exact_socp,22,Utilities,12,801.000,0.015,0.889,0.017,src_census_acs_2024_1yr_pums_api,acs_api_records=582|employed_records=494|query_mode=exact_socp
occ_43_9111_00,43-9111.00,2024,acs_1yr_pums,439111,exact_socp,23,Construction,13,502.000,0.010,0.889,0.011,src_census_acs_2024_1yr_pums_api,acs_api_records=582|employed_records=494|query_mode=exact_socp
occ_43_9111_00,43-9111.00,2024,acs_1yr_pums,439111,exact_socp,11,"Agriculture, Forestry, Fishing and Hunting",14,489.000,0.009,0.889,0.011,src_census_acs_2024_1yr_pums_api,acs_api_records=582|employed_records=494|query_mode=exact_socp
occ_43_9111_00,43-9111.00,2024,acs_1yr_pums,439111,exact_socp,81,Other Services,15,428.000,0.008,0.889,0.009,src_census_acs_2024_1yr_pums_api,acs_api_records=582|employed_records=494|query_mode=exact_socp
occ_43_9111_00,43-9111.00,2024,acs_1yr_pums,439111,exact_socp,55,Management of Companies and Enterprises,16,413.000,0.008,0.889,0.009,src_census_acs_2024_1yr_pums_api,acs_api_records=582|employed_records=494|query_mode=exact_socp
occ_43_9111_00,43-9111.00,2024,acs_1yr_pums,439111,exact_socp,53,Real Estate and Rental and Leasing,17,238.000,0.005,0.889,0.005,src_census_acs_2024_1yr_pums_api,acs_api_records=582|employed_records=494|query_mode=exact_socp
occ_43_9111_00,43-9111.00,2024,acs_1yr_pums,439111,exact_socp,21,"Mining, Quarrying, and Oil and Gas Extraction",18,97.000,0.002,0.889,0.002,src_census_acs_2024_1yr_pums_api,acs_api_records=582|employed_records=494|query_mode=exact_socp
