"occupation_id","onet_task_id","task_statement","task_type","importance","frequency","source_mix","notes"
"occ_11_1021_00","19501","Implement or oversee environmental management or sustainability programs addressing issues such as recycling, conservation, or waste management.","Supplemental","0.53","0.00","src_onet_30_1","onet_normalized"
"occ_11_1021_00","20699","Review financial statements, sales or activity reports, or other performance data to measure productivity or goal achievement or to identify areas needing cost reduction or program improvement.","Core","0.79","0.03","src_onet_30_1","onet_normalized"
"occ_11_1021_00","20700","Direct administrative activities directly related to making products or providing services.","Core","0.75","1.00","src_onet_30_1","onet_normalized"
"occ_11_1021_00","20701","Prepare staff work schedules and assign specific duties.","Core","0.74","1.00","src_onet_30_1","onet_normalized"
"occ_11_1021_00","20702","Monitor suppliers to ensure that they efficiently and effectively provide needed goods or services within budgetary limits.","Core","0.61","0.00","src_onet_30_1","onet_normalized"
"occ_11_1021_00","20703","Direct or coordinate financial or budget activities to fund operations, maximize investments, or increase efficiency.","Core","0.72","0.21","src_onet_30_1","onet_normalized"
"occ_11_1021_00","20704","Establish or implement departmental policies, goals, objectives, or procedures in conjunction with board members, organization officials, or staff members.","Core","0.69","0.00","src_onet_30_1","onet_normalized"
"occ_11_1021_00","20705","Perform personnel functions, such as selection, training, or evaluation.","Core","0.70","0.00","src_onet_30_1","onet_normalized"
"occ_11_1021_00","20706","Plan or direct activities, such as sales promotions, that require coordination with other department managers.","Core","0.71","0.75","src_onet_30_1","onet_normalized"
"occ_11_1021_00","20707","Set prices or credit terms for goods or services, based on forecasts of customer demand.","Supplemental","0.75","0.70","src_onet_30_1","onet_normalized"
"occ_11_1021_00","20708","Manage the movement of goods into and out of production facilities to ensure efficiency, effectiveness, or sustainability of operations.","Supplemental","0.76","0.83","src_onet_30_1","onet_normalized"
"occ_11_1021_00","933","Direct and coordinate activities of businesses or departments concerned with the production, pricing, sales, or distribution of products.","Core","0.78","1.00","src_onet_30_1","onet_normalized"
"occ_11_1021_00","944","Perform sales floor work, such as greeting or assisting customers, stocking shelves, or taking inventory.","Supplemental","0.72","1.00","src_onet_30_1","onet_normalized"
"occ_11_1021_00","945","Develop or implement product-marketing strategies, including advertising campaigns or sales promotions.","Supplemental","0.64","0.00","src_onet_30_1","onet_normalized"
"occ_11_1021_00","947","Direct non-merchandising departments of businesses, such as advertising or purchasing.","Supplemental","0.63","0.35","src_onet_30_1","onet_normalized"
"occ_11_1021_00","948","Recommend locations for new facilities, or oversee the remodeling or renovating of current facilities.","Supplemental","0.45","0.20","src_onet_30_1","onet_normalized"
"occ_11_1021_00","949","Plan store layouts or design displays.","Supplemental","0.48","0.00","src_onet_30_1","onet_normalized"
"occ_11_2021_00","19502","Consult with buying personnel to gain advice regarding environmentally sound or sustainable products.","Supplemental","0.60","0.00","src_onet_30_1","onet_normalized"
"occ_11_2021_00","19503","Develop business cases for environmental marketing strategies.","Supplemental","0.42","0.00","src_onet_30_1","onet_normalized"
"occ_11_2021_00","19504","Integrate environmental information into product or company marketing strategies, policies, or activities.","Supplemental","0.40","0.00","src_onet_30_1","onet_normalized"
"occ_11_2021_00","19505","Recommend modifications to products, packaging, production processes, or other characteristics to improve the environmental soundness or sustainability of products.","Supplemental","0.53","0.00","src_onet_30_1","onet_normalized"
"occ_11_2021_00","20709","Formulate, direct, or coordinate marketing activities or policies to promote products or services, working with advertising or promotion managers.","Core","0.81","1.00","src_onet_30_1","onet_normalized"
"occ_11_2021_00","950","Develop pricing strategies, balancing firm objectives and customer satisfaction.","Core","0.72","0.00","src_onet_30_1","onet_normalized"
"occ_11_2021_00","951","Identify, develop, or evaluate marketing strategy, based on knowledge of establishment objectives, market characteristics, and cost and markup factors.","Core","0.82","0.87","src_onet_30_1","onet_normalized"
"occ_11_2021_00","952","Evaluate the financial aspects of product development, such as budgets, expenditures, research and development appropriations, or return-on-investment and profit-loss projections.","Core","0.75","0.00","src_onet_30_1","onet_normalized"
"occ_11_2021_00","954","Direct the hiring, training, or performance evaluations of marketing or sales staff and oversee their daily activities.","Core","0.67","0.92","src_onet_30_1","onet_normalized"
"occ_11_2021_00","955","Negotiate contracts with vendors or distributors to manage product distribution, establishing distribution networks or developing distribution strategies.","Core","0.63","0.00","src_onet_30_1","onet_normalized"
"occ_11_2021_00","956","Consult with product development personnel on product specifications, such as design, color, or packaging.","Core","0.66","0.00","src_onet_30_1","onet_normalized"
"occ_11_2021_00","957","Compile lists describing product or service offerings.","Core","0.68","0.00","src_onet_30_1","onet_normalized"
"occ_11_2021_00","958","Use sales forecasting or strategic planning to ensure the sale and profitability of products, lines, or services, analyzing business developments and monitoring market trends.","Core","0.64","0.00","src_onet_30_1","onet_normalized"
"occ_11_2021_00","959","Select products or accessories to be displayed at trade or special production shows.","Supplemental","0.43","0.00","src_onet_30_1","onet_normalized"
"occ_11_2021_00","960","Confer with legal staff to resolve problems, such as copyright infringement or royalty sharing with outside producers or distributors.","Core","0.54","0.00","src_onet_30_1","onet_normalized"
"occ_11_2021_00","961","Coordinate or participate in promotional activities or trade shows, working with developers, advertisers, or production managers, to market products or services.","Core","0.60","0.00","src_onet_30_1","onet_normalized"
"occ_11_2021_00","962","Advise business or other groups on local, national, or international factors affecting the buying or selling of products or services.","Supplemental","0.52","0.00","src_onet_30_1","onet_normalized"
"occ_11_2021_00","963","Initiate market research studies, or analyze their findings.","Core","0.60","0.01","src_onet_30_1","onet_normalized"
"occ_11_2021_00","964","Consult with buying personnel to gain advice regarding the types of products or services expected to be in demand.","Supplemental","0.60","0.00","src_onet_30_1","onet_normalized"
"occ_11_2021_00","965","Conduct economic or commercial surveys to identify potential markets for products or services.","Supplemental","0.54","0.00","src_onet_30_1","onet_normalized"
"occ_11_2022_00","1","Resolve customer complaints regarding sales and service.","Core","0.84","1.00","src_onet_30_1","onet_normalized"
"occ_11_2022_00","10","Represent company at trade association meetings to promote products.","Core","0.58","0.00","src_onet_30_1","onet_normalized"
"occ_11_2022_00","11","Plan and direct staffing, training, and performance evaluations to develop and control sales and service programs.","Core","0.80","0.00","src_onet_30_1","onet_normalized"
"occ_11_2022_00","12","Visit franchised dealers to stimulate interest in establishment or expansion of leasing programs.","Core","0.62","0.00","src_onet_30_1","onet_normalized"
"occ_11_2022_00","13","Confer with potential customers regarding equipment needs, and advise customers on types of equipment to purchase.","Core","0.81","0.76","src_onet_30_1","onet_normalized"
"occ_11_2022_00","14","Oversee regional and local sales managers and their staffs.","Core","0.91","1.00","src_onet_30_1","onet_normalized"
"occ_11_2022_00","15","Direct clerical staff to keep records of export correspondence, bid requests, and credit collections, and to maintain current information on tariffs, licenses, and restrictions.","Core","0.50","0.00","src_onet_30_1","onet_normalized"
"occ_11_2022_00","16","Direct foreign sales and service outlets of an organization.","Supplemental","0.48","0.00","src_onet_30_1","onet_normalized"
"occ_11_2022_00","17","Assess marketing potential of new and existing store locations, considering statistics and expenditures.","Supplemental","0.56","0.00","src_onet_30_1","onet_normalized"
"occ_11_2022_00","2","Monitor customer preferences to determine focus of sales efforts.","Core","0.82","0.63","src_onet_30_1","onet_normalized"
"occ_11_2022_00","3","Direct and coordinate activities involving sales of manufactured products, services, commodities, real estate, or other subjects of sale.","Core","0.75","0.00","src_onet_30_1","onet_normalized"
"occ_11_2022_00","4","Determine price schedules and discount rates.","Core","0.74","0.00","src_onet_30_1","onet_normalized"
"occ_11_2022_00","5","Review operational records and reports to project sales and determine profitability.","Core","0.80","0.00","src_onet_30_1","onet_normalized"
"occ_11_2022_00","6","Direct, coordinate, and review sales and service accounting and record-keeping, as well as receiving and shipping.","Core","0.52","0.00","src_onet_30_1","onet_normalized"
"occ_11_2022_00","7","Confer or consult with department heads to plan advertising services and to secure information on equipment and customer specifications.","Core","0.63","0.00","src_onet_30_1","onet_normalized"
"occ_11_2022_00","8","Advise dealers and distributors on policies and operating procedures to ensure functional effectiveness of business.","Core","0.56","0.00","src_onet_30_1","onet_normalized"
"occ_11_2022_00","9","Prepare budgets and approve budget expenditures.","Core","0.68","0.00","src_onet_30_1","onet_normalized"
"occ_11_3021_00","15198","Provide users with technical support for computer problems.","Core","0.75","1.00","src_onet_30_1","onet_normalized"
"occ_11_3021_00","966","Manage backup, security and user help systems.","Supplemental","0.80","1.00","src_onet_30_1","onet_normalized"
"occ_11_3021_00","967","Consult with users, management, vendors, and technicians to assess computing needs and system requirements.","Core","0.71","0.00","src_onet_30_1","onet_normalized"
"occ_11_3021_00","968","Direct daily operations of department, analyzing workflow, establishing priorities, developing standards and setting deadlines.","Core","0.78","0.34","src_onet_30_1","onet_normalized"
"occ_11_3021_00","969","Assign and review the work of systems analysts, programmers, and other computer-related workers.","Core","0.76","0.06","src_onet_30_1","onet_normalized"
"occ_11_3021_00","970","Stay abreast of advances in technology.","Core","0.72","0.00","src_onet_30_1","onet_normalized"
"occ_11_3021_00","971","Develop computer information resources, providing for data security and control, strategic computing, and disaster recovery.","Core","0.73","0.00","src_onet_30_1","onet_normalized"
"occ_11_3021_00","972","Review and approve all systems charts and programs prior to their implementation.","Core","0.67","0.00","src_onet_30_1","onet_normalized"
"occ_11_3021_00","973","Evaluate the organization's technology use and needs and recommend improvements, such as hardware and software upgrades.","Core","0.68","0.00","src_onet_30_1","onet_normalized"
"occ_11_3021_00","974","Control operational budget and expenditures.","Core","0.63","0.00","src_onet_30_1","onet_normalized"
"occ_11_3021_00","975","Meet with department heads, managers, supervisors, vendors, and others, to solicit cooperation and resolve problems.","Core","0.77","0.00","src_onet_30_1","onet_normalized"
"occ_11_3021_00","976","Develop and interpret organizational goals, policies, and procedures.","Core","0.68","0.11","src_onet_30_1","onet_normalized"
"occ_11_3021_00","977","Recruit, hire, train and supervise staff, or participate in staffing decisions.","Core","0.72","0.05","src_onet_30_1","onet_normalized"
"occ_11_3021_00","978","Review project plans to plan and coordinate project activity.","Core","0.77","0.00","src_onet_30_1","onet_normalized"
"occ_11_3021_00","979","Evaluate data processing proposals to assess project feasibility and requirements.","Core","0.65","0.00","src_onet_30_1","onet_normalized"
"occ_11_3021_00","980","Prepare and review operational reports or project progress reports.","Core","0.66","0.00","src_onet_30_1","onet_normalized"
"occ_11_3021_00","981","Purchase necessary equipment.","Core","0.60","0.00","src_onet_30_1","onet_normalized"
"occ_11_3031_00","21311","Establish and maintain relationships with individual or business customers or provide assistance with problems these customers may encounter.","Core","0.82","1.00","src_onet_30_1","onet_normalized"
"occ_11_3031_00","21312","Plan, direct, or coordinate the activities of workers in branches, offices, or departments of establishments, such as branch banks, brokerage firms, risk and insurance departments, or credit departments.","Core","0.78","0.98","src_onet_30_1","onet_normalized"
"occ_11_3031_00","21313","Recruit staff members.","Core","0.69","0.00","src_onet_30_1","onet_normalized"
"occ_11_3031_00","21314","Prepare operational or risk reports for management analysis.","Supplemental","0.66","0.00","src_onet_30_1","onet_normalized"
"occ_11_3031_00","21315","Evaluate data pertaining to costs to plan budgets.","Core","0.65","1.00","src_onet_30_1","onet_normalized"
"occ_11_3031_00","21316","Oversee training programs.","Core","0.62","0.00","src_onet_30_1","onet_normalized"
"occ_11_3031_00","21317","Examine, evaluate, or process loan applications.","Supplemental","0.74","0.93","src_onet_30_1","onet_normalized"
"occ_11_3031_00","21318","Approve, reject, or coordinate the approval or rejection of lines of credit or commercial, real estate, or personal loans.","Supplemental","0.77","0.00","src_onet_30_1","onet_normalized"
"occ_11_3031_00","21319","Oversee the flow of cash or financial instruments.","Core","0.80","0.89","src_onet_30_1","onet_normalized"
"occ_11_3031_00","21320","Prepare financial or regulatory reports required by laws, regulations, or boards of directors.","Supplemental","0.76","1.00","src_onet_30_1","onet_normalized"
"occ_11_3031_00","21321","Develop or analyze information to assess the current or future financial status of firms.","Supplemental","0.78","1.00","src_onet_30_1","onet_normalized"
"occ_11_3031_00","21322","Communicate with stockholders or other investors to provide information or to raise capital.","Supplemental","0.81","0.00","src_onet_30_1","onet_normalized"
"occ_11_3031_00","21323","Evaluate financial reporting systems, accounting or collection procedures, or investment activities and make recommendations for changes to procedures, operating systems, budgets, or other financial control functions.","Supplemental","0.70","1.00","src_onet_30_1","onet_normalized"
"occ_11_3031_00","21325","Network within communities to find and attract new business.","Supplemental","0.69","0.00","src_onet_30_1","onet_normalized"
"occ_11_3031_00","21326","Review collection reports to determine the status of collections and the amounts of outstanding balances.","Supplemental","0.65","0.00","src_onet_30_1","onet_normalized"
"occ_11_3031_00","21327","Establish procedures for custody or control of assets, records, loan collateral, or securities to ensure safekeeping.","Supplemental","0.84","0.47","src_onet_30_1","onet_normalized"
"occ_11_3031_00","21329","Review reports of securities transactions or price lists to analyze market conditions.","Supplemental","0.55","0.00","src_onet_30_1","onet_normalized"
"occ_11_3071_00","21340","Supervise the activities of workers engaged in receiving, storing, testing, and shipping products or materials.","Core","0.89","1.00","src_onet_30_1","onet_normalized"
"occ_11_3071_00","21341","Plan, develop, or implement warehouse safety and security programs and activities.","Core","0.83","0.00","src_onet_30_1","onet_normalized"
"occ_11_3071_00","21342","Inspect physical conditions of warehouses, vehicle fleets, or equipment and order testing, maintenance, repairs, or replacements.","Core","0.82","0.59","src_onet_30_1","onet_normalized"
"occ_11_3071_00","21343","Plan, organize, or manage the work of subordinate staff to ensure that the work is accomplished in a manner consistent with organizational requirements.","Core","0.82","1.00","src_onet_30_1","onet_normalized"
"occ_11_3071_00","21344","Collaborate with other departments to integrate logistics with business systems or processes, such as customer sales, order management, accounting, or shipping.","Core","0.78","0.00","src_onet_30_1","onet_normalized"
"occ_11_3071_00","21345","Analyze all aspects of corporate logistics to determine the most cost-effective or efficient means of transporting products or supplies.","Core","0.77","0.00","src_onet_30_1","onet_normalized"
"occ_11_3071_00","21346","Resolve problems concerning transportation, logistics systems, imports or exports, or customer issues.","Core","0.77","0.39","src_onet_30_1","onet_normalized"
"occ_11_3071_00","21347","Develop and document standard and emergency operating procedures for receiving, handling, storing, shipping, or salvaging products or materials.","Core","0.76","0.00","src_onet_30_1","onet_normalized"
"occ_11_3071_00","21348","Monitor operations to ensure that staff members comply with administrative policies and procedures, safety rules, union contracts, environmental policies, or government regulations.","Core","0.76","1.00","src_onet_30_1","onet_normalized"
"occ_11_3071_00","21349","Analyze the financial impact of proposed logistics changes, such as routing, shipping modes, product volumes or mixes, or carriers.","Core","0.75","0.00","src_onet_30_1","onet_normalized"
"occ_11_3071_00","21350","Monitor inventory levels of products or materials in warehouses.","Core","0.75","0.00","src_onet_30_1","onet_normalized"
"occ_11_3071_00","21351","Establish or monitor specific supply chain-based performance measurement systems.","Core","0.73","0.00","src_onet_30_1","onet_normalized"
"occ_11_3071_00","21352","Prepare and manage departmental budgets.","Core","0.72","0.00","src_onet_30_1","onet_normalized"
"occ_11_3071_00","21353","Monitor product import or export processes to ensure compliance with regulatory or legal requirements.","Core","0.71","0.00","src_onet_30_1","onet_normalized"
"occ_11_3071_00","21354","Prepare management recommendations, such as proposed fee and tariff increases or schedule changes.","Core","0.71","1.00","src_onet_30_1","onet_normalized"
"occ_11_3071_00","21355","Interview, select, and train warehouse and supervisory personnel.","Core","0.69","0.00","src_onet_30_1","onet_normalized"
"occ_11_3071_00","21356","Advise sales and billing departments of transportation charges for customers' accounts.","Core","0.69","0.00","src_onet_30_1","onet_normalized"
"occ_11_3071_00","21357","Analyze expenditures and other financial information to develop plans, policies, or budgets for increasing profits or improving services.","Core","0.69","0.00","src_onet_30_1","onet_normalized"
"occ_11_3071_00","21358","Confer with department heads to coordinate warehouse activities, such as production, sales, records control, or purchasing.","Core","0.68","0.59","src_onet_30_1","onet_normalized"
"occ_11_3071_00","21359","Implement specific customer requirements, such as internal reporting or customized transportation metrics.","Core","0.68","0.00","src_onet_30_1","onet_normalized"
"occ_11_3071_00","21360","Maintain metrics, reports, process documentation, customer service logs, or training or safety records.","Core","0.68","0.41","src_onet_30_1","onet_normalized"
"occ_11_3071_00","21361","Examine invoices and shipping manifests for conformity to tariff and customs regulations.","Core","0.67","0.00","src_onet_30_1","onet_normalized"
"occ_11_3071_00","21362","Plan or implement energy saving changes to transportation services, such as reducing routes, optimizing capacities, employing alternate modes of transportation, or minimizing idling.","Core","0.67","0.20","src_onet_30_1","onet_normalized"
"occ_11_3071_00","21363","Evaluate contractors or business partners for operational efficiency or safety or environmental performance records.","Core","0.65","0.00","src_onet_30_1","onet_normalized"
"occ_11_3071_00","21364","Negotiate with carriers, warehouse operators, or insurance company representatives for services and preferential rates.","Core","0.64","0.00","src_onet_30_1","onet_normalized"
"occ_11_3071_00","21365","Develop or implement plans for facility modification or expansion, such as equipment purchase or changes in space allocation or structural design.","Core","0.64","0.00","src_onet_30_1","onet_normalized"
"occ_11_3071_00","21366","Direct inbound or outbound operations, such as transportation or warehouse activities, safety performance, and logistics quality management.","n/a","0.60","0.50","src_onet_30_1","onet_normalized"
"occ_11_3071_00","21367","Plan or implement improvements to internal or external systems or processes.","n/a","0.60","0.50","src_onet_30_1","onet_normalized"
"occ_11_3071_00","21368","Recommend or authorize capital expenditures for acquisition of new equipment or property to increase efficiency and services.","n/a","0.60","0.50","src_onet_30_1","onet_normalized"
"occ_11_3071_00","21369","Review invoices, work orders, consumption reports, or demand forecasts to estimate peak performance periods and to issue work assignments.","n/a","0.60","0.50","src_onet_30_1","onet_normalized"
"occ_11_3121_00","1000","Prepare personnel forecast to project employment needs.","Core","0.62","0.00","src_onet_30_1","onet_normalized"
"occ_11_3121_00","1001","Prepare and follow budgets for personnel operations.","Core","0.72","0.00","src_onet_30_1","onet_normalized"
"occ_11_3121_00","1002","Develop, administer, and evaluate applicant tests.","Supplemental","0.46","0.71","src_onet_30_1","onet_normalized"
"occ_11_3121_00","1003","Oversee the evaluation, classification, and rating of occupations and job positions.","Core","0.64","0.00","src_onet_30_1","onet_normalized"
"occ_11_3121_00","1004","Study legislation, arbitration decisions, and collective bargaining contracts to assess industry trends.","Core","0.59","0.00","src_onet_30_1","onet_normalized"
"occ_11_3121_00","1005","Develop or administer special projects in areas such as pay equity, savings bond programs, day care, and employee awards.","Core","0.55","0.00","src_onet_30_1","onet_normalized"
"occ_11_3121_00","1006","Provide terminated employees with outplacement or relocation assistance.","Supplemental","0.30","0.00","src_onet_30_1","onet_normalized"
"occ_11_3121_00","1007","Contract with vendors to provide employee services, such as food service, transportation, or relocation service.","Supplemental","0.36","0.00","src_onet_30_1","onet_normalized"
"occ_11_3121_00","982","Administer compensation, benefits, and performance management systems, and safety and recreation programs.","Core","0.73","0.00","src_onet_30_1","onet_normalized"
"occ_11_3121_00","983","Identify staff vacancies and recruit, interview, and select applicants.","Core","0.76","0.00","src_onet_30_1","onet_normalized"
"occ_11_3121_00","984","Allocate human resources, ensuring appropriate matches between personnel.","Core","0.64","0.00","src_onet_30_1","onet_normalized"
"occ_11_3121_00","985","Provide current and prospective employees with information about policies, job duties, working conditions, wages, opportunities for promotion, and employee benefits.","Core","0.67","0.00","src_onet_30_1","onet_normalized"
"occ_11_3121_00","986","Perform difficult staffing duties, including dealing with understaffing, refereeing disputes, firing employees, and administering disciplinary procedures.","Core","0.87","0.63","src_onet_30_1","onet_normalized"
"occ_11_3121_00","987","Advise managers on organizational policy matters, such as equal employment opportunity and sexual harassment, and recommend needed changes.","Core","0.83","0.00","src_onet_30_1","onet_normalized"
"occ_11_3121_00","988","Analyze and modify compensation and benefits policies to establish competitive programs and ensure compliance with legal requirements.","Core","0.76","0.00","src_onet_30_1","onet_normalized"
"occ_11_3121_00","989","Plan and conduct new employee orientation to foster positive attitude toward organizational objectives.","Core","0.77","0.00","src_onet_30_1","onet_normalized"
"occ_11_3121_00","990","Serve as a link between management and employees by handling questions, interpreting and administering contracts and helping resolve work-related problems.","Core","0.92","1.00","src_onet_30_1","onet_normalized"
"occ_11_3121_00","991","Plan, direct, supervise, and coordinate work activities of subordinates and staff relating to employment, compensation, labor relations, and employee relations.","Core","0.89","1.00","src_onet_30_1","onet_normalized"
"occ_11_3121_00","992","Analyze training needs to design employee development, language training, and health and safety programs.","Core","0.64","0.00","src_onet_30_1","onet_normalized"
"occ_11_3121_00","993","Maintain records and compile statistical reports concerning personnel-related data such as hires, transfers, performance appraisals, and absenteeism rates.","Core","0.69","0.00","src_onet_30_1","onet_normalized"
"occ_11_3121_00","994","Analyze statistical data and reports to identify and determine causes of personnel problems and develop recommendations for improvement of organization's personnel policies and practices.","Core","0.75","0.00","src_onet_30_1","onet_normalized"
"occ_11_3121_00","995","Plan, organize, direct, control, or coordinate the personnel, training, or labor relations activities of an organization.","Core","0.66","0.00","src_onet_30_1","onet_normalized"
"occ_11_3121_00","996","Conduct exit interviews to identify reasons for employee termination.","Core","0.66","0.00","src_onet_30_1","onet_normalized"
"occ_11_3121_00","997","Investigate and report on industrial accidents for insurance carriers.","Core","0.75","0.00","src_onet_30_1","onet_normalized"
"occ_11_3121_00","998","Represent organization at personnel-related hearings and investigations.","Core","0.85","0.00","src_onet_30_1","onet_normalized"
"occ_11_3121_00","999","Negotiate bargaining agreements and help interpret labor contracts.","Core","0.83","0.00","src_onet_30_1","onet_normalized"
"occ_11_9041_00","1060","Confer with management, production, or marketing staff to discuss project specifications or procedures.","Core","0.60","0.00","src_onet_30_1","onet_normalized"
"occ_11_9041_00","1063","Plan or direct the installation, testing, operation, maintenance, or repair of facilities or equipment.","Supplemental","0.56","1.00","src_onet_30_1","onet_normalized"
"occ_11_9041_00","1070","Present and explain proposals, reports, or findings to clients.","Core","0.61","0.00","src_onet_30_1","onet_normalized"
"occ_11_9041_00","1071","Consult or negotiate with clients to prepare project specifications.","Core","0.71","0.00","src_onet_30_1","onet_normalized"
"occ_11_9041_00","19525","Develop or implement programs to improve sustainability or reduce the environmental impacts of engineering or architecture activities or operations.","Core","0.53","0.00","src_onet_30_1","onet_normalized"
"occ_11_9041_00","19526","Evaluate environmental regulations or social pressures related to environmental issues to inform strategic or operational decision-making.","Supplemental","0.48","0.00","src_onet_30_1","onet_normalized"
"occ_11_9041_00","19527","Evaluate the environmental impacts of engineering, architecture, or research and development activities.","Core","0.51","0.36","src_onet_30_1","onet_normalized"
"occ_11_9041_00","19528","Identify environmental threats or opportunities associated with the development and launch of new technologies.","Supplemental","0.56","0.00","src_onet_30_1","onet_normalized"
"occ_11_9041_00","20170","Manage the coordination and overall integration of technical activities in architecture or engineering projects.","Core","0.81","1.00","src_onet_30_1","onet_normalized"
"occ_11_9041_00","20171","Direct, review, or approve project design changes.","Core","0.75","1.00","src_onet_30_1","onet_normalized"
"occ_11_9041_00","20172","Prepare budgets, bids, or contracts.","Core","0.62","0.00","src_onet_30_1","onet_normalized"
"occ_11_9041_00","20173","Assess project feasibility by analyzing technology, resource needs, or market demand.","Core","0.60","0.00","src_onet_30_1","onet_normalized"
"occ_11_9041_00","20174","Direct recruitment, placement, and evaluation of architecture or engineering project staff.","Core","0.54","0.00","src_onet_30_1","onet_normalized"
"occ_11_9041_00","20175","Review, recommend, or approve contracts or cost estimates.","Core","0.59","0.00","src_onet_30_1","onet_normalized"
"occ_11_9041_00","20176","Develop or implement policies, standards, or procedures for engineering and technical work.","Core","0.58","0.62","src_onet_30_1","onet_normalized"
"occ_11_9041_00","20177","Perform administrative functions, such as reviewing or writing reports, approving expenditures, enforcing rules, or purchasing of materials or services.","Core","0.54","0.00","src_onet_30_1","onet_normalized"
"occ_11_9041_00","20178","Establish scientific or technical goals within broad outlines provided by top management.","Core","0.54","0.00","src_onet_30_1","onet_normalized"
"occ_11_9041_00","20179","Solicit project support by conferring with officials or providing information to the public.","Supplemental","0.46","0.00","src_onet_30_1","onet_normalized"
"occ_11_9041_00","20180","Plan, direct, or coordinate survey work with other project activities.","Supplemental","0.54","0.00","src_onet_30_1","onet_normalized"
"occ_11_9141_00","7219","Meet with prospective tenants to show properties, explain terms of occupancy, and provide information about local areas.","Supplemental","0.71","0.00","src_onet_30_1","onet_normalized"
"occ_11_9141_00","7220","Direct collection of monthly assessments, rental fees, and deposits and payment of insurance premiums, mortgage, taxes, and incurred operating expenses.","Core","0.85","0.00","src_onet_30_1","onet_normalized"
"occ_11_9141_00","7221","Inspect grounds, facilities, and equipment routinely to determine necessity of repairs or maintenance.","Core","0.75","0.00","src_onet_30_1","onet_normalized"
"occ_11_9141_00","7222","Investigate complaints, disturbances, and violations and resolve problems, following management rules and regulations.","Core","0.76","0.00","src_onet_30_1","onet_normalized"
"occ_11_9141_00","7223","Plan, schedule, and coordinate general maintenance, major repairs, and remodeling or construction projects for commercial or residential properties.","Core","0.87","1.00","src_onet_30_1","onet_normalized"
"occ_11_9141_00","7224","Manage and oversee operations, maintenance, administration, and improvement of commercial, industrial, or residential properties.","Core","0.89","1.00","src_onet_30_1","onet_normalized"
"occ_11_9141_00","7225","Negotiate the sale, lease, or development of property and complete or review appropriate documents and forms.","Supplemental","0.64","0.00","src_onet_30_1","onet_normalized"
"occ_11_9141_00","7226","Maintain records of sales, rental or usage activity, special permits issued, maintenance and operating costs, or property availability.","Core","0.72","0.00","src_onet_30_1","onet_normalized"
"occ_11_9141_00","7227","Determine and certify the eligibility of prospective tenants, following government regulations.","Supplemental","0.75","0.00","src_onet_30_1","onet_normalized"
"occ_11_9141_00","7228","Prepare detailed budgets and financial reports for properties.","Core","0.91","0.00","src_onet_30_1","onet_normalized"
"occ_11_9141_00","7229","Direct and coordinate the activities of staff and contract personnel and evaluate their performance.","Core","0.85","0.67","src_onet_30_1","onet_normalized"
"occ_11_9141_00","7230","Maintain contact with insurance carriers, fire and police departments, and other agencies to ensure protection and compliance with codes and regulations.","Core","0.69","0.00","src_onet_30_1","onet_normalized"
"occ_11_9141_00","7231","Market vacant space to prospective tenants through leasing agents, advertising, or other methods.","Core","0.80","0.00","src_onet_30_1","onet_normalized"
"occ_11_9141_00","7232","Solicit and analyze bids from contractors for repairs, renovations, and maintenance.","Core","0.71","0.00","src_onet_30_1","onet_normalized"
"occ_11_9141_00","7233","Review rents to ensure that they are in line with rental markets.","Supplemental","0.86","0.00","src_onet_30_1","onet_normalized"
"occ_11_9141_00","7234","Prepare and administer contracts for provision of property services, such as cleaning, maintenance, and security services.","Core","0.83","0.00","src_onet_30_1","onet_normalized"
"occ_11_9141_00","7235","Purchase building and maintenance supplies, equipment, or furniture.","Core","0.56","0.00","src_onet_30_1","onet_normalized"
"occ_11_9141_00","7236","Act as liaisons between on-site managers or tenants and owners.","Core","0.76","0.00","src_onet_30_1","onet_normalized"
"occ_11_9141_00","7237","Confer regularly with community association members to ensure their needs are being met.","Supplemental","0.75","0.00","src_onet_30_1","onet_normalized"
"occ_11_9141_00","7238","Meet with boards of directors and committees to discuss and resolve legal and environmental issues or disputes between neighbors.","Core","0.72","0.00","src_onet_30_1","onet_normalized"
"occ_11_9141_00","7239","Confer with legal authorities to ensure that renting and advertising practices are not discriminatory and that properties comply with state and federal regulations.","Core","0.65","0.00","src_onet_30_1","onet_normalized"
"occ_11_9141_00","7240","Clean common areas, change light bulbs, and make minor property repairs.","Supplemental","0.77","1.00","src_onet_30_1","onet_normalized"
"occ_11_9141_00","7241","Meet with clients to negotiate management and service contracts, determine priorities, and discuss the financial and operational status of properties.","Core","0.85","0.00","src_onet_30_1","onet_normalized"
"occ_11_9141_00","7242","Negotiate short- and long-term loans to finance construction and ownership of structures.","Supplemental","0.57","0.00","src_onet_30_1","onet_normalized"
"occ_11_9141_00","7243","Contract with architectural firms to draw up detailed plans for new structures.","Supplemental","0.62","0.00","src_onet_30_1","onet_normalized"
"occ_11_9141_00","7244","Negotiate with government leaders, businesses, special interest representatives, and utility companies to gain support for new projects and to eliminate potential obstacles.","Supplemental","0.50","0.00","src_onet_30_1","onet_normalized"
"occ_11_9141_00","7245","Analyze information on property values, taxes, zoning, population growth, and traffic volume and patterns to determine if properties should be acquired.","Supplemental","0.69","0.00","src_onet_30_1","onet_normalized"
"occ_13_1023_00","1142","Purchase the highest quality merchandise at the lowest possible price and in correct amounts.","Core","0.89","1.00","src_onet_30_1","onet_normalized"
"occ_13_1023_00","1143","Prepare purchase orders, solicit bid proposals, and review requisitions for goods and services.","Core","0.85","0.71","src_onet_30_1","onet_normalized"
"occ_13_1023_00","1144","Research and evaluate suppliers, based on price, quality, selection, service, support, availability, reliability, production and distribution capabilities, and the supplier's reputation and history.","Core","0.79","0.00","src_onet_30_1","onet_normalized"
"occ_13_1023_00","1145","Analyze price proposals, financial reports, and other data and information to determine reasonable prices.","Core","0.80","1.00","src_onet_30_1","onet_normalized"
"occ_13_1023_00","1146","Monitor and follow applicable laws and regulations.","Core","0.96","1.00","src_onet_30_1","onet_normalized"
"occ_13_1023_00","1147","Negotiate, renegotiate, and administer contracts with suppliers, vendors, and other representatives.","Core","0.76","0.00","src_onet_30_1","onet_normalized"
"occ_13_1023_00","1148","Monitor shipments to ensure that goods come in on time, and resolve problems related to undelivered goods.","Core","0.65","0.00","src_onet_30_1","onet_normalized"
"occ_13_1023_00","1149","Confer with staff, users, and vendors to discuss defective or unacceptable goods or services and determine corrective action.","Core","0.69","0.00","src_onet_30_1","onet_normalized"
"occ_13_1023_00","1150","Evaluate and monitor contract performance to ensure compliance with contractual obligations and to determine need for changes.","Core","0.76","0.00","src_onet_30_1","onet_normalized"
"occ_13_1023_00","1151","Maintain and review computerized or manual records of purchased items, costs, deliveries, product performance, and inventories.","Core","0.69","0.76","src_onet_30_1","onet_normalized"
"occ_13_1023_00","1152","Review catalogs, industry periodicals, directories, trade journals, and Internet sites and consult with other department personnel to locate necessary goods and services.","Core","0.61","0.00","src_onet_30_1","onet_normalized"
"occ_13_1023_00","1153","Study sales records and inventory levels of current stock to develop strategic purchasing programs that facilitate employee access to supplies.","Core","0.71","0.00","src_onet_30_1","onet_normalized"
"occ_13_1023_00","1154","Interview vendors and visit suppliers' plants and distribution centers to examine and learn about products, services, and prices.","Supplemental","0.48","0.00","src_onet_30_1","onet_normalized"
"occ_13_1023_00","1155","Arrange the payment of duty and freight charges.","Supplemental","0.50","1.00","src_onet_30_1","onet_normalized"
"occ_13_1023_00","1156","Hire, train, or supervise purchasing clerks, buyers, and expediters.","Core","0.79","0.00","src_onet_30_1","onet_normalized"
"occ_13_1023_00","1157","Write and review product specifications, maintaining a working technical knowledge of the goods or services to be purchased.","Core","0.81","0.00","src_onet_30_1","onet_normalized"
"occ_13_1023_00","1158","Monitor changes affecting supply and demand, tracking market conditions, price trends, or futures markets.","Core","0.67","0.00","src_onet_30_1","onet_normalized"
"occ_13_1023_00","1159","Formulate policies and procedures for bid proposals and procurement of goods and services.","Core","0.85","0.00","src_onet_30_1","onet_normalized"
"occ_13_1023_00","1160","Attend meetings, trade shows, conferences, conventions, and seminars to network with people in other purchasing departments.","Core","0.61","0.00","src_onet_30_1","onet_normalized"
"occ_13_1031_00","21417","Examine claims forms and other records to determine insurance coverage.","Core","0.95","1.00","src_onet_30_1","onet_normalized"
"occ_13_1031_00","21418","Analyze information gathered by investigation and report findings and recommendations.","Core","0.94","1.00","src_onet_30_1","onet_normalized"
"occ_13_1031_00","21419","Review police reports, medical treatment records, medical bills, or physical property damage to determine the extent of liability.","Core","0.92","1.00","src_onet_30_1","onet_normalized"
"occ_13_1031_00","21420","Investigate and assess damage to property and create or review property damage estimates.","Core","0.91","1.00","src_onet_30_1","onet_normalized"
"occ_13_1031_00","21421","Interview or correspond with agents and claimants to correct errors or omissions and to investigate questionable claims.","Core","0.91","1.00","src_onet_30_1","onet_normalized"
"occ_13_1031_00","21422","Interview or correspond with claimants, witnesses, police, physicians, or other relevant parties to determine claim settlement, denial, or review.","Core","0.90","1.00","src_onet_30_1","onet_normalized"
"occ_13_1031_00","21423","Investigate, evaluate, and settle claims, applying technical knowledge and human relations skills to effect fair and prompt disposal of cases and to contribute to a reduced loss ratio.","Core","0.94","1.00","src_onet_30_1","onet_normalized"
"occ_13_1031_00","21424","Adjust reserves or provide reserve recommendations to ensure that reserve activities are consistent with corporate policies.","Core","0.86","1.00","src_onet_30_1","onet_normalized"
"occ_13_1031_00","21425","Resolve complex, severe exposure claims, using high service oriented file handling.","Core","0.87","1.00","src_onet_30_1","onet_normalized"
"occ_13_1031_00","21426","Pay and process claims within designated authority level.","Core","0.94","1.00","src_onet_30_1","onet_normalized"
"occ_13_1031_00","21427","Examine claims investigated by insurance adjusters, further investigating questionable claims to determine whether to authorize payments.","Core","0.85","1.00","src_onet_30_1","onet_normalized"
"occ_13_1031_00","21428","Verify and analyze data used in settling claims to ensure that claims are valid and that settlements are made according to company practices and procedures.","Core","0.92","1.00","src_onet_30_1","onet_normalized"
"occ_13_1031_00","21429","Enter claim payments, reserves and new claims on computer system, inputting concise yet sufficient file documentation.","Core","0.89","1.00","src_onet_30_1","onet_normalized"
"occ_13_1031_00","21430","Refer questionable claims to investigator or claims adjuster for investigation or settlement.","Core","0.82","0.24","src_onet_30_1","onet_normalized"
"occ_13_1031_00","21431","Collect evidence to support contested claims in court.","Core","0.81","0.86","src_onet_30_1","onet_normalized"
"occ_13_1031_00","21432","Confer with legal counsel on claims requiring litigation.","Core","0.85","0.69","src_onet_30_1","onet_normalized"
"occ_13_1031_00","21433","Contact or interview claimants, doctors, medical specialists, or employers to get additional information.","Core","0.76","1.00","src_onet_30_1","onet_normalized"
"occ_13_1031_00","21434","Maintain claim files, such as records of settled claims and an inventory of claims requiring detailed analysis.","Core","0.82","1.00","src_onet_30_1","onet_normalized"
"occ_13_1031_00","21435","Present cases and participate in their discussion at claim committee meetings.","Core","0.73","0.80","src_onet_30_1","onet_normalized"
"occ_13_1031_00","21436","Supervise claims adjusters to ensure that adjusters have followed proper methods.","Supplemental","0.79","1.00","src_onet_30_1","onet_normalized"
"occ_13_1031_00","21437","Conduct detailed bill reviews to implement sound litigation management and expense control.","Supplemental","0.75","0.00","src_onet_30_1","onet_normalized"
"occ_13_1031_00","21438","Examine titles to property to determine validity and act as company agent in transactions with property owners.","Supplemental","0.68","0.28","src_onet_30_1","onet_normalized"
"occ_13_1031_00","21439","Report overpayments, underpayments, and other irregularities.","Core","0.70","0.21","src_onet_30_1","onet_normalized"
"occ_13_1031_00","21440","Communicate with reinsurance brokers to obtain information necessary for processing claims.","Supplemental","0.74","0.00","src_onet_30_1","onet_normalized"
"occ_13_1031_00","21441","Prepare reports to be submitted to company's data processing department.","Supplemental","0.68","0.41","src_onet_30_1","onet_normalized"
"occ_13_1031_00","21442","Obtain credit information from banks and other credit services.","Supplemental","0.48","0.24","src_onet_30_1","onet_normalized"
"occ_13_1031_00","21443","Attend mediations or trials.","Core","0.68","0.72","src_onet_30_1","onet_normalized"
"occ_13_1031_00","21444","Communicate with former associates to verify employment record or to obtain background information regarding persons or businesses applying for credit.","n/a","0.60","0.50","src_onet_30_1","onet_normalized"
"occ_13_1031_00","21445","Negotiate claim settlements or recommend litigation when settlement cannot be negotiated.","n/a","0.60","0.50","src_onet_30_1","onet_normalized"
"occ_13_1041_00","21446","Warn violators of infractions or penalties.","Core","0.85","1.00","src_onet_30_1","onet_normalized"
"occ_13_1041_00","21447","Evaluate applications, records, or documents to gather information about eligibility or liability issues.","Core","0.84","1.00","src_onet_30_1","onet_normalized"
"occ_13_1041_00","21448","Advise licensees or other individuals or groups concerning licensing, permit, or passport regulations.","Core","0.84","1.00","src_onet_30_1","onet_normalized"
"occ_13_1041_00","21449","Prepare reports of activities, evaluations, recommendations, or decisions.","Core","0.82","1.00","src_onet_30_1","onet_normalized"
"occ_13_1041_00","21450","Report law or regulation violations to appropriate boards or agencies.","Core","0.79","1.00","src_onet_30_1","onet_normalized"
"occ_13_1041_00","21451","Confer with or interview officials, technical or professional specialists, or applicants to obtain information or to clarify facts relevant to licensing decisions.","Core","0.76","1.00","src_onet_30_1","onet_normalized"
"occ_13_1041_00","21452","Issue licenses to individuals meeting standards.","Supplemental","0.88","1.00","src_onet_30_1","onet_normalized"
"occ_13_1041_00","21453","Collect fees for licenses.","Supplemental","0.86","1.00","src_onet_30_1","onet_normalized"
"occ_13_1041_00","21454","Administer oral, written, road, or flight tests to license applicants.","Supplemental","0.85","1.00","src_onet_30_1","onet_normalized"
"occ_13_1041_00","21455","Visit establishments to verify that valid licenses or permits are displayed and that licensing standards are being upheld.","Supplemental","0.84","0.00","src_onet_30_1","onet_normalized"
"occ_13_1041_00","21456","Score tests and observe equipment operation and control to rate ability of applicants.","Supplemental","0.82","1.00","src_onet_30_1","onet_normalized"
"occ_13_1041_00","21457","Prepare correspondence to inform concerned parties of licensing decisions or appeals processes.","Supplemental","0.77","1.00","src_onet_30_1","onet_normalized"
"occ_13_1041_00","21458","Identify compliance issues that require follow-up or investigation.","n/a","0.60","0.50","src_onet_30_1","onet_normalized"
"occ_13_1041_00","21459","Keep informed regarding pending industry changes, trends, or best practices.","n/a","0.60","0.50","src_onet_30_1","onet_normalized"
"occ_13_1041_00","21460","Provide assistance to internal or external auditors in compliance reviews.","n/a","0.60","0.50","src_onet_30_1","onet_normalized"
"occ_13_1041_00","21461","Verify that all firm and regulatory policies and procedures have been documented, implemented, and communicated.","n/a","0.60","0.50","src_onet_30_1","onet_normalized"
"occ_13_1051_00","20846","Collect historical cost data to estimate costs for current or future products.","Core","0.79","0.00","src_onet_30_1","onet_normalized"
"occ_13_1051_00","80","Analyze blueprints and other documentation to prepare time, cost, materials, and labor estimates.","Core","0.82","1.00","src_onet_30_1","onet_normalized"
"occ_13_1051_00","81","Assess cost effectiveness of products, projects or services, tracking actual costs relative to bids as the project develops.","Core","0.77","0.00","src_onet_30_1","onet_normalized"
"occ_13_1051_00","82","Consult with clients, vendors, personnel in other departments, or construction foremen to discuss and formulate estimates and resolve issues.","Core","0.75","0.00","src_onet_30_1","onet_normalized"
"occ_13_1051_00","83","Confer with engineers, architects, owners, contractors, and subcontractors on changes and adjustments to cost estimates.","Core","0.80","0.00","src_onet_30_1","onet_normalized"
"occ_13_1051_00","84","Prepare estimates used by management for purposes such as planning, organizing, and scheduling work.","Core","0.75","0.00","src_onet_30_1","onet_normalized"
"occ_13_1051_00","85","Prepare estimates for use in selecting vendors or subcontractors.","Core","0.75","0.00","src_onet_30_1","onet_normalized"
"occ_13_1051_00","86","Review material and labor requirements to decide whether it is more cost-effective to produce or purchase components.","Core","0.69","0.00","src_onet_30_1","onet_normalized"
"occ_13_1051_00","87","Prepare cost and expenditure statements and other necessary documentation at regular intervals for the duration of the project.","Core","0.68","0.00","src_onet_30_1","onet_normalized"
"occ_13_1051_00","88","Prepare and maintain a directory of suppliers, contractors and subcontractors.","Core","0.54","0.00","src_onet_30_1","onet_normalized"
"occ_13_1051_00","89","Set up cost monitoring and reporting systems and procedures.","Core","0.74","0.00","src_onet_30_1","onet_normalized"
"occ_13_1051_00","90","Establish and maintain tendering process, and conduct negotiations.","Core","0.75","0.00","src_onet_30_1","onet_normalized"
"occ_13_1051_00","91","Conduct special studies to develop and establish standard hour and related cost data or to reduce cost.","Core","0.63","0.00","src_onet_30_1","onet_normalized"
"occ_13_1051_00","92","Visit site and record information about access, drainage and topography, and availability of utility services.","Core","0.58","0.00","src_onet_30_1","onet_normalized"
"occ_13_1071_00","18852","Address employee relations issues, such as harassment allegations, work complaints, or other employee concerns.","Core","0.83","0.00","src_onet_30_1","onet_normalized"
"occ_13_1071_00","18853","Analyze employment-related data and prepare required reports.","Core","0.70","0.65","src_onet_30_1","onet_normalized"
"occ_13_1071_00","18854","Conduct exit interviews and ensure that necessary employment termination paperwork is completed.","Core","0.72","0.00","src_onet_30_1","onet_normalized"
"occ_13_1071_00","18855","Conduct reference or background checks on job applicants.","Supplemental","0.82","0.00","src_onet_30_1","onet_normalized"
"occ_13_1071_00","18856","Confer with management to develop or implement personnel policies or procedures.","Core","0.75","0.00","src_onet_30_1","onet_normalized"
"occ_13_1071_00","18857","Contact job applicants to inform them of the status of their applications.","Core","0.73","1.00","src_onet_30_1","onet_normalized"
"occ_13_1071_00","18858","Develop or implement recruiting strategies to meet current or anticipated staffing needs.","Core","0.68","0.66","src_onet_30_1","onet_normalized"
"occ_13_1071_00","18859","Hire employees and process hiring-related paperwork.","Core","0.88","1.00","src_onet_30_1","onet_normalized"
"occ_13_1071_00","18860","Inform job applicants of details such as duties and responsibilities, compensation, benefits, schedules, working conditions, or promotion opportunities.","Core","0.79","0.10","src_onet_30_1","onet_normalized"
"occ_13_1071_00","18861","Interpret and explain human resources policies, procedures, laws, standards, or regulations.","Core","0.92","0.50","src_onet_30_1","onet_normalized"
"occ_13_1071_00","18862","Interview job applicants to obtain information on work history, training, education, or job skills.","Core","0.72","1.00","src_onet_30_1","onet_normalized"
"occ_13_1071_00","18863","Maintain and update human resources documents, such as organizational charts, employee handbooks or directories, or performance evaluation forms.","Core","0.75","0.00","src_onet_30_1","onet_normalized"
"occ_13_1071_00","18864","Maintain current knowledge of Equal Employment Opportunity (EEO) and affirmative action guidelines and laws, such as the Americans with Disabilities Act (ADA).","Core","0.86","0.11","src_onet_30_1","onet_normalized"
"occ_13_1071_00","18865","Perform searches for qualified job candidates, using sources such as computer databases, networking, Internet recruiting resources, media advertisements, job fairs, recruiting firms, or employee referrals.","Core","0.71","1.00","src_onet_30_1","onet_normalized"
"occ_13_1071_00","18866","Prepare or maintain employment records related to events, such as hiring, termination, leaves, transfers, or promotions, using human resources management system software.","Core","0.83","0.24","src_onet_30_1","onet_normalized"
"occ_13_1071_00","18867","Provide management with information or training related to interviewing, performance appraisals, counseling techniques, or documentation of performance issues.","Core","0.71","0.00","src_onet_30_1","onet_normalized"
"occ_13_1071_00","18868","Review employment applications and job orders to match applicants with job requirements.","Core","0.79","1.00","src_onet_30_1","onet_normalized"
"occ_13_1071_00","18869","Schedule or administer skill, intelligence, psychological, or drug tests for current or prospective employees.","Supplemental","0.83","0.70","src_onet_30_1","onet_normalized"
"occ_13_1071_00","18870","Schedule or conduct new employee orientations.","Core","0.78","0.27","src_onet_30_1","onet_normalized"
"occ_13_1071_00","18871","Select qualified job applicants or refer them to managers, making hiring recommendations when appropriate.","Core","0.79","1.00","src_onet_30_1","onet_normalized"
"occ_13_1071_00","18872","Advise management on organizing, preparing, or implementing recruiting or retention programs.","Core","0.68","1.00","src_onet_30_1","onet_normalized"
"occ_13_1071_00","18873","Coordinate with outside staffing agencies to secure temporary employees, based on departmental needs.","Supplemental","0.64","0.43","src_onet_30_1","onet_normalized"
"occ_13_1071_00","18874","Evaluate recruitment or selection criteria to ensure conformance to professional, statistical, or testing standards, recommending revisions, as needed.","Supplemental","0.74","0.69","src_onet_30_1","onet_normalized"
"occ_13_1071_00","18875","Evaluate selection or testing techniques by conducting research or follow-up activities and conferring with management or supervisory personnel.","Supplemental","0.62","0.00","src_onet_30_1","onet_normalized"
"occ_13_1071_00","18876","Review and evaluate applicant qualifications or eligibility for specified licensing, according to established guidelines and designated licensing codes.","Supplemental","0.78","1.00","src_onet_30_1","onet_normalized"
"occ_13_1071_00","21097","Administer employee benefit plans.","Supplemental","0.86","0.51","src_onet_30_1","onet_normalized"
"occ_13_1081_00","20847","Perform managerial duties such as hiring and training employees and overseeing facility needs or requirements.","Core","0.75","0.59","src_onet_30_1","onet_normalized"
"occ_13_1081_00","8932","Maintain and develop positive business relationships with a customer's key personnel involved in, or directly relevant to, a logistics activity.","Core","0.86","1.00","src_onet_30_1","onet_normalized"
"occ_13_1081_00","8933","Develop an understanding of customers' needs and take actions to ensure that such needs are met.","Core","0.83","1.00","src_onet_30_1","onet_normalized"
"occ_13_1081_00","8934","Direct availability and allocation of materials, supplies, and finished products.","Core","0.77","1.00","src_onet_30_1","onet_normalized"
"occ_13_1081_00","8935","Collaborate with other departments as necessary to meet customer requirements, to take advantage of sales opportunities or, in the case of shortages, to minimize negative impacts on a business.","Core","0.74","0.00","src_onet_30_1","onet_normalized"
"occ_13_1081_00","8936","Protect and control proprietary materials.","Core","0.72","0.56","src_onet_30_1","onet_normalized"
"occ_13_1081_00","8937","Review logistics performance with customers against targets, benchmarks, and service agreements.","Core","0.78","0.00","src_onet_30_1","onet_normalized"
"occ_13_1081_00","8938","Develop and implement technical project management tools, such as plans, schedules, and responsibility and compliance matrices.","Core","0.66","0.00","src_onet_30_1","onet_normalized"
"occ_13_1081_00","8939","Direct team activities, establishing task priorities, scheduling and tracking work assignments, providing guidance, and ensuring the availability of resources.","Core","0.75","0.56","src_onet_30_1","onet_normalized"
"occ_13_1081_00","8940","Report project plans, progress, and results.","Core","0.73","0.00","src_onet_30_1","onet_normalized"
"occ_13_1081_00","8941","Direct and support the compilation and analysis of technical source data necessary for product development.","Core","0.55","0.67","src_onet_30_1","onet_normalized"
"occ_13_1081_00","8942","Explain proposed solutions to customers, management, or other interested parties through written proposals and oral presentations.","Core","0.76","0.56","src_onet_30_1","onet_normalized"
"occ_13_1081_00","8943","Develop proposals that include documentation for estimates.","Core","0.78","0.00","src_onet_30_1","onet_normalized"
"occ_13_1081_00","8944","Plan, organize, and execute logistics support activities, such as maintenance planning, repair analysis, and test equipment recommendations.","Core","0.58","0.71","src_onet_30_1","onet_normalized"
"occ_13_1081_00","8945","Provide project management services, including the provision and analysis of technical data.","Core","0.65","0.00","src_onet_30_1","onet_normalized"
"occ_13_1081_00","8946","Participate in the assessment and review of design alternatives and design change proposal impacts.","Core","0.57","0.00","src_onet_30_1","onet_normalized"
"occ_13_1081_00","8947","Support the development of training materials and technical manuals.","Core","0.50","0.00","src_onet_30_1","onet_normalized"
"occ_13_1081_00","8948","Stay informed of logistics technology advances and apply appropriate technology to improve logistics processes.","Core","0.68","0.53","src_onet_30_1","onet_normalized"
"occ_13_1081_00","8949","Redesign the movement of goods to maximize value and minimize costs.","Core","0.76","0.00","src_onet_30_1","onet_normalized"
"occ_13_1081_00","8950","Manage subcontractor activities, reviewing proposals, developing performance specifications, and serving as liaisons between subcontractors and organizations.","Core","0.79","0.00","src_onet_30_1","onet_normalized"
"occ_13_1081_00","8951","Manage the logistical aspects of product life cycles, including coordination or provisioning of samples, and the minimization of obsolescence.","Core","0.61","0.00","src_onet_30_1","onet_normalized"
"occ_13_1081_00","8952","Perform system lifecycle cost analysis and develop component studies.","Core","0.59","0.56","src_onet_30_1","onet_normalized"
"occ_13_1082_00","21462","Assign duties or responsibilities to project personnel.","n/a","0.60","0.50","src_onet_30_1","onet_normalized"
"occ_13_1082_00","21463","Communicate with key stakeholders to determine project requirements and objectives.","n/a","0.60","0.50","src_onet_30_1","onet_normalized"
"occ_13_1082_00","21464","Confer with project personnel to identify and resolve problems.","n/a","0.60","0.50","src_onet_30_1","onet_normalized"
"occ_13_1082_00","21465","Create project status presentations for delivery to customers or project personnel.","n/a","0.60","0.50","src_onet_30_1","onet_normalized"
"occ_13_1082_00","21466","Develop or update project plans including information such as objectives, technologies, schedules, funding, and staffing.","n/a","0.60","0.50","src_onet_30_1","onet_normalized"
"occ_13_1082_00","21467","Identify project needs such as resources, staff, or finances by reviewing project objectives and schedules.","n/a","0.60","0.50","src_onet_30_1","onet_normalized"
"occ_13_1082_00","21468","Identify, review, or select vendors or consultants to meet project needs.","n/a","0.60","0.50","src_onet_30_1","onet_normalized"
"occ_13_1082_00","21469","Monitor costs incurred by project staff to identify budget issues.","n/a","0.60","0.50","src_onet_30_1","onet_normalized"
"occ_13_1082_00","21470","Monitor project milestones and deliverables.","n/a","0.60","0.50","src_onet_30_1","onet_normalized"
"occ_13_1082_00","21471","Monitor the performance of project team members to provide performance feedback.","n/a","0.60","0.50","src_onet_30_1","onet_normalized"
"occ_13_1082_00","21472","Negotiate with project stakeholders or suppliers to obtain resources or materials.","n/a","0.60","0.50","src_onet_30_1","onet_normalized"
"occ_13_1082_00","21473","Plan, schedule, or coordinate project activities to meet deadlines.","n/a","0.60","0.50","src_onet_30_1","onet_normalized"
"occ_13_1082_00","21474","Prepare and submit budget estimates, progress reports, or cost tracking reports.","n/a","0.60","0.50","src_onet_30_1","onet_normalized"
"occ_13_1082_00","21475","Produce and distribute project documents.","n/a","0.60","0.50","src_onet_30_1","onet_normalized"
"occ_13_1082_00","21476","Propose, review, or approve modifications to project plans.","n/a","0.60","0.50","src_onet_30_1","onet_normalized"
"occ_13_1082_00","21477","Recruit or hire project personnel.","n/a","0.60","0.50","src_onet_30_1","onet_normalized"
"occ_13_1082_00","21478","Report project status, such as budget, resources, technical issues, or customer satisfaction, to managers.","n/a","0.60","0.50","src_onet_30_1","onet_normalized"
"occ_13_1082_00","21479","Request and review project updates to ensure deadlines are met.","n/a","0.60","0.50","src_onet_30_1","onet_normalized"
"occ_13_1082_00","21480","Schedule or facilitate project meetings.","n/a","0.60","0.50","src_onet_30_1","onet_normalized"
"occ_13_1082_00","21481","Submit project deliverables to clients, ensuring adherence to quality standards.","n/a","0.60","0.50","src_onet_30_1","onet_normalized"
"occ_13_1111_00","7276","Gather and organize information on problems or procedures.","Core","0.87","0.63","src_onet_30_1","onet_normalized"
"occ_13_1111_00","7277","Analyze data gathered and develop solutions or alternative methods of proceeding.","Core","0.86","0.00","src_onet_30_1","onet_normalized"
"occ_13_1111_00","7278","Confer with personnel concerned to ensure successful functioning of newly implemented systems or procedures.","Core","0.87","0.00","src_onet_30_1","onet_normalized"
"occ_13_1111_00","7279","Develop and implement records management program for filing, protection, and retrieval of records, and assure compliance with program.","Core","0.65","0.00","src_onet_30_1","onet_normalized"
"occ_13_1111_00","7280","Review forms and reports and confer with management and users about format, distribution, and purpose, identifying problems and improvements.","Core","0.69","0.00","src_onet_30_1","onet_normalized"
"occ_13_1111_00","7281","Interview personnel and conduct on-site observation to ascertain unit functions, work performed, and methods, equipment, and personnel used.","Core","0.77","0.00","src_onet_30_1","onet_normalized"
"occ_13_1111_00","7282","Document findings of study and prepare recommendations for implementation of new systems, procedures, or organizational changes.","Core","0.81","0.00","src_onet_30_1","onet_normalized"
"occ_13_1111_00","7283","Prepare manuals and train workers in use of new forms, reports, procedures or equipment, according to organizational policy.","Core","0.71","0.00","src_onet_30_1","onet_normalized"
"occ_13_1111_00","7284","Design, evaluate, recommend, and approve changes of forms and reports.","Core","0.55","0.00","src_onet_30_1","onet_normalized"
"occ_13_1111_00","7285","Plan study of work problems and procedures, such as organizational change, communications, information flow, integrated production methods, inventory control, or cost analysis.","Core","0.77","0.00","src_onet_30_1","onet_normalized"
"occ_13_1111_00","7286","Recommend purchase of storage equipment and design area layout to locate equipment in space available.","Supplemental","0.55","1.00","src_onet_30_1","onet_normalized"
"occ_13_1151_00","100","Coordinate recruitment and placement of training program participants.","Core","0.64","0.00","src_onet_30_1","onet_normalized"
"occ_13_1151_00","101","Evaluate training materials prepared by instructors, such as outlines, text, or handouts.","Core","0.75","0.00","src_onet_30_1","onet_normalized"
"occ_13_1151_00","102","Develop alternative training methods if expected improvements are not seen.","Core","0.77","0.00","src_onet_30_1","onet_normalized"
"occ_13_1151_00","103","Assess training needs through surveys, interviews with employees, focus groups, or consultation with managers, instructors, or customer representatives.","Core","0.86","0.00","src_onet_30_1","onet_normalized"
"occ_13_1151_00","105","Select and assign instructors to conduct training.","Core","0.62","0.00","src_onet_30_1","onet_normalized"
"occ_13_1151_00","106","Devise programs to develop executive potential among employees in lower-level positions.","Core","0.70","0.00","src_onet_30_1","onet_normalized"
"occ_13_1151_00","108","Negotiate contracts with clients for desired training outcomes, fees, or expenses.","Core","0.62","0.00","src_onet_30_1","onet_normalized"
"occ_13_1151_00","111","Refer trainees to employer relations representatives, to locations offering job placement assistance, or to appropriate social services agencies, if warranted.","Supplemental","0.46","0.00","src_onet_30_1","onet_normalized"
"occ_13_1151_00","19558","Develop or implement training programs related to efficiency, recycling, or other issues with environmental impacts.","Supplemental","0.40","0.00","src_onet_30_1","onet_normalized"
"occ_13_1151_00","19559","Evaluate modes of training delivery, such as in-person or virtual, to optimize training effectiveness, training costs, or environmental impacts.","Core","0.86","0.59","src_onet_30_1","onet_normalized"
"occ_13_1151_00","20474","Design, plan, organize, or direct orientation and training programs for employees or customers.","Core","0.83","0.00","src_onet_30_1","onet_normalized"
"occ_13_1151_00","20475","Obtain, organize, or develop training procedure manuals, guides, or course materials, such as handouts or visual materials.","Core","0.91","0.00","src_onet_30_1","onet_normalized"
"occ_13_1151_00","20476","Monitor training costs and prepare budget reports to justify expenditures.","Core","0.70","0.00","src_onet_30_1","onet_normalized"
"occ_13_1151_00","20477","Supervise, evaluate, or refer instructors to skill development classes.","Core","0.60","0.00","src_onet_30_1","onet_normalized"
"occ_13_1151_00","93","Keep up with developments in area of expertise by reading current journals, books, or magazine articles.","Core","0.68","0.00","src_onet_30_1","onet_normalized"
"occ_13_1151_00","94","Present information with a variety of instructional techniques or formats, such as role playing, simulations, team exercises, group discussions, videos, or lectures.","Core","0.91","0.59","src_onet_30_1","onet_normalized"
"occ_13_1151_00","95","Schedule classes based on availability of classrooms, equipment, or instructors.","Core","0.56","0.00","src_onet_30_1","onet_normalized"
"occ_13_1151_00","97","Offer specific training programs to help workers maintain or improve job skills.","Core","0.86","0.00","src_onet_30_1","onet_normalized"
"occ_13_1151_00","98","Monitor, evaluate, or record training activities or program effectiveness.","Core","0.85","0.00","src_onet_30_1","onet_normalized"
"occ_13_1151_00","99","Attend meetings or seminars to obtain information for use in training programs or to inform management of training program status.","Core","0.67","0.00","src_onet_30_1","onet_normalized"
"occ_13_1161_00","5433","Collect and analyze data on customer demographics, preferences, needs, and buying habits to identify potential markets and factors affecting product demand.","Core","0.84","0.00","src_onet_30_1","onet_normalized"
"occ_13_1161_00","5434","Prepare reports of findings, illustrating data graphically and translating complex findings into written text.","Core","0.90","0.59","src_onet_30_1","onet_normalized"
"occ_13_1161_00","5435","Measure and assess customer and employee satisfaction.","Core","0.83","0.00","src_onet_30_1","onet_normalized"
"occ_13_1161_00","5436","Forecast and track marketing and sales trends, analyzing collected data.","Core","0.74","0.00","src_onet_30_1","onet_normalized"
"occ_13_1161_00","5437","Seek and provide information to help companies determine their position in the marketplace.","Core","0.74","0.00","src_onet_30_1","onet_normalized"
"occ_13_1161_00","5438","Measure the effectiveness of marketing, advertising, and communications programs and strategies.","Core","0.77","0.00","src_onet_30_1","onet_normalized"
"occ_13_1161_00","5439","Conduct research on consumer opinions and marketing strategies, collaborating with marketing professionals, statisticians, pollsters, and other professionals.","Core","0.84","1.00","src_onet_30_1","onet_normalized"
"occ_13_1161_00","5440","Attend staff conferences to provide management with information and proposals concerning the promotion, distribution, design, and pricing of company products or services.","Core","0.66","0.00","src_onet_30_1","onet_normalized"
"occ_13_1161_00","5441","Gather data on competitors and analyze their prices, sales, and method of marketing and distribution.","Core","0.74","0.00","src_onet_30_1","onet_normalized"
"occ_13_1161_00","5442","Monitor industry statistics and follow trends in trade literature.","Core","0.69","0.00","src_onet_30_1","onet_normalized"
"occ_13_1161_00","5443","Devise and evaluate methods and procedures for collecting data, such as surveys, opinion polls, or questionnaires, or arrange to obtain existing data.","Core","0.82","1.00","src_onet_30_1","onet_normalized"
"occ_13_1161_00","5444","Develop and implement procedures for identifying advertising needs.","Core","0.52","0.00","src_onet_30_1","onet_normalized"
"occ_13_1161_00","5445","Direct trained survey interviewers.","Core","0.62","0.00","src_onet_30_1","onet_normalized"
"occ_13_2011_00","21505","Prepare detailed reports on audit findings.","Core","0.90","0.00","src_onet_30_1","onet_normalized"
"occ_13_2011_00","21506","Report to management about asset utilization and audit results, and recommend changes in operations and financial activities.","Core","0.89","0.00","src_onet_30_1","onet_normalized"
"occ_13_2011_00","21507","Collect and analyze data to detect deficient controls, duplicated effort, extravagance, fraud, or non-compliance with laws, regulations, and management policies.","Core","0.88","0.00","src_onet_30_1","onet_normalized"
"occ_13_2011_00","21508","Inspect account books and accounting systems for efficiency, effectiveness, and use of accepted accounting procedures to record transactions.","Core","0.88","0.67","src_onet_30_1","onet_normalized"
"occ_13_2011_00","21509","Supervise auditing of establishments, and determine scope of investigation required.","Core","0.88","0.67","src_onet_30_1","onet_normalized"
"occ_13_2011_00","21510","Confer with company officials about financial and regulatory matters.","Core","0.82","0.00","src_onet_30_1","onet_normalized"
"occ_13_2011_00","21511","Examine and evaluate financial and information systems, recommending controls to ensure system reliability and data integrity.","Core","0.82","0.00","src_onet_30_1","onet_normalized"
"occ_13_2011_00","21512","Inspect cash on hand, notes receivable and payable, negotiable securities, and canceled checks to confirm records are accurate.","Core","0.81","0.67","src_onet_30_1","onet_normalized"
"occ_13_2011_00","21513","Examine records and interview workers to ensure recording of transactions and compliance with laws and regulations.","Core","0.81","0.63","src_onet_30_1","onet_normalized"
"occ_13_2011_00","21514","Prepare, examine, or analyze accounting records, financial statements, or other financial reports to assess accuracy, completeness, and conformance to reporting and procedural standards.","Core","0.81","0.00","src_onet_30_1","onet_normalized"
"occ_13_2011_00","21515","Prepare adjusting journal entries.","Core","0.81","0.00","src_onet_30_1","onet_normalized"
"occ_13_2011_00","21516","Review accounts for discrepancies and reconcile differences.","Core","0.81","0.00","src_onet_30_1","onet_normalized"
"occ_13_2011_00","21517","Establish tables of accounts and assign entries to proper accounts.","Core","0.78","0.29","src_onet_30_1","onet_normalized"
"occ_13_2011_00","21518","Examine inventory to verify journal and ledger entries.","Core","0.78","0.00","src_onet_30_1","onet_normalized"
"occ_13_2011_00","21519","Analyze business operations, trends, costs, revenues, financial commitments, and obligations to project future revenues and expenses or to provide advice.","Core","0.76","0.00","src_onet_30_1","onet_normalized"
"occ_13_2011_00","21520","Report to management regarding the finances of establishment.","Core","0.76","0.61","src_onet_30_1","onet_normalized"
"occ_13_2011_00","21521","Develop, implement, modify, and document recordkeeping and accounting systems, making use of current computer technology.","Core","0.75","0.64","src_onet_30_1","onet_normalized"
"occ_13_2011_00","21522","Evaluate taxpayer finances to determine tax liability, using knowledge of interest and discount rates, annuities, valuation of stocks and bonds, and amortization valuation of depletable assets.","Core","0.70","0.00","src_onet_30_1","onet_normalized"
"occ_13_2011_00","21523","Examine whether the organization's objectives are reflected in its management activities, and whether employees understand the objectives.","Core","0.67","0.00","src_onet_30_1","onet_normalized"
"occ_13_2011_00","21524","Audit payroll and personnel records to determine unemployment insurance premiums, workers' compensation coverage, liabilities, and compliance with tax laws.","Core","0.62","0.00","src_onet_30_1","onet_normalized"
"occ_13_2011_00","21525","Review taxpayer accounts, and conduct audits on-site, by correspondence, or by summoning taxpayer to office.","Supplemental","0.80","0.00","src_onet_30_1","onet_normalized"
"occ_13_2011_00","21526","Compute taxes owed and prepare tax returns, ensuring compliance with payment, reporting, or other tax requirements.","Supplemental","0.78","0.00","src_onet_30_1","onet_normalized"
"occ_13_2011_00","21527","Advise clients in areas such as compensation, employee health care benefits, the design of accounting or data processing systems, or long-range tax or estate plans.","Supplemental","0.78","0.00","src_onet_30_1","onet_normalized"
"occ_13_2011_00","21529","Direct activities of personnel engaged in filing, recording, compiling, and transmitting financial records.","Supplemental","0.70","0.00","src_onet_30_1","onet_normalized"
"occ_13_2011_00","21530","Conduct pre-implementation audits to determine if systems and programs under development will work as planned.","Supplemental","0.67","0.00","src_onet_30_1","onet_normalized"
"occ_13_2011_00","21531","Develop, maintain, or analyze budgets, preparing periodic reports that compare budgeted costs to actual costs.","n/a","0.60","0.50","src_onet_30_1","onet_normalized"
"occ_13_2011_00","21532","Prepare, analyze, or verify annual reports, financial statements, and other records, using accepted accounting and statistical procedures to assess financial condition and facilitate financial planning.","n/a","0.60","0.50","src_onet_30_1","onet_normalized"
"occ_13_2011_00","21533","Process invoices for payment.","n/a","0.60","0.50","src_onet_30_1","onet_normalized"
"occ_13_2011_00","21534","Review data about material assets, net worth, liabilities, capital stock, surplus, income, or expenditures.","n/a","0.60","0.50","src_onet_30_1","onet_normalized"
"occ_13_2051_00","21579","Advise clients on aspects of capitalization, such as amounts, sources, or timing.","n/a","0.60","0.50","src_onet_30_1","onet_normalized"
"occ_13_2051_00","21580","Analyze financial or operational performance of companies facing financial difficulties to identify or recommend remedies.","n/a","0.60","0.50","src_onet_30_1","onet_normalized"
"occ_13_2051_00","21581","Assess companies as investments for clients by examining company facilities.","n/a","0.60","0.50","src_onet_30_1","onet_normalized"
"occ_13_2051_00","21582","Collaborate on projects with other professionals, such as lawyers, accountants, or public relations experts.","n/a","0.60","0.50","src_onet_30_1","onet_normalized"
"occ_13_2051_00","21583","Collaborate with investment bankers to attract new corporate clients.","n/a","0.60","0.50","src_onet_30_1","onet_normalized"
"occ_13_2051_00","21584","Conduct financial analyses related to investments in green construction or green retrofitting projects.","n/a","0.60","0.50","src_onet_30_1","onet_normalized"
"occ_13_2051_00","21585","Confer with clients to restructure debt, refinance debt, or raise new debt.","n/a","0.60","0.50","src_onet_30_1","onet_normalized"
"occ_13_2051_00","21586","Create client presentations of plan details.","n/a","0.60","0.50","src_onet_30_1","onet_normalized"
"occ_13_2051_00","21587","Determine the prices at which securities should be syndicated and offered to the public.","n/a","0.60","0.50","src_onet_30_1","onet_normalized"
"occ_13_2051_00","21588","Develop and maintain client relationships.","n/a","0.60","0.50","src_onet_30_1","onet_normalized"
"occ_13_2051_00","21589","Draw charts and graphs, using computer spreadsheets, to illustrate technical reports.","n/a","0.60","0.50","src_onet_30_1","onet_normalized"
"occ_13_2051_00","21590","Employ financial models to develop solutions to financial problems or to assess the financial or capital impact of transactions.","n/a","0.60","0.50","src_onet_30_1","onet_normalized"
"occ_13_2051_00","21591","Evaluate and compare the relative quality of various securities in a given industry.","n/a","0.60","0.50","src_onet_30_1","onet_normalized"
"occ_13_2051_00","21592","Evaluate capital needs of clients and assess market conditions to inform structuring of financial packages.","n/a","0.60","0.50","src_onet_30_1","onet_normalized"
"occ_13_2051_00","21593","Inform investment decisions by analyzing financial information to forecast business, industry, or economic conditions.","n/a","0.60","0.50","src_onet_30_1","onet_normalized"
"occ_13_2051_00","21594","Interpret data on price, yield, stability, future investment-risk trends, economic influences, and other factors affecting investment programs.","n/a","0.60","0.50","src_onet_30_1","onet_normalized"
"occ_13_2051_00","21595","Monitor developments in the fields of industrial technology, business, finance, and economic theory.","n/a","0.60","0.50","src_onet_30_1","onet_normalized"
"occ_13_2051_00","21596","Monitor fundamental economic, industrial, and corporate developments by analyzing information from financial publications and services, investment banking firms, government agencies, trade publications, company sources, or personal interviews.","n/a","0.60","0.50","src_onet_30_1","onet_normalized"
"occ_13_2051_00","21597","Perform securities valuation or pricing.","n/a","0.60","0.50","src_onet_30_1","onet_normalized"
"occ_13_2051_00","21598","Prepare all materials for transactions or execution of deals.","n/a","0.60","0.50","src_onet_30_1","onet_normalized"
"occ_13_2051_00","21599","Prepare plans of action for investment, using financial analyses.","n/a","0.60","0.50","src_onet_30_1","onet_normalized"
"occ_13_2051_00","21600","Present oral or written reports on general economic trends, individual corporations, and entire industries.","n/a","0.60","0.50","src_onet_30_1","onet_normalized"
"occ_13_2051_00","21601","Purchase investments for companies in accordance with company policy.","n/a","0.60","0.50","src_onet_30_1","onet_normalized"
"occ_13_2051_00","21602","Recommend investments and investment timing to companies, investment firm staff, or the public.","n/a","0.60","0.50","src_onet_30_1","onet_normalized"
"occ_13_2051_00","21603","Specialize in green financial instruments, such as socially responsible mutual funds or exchange-traded funds (ETF) that are comprised of green companies.","n/a","0.60","0.50","src_onet_30_1","onet_normalized"
"occ_13_2051_00","21604","Supervise, train, or mentor junior team members.","n/a","0.60","0.50","src_onet_30_1","onet_normalized"
"occ_13_2052_00","12904","Analyze financial information obtained from clients to determine strategies for meeting clients' financial objectives.","Core","0.91","0.00","src_onet_30_1","onet_normalized"
"occ_13_2052_00","12905","Answer clients' questions about the purposes and details of financial plans and strategies.","Core","0.89","0.00","src_onet_30_1","onet_normalized"
"occ_13_2052_00","12907","Interview clients to determine their current income, expenses, insurance coverage, tax status, financial objectives, risk tolerance, or other information needed to develop a financial plan.","Core","0.91","0.00","src_onet_30_1","onet_normalized"
"occ_13_2052_00","12909","Implement financial planning recommendations, or refer clients to someone who can assist them with plan implementation.","Core","0.80","0.00","src_onet_30_1","onet_normalized"
"occ_13_2052_00","12913","Prepare or interpret for clients information, such as investment performance reports, financial document summaries, or income projections.","Core","0.76","0.00","src_onet_30_1","onet_normalized"
"occ_13_2052_00","12914","Guide clients in the gathering of information, such as bank account records, income tax returns, life and disability insurance records, pension plans, or wills.","Core","0.71","0.00","src_onet_30_1","onet_normalized"
"occ_13_2052_00","12915","Contact clients periodically to determine any changes in their financial status.","Core","0.78","0.00","src_onet_30_1","onet_normalized"
"occ_13_2052_00","12916","Meet with clients' other advisors, such as attorneys, accountants, trust officers, or investment bankers, to fully understand clients' financial goals and circumstances.","Core","0.60","0.00","src_onet_30_1","onet_normalized"
"occ_13_2052_00","12917","Devise debt liquidation plans that include payoff priorities and timelines.","Core","0.59","0.00","src_onet_30_1","onet_normalized"
"occ_13_2052_00","12918","Open accounts for clients, and disburse funds from accounts to creditors as agent for clients.","Supplemental","0.71","0.00","src_onet_30_1","onet_normalized"
"occ_13_2052_00","12919","Conduct seminars or workshops on financial planning topics, such as retirement planning, estate planning, or the evaluation of severance packages.","Supplemental","0.27","0.00","src_onet_30_1","onet_normalized"
"occ_13_2052_00","19570","Inform clients about tax benefits, government rebates, or other financial benefits of alternative-fuel vehicle purchases or energy-efficient home construction, improvements, or remodeling.","Supplemental","0.44","0.00","src_onet_30_1","onet_normalized"
"occ_13_2052_00","19571","Recommend environmentally responsible investments, such as cleantech, alternative energy, or conservation technologies, companies, or funds.","Supplemental","0.39","0.00","src_onet_30_1","onet_normalized"
"occ_13_2052_00","20182","Recommend to clients strategies in cash management, insurance coverage, investment planning, or other areas to help them achieve their financial goals.","Core","0.85","0.00","src_onet_30_1","onet_normalized"
"occ_13_2052_00","20183","Review clients' accounts and plans regularly to determine whether life changes, economic changes, environmental concerns, or financial performance indicate a need for plan reassessment.","Core","0.86","0.00","src_onet_30_1","onet_normalized"
"occ_13_2052_00","20184","Manage client portfolios, keeping client plans up-to-date.","Core","0.86","0.00","src_onet_30_1","onet_normalized"
"occ_13_2052_00","20185","Recruit and maintain client bases.","Core","0.62","0.00","src_onet_30_1","onet_normalized"
"occ_13_2052_00","20186","Explain to clients the personal financial advisor's responsibilities and the types of services to be provided.","Core","0.75","0.00","src_onet_30_1","onet_normalized"
"occ_13_2052_00","20187","Investigate available investment opportunities to determine compatibility with client financial plans.","Core","0.74","0.00","src_onet_30_1","onet_normalized"
"occ_13_2052_00","20188","Monitor financial market trends to ensure that client plans are responsive.","Core","0.65","0.53","src_onet_30_1","onet_normalized"
"occ_13_2052_00","20189","Recommend financial products, such as stocks, bonds, mutual funds, or insurance.","Core","0.80","0.00","src_onet_30_1","onet_normalized"
"occ_13_2072_00","21635","Assist in selection of financial award candidates using electronic databases to certify loan eligibility.","n/a","0.60","0.50","src_onet_30_1","onet_normalized"
"occ_13_2072_00","21636","Authorize or sign mail collection letters.","n/a","0.60","0.50","src_onet_30_1","onet_normalized"
"occ_13_2072_00","21637","Calculate amount of debt and funds available to plan methods of payoff and to estimate time for debt liquidation.","n/a","0.60","0.50","src_onet_30_1","onet_normalized"
"occ_13_2072_00","21638","Confer with underwriters to resolve mortgage application problems.","n/a","0.60","0.50","src_onet_30_1","onet_normalized"
"occ_13_2072_00","21639","Contact applicants or creditors to resolve questions about applications or to assist with completion of paperwork.","n/a","0.60","0.50","src_onet_30_1","onet_normalized"
"occ_13_2072_00","21640","Contact borrowers with delinquent accounts to obtain payment in full or to negotiate repayment plans.","n/a","0.60","0.50","src_onet_30_1","onet_normalized"
"occ_13_2072_00","21641","Counsel clients on personal and family financial problems, such as excessive spending or borrowing of funds.","n/a","0.60","0.50","src_onet_30_1","onet_normalized"
"occ_13_2072_00","21642","Establish payment priorities according to credit terms and interest rates to reduce clients' overall costs.","n/a","0.60","0.50","src_onet_30_1","onet_normalized"
"occ_13_2072_00","21643","Inform individuals and groups about the financial assistance available to college or university students.","n/a","0.60","0.50","src_onet_30_1","onet_normalized"
"occ_13_2072_00","21644","Maintain and review account records, updating and recategorizing them according to status changes.","n/a","0.60","0.50","src_onet_30_1","onet_normalized"
"occ_13_2072_00","21645","Match individuals' needs and eligibility with available financial aid programs to provide informed recommendations.","n/a","0.60","0.50","src_onet_30_1","onet_normalized"
"occ_13_2072_00","21646","Review accounts to determine write-offs for collection agencies.","n/a","0.60","0.50","src_onet_30_1","onet_normalized"
"occ_13_2072_00","21647","Review billing for accuracy.","n/a","0.60","0.50","src_onet_30_1","onet_normalized"
"occ_13_2072_00","3407","Approve loans within specified limits, and refer loan applications outside those limits to management for approval.","Core","0.85","0.49","src_onet_30_1","onet_normalized"
"occ_13_2072_00","3408","Meet with applicants to obtain information for loan applications and to answer questions about the process.","Core","0.90","0.84","src_onet_30_1","onet_normalized"
"occ_13_2072_00","3409","Analyze applicants' financial status, credit, and property evaluations to determine feasibility of granting loans.","Core","0.89","0.70","src_onet_30_1","onet_normalized"
"occ_13_2072_00","3410","Explain to customers the different types of loans and credit options that are available, as well as the terms of those services.","Core","0.83","0.93","src_onet_30_1","onet_normalized"
"occ_13_2072_00","3411","Obtain and compile copies of loan applicants' credit histories, corporate financial statements, and other financial information.","Core","0.78","0.13","src_onet_30_1","onet_normalized"
"occ_13_2072_00","3412","Review and update credit and loan files.","Core","0.78","0.73","src_onet_30_1","onet_normalized"
"occ_13_2072_00","3413","Review loan agreements to ensure that they are complete and accurate according to policy.","Core","0.78","0.06","src_onet_30_1","onet_normalized"
"occ_13_2072_00","3414","Compute payment schedules.","Core","0.64","0.22","src_onet_30_1","onet_normalized"
"occ_13_2072_00","3415","Stay abreast of new types of loans and other financial services and products to better meet customers' needs.","Core","0.72","0.07","src_onet_30_1","onet_normalized"
"occ_13_2072_00","3416","Submit applications to credit analysts for verification and recommendation.","Core","0.80","0.00","src_onet_30_1","onet_normalized"
"occ_13_2072_00","3417","Handle customer complaints and take appropriate action to resolve them.","Core","0.74","0.13","src_onet_30_1","onet_normalized"
"occ_13_2072_00","3418","Work with clients to identify their financial goals and to find ways of reaching those goals.","Core","0.74","0.13","src_onet_30_1","onet_normalized"
"occ_13_2072_00","3421","Market bank products to individuals and firms, promoting bank services that may meet customers' needs.","Core","0.70","0.00","src_onet_30_1","onet_normalized"
"occ_13_2072_00","3422","Supervise loan personnel.","Supplemental","0.73","1.00","src_onet_30_1","onet_normalized"
"occ_13_2072_00","3423","Set credit policies, credit lines, procedures and standards in conjunction with senior managers.","Supplemental","0.52","0.18","src_onet_30_1","onet_normalized"
"occ_13_2072_00","3425","Analyze potential loan markets and develop referral networks to locate prospects for loans.","Core","0.69","0.00","src_onet_30_1","onet_normalized"
"occ_13_2072_00","3426","Prepare reports to send to customers whose accounts are delinquent, and forward irreconcilable accounts for collector action.","Supplemental","0.60","0.00","src_onet_30_1","onet_normalized"
"occ_15_1211_00","20950","Troubleshoot program and system malfunctions to restore normal functioning.","Core","0.81","1.00","src_onet_30_1","onet_normalized"
"occ_15_1211_00","3464","Provide staff and users with assistance solving computer-related problems, such as malfunctions and program problems.","Core","0.76","1.00","src_onet_30_1","onet_normalized"
"occ_15_1211_00","3465","Test, maintain, and monitor computer programs and systems, including coordinating the installation of computer programs and systems.","Core","0.75","1.00","src_onet_30_1","onet_normalized"
"occ_15_1211_00","3466","Use object-oriented programming languages, as well as client and server applications development processes and multimedia and Internet technology.","Core","0.68","1.00","src_onet_30_1","onet_normalized"
"occ_15_1211_00","3467","Confer with clients regarding the nature of the information processing or computation needs a computer program is to address.","Core","0.52","0.00","src_onet_30_1","onet_normalized"
"occ_15_1211_00","3468","Coordinate and link the computer systems within an organization to increase compatibility so that information can be shared.","Core","0.69","0.52","src_onet_30_1","onet_normalized"
"occ_15_1211_00","3469","Consult with management to ensure agreement on system principles.","Core","0.64","0.00","src_onet_30_1","onet_normalized"
"occ_15_1211_00","3470","Expand or modify system to serve new purposes or improve work flow.","Core","0.62","0.00","src_onet_30_1","onet_normalized"
"occ_15_1211_00","3471","Interview or survey workers, observe job performance, or perform the job to determine what information is processed and how it is processed.","Supplemental","0.61","0.07","src_onet_30_1","onet_normalized"
"occ_15_1211_00","3472","Determine computer software or hardware needed to set up or alter systems.","Core","0.58","0.06","src_onet_30_1","onet_normalized"
"occ_15_1211_00","3473","Train staff and users to work with computer systems and programs.","Core","0.61","0.00","src_onet_30_1","onet_normalized"
"occ_15_1211_00","3474","Analyze information processing or computation needs and plan and design computer systems, using techniques such as structured analysis, data modeling, and information engineering.","Core","0.65","1.00","src_onet_30_1","onet_normalized"
"occ_15_1211_00","3475","Assess the usefulness of pre-developed application packages and adapt them to a user environment.","Core","0.58","0.10","src_onet_30_1","onet_normalized"
"occ_15_1211_00","3476","Define the goals of the system and devise flow charts and diagrams describing logical operational steps of programs.","Core","0.52","0.00","src_onet_30_1","onet_normalized"
"occ_15_1211_00","3477","Develop, document, and revise system design procedures, test procedures, and quality standards.","Core","0.55","0.00","src_onet_30_1","onet_normalized"
"occ_15_1211_00","3478","Review and analyze computer printouts and performance indicators to locate code problems, and correct errors by correcting codes.","Supplemental","0.65","1.00","src_onet_30_1","onet_normalized"
"occ_15_1211_00","3479","Recommend new equipment or software packages.","Core","0.53","0.00","src_onet_30_1","onet_normalized"
"occ_15_1211_00","3480","Read manuals, periodicals, and technical reports to learn how to develop programs that meet staff and user requirements.","Core","0.55","0.00","src_onet_30_1","onet_normalized"
"occ_15_1211_00","3481","Supervise computer programmers or other systems analysts or serve as project leaders for particular systems projects.","Supplemental","0.60","0.57","src_onet_30_1","onet_normalized"
"occ_15_1211_00","3482","Use the computer in the analysis and solution of business problems, such as development of integrated production and inventory control and cost analysis systems.","Core","0.74","0.84","src_onet_30_1","onet_normalized"
"occ_15_1211_00","3483","Prepare cost-benefit and return-on-investment analyses to aid in decisions on system implementation.","Supplemental","0.44","0.25","src_onet_30_1","onet_normalized"
"occ_15_1211_00","3484","Specify inputs accessed by the system and plan the distribution and use of the results.","Core","0.62","0.00","src_onet_30_1","onet_normalized"
"occ_15_1212_00","5313","Train users and promote security awareness to ensure system security and to improve server and network efficiency.","Core","0.70","0.02","src_onet_30_1","onet_normalized"
"occ_15_1212_00","5314","Develop plans to safeguard computer files against accidental or unauthorized modification, destruction, or disclosure and to meet emergency data processing needs.","Core","0.85","1.00","src_onet_30_1","onet_normalized"
"occ_15_1212_00","5315","Confer with users to discuss issues such as computer data access needs, security violations, and programming changes.","Core","0.73","0.67","src_onet_30_1","onet_normalized"
"occ_15_1212_00","5316","Monitor current reports of computer viruses to determine when to update virus protection systems.","Core","0.81","1.00","src_onet_30_1","onet_normalized"
"occ_15_1212_00","5317","Modify computer security files to incorporate new software, correct errors, or change individual access status.","Core","0.77","1.00","src_onet_30_1","onet_normalized"
"occ_15_1212_00","5318","Coordinate implementation of computer system plan with establishment personnel and outside vendors.","Core","0.72","0.04","src_onet_30_1","onet_normalized"
"occ_15_1212_00","5319","Monitor use of data files and regulate access to safeguard information in computer files.","Core","0.72","1.00","src_onet_30_1","onet_normalized"
"occ_15_1212_00","5320","Perform risk assessments and execute tests of data processing system to ensure functioning of data processing activities and security measures.","Core","0.78","0.56","src_onet_30_1","onet_normalized"
"occ_15_1212_00","5321","Encrypt data transmissions and erect firewalls to conceal confidential information as it is being transmitted and to keep out tainted digital transfers.","Core","0.79","1.00","src_onet_30_1","onet_normalized"
"occ_15_1212_00","5322","Document computer security and emergency measures policies, procedures, and tests.","Core","0.73","0.01","src_onet_30_1","onet_normalized"
"occ_15_1212_00","5323","Review violations of computer security procedures and discuss procedures with violators to ensure violations are not repeated.","Core","0.76","0.03","src_onet_30_1","onet_normalized"
"occ_15_1232_00","1282","Answer user inquiries regarding computer software or hardware operation to resolve problems.","Core","0.70","1.00","src_onet_30_1","onet_normalized"
"occ_15_1232_00","1283","Enter commands and observe system functioning to verify correct operations and detect errors.","Core","0.64","0.18","src_onet_30_1","onet_normalized"
"occ_15_1232_00","1284","Install and perform minor repairs to hardware, software, or peripheral equipment, following design or installation specifications.","Core","0.69","1.00","src_onet_30_1","onet_normalized"
"occ_15_1232_00","1285","Oversee the daily performance of computer systems.","Core","0.75","1.00","src_onet_30_1","onet_normalized"
"occ_15_1232_00","1286","Set up equipment for employee use, performing or ensuring proper installation of cables, operating systems, or appropriate software.","Core","0.73","1.00","src_onet_30_1","onet_normalized"
"occ_15_1232_00","1287","Maintain records of daily data communication transactions, problems and remedial actions taken, or installation activities.","Core","0.62","1.00","src_onet_30_1","onet_normalized"
"occ_15_1232_00","1288","Read technical manuals, confer with users, or conduct computer diagnostics to investigate and resolve problems or to provide technical assistance and support.","Core","0.73","1.00","src_onet_30_1","onet_normalized"
"occ_15_1232_00","1289","Confer with staff, users, and management to establish requirements for new systems or modifications.","Core","0.68","1.00","src_onet_30_1","onet_normalized"
"occ_15_1232_00","1290","Develop training materials and procedures, or train users in the proper use of hardware or software.","Core","0.57","0.00","src_onet_30_1","onet_normalized"
"occ_15_1232_00","1291","Refer major hardware or software problems or defective products to vendors or technicians for service.","Core","0.60","0.00","src_onet_30_1","onet_normalized"
"occ_15_1232_00","1292","Prepare evaluations of software or hardware, and recommend improvements or upgrades.","Core","0.60","0.00","src_onet_30_1","onet_normalized"
"occ_15_1232_00","1293","Read trade magazines and technical manuals, or attend conferences and seminars to maintain knowledge of hardware and software.","Core","0.51","0.00","src_onet_30_1","onet_normalized"
"occ_15_1232_00","1295","Inspect equipment and read order sheets to prepare for delivery to users.","Core","0.55","1.00","src_onet_30_1","onet_normalized"
"occ_15_1232_00","1296","Modify and customize commercial programs for internal needs.","Supplemental","0.47","0.00","src_onet_30_1","onet_normalized"
"occ_15_1232_00","1297","Conduct office automation feasibility studies, including workflow analysis, space design, or cost comparison analysis.","Supplemental","0.54","0.00","src_onet_30_1","onet_normalized"
"occ_15_1232_00","15204","Hire, supervise, and direct workers engaged in special project work, problem-solving, monitoring, and installation of data communication equipment and software.","Supplemental","0.48","0.00","src_onet_30_1","onet_normalized"
"occ_15_1241_00","18956","Adjust network sizes to meet volume or capacity demands.","Core","0.70","0.00","src_onet_30_1","onet_normalized"
"occ_15_1241_00","18957","Communicate with customers, sales staff, or marketing staff to determine customer needs.","Core","0.66","0.00","src_onet_30_1","onet_normalized"
"occ_15_1241_00","18958","Communicate with system users to ensure accounts are set up properly or to diagnose and solve operational problems.","Core","0.69","1.00","src_onet_30_1","onet_normalized"
"occ_15_1241_00","18959","Coordinate installation of new equipment.","Core","0.74","0.67","src_onet_30_1","onet_normalized"
"occ_15_1241_00","18960","Coordinate network operations, maintenance, repairs, or upgrades.","Core","0.79","0.00","src_onet_30_1","onet_normalized"
"occ_15_1241_00","18961","Coordinate network or design activities with designers of associated networks.","Core","0.54","0.00","src_onet_30_1","onet_normalized"
"occ_15_1241_00","18962","Design, build, or operate equipment configuration prototypes, including network hardware, software, servers, or server operation systems.","Core","0.70","0.00","src_onet_30_1","onet_normalized"
"occ_15_1241_00","18963","Design, organize, and deliver product awareness, skills transfer, or product education sessions for staff or suppliers.","Core","0.59","0.00","src_onet_30_1","onet_normalized"
"occ_15_1241_00","18964","Determine specific network hardware or software requirements, such as platforms, interfaces, bandwidths, or routine schemas.","Core","0.65","0.67","src_onet_30_1","onet_normalized"
"occ_15_1241_00","18965","Develop and implement solutions for network problems.","Core","0.80","0.00","src_onet_30_1","onet_normalized"
"occ_15_1241_00","18966","Develop and write procedures for installation, use, or troubleshooting of communications hardware or software.","Core","0.71","0.00","src_onet_30_1","onet_normalized"
"occ_15_1241_00","18967","Develop conceptual, logical, or physical network designs.","Core","0.69","0.00","src_onet_30_1","onet_normalized"
"occ_15_1241_00","18968","Develop disaster recovery plans.","Core","0.86","0.00","src_onet_30_1","onet_normalized"
"occ_15_1241_00","18969","Develop network-related documentation.","Core","0.72","0.00","src_onet_30_1","onet_normalized"
"occ_15_1241_00","18970","Develop or maintain project reporting systems.","Supplemental","0.43","0.00","src_onet_30_1","onet_normalized"
"occ_15_1241_00","18971","Develop or recommend network security measures, such as firewalls, network security audits, or automated security probes.","Core","0.84","0.67","src_onet_30_1","onet_normalized"
"occ_15_1241_00","18972","Develop plans or budgets for network equipment replacement.","Core","0.67","0.00","src_onet_30_1","onet_normalized"
"occ_15_1241_00","18973","Develop procedures to track, project, or report network availability, reliability, capacity, or utilization.","Core","0.57","0.00","src_onet_30_1","onet_normalized"
"occ_15_1241_00","18974","Estimate time and materials needed to complete projects.","Core","0.61","0.00","src_onet_30_1","onet_normalized"
"occ_15_1241_00","18975","Evaluate network designs to determine whether customer requirements are met efficiently and effectively.","Core","0.68","0.00","src_onet_30_1","onet_normalized"
"occ_15_1241_00","18976","Explain design specifications to integration or test engineers.","Core","0.58","0.00","src_onet_30_1","onet_normalized"
"occ_15_1241_00","18977","Maintain networks by performing activities such as file addition, deletion, or backup.","Core","0.79","0.00","src_onet_30_1","onet_normalized"
"occ_15_1241_00","18978","Maintain or coordinate the maintenance of network peripherals, such as printers.","Supplemental","0.41","0.00","src_onet_30_1","onet_normalized"
"occ_15_1241_00","18979","Monitor and analyze network performance and reports on data input or output to detect problems, identify inefficient use of computer resources, or perform capacity planning.","Core","0.72","0.00","src_onet_30_1","onet_normalized"
"occ_15_1241_00","18980","Participate in network technology upgrade or expansion projects, including installation of hardware and software and integration testing.","Core","0.71","0.00","src_onet_30_1","onet_normalized"
"occ_15_1241_00","18981","Prepare design presentations and proposals for staff or customers.","Core","0.53","0.00","src_onet_30_1","onet_normalized"
"occ_15_1241_00","18982","Prepare detailed network specifications, including diagrams, charts, equipment configurations, or recommended technologies.","Core","0.65","0.00","src_onet_30_1","onet_normalized"
"occ_15_1241_00","18983","Prepare or monitor project schedules, budgets, or cost control systems.","Core","0.53","0.00","src_onet_30_1","onet_normalized"
"occ_15_1241_00","18984","Research and test new or modified hardware or software products to determine performance and interoperability.","Core","0.62","0.00","src_onet_30_1","onet_normalized"
"occ_15_1241_00","18985","Supervise engineers or other staff in the design or implementation of network solutions.","Core","0.64","1.00","src_onet_30_1","onet_normalized"
"occ_15_1241_00","18986","Use network computer-aided design (CAD) software packages to optimize network designs.","Core","0.52","0.00","src_onet_30_1","onet_normalized"
"occ_15_1241_00","18987","Visit vendors, attend conferences or training sessions, or study technical journals to keep up with changes in technology.","Supplemental","0.44","0.00","src_onet_30_1","onet_normalized"
"occ_15_1241_00","18988","Communicate with vendors to gather information about products, alert them to future needs, resolve problems, or address system maintenance issues.","Core","0.68","0.67","src_onet_30_1","onet_normalized"
"occ_15_1244_00","1317","Perform data backups and disaster recovery operations.","Core","0.78","0.00","src_onet_30_1","onet_normalized"
"occ_15_1244_00","1318","Maintain and administer computer networks and related computing environments, including computer hardware, systems software, applications software, and all configurations.","Core","0.82","1.00","src_onet_30_1","onet_normalized"
"occ_15_1244_00","1319","Plan, coordinate, and implement network security measures to protect data, software, and hardware.","Core","0.69","0.00","src_onet_30_1","onet_normalized"
"occ_15_1244_00","1320","Operate master consoles to monitor the performance of computer systems and networks and to coordinate computer network access and use.","Core","0.72","1.00","src_onet_30_1","onet_normalized"
"occ_15_1244_00","1321","Perform routine network startup and shutdown procedures, and maintain control records.","Core","0.60","0.00","src_onet_30_1","onet_normalized"
"occ_15_1244_00","1322","Design, configure, and test computer hardware, networking software and operating system software.","Core","0.64","0.72","src_onet_30_1","onet_normalized"
"occ_15_1244_00","1323","Recommend changes to improve systems and network configurations, and determine hardware or software requirements related to such changes.","Core","0.64","0.00","src_onet_30_1","onet_normalized"
"occ_15_1244_00","1324","Confer with network users about solutions to existing system problems.","Core","0.64","0.41","src_onet_30_1","onet_normalized"
"occ_15_1244_00","1325","Monitor network performance to determine whether adjustments are needed and where changes will be needed in the future.","Core","0.69","1.00","src_onet_30_1","onet_normalized"
"occ_15_1244_00","1326","Train people in computer system use.","Core","0.58","1.00","src_onet_30_1","onet_normalized"
"occ_15_1244_00","1327","Load computer tapes and disks, and install software and printer paper or forms.","Core","0.59","0.54","src_onet_30_1","onet_normalized"
"occ_15_1244_00","1328","Gather data pertaining to customer needs, and use the information to identify, predict, interpret, and evaluate system and network requirements.","Core","0.54","0.00","src_onet_30_1","onet_normalized"
"occ_15_1244_00","1329","Analyze equipment performance records to determine the need for repair or replacement.","Core","0.66","0.09","src_onet_30_1","onet_normalized"
"occ_15_1244_00","1330","Maintain logs related to network functions, as well as maintenance and repair records.","Core","0.57","0.12","src_onet_30_1","onet_normalized"
"occ_15_1244_00","1332","Maintain an inventory of parts for emergency repairs.","Supplemental","0.50","0.00","src_onet_30_1","onet_normalized"
"occ_15_1244_00","1333","Coordinate with vendors and with company personnel to facilitate purchases.","Core","0.53","0.00","src_onet_30_1","onet_normalized"
"occ_15_1244_00","15205","Diagnose, troubleshoot, and resolve hardware, software, or other network and system problems, and replace defective components when necessary.","Core","0.77","0.78","src_onet_30_1","onet_normalized"
"occ_15_1244_00","15206","Configure, monitor, and maintain email applications or virus protection software.","Core","0.74","0.46","src_onet_30_1","onet_normalized"
"occ_15_1244_00","15207","Research new technologies by attending seminars, reading trade articles, or taking classes, and implement or recommend the implementation of new technologies.","Supplemental","0.50","0.00","src_onet_30_1","onet_normalized"
"occ_15_1244_00","15208","Implement and provide technical support for voice services and equipment, such as private branch exchange, voice mail system, and telecom system.","Supplemental","0.65","0.00","src_onet_30_1","onet_normalized"
"occ_15_1252_00","21661","Analyze information to determine, recommend, and plan installation of a new system or modification of an existing system.","Core","0.65","0.00","src_onet_30_1","onet_normalized"
"occ_15_1252_00","21662","Analyze user needs and software requirements to determine feasibility of design within time and cost constraints.","Core","0.77","0.67","src_onet_30_1","onet_normalized"
"occ_15_1252_00","21663","Confer with data processing or project managers to obtain information on limitations or capabilities for data processing projects.","Core","0.58","0.00","src_onet_30_1","onet_normalized"
"occ_15_1252_00","21664","Confer with systems analysts, engineers, programmers and others to design systems and to obtain information on project limitations and capabilities, performance requirements and interfaces.","Core","0.69","0.39","src_onet_30_1","onet_normalized"
"occ_15_1252_00","21665","Consult with customers or other departments on project status, proposals, or technical issues, such as software system design or maintenance.","Core","0.59","0.00","src_onet_30_1","onet_normalized"
"occ_15_1252_00","21666","Coordinate installation of software system.","Supplemental","0.69","0.00","src_onet_30_1","onet_normalized"
"occ_15_1252_00","21667","Design, develop and modify software systems, using scientific analysis and mathematical models to predict and measure outcomes and consequences of design.","Core","0.64","1.00","src_onet_30_1","onet_normalized"
"occ_15_1252_00","21668","Determine system performance standards.","Core","0.63","0.00","src_onet_30_1","onet_normalized"
"occ_15_1252_00","21669","Develop or direct software system testing or validation procedures, programming, or documentation.","Core","0.72","0.00","src_onet_30_1","onet_normalized"
"occ_15_1252_00","21670","Modify existing software to correct errors, adapt it to new hardware, or upgrade interfaces and improve performance.","Core","0.69","1.00","src_onet_30_1","onet_normalized"
"occ_15_1252_00","21671","Monitor functioning of equipment to ensure system operates in conformance with specifications.","Supplemental","0.78","1.00","src_onet_30_1","onet_normalized"
"occ_15_1252_00","21672","Obtain and evaluate information on factors such as reporting formats required, costs, or security needs to determine hardware configuration.","Supplemental","0.52","0.18","src_onet_30_1","onet_normalized"
"occ_15_1252_00","21673","Prepare reports or correspondence concerning project specifications, activities, or status.","Core","0.67","0.14","src_onet_30_1","onet_normalized"
"occ_15_1252_00","21676","Store, retrieve, and manipulate data for analysis of system capabilities and requirements.","Core","0.65","0.18","src_onet_30_1","onet_normalized"
"occ_15_1252_00","21677","Supervise and assign work to programmers, designers, technologists, technicians, or other engineering or scientific personnel.","Supplemental","0.53","0.00","src_onet_30_1","onet_normalized"
"occ_15_1252_00","21678","Supervise the work of programmers, technologists and technicians and other engineering and scientific personnel.","Supplemental","0.63","0.00","src_onet_30_1","onet_normalized"
"occ_15_1252_00","21679","Train users to use new or modified equipment.","Supplemental","0.48","0.00","src_onet_30_1","onet_normalized"
"occ_15_1253_00","14638","Design test plans, scenarios, scripts, or procedures.","Core","0.84","1.00","src_onet_30_1","onet_normalized"
"occ_15_1253_00","14639","Test system modifications to prepare for implementation.","Core","0.80","0.84","src_onet_30_1","onet_normalized"
"occ_15_1253_00","14640","Develop testing programs that address areas such as database impacts, software scenarios, regression testing, negative testing, error or bug retests, or usability.","Core","0.88","1.00","src_onet_30_1","onet_normalized"
"occ_15_1253_00","14641","Document software defects, using a bug tracking system, and report defects to software developers.","Core","0.92","1.00","src_onet_30_1","onet_normalized"
"occ_15_1253_00","14642","Identify, analyze, and document problems with program function, output, online screen, or content.","Core","0.93","1.00","src_onet_30_1","onet_normalized"
"occ_15_1253_00","14643","Monitor bug resolution efforts and track successes.","Core","0.78","0.00","src_onet_30_1","onet_normalized"
"occ_15_1253_00","14644","Create or maintain databases of known test defects.","Core","0.79","1.00","src_onet_30_1","onet_normalized"
"occ_15_1253_00","14645","Plan test schedules or strategies in accordance with project scope or delivery dates.","Core","0.75","0.81","src_onet_30_1","onet_normalized"
"occ_15_1253_00","14646","Participate in product design reviews to provide input on functional requirements, product designs, schedules, or potential problems.","Core","0.76","0.00","src_onet_30_1","onet_normalized"
"occ_15_1253_00","14647","Review software documentation to ensure technical accuracy, compliance, or completeness, or to mitigate risks.","Core","0.68","0.00","src_onet_30_1","onet_normalized"
"occ_15_1253_00","14648","Document test procedures to ensure replicability and compliance with standards.","Core","0.82","1.00","src_onet_30_1","onet_normalized"
"occ_15_1253_00","14649","Develop or specify standards, methods, or procedures to determine product quality or release readiness.","Core","0.78","0.00","src_onet_30_1","onet_normalized"
"occ_15_1253_00","14650","Update automated test scripts to ensure currency.","Core","0.77","0.88","src_onet_30_1","onet_normalized"
"occ_15_1253_00","14651","Investigate customer problems referred by technical support.","Core","0.70","0.00","src_onet_30_1","onet_normalized"
"occ_15_1253_00","14652","Install, maintain, or use software testing programs.","Core","0.81","1.00","src_onet_30_1","onet_normalized"
"occ_15_1253_00","14653","Provide feedback and recommendations to developers on software usability and functionality.","Core","0.82","1.00","src_onet_30_1","onet_normalized"
"occ_15_1253_00","14654","Monitor program performance to ensure efficient and problem-free operations.","Core","0.74","1.00","src_onet_30_1","onet_normalized"
"occ_15_1253_00","14655","Conduct software compatibility tests with programs, hardware, operating systems, or network environments.","Core","0.72","0.32","src_onet_30_1","onet_normalized"
"occ_15_1253_00","14656","Install and configure recreations of software production environments to allow testing of software performance.","Core","0.61","0.00","src_onet_30_1","onet_normalized"
"occ_15_1253_00","14657","Collaborate with field staff or customers to evaluate or diagnose problems and recommend possible solutions.","Core","0.58","0.00","src_onet_30_1","onet_normalized"
"occ_15_1253_00","14658","Identify program deviance from standards, and suggest modifications to ensure compliance.","Core","0.68","0.84","src_onet_30_1","onet_normalized"
"occ_15_1253_00","14659","Design or develop automated testing tools.","Core","0.65","0.00","src_onet_30_1","onet_normalized"
"occ_15_1253_00","14660","Coordinate user or third-party testing.","Core","0.58","0.00","src_onet_30_1","onet_normalized"
"occ_15_1253_00","14661","Perform initial debugging procedures by reviewing configuration files, logs, or code pieces to determine breakdown source.","Core","0.67","0.41","src_onet_30_1","onet_normalized"
"occ_15_1253_00","14662","Visit beta testing sites to evaluate software performance.","Core","0.58","0.39","src_onet_30_1","onet_normalized"
"occ_15_1253_00","14663","Evaluate or recommend software for testing or bug tracking.","Core","0.56","0.00","src_onet_30_1","onet_normalized"
"occ_15_1253_00","14664","Conduct historical analyses of test results.","Core","0.57","0.00","src_onet_30_1","onet_normalized"
"occ_15_1253_00","21680","Modify existing software to correct errors, allow it to adapt to new hardware, or to improve its performance.","n/a","0.60","0.50","src_onet_30_1","onet_normalized"
"occ_15_1253_00","21681","Recommend purchase of equipment to control dust, temperature, or humidity in area of system installation.","n/a","0.60","0.50","src_onet_30_1","onet_normalized"
"occ_15_1253_00","21682","Store, retrieve, and manipulate data for analysis of system capabilities and requirements.","n/a","0.60","0.50","src_onet_30_1","onet_normalized"
"occ_15_1254_00","14694","Design, build, or maintain Web sites, using authoring or scripting languages, content creation tools, management tools, and digital media.","Core","0.85","1.00","src_onet_30_1","onet_normalized"
"occ_15_1254_00","14695","Perform or direct Web site updates.","Core","0.75","0.53","src_onet_30_1","onet_normalized"
"occ_15_1254_00","14697","Confer with management or development teams to prioritize needs, resolve conflicts, develop content criteria, or choose solutions.","Core","0.65","0.00","src_onet_30_1","onet_normalized"
"occ_15_1254_00","14698","Back up files from Web sites to local directories for instant recovery in case of problems.","Core","0.84","1.00","src_onet_30_1","onet_normalized"
"occ_15_1254_00","14700","Evaluate code to ensure that it is valid, is properly structured, meets industry standards, and is compatible with browsers, devices, or operating systems.","Core","0.77","0.56","src_onet_30_1","onet_normalized"
"occ_15_1254_00","14701","Maintain understanding of current Web technologies or programming practices through continuing education, reading, or participation in professional conferences, workshops, or groups.","Core","0.71","0.00","src_onet_30_1","onet_normalized"
"occ_15_1254_00","14702","Analyze user needs to determine technical requirements.","Core","0.70","0.00","src_onet_30_1","onet_normalized"
"occ_15_1254_00","14704","Develop databases that support Web applications and Web sites.","Core","0.76","0.00","src_onet_30_1","onet_normalized"
"occ_15_1254_00","14705","Renew domain name registrations.","Core","0.67","0.00","src_onet_30_1","onet_normalized"
"occ_15_1254_00","14706","Collaborate with management or users to develop e-commerce strategies and to integrate these strategies with Web sites.","Core","0.64","0.00","src_onet_30_1","onet_normalized"
"occ_15_1254_00","14707","Write supporting code for Web applications or Web sites.","Core","0.90","1.00","src_onet_30_1","onet_normalized"
"occ_15_1254_00","14708","Communicate with network personnel or Web site hosting agencies to address hardware or software issues affecting Web sites.","Core","0.64","0.00","src_onet_30_1","onet_normalized"
"occ_15_1254_00","14710","Perform Web site tests according to planned schedules, or after any Web site or product revision.","Core","0.76","1.00","src_onet_30_1","onet_normalized"
"occ_15_1254_00","14711","Select programming languages, design tools, or applications.","Core","0.79","1.00","src_onet_30_1","onet_normalized"
"occ_15_1254_00","14713","Respond to user email inquiries, or set up automated systems to send responses.","Core","0.67","1.00","src_onet_30_1","onet_normalized"
"occ_15_1254_00","14714","Develop or implement procedures for ongoing Web site revision.","Core","0.57","0.00","src_onet_30_1","onet_normalized"
"occ_15_1254_00","14717","Establish appropriate server directory trees.","Core","0.62","0.00","src_onet_30_1","onet_normalized"
"occ_15_1254_00","14719","Recommend and implement performance improvements.","Core","0.60","0.00","src_onet_30_1","onet_normalized"
"occ_15_1254_00","14722","Provide clear, detailed descriptions of Web site specifications, such as product features, activities, software, communication protocols, programming languages, and operating systems software and hardware.","Core","0.55","0.00","src_onet_30_1","onet_normalized"
"occ_15_1254_00","14723","Monitor security system performance logs to identify problems and notify security specialists when problems occur.","Supplemental","0.68","0.00","src_onet_30_1","onet_normalized"
"occ_15_1254_00","14724","Create Web models or prototypes that include physical, interface, logical, or data models.","Core","0.55","0.00","src_onet_30_1","onet_normalized"
"occ_15_1254_00","14725","Evaluate or recommend server hardware or software.","Core","0.53","0.00","src_onet_30_1","onet_normalized"
"occ_15_1254_00","14726","Document test plans, testing procedures, or test results.","Core","0.64","0.00","src_onet_30_1","onet_normalized"
"occ_15_1254_00","14727","Research, document, rate, or select alternatives for Web architecture or technologies.","Supplemental","0.44","0.00","src_onet_30_1","onet_normalized"
"occ_15_1254_00","14728","Document technical factors such as server load, bandwidth, database performance, and browser and device types.","Core","0.59","0.00","src_onet_30_1","onet_normalized"
"occ_15_1254_00","14729","Install and configure hypertext transfer protocol (HTTP) servers and associated operating systems.","Supplemental","0.48","0.00","src_onet_30_1","onet_normalized"
"occ_15_1254_00","14730","Develop system interaction or sequence diagrams.","Supplemental","0.43","0.00","src_onet_30_1","onet_normalized"
"occ_15_1254_00","21683","Design and implement Web site security measures, such as firewalls and message encryption.","n/a","0.60","0.50","src_onet_30_1","onet_normalized"
"occ_15_1254_00","21684","Incorporate technical considerations into Web site design plans, such as budgets, equipment, performance requirements, and legal issues including accessibility and privacy.","n/a","0.60","0.50","src_onet_30_1","onet_normalized"
"occ_15_2031_00","20952","Present the results of mathematical modeling and data analysis to management or other end users.","Core","0.91","0.63","src_onet_30_1","onet_normalized"
"occ_15_2031_00","20953","Educate staff in the use of mathematical models.","Core","0.66","0.00","src_onet_30_1","onet_normalized"
"occ_15_2031_00","23986","Review research literature.","Core","0.62","0.00","src_onet_30_1","onet_normalized"
"occ_15_2031_00","7377","Formulate mathematical or simulation models of problems, relating constants and variables, restrictions, alternatives, conflicting objectives, and their numerical parameters.","Core","0.84","0.63","src_onet_30_1","onet_normalized"
"occ_15_2031_00","7378","Collaborate with others in the organization to ensure successful implementation of chosen problem solutions.","Core","0.86","0.00","src_onet_30_1","onet_normalized"
"occ_15_2031_00","7379","Analyze information obtained from management to conceptualize and define operational problems.","Core","0.83","0.00","src_onet_30_1","onet_normalized"
"occ_15_2031_00","7380","Perform validation and testing of models to ensure adequacy, and reformulate models, as necessary.","Core","0.88","0.63","src_onet_30_1","onet_normalized"
"occ_15_2031_00","7381","Collaborate with senior managers and decision makers to identify and solve a variety of problems and to clarify management objectives.","Core","0.81","0.00","src_onet_30_1","onet_normalized"
"occ_15_2031_00","7382","Define data requirements, and gather and validate information, applying judgment and statistical tests.","Core","0.89","0.00","src_onet_30_1","onet_normalized"
"occ_15_2031_00","7383","Study and analyze information about alternative courses of action to determine which plan will offer the best outcomes.","Core","0.82","0.63","src_onet_30_1","onet_normalized"
"occ_15_2031_00","7384","Prepare management reports defining and evaluating problems and recommending solutions.","Core","0.88","0.00","src_onet_30_1","onet_normalized"
"occ_15_2031_00","7385","Break systems into their components, assign numerical values to each component, and examine the mathematical relationships between them.","Core","0.68","0.63","src_onet_30_1","onet_normalized"
"occ_15_2031_00","7386","Specify manipulative or computational methods to be applied to models.","Core","0.76","0.00","src_onet_30_1","onet_normalized"
"occ_15_2031_00","7387","Observe the current system in operation, and gather and analyze information about each of the component problems, using a variety of sources.","Core","0.84","0.63","src_onet_30_1","onet_normalized"
"occ_15_2031_00","7388","Design, conduct, and evaluate experimental operational models in cases where models cannot be developed from existing data.","Core","0.74","0.00","src_onet_30_1","onet_normalized"
"occ_15_2031_00","7389","Develop and apply time and cost networks to plan, control, and review large projects.","Core","0.69","0.76","src_onet_30_1","onet_normalized"
"occ_15_2031_00","7390","Develop business methods and procedures, including accounting systems, file systems, office systems, logistics systems, and production schedules.","Core","0.64","0.00","src_onet_30_1","onet_normalized"
"occ_15_2051_00","21823","Analyze, manipulate, or process large sets of data using statistical software.","n/a","0.60","0.50","src_onet_30_1","onet_normalized"
"occ_15_2051_00","21824","Apply feature selection algorithms to models predicting outcomes of interest, such as sales, attrition, and healthcare use.","n/a","0.60","0.50","src_onet_30_1","onet_normalized"
"occ_15_2051_00","21825","Apply sampling techniques to determine groups to be surveyed or use complete enumeration methods.","n/a","0.60","0.50","src_onet_30_1","onet_normalized"
"occ_15_2051_00","21826","Clean and manipulate raw data using statistical software.","n/a","0.60","0.50","src_onet_30_1","onet_normalized"
"occ_15_2051_00","21827","Compare models using statistical performance metrics, such as loss functions or proportion of explained variance.","n/a","0.60","0.50","src_onet_30_1","onet_normalized"
"occ_15_2051_00","21828","Create graphs, charts, or other visualizations to convey the results of data analysis using specialized software.","n/a","0.60","0.50","src_onet_30_1","onet_normalized"
"occ_15_2051_00","21829","Deliver oral or written presentations of the results of mathematical modeling and data analysis to management or other end users.","n/a","0.60","0.50","src_onet_30_1","onet_normalized"
"occ_15_2051_00","21830","Design surveys, opinion polls, or other instruments to collect data.","n/a","0.60","0.50","src_onet_30_1","onet_normalized"
"occ_15_2051_00","21831","Identify business problems or management objectives that can be addressed through data analysis.","n/a","0.60","0.50","src_onet_30_1","onet_normalized"
"occ_15_2051_00","21832","Identify relationships and trends or any factors that could affect the results of research.","n/a","0.60","0.50","src_onet_30_1","onet_normalized"
"occ_15_2051_00","21833","Identify solutions to business problems, such as budgeting, staffing, and marketing decisions, using the results of data analysis.","n/a","0.60","0.50","src_onet_30_1","onet_normalized"
"occ_15_2051_00","21834","Propose solutions in engineering, the sciences, and other fields using mathematical theories and techniques.","n/a","0.60","0.50","src_onet_30_1","onet_normalized"
"occ_15_2051_00","21835","Read scientific articles, conference papers, or other sources of research to identify emerging analytic trends and technologies.","n/a","0.60","0.50","src_onet_30_1","onet_normalized"
"occ_15_2051_00","21836","Recommend data-driven solutions to key stakeholders.","n/a","0.60","0.50","src_onet_30_1","onet_normalized"
"occ_15_2051_00","21837","Test, validate, and reformulate models to ensure accurate prediction of outcomes of interest.","n/a","0.60","0.50","src_onet_30_1","onet_normalized"
"occ_15_2051_00","21838","Write new functions or applications in programming languages to conduct analyses.","n/a","0.60","0.50","src_onet_30_1","onet_normalized"
"occ_17_2051_00","147","Compute load and grade requirements, water flow rates, or material stress factors to determine design specifications.","Core","0.73","0.94","src_onet_30_1","onet_normalized"
"occ_17_2051_00","148","Inspect project sites to monitor progress and ensure conformance to design specifications and safety or sanitation standards.","Core","0.75","0.00","src_onet_30_1","onet_normalized"
"occ_17_2051_00","150","Direct or participate in surveying to lay out installations or establish reference points, grades, or elevations to guide construction.","Core","0.67","0.00","src_onet_30_1","onet_normalized"
"occ_17_2051_00","151","Estimate quantities and cost of materials, equipment, or labor to determine project feasibility.","Core","0.64","0.00","src_onet_30_1","onet_normalized"
"occ_17_2051_00","152","Prepare or present public reports on topics such as bid proposals, deeds, environmental impact statements, or property and right-of-way descriptions.","Core","0.62","0.00","src_onet_30_1","onet_normalized"
"occ_17_2051_00","153","Test soils or materials to determine the adequacy and strength of foundations, concrete, asphalt, or steel.","Supplemental","0.80","0.00","src_onet_30_1","onet_normalized"
"occ_17_2051_00","155","Conduct studies of traffic patterns or environmental conditions to identify engineering problems and assess potential project impact.","Supplemental","0.52","0.00","src_onet_30_1","onet_normalized"
"occ_17_2051_00","19607","Design energy-efficient or environmentally sound civil structures.","Core","0.50","0.00","src_onet_30_1","onet_normalized"
"occ_17_2051_00","19608","Design or engineer systems to efficiently dispose of chemical, biological, or other toxic wastes.","Supplemental","0.39","0.00","src_onet_30_1","onet_normalized"
"occ_17_2051_00","19609","Develop or implement engineering solutions to clean up industrial accidents or other contaminated sites.","Supplemental","0.46","0.00","src_onet_30_1","onet_normalized"
"occ_17_2051_00","19610","Direct engineering activities, ensuring compliance with environmental, safety, or other governmental regulations.","Core","0.81","1.00","src_onet_30_1","onet_normalized"
"occ_17_2051_00","19611","Identify environmental risks and develop risk management strategies for civil engineering projects.","Supplemental","0.64","0.00","src_onet_30_1","onet_normalized"
"occ_17_2051_00","20489","Provide technical advice to industrial or managerial personnel regarding design, construction, program modifications, or structural repairs.","Core","0.68","0.00","src_onet_30_1","onet_normalized"
"occ_17_2051_00","20490","Manage and direct the construction, operations, or maintenance activities at project site.","Core","0.75","0.94","src_onet_30_1","onet_normalized"
"occ_17_2051_00","20491","Plan and design transportation or hydraulic systems or structures, using computer-assisted design or drawing tools.","Core","0.72","1.00","src_onet_30_1","onet_normalized"
"occ_17_2051_00","20492","Analyze survey reports, maps, drawings, blueprints, aerial photography, or other topographical or geologic data.","Core","0.67","0.71","src_onet_30_1","onet_normalized"
"occ_17_2071_00","1347","Confer with engineers, customers, or others to discuss existing or potential engineering projects or products.","Core","0.69","0.85","src_onet_30_1","onet_normalized"
"occ_17_2071_00","1348","Design, implement, maintain, or improve electrical instruments, equipment, facilities, components, products, or systems for commercial, industrial, or domestic purposes.","Core","0.80","1.00","src_onet_30_1","onet_normalized"
"occ_17_2071_00","1349","Operate computer-assisted engineering or design software or equipment to perform engineering tasks.","Core","0.71","1.00","src_onet_30_1","onet_normalized"
"occ_17_2071_00","1350","Direct or coordinate manufacturing, construction, installation, maintenance, support, documentation, or testing activities to ensure compliance with specifications, codes, or customer requirements.","Core","0.74","0.19","src_onet_30_1","onet_normalized"
"occ_17_2071_00","1351","Perform detailed calculations to compute and establish manufacturing, construction, or installation standards or specifications.","Core","0.72","0.00","src_onet_30_1","onet_normalized"
"occ_17_2071_00","1353","Plan or implement research methodology or procedures to apply principles of electrical theory to engineering projects.","Core","0.62","0.00","src_onet_30_1","onet_normalized"
"occ_17_2071_00","1354","Prepare specifications for purchases of materials or equipment.","Core","0.65","0.59","src_onet_30_1","onet_normalized"
"occ_17_2071_00","1355","Supervise or train project team members, as necessary.","Core","0.61","0.00","src_onet_30_1","onet_normalized"
"occ_17_2071_00","1356","Investigate or test vendors' or competitors' products.","Core","0.68","0.00","src_onet_30_1","onet_normalized"
"occ_17_2071_00","1357","Oversee project production efforts to assure projects are completed on time and within budget.","Core","0.75","0.10","src_onet_30_1","onet_normalized"
"occ_17_2071_00","1358","Prepare technical drawings, specifications of electrical systems, or topographical maps to ensure that installation and operations conform to standards and customer requirements.","Core","0.66","0.20","src_onet_30_1","onet_normalized"
"occ_17_2071_00","1361","Assist in developing capital project programs for new equipment or major repairs.","Core","0.60","0.00","src_onet_30_1","onet_normalized"
"occ_17_2071_00","1363","Compile data and write reports regarding existing or potential electrical engineering studies or projects.","Core","0.65","0.67","src_onet_30_1","onet_normalized"
"occ_17_2071_00","1364","Collect data relating to commercial or residential development, population, or power system interconnection to determine operating efficiency of electrical systems.","Supplemental","0.67","0.00","src_onet_30_1","onet_normalized"
"occ_17_2071_00","1365","Conduct field surveys or study maps, graphs, diagrams, or other data to identify and correct power system problems.","Supplemental","0.55","0.00","src_onet_30_1","onet_normalized"
"occ_17_2071_00","19617","Design electrical systems or components that minimize electric energy requirements, such as lighting systems designed to account for natural lighting.","Supplemental","0.52","0.00","src_onet_30_1","onet_normalized"
"occ_17_2071_00","19618","Develop systems that produce electricity with renewable energy sources, such as wind, solar, or biofuels.","Supplemental","0.66","0.00","src_onet_30_1","onet_normalized"
"occ_17_2071_00","19619","Integrate electrical systems with renewable energy systems to improve overall efficiency.","Supplemental","0.56","0.00","src_onet_30_1","onet_normalized"
"occ_17_2071_00","20729","Estimate labor, material, or construction costs for budget preparation purposes.","Core","0.64","0.22","src_onet_30_1","onet_normalized"
"occ_17_2071_00","20730","Investigate customer or public complaints to determine the nature and extent of problems.","Core","0.66","0.00","src_onet_30_1","onet_normalized"
"occ_17_2071_00","20731","Inspect completed installations and observe operations to ensure conformance to design and equipment specifications and compliance with operational, safety, or environmental standards.","Core","0.67","0.74","src_onet_30_1","onet_normalized"
"occ_17_2071_00","23956","Develop software to control electrical systems.","Supplemental","0.65","1.00","src_onet_30_1","onet_normalized"
"occ_17_2072_00","19621","Investigate green consumer electronics applications for consumer electronic devices, power saving devices for computers or televisions, or energy efficient power chargers.","Supplemental","0.35","0.00","src_onet_30_1","onet_normalized"
"occ_17_2072_00","19623","Research or develop new green electronics technologies, such as lighting, optical data storage devices, or energy efficient televisions.","Supplemental","0.34","0.55","src_onet_30_1","onet_normalized"
"occ_17_2072_00","20493","Determine project material or equipment needs.","Core","0.52","0.00","src_onet_30_1","onet_normalized"
"occ_17_2072_00","20494","Evaluate project work to ensure effectiveness, technical adequacy, or compatibility in the resolution of complex electronics engineering problems.","Core","0.74","0.00","src_onet_30_1","onet_normalized"
"occ_17_2072_00","20495","Analyze electronics system requirements, capacity, cost, or customer needs to determine project feasibility.","Core","0.59","0.00","src_onet_30_1","onet_normalized"
"occ_17_2072_00","20496","Confer with engineers, customers, vendors, or others to discuss existing or potential electronics engineering projects or products.","Core","0.68","0.41","src_onet_30_1","onet_normalized"
"occ_17_2072_00","20497","Operate computer-assisted engineering or design software or equipment to perform electronics engineering tasks.","Core","0.76","1.00","src_onet_30_1","onet_normalized"
"occ_17_2072_00","20498","Recommend repair or design modifications of electronics components or systems, based on factors such as environment, service, cost, or system capabilities.","Core","0.66","0.00","src_onet_30_1","onet_normalized"
"occ_17_2072_00","20499","Provide technical support or instruction to staff or customers regarding electronics equipment standards.","Core","0.67","0.00","src_onet_30_1","onet_normalized"
"occ_17_2072_00","20500","Prepare budget or cost estimates for equipment, construction, or installation projects or control expenditures.","Supplemental","0.47","0.00","src_onet_30_1","onet_normalized"
"occ_17_2072_00","5339","Design electronic components, software, products, or systems for commercial, industrial, medical, military, or scientific applications.","Core","0.77","0.26","src_onet_30_1","onet_normalized"
"occ_17_2072_00","5346","Inspect electronic equipment, instruments, products, or systems to ensure conformance to specifications, safety standards, or applicable codes or regulations.","Core","0.56","0.00","src_onet_30_1","onet_normalized"
"occ_17_2072_00","5348","Prepare documentation containing information such as confidential descriptions or specifications of proprietary hardware or software, product development or introduction schedules, product costs, or information about product performance weaknesses.","Core","0.65","0.29","src_onet_30_1","onet_normalized"
"occ_17_2072_00","5349","Direct or coordinate activities concerned with manufacture, construction, installation, maintenance, operation, or modification of electronic equipment, products, or systems.","Core","0.70","0.99","src_onet_30_1","onet_normalized"
"occ_17_2072_00","5350","Develop or perform operational, maintenance, or testing procedures for electronic products, components, equipment, or systems.","Core","0.61","0.45","src_onet_30_1","onet_normalized"
"occ_17_2072_00","5351","Plan or develop applications or modifications for electronic properties used in components, products, or systems to improve technical performance.","Supplemental","0.61","0.00","src_onet_30_1","onet_normalized"
"occ_17_2072_00","5352","Prepare engineering sketches or specifications for construction, relocation, or installation of equipment, facilities, products, or systems.","Supplemental","0.48","0.00","src_onet_30_1","onet_normalized"
"occ_17_2072_00","5354","Prepare, review, or maintain maintenance schedules, design documentation, or operational reports or charts.","Core","0.56","0.37","src_onet_30_1","onet_normalized"
"occ_17_2072_00","5355","Prepare necessary criteria, procedures, reports, or plans for successful conduct of the project with consideration given to site preparation, facility validation, installation, quality assurance, or testing.","Supplemental","0.62","0.00","src_onet_30_1","onet_normalized"
"occ_17_2072_00","5357","Represent employer at conferences, meetings, boards, panels, committees, or working groups to present, explain, or defend findings or recommendations, negotiate compromises or agreements, or exchange information.","Supplemental","0.34","0.00","src_onet_30_1","onet_normalized"
"occ_17_2112_00","1391","Analyze statistical data and product specifications to determine standards and establish quality and reliability objectives of finished product.","Core","0.70","0.21","src_onet_30_1","onet_normalized"
"occ_17_2112_00","1392","Develop manufacturing methods, labor utilization standards, and cost analysis systems to promote efficient staff and facility utilization.","Core","0.62","0.13","src_onet_30_1","onet_normalized"
"occ_17_2112_00","1393","Recommend methods for improving utilization of personnel, material, and utilities.","Core","0.67","0.87","src_onet_30_1","onet_normalized"
"occ_17_2112_00","1394","Plan and establish sequence of operations to fabricate and assemble parts or products and to promote efficient utilization.","Core","0.73","0.86","src_onet_30_1","onet_normalized"
"occ_17_2112_00","1395","Apply statistical methods and perform mathematical calculations to determine manufacturing processes, staff requirements, and production standards.","Core","0.59","0.00","src_onet_30_1","onet_normalized"
"occ_17_2112_00","1398","Draft and design layout of equipment, materials, and workspace to illustrate maximum efficiency using drafting tools and computer.","Core","0.66","0.41","src_onet_30_1","onet_normalized"
"occ_17_2112_00","1399","Review production schedules, engineering specifications, orders, and related information to obtain knowledge of manufacturing methods, procedures, and activities.","Core","0.62","0.00","src_onet_30_1","onet_normalized"
"occ_17_2112_00","1400","Communicate with management and user personnel to develop production and design standards.","Core","0.68","0.51","src_onet_30_1","onet_normalized"
"occ_17_2112_00","1402","Formulate sampling procedures and designs and develop forms and instructions for recording, evaluating, and reporting quality and reliability data.","Core","0.53","0.00","src_onet_30_1","onet_normalized"
"occ_17_2112_00","1403","Record or oversee recording of information to ensure currency of engineering drawings and documentation of production problems.","Core","0.67","0.04","src_onet_30_1","onet_normalized"
"occ_17_2112_00","1404","Study operations sequence, material flow, functional statements, organization charts, and project information to determine worker functions and responsibilities.","Core","0.57","0.00","src_onet_30_1","onet_normalized"
"occ_17_2112_00","1405","Direct workers engaged in product measurement, inspection, and testing activities to ensure quality control and reliability.","Core","0.65","1.00","src_onet_30_1","onet_normalized"
"occ_17_2112_00","1406","Implement methods and procedures for disposition of discrepant material and defective or damaged parts, and assess cost and responsibility.","Core","0.60","0.18","src_onet_30_1","onet_normalized"
"occ_17_2112_00","1407","Evaluate precision and accuracy of production and testing equipment and engineering drawings to formulate corrective action plan.","Core","0.67","0.36","src_onet_30_1","onet_normalized"
"occ_17_2112_00","1408","Complete production reports, purchase orders, and material, tool, and equipment lists.","Core","0.61","0.25","src_onet_30_1","onet_normalized"
"occ_17_2112_00","1409","Schedule deliveries based on production forecasts, material substitutions, storage and handling facilities, and maintenance requirements.","Supplemental","0.53","0.07","src_onet_30_1","onet_normalized"
"occ_17_2112_00","1410","Regulate and alter workflow schedules according to established manufacturing sequences and lead times to expedite production operations.","Supplemental","0.55","0.00","src_onet_30_1","onet_normalized"
"occ_17_2112_00","18607","Estimate production costs, cost saving methods, and the effects of product design changes on expenditures for management review, action, and control.","Core","0.74","0.02","src_onet_30_1","onet_normalized"
"occ_17_2112_00","18608","Coordinate and implement quality control objectives, activities, or procedures to resolve production problems, maximize product reliability, or minimize costs.","Core","0.60","0.05","src_onet_30_1","onet_normalized"
"occ_17_2112_00","18609","Confer with clients, vendors, staff, and management personnel regarding purchases, product and production specifications, manufacturing capabilities, or project status.","Core","0.69","0.07","src_onet_30_1","onet_normalized"
"occ_17_2141_00","1411","Read and interpret blueprints, technical drawings, schematics, or computer-generated reports.","Core","0.82","1.00","src_onet_30_1","onet_normalized"
"occ_17_2141_00","1412","Confer with engineers or other personnel to implement operating procedures, resolve system malfunctions, or provide technical information.","Core","0.74","1.00","src_onet_30_1","onet_normalized"
"occ_17_2141_00","1413","Research and analyze customer design proposals, specifications, manuals, or other data to evaluate the feasibility, cost, or maintenance requirements of designs or applications.","Core","0.65","0.79","src_onet_30_1","onet_normalized"
"occ_17_2141_00","1418","Provide feedback to design engineers on customer problems or needs.","Core","0.59","0.26","src_onet_30_1","onet_normalized"
"occ_17_2141_00","1419","Oversee installation, operation, maintenance, or repair to ensure that machines or equipment are installed and functioning according to specifications.","Core","0.62","0.37","src_onet_30_1","onet_normalized"
"occ_17_2141_00","1420","Conduct research that tests or analyzes the feasibility, design, operation, or performance of equipment, components, or systems.","Core","0.60","0.19","src_onet_30_1","onet_normalized"
"occ_17_2141_00","1421","Recommend design modifications to eliminate machine or system malfunctions.","Core","0.69","0.26","src_onet_30_1","onet_normalized"
"occ_17_2141_00","1423","Develop, coordinate, or monitor all aspects of production, including selection of manufacturing methods, fabrication, or operation of product designs.","Core","0.53","0.94","src_onet_30_1","onet_normalized"
"occ_17_2141_00","1427","Establish or coordinate the maintenance or safety procedures, service schedule, or supply of materials required to maintain machines or equipment in the prescribed condition.","Supplemental","0.54","0.37","src_onet_30_1","onet_normalized"
"occ_17_2141_00","1429","Write performance requirements for product development or engineering projects.","Core","0.57","0.22","src_onet_30_1","onet_normalized"
"occ_17_2141_00","1430","Apply engineering principles or practices to emerging fields, such as robotics, waste management, or biomedical engineering.","Supplemental","0.64","1.00","src_onet_30_1","onet_normalized"
"occ_17_2141_00","1431","Design test control apparatus or equipment or develop procedures for testing products.","Supplemental","0.55","0.32","src_onet_30_1","onet_normalized"
"occ_17_2141_00","19627","Calculate energy losses for buildings, using equipment such as computers, combustion analyzers, or pressure gauges.","Supplemental","0.71","0.45","src_onet_30_1","onet_normalized"
"occ_17_2141_00","19628","Design integrated mechanical or alternative systems, such as mechanical cooling systems with natural ventilation systems, to improve energy efficiency.","Supplemental","0.74","1.00","src_onet_30_1","onet_normalized"
"occ_17_2141_00","19629","Direct the installation, operation, maintenance, or repair of renewable energy equipment, such as heating, ventilating, and air conditioning (HVAC) or water systems.","Supplemental","0.62","0.68","src_onet_30_1","onet_normalized"
"occ_17_2141_00","19630","Evaluate mechanical designs or prototypes for energy performance or environmental impact.","Supplemental","0.61","0.39","src_onet_30_1","onet_normalized"
"occ_17_2141_00","19631","Recommend the use of utility or energy services that minimize carbon footprints.","Supplemental","0.67","0.59","src_onet_30_1","onet_normalized"
"occ_17_2141_00","19632","Select or install combined heat units, power units, cogeneration equipment, or trigeneration equipment that reduces energy use or pollution.","Supplemental","0.62","0.31","src_onet_30_1","onet_normalized"
"occ_17_2141_00","20733","Research, design, evaluate, install, operate, or maintain mechanical products, equipment, systems or processes to meet requirements.","Core","0.79","1.00","src_onet_30_1","onet_normalized"
"occ_17_2141_00","20734","Investigate equipment failures or difficulties to diagnose faulty operation and recommend remedial actions.","Core","0.69","0.96","src_onet_30_1","onet_normalized"
"occ_17_2141_00","20735","Develop or test models of alternate designs or processing methods to assess feasibility, sustainability, operating condition effects, potential new applications, or necessity of modification.","Core","0.59","0.28","src_onet_30_1","onet_normalized"
"occ_17_2141_00","20736","Specify system components or direct modification of products to ensure conformance with engineering design, performance specifications, or environmental regulations.","Core","0.79","0.72","src_onet_30_1","onet_normalized"
"occ_17_2141_00","20737","Assist drafters in developing the structural design of products, using drafting tools or computer-assisted drafting equipment or software.","Core","0.61","1.00","src_onet_30_1","onet_normalized"
"occ_17_2141_00","20738","Estimate costs or submit bids for engineering, construction, or extraction projects.","Core","0.55","0.28","src_onet_30_1","onet_normalized"
"occ_17_2141_00","20739","Perform personnel functions, such as supervision of production workers, technicians, technologists, or other engineers.","Supplemental","0.64","1.00","src_onet_30_1","onet_normalized"
"occ_17_2141_00","20740","Solicit new business.","Supplemental","0.46","0.84","src_onet_30_1","onet_normalized"
"occ_17_2141_00","20741","Provide technical customer service.","Core","0.62","0.30","src_onet_30_1","onet_normalized"
"occ_17_2141_00","20742","Study industrial processes to maximize the efficiency of equipment applications, including equipment placement.","Supplemental","0.56","0.29","src_onet_30_1","onet_normalized"
"occ_23_1011_00","20877","Prepare, draft, and review legal documents, such as wills, deeds, patent applications, mortgages, leases, and contracts.","Core","0.79","1.00","src_onet_30_1","onet_normalized"
"occ_23_1011_00","23992","Negotiate contractual agreements.","Core","0.73","0.86","src_onet_30_1","onet_normalized"
"occ_23_1011_00","3773","Advise clients concerning business transactions, claim liability, advisability of prosecuting or defending lawsuits, or legal rights and obligations.","Core","0.82","0.67","src_onet_30_1","onet_normalized"
"occ_23_1011_00","3774","Interpret laws, rulings and regulations for individuals and businesses.","Core","0.89","1.00","src_onet_30_1","onet_normalized"
"occ_23_1011_00","3775","Analyze the probable outcomes of cases, using knowledge of legal precedents.","Core","0.85","1.00","src_onet_30_1","onet_normalized"
"occ_23_1011_00","3776","Present and summarize cases to judges and juries.","Supplemental","0.84","0.40","src_onet_30_1","onet_normalized"
"occ_23_1011_00","3777","Evaluate findings and develop strategies and arguments in preparation for presentation of cases.","Core","0.83","0.00","src_onet_30_1","onet_normalized"
"occ_23_1011_00","3778","Gather evidence to formulate defense or to initiate legal actions by such means as interviewing clients and witnesses to ascertain the facts of a case.","Core","0.85","1.00","src_onet_30_1","onet_normalized"
"occ_23_1011_00","3779","Represent clients in court or before government agencies.","Core","0.83","0.00","src_onet_30_1","onet_normalized"
"occ_23_1011_00","3780","Examine legal data to determine advisability of defending or prosecuting lawsuit.","Core","0.80","0.92","src_onet_30_1","onet_normalized"
"occ_23_1011_00","3781","Select jurors, argue motions, meet with judges, and question witnesses during the course of a trial.","Supplemental","0.83","0.44","src_onet_30_1","onet_normalized"
"occ_23_1011_00","3782","Present evidence to defend clients or prosecute defendants in criminal or civil litigation.","Supplemental","0.82","0.73","src_onet_30_1","onet_normalized"
"occ_23_1011_00","3783","Study Constitution, statutes, decisions, regulations, and ordinances of quasi-judicial bodies to determine ramifications for cases.","Core","0.76","1.00","src_onet_30_1","onet_normalized"
"occ_23_1011_00","3785","Prepare legal briefs and opinions, and file appeals in state and federal courts of appeal.","Supplemental","0.71","0.00","src_onet_30_1","onet_normalized"
"occ_23_1011_00","3786","Negotiate settlements of civil disputes.","Core","0.75","1.00","src_onet_30_1","onet_normalized"
"occ_23_1011_00","3787","Confer with colleagues with specialties in appropriate areas of legal issue to establish and verify bases for legal proceedings.","Core","0.71","0.62","src_onet_30_1","onet_normalized"
"occ_23_1011_00","3788","Search for and examine public and other legal records to write opinions or establish ownership.","Core","0.68","0.00","src_onet_30_1","onet_normalized"
"occ_23_1011_00","3789","Supervise legal assistants.","Core","0.75","1.00","src_onet_30_1","onet_normalized"
"occ_23_1011_00","3790","Perform administrative and management functions related to the practice of law.","Core","0.66","0.29","src_onet_30_1","onet_normalized"
"occ_23_1011_00","3791","Act as agent, trustee, guardian, or executor for businesses or individuals.","Supplemental","0.69","0.23","src_onet_30_1","onet_normalized"
"occ_23_1011_00","3792","Probate wills and represent and advise executors and administrators of estates.","Supplemental","0.72","1.00","src_onet_30_1","onet_normalized"
"occ_23_1011_00","3793","Help develop federal and state programs, draft and interpret laws and legislation, and establish enforcement procedures.","Supplemental","0.62","0.00","src_onet_30_1","onet_normalized"
"occ_23_2011_00","1636","Gather and analyze research data, such as statutes, decisions, and legal articles, codes, and documents.","Core","0.72","1.00","src_onet_30_1","onet_normalized"
"occ_23_2011_00","1638","Call upon witnesses to testify at hearings.","Supplemental","0.50","0.00","src_onet_30_1","onet_normalized"
"occ_23_2011_00","1639","Direct and coordinate law office activity, including delivery of subpoenas.","Supplemental","0.58","1.00","src_onet_30_1","onet_normalized"
"occ_23_2011_00","1641","Keep and monitor legal volumes to ensure that the law library is up-to-date.","Supplemental","0.42","0.00","src_onet_30_1","onet_normalized"
"occ_23_2011_00","1642","Appraise and inventory real and personal property for estate planning.","Supplemental","0.47","0.00","src_onet_30_1","onet_normalized"
"occ_23_2011_00","18491","Prepare affidavits or other documents, such as legal correspondence, and organize and maintain documents in paper or electronic filing system.","Core","0.84","1.00","src_onet_30_1","onet_normalized"
"occ_23_2011_00","18492","Prepare for trial by performing tasks such as organizing exhibits.","Core","0.74","1.00","src_onet_30_1","onet_normalized"
"occ_23_2011_00","18493","Meet with clients and other professionals to discuss details of cases.","Core","0.73","1.00","src_onet_30_1","onet_normalized"
"occ_23_2011_00","18494","File pleadings with court clerks.","Supplemental","0.72","1.00","src_onet_30_1","onet_normalized"
"occ_23_2011_00","18496","Arbitrate disputes between parties and assist in the real estate closing process, such as by reviewing title searches.","Supplemental","0.50","1.00","src_onet_30_1","onet_normalized"
"occ_23_2011_00","21062","Investigate facts and law of cases and search pertinent sources, such as public records and internet sources, to determine causes of action and to prepare cases.","Core","0.76","0.82","src_onet_30_1","onet_normalized"
"occ_23_2011_00","23994","Prepare, edit, or review legal documents, including legislation, briefs, pleadings, appeals, wills, contracts, and real estate closing statements.","Core","0.83","1.00","src_onet_30_1","onet_normalized"
"occ_27_1024_00","15228","Maintain archive of images, photos, or previous work products.","Core","0.77","1.00","src_onet_30_1","onet_normalized"
"occ_27_1024_00","15229","Research new software or design concepts.","Core","0.62","0.00","src_onet_30_1","onet_normalized"
"occ_27_1024_00","23970","Prepare digital files for printing.","Core","0.86","0.71","src_onet_30_1","onet_normalized"
"occ_27_1024_00","23971","Research the target audience of projects.","Core","0.81","0.71","src_onet_30_1","onet_normalized"
"occ_27_1024_00","23972","Write or edit copy for clients.","Supplemental","0.45","0.00","src_onet_30_1","onet_normalized"
"occ_27_1024_00","299","Create designs, concepts, and sample layouts, based on knowledge of layout principles and esthetic design concepts.","Core","0.88","1.00","src_onet_30_1","onet_normalized"
"occ_27_1024_00","300","Determine size and arrangement of illustrative material and copy, and select style and size of type.","Core","0.90","1.00","src_onet_30_1","onet_normalized"
"occ_27_1024_00","301","Use computer software to generate new images.","Core","0.87","1.00","src_onet_30_1","onet_normalized"
"occ_27_1024_00","302","Mark up, paste, and assemble final layouts to prepare layouts for printer.","Core","0.78","0.00","src_onet_30_1","onet_normalized"
"occ_27_1024_00","303","Draw and print charts, graphs, illustrations, and other artwork, using computer.","Core","0.79","1.00","src_onet_30_1","onet_normalized"
"occ_27_1024_00","304","Review final layouts and suggest improvements, as needed.","Core","0.91","1.00","src_onet_30_1","onet_normalized"
"occ_27_1024_00","305","Confer with clients to discuss and determine layout design.","Core","0.82","0.00","src_onet_30_1","onet_normalized"
"occ_27_1024_00","306","Develop graphics and layouts for product illustrations, company logos, and Web sites.","Core","0.89","1.00","src_onet_30_1","onet_normalized"
"occ_27_1024_00","307","Key information into computer equipment to create layouts for client or supervisor.","Core","0.93","1.00","src_onet_30_1","onet_normalized"
"occ_27_1024_00","308","Prepare illustrations or rough sketches of material, discussing them with clients or supervisors and making necessary changes.","Core","0.75","0.00","src_onet_30_1","onet_normalized"
"occ_27_1024_00","309","Study illustrations and photographs to plan presentation of materials, products, or services.","Core","0.77","0.71","src_onet_30_1","onet_normalized"
"occ_27_1024_00","310","Prepare notes and instructions for workers who assemble and prepare final layouts for printing.","Core","0.75","1.00","src_onet_30_1","onet_normalized"
"occ_27_1024_00","312","Photograph layouts, using camera, to make layout prints for supervisors or clients.","Supplemental","0.46","0.81","src_onet_30_1","onet_normalized"
"occ_27_1024_00","313","Produce still and animated graphics for on-air and taped portions of television news broadcasts, using electronic video equipment.","Core","0.50","0.00","src_onet_30_1","onet_normalized"
"occ_27_3023_00","22623","Write commentaries, columns, or scripts, using computers.","Core","0.94","1.00","src_onet_30_1","onet_normalized"
"occ_27_3023_00","22624","Coordinate and serve as an anchor on news broadcast programs.","Core","0.94","1.00","src_onet_30_1","onet_normalized"
"occ_27_3023_00","22625","Examine news items of local, national, and international significance to determine topics to address, or obtain assignments from editorial staff members.","Core","0.92","1.00","src_onet_30_1","onet_normalized"
"occ_27_3023_00","22626","Analyze and interpret news and information received from various sources to broadcast the information.","Core","0.92","1.00","src_onet_30_1","onet_normalized"
"occ_27_3023_00","22627","Receive assignments or evaluate leads or tips to develop story ideas.","Core","0.92","0.59","src_onet_30_1","onet_normalized"
"occ_27_3023_00","22628","Research a story's background information to provide complete and accurate information.","Core","0.91","0.59","src_onet_30_1","onet_normalized"
"occ_27_3023_00","22629","Arrange interviews with people who can provide information about a story.","Core","0.88","0.00","src_onet_30_1","onet_normalized"
"occ_27_3023_00","22630","Gather information and develop perspectives about news subjects through research, interviews, observation, and experience.","Core","0.88","1.00","src_onet_30_1","onet_normalized"
"occ_27_3023_00","22631","Select material most pertinent to presentation, and organize this material into appropriate formats.","Core","0.88","1.00","src_onet_30_1","onet_normalized"
"occ_27_3023_00","22632","Present news stories, and introduce in-depth videotaped segments or live transmissions from on-the-scene reporters.","Core","0.86","1.00","src_onet_30_1","onet_normalized"
"occ_27_3023_00","22633","Establish and maintain relationships with individuals who are credible sources of information.","Core","0.84","0.59","src_onet_30_1","onet_normalized"
"occ_27_3023_00","22634","Report news stories for publication or broadcast, describing the background and details of events.","Core","0.83","0.59","src_onet_30_1","onet_normalized"
"occ_27_3023_00","22635","Revise work to meet editorial approval or to fit time or space requirements.","Core","0.82","0.00","src_onet_30_1","onet_normalized"
"occ_27_3023_00","22636","Review and evaluate notes taken about news events to isolate pertinent facts and details.","Core","0.82","0.63","src_onet_30_1","onet_normalized"
"occ_27_3023_00","22637","Investigate breaking news developments, such as disasters, crimes, or human-interest stories.","Core","0.81","0.00","src_onet_30_1","onet_normalized"
"occ_27_3023_00","22638","Review written, audio, or video copy, and correct errors in content, grammar, or punctuation, following prescribed editorial style and formatting guidelines.","Core","0.77","1.00","src_onet_30_1","onet_normalized"
"occ_27_3023_00","22639","Report on specialized fields such as medicine, green technology, environmental issues, science, politics, sports, arts, consumer affairs, business, religion, crime, or education.","Core","0.75","0.00","src_onet_30_1","onet_normalized"
"occ_27_3023_00","22640","Determine a published or broadcasted story's emphasis, length, and format, organizing material accordingly.","Core","0.74","0.00","src_onet_30_1","onet_normalized"
"occ_27_3023_00","22641","Transmit news stories or reporting information from remote locations, using equipment such as satellite phones, telephones, fax machines, or modems.","Core","0.73","0.76","src_onet_30_1","onet_normalized"
"occ_27_3023_00","22642","Check reference materials, such as books, news files, or public records, to obtain relevant facts.","Core","0.70","0.00","src_onet_30_1","onet_normalized"
"occ_27_3023_00","22643","Discuss issues with editors to establish priorities or positions.","Core","0.69","0.59","src_onet_30_1","onet_normalized"
"occ_27_3023_00","22644","Photograph or videotape news events.","Core","0.68","0.00","src_onet_30_1","onet_normalized"
"occ_27_3023_00","22645","Present live or recorded commentary via broadcast media.","Core","0.67","1.00","src_onet_30_1","onet_normalized"
"occ_27_3023_00","22646","Take pictures or video, and process them for inclusion in a story.","Core","0.67","0.00","src_onet_30_1","onet_normalized"
"occ_27_3023_00","22647","Conduct taped or filmed interviews or narratives.","Core","0.65","0.00","src_onet_30_1","onet_normalized"
"occ_27_3023_00","22648","Develop ideas or material for columns or commentaries by analyzing and interpreting news, current issues, or personal experiences.","Core","0.65","0.00","src_onet_30_1","onet_normalized"
"occ_27_3023_00","22649","Communicate with readers, viewers, advertisers, or the general public via mail, email, or telephone.","Core","0.61","0.00","src_onet_30_1","onet_normalized"
"occ_27_3023_00","22650","Write online blog entries that address news developments or offer additional information, opinions, or commentary on news events.","Core","0.59","1.00","src_onet_30_1","onet_normalized"
"occ_27_3023_00","22651","Assign stories to other reporters or duties to production staff.","Core","0.57","0.00","src_onet_30_1","onet_normalized"
"occ_27_3023_00","22652","Write columns, editorials, commentaries, or reviews that interpret events or offer opinions.","Core","0.53","0.00","src_onet_30_1","onet_normalized"
"occ_27_3031_00","1764","Respond to requests for information from the media or designate an appropriate spokesperson or information source.","Core","0.89","0.59","src_onet_30_1","onet_normalized"
"occ_27_3031_00","1765","Establish or maintain cooperative relationships with representatives of community, consumer, employee, or public interest groups.","Core","0.81","0.00","src_onet_30_1","onet_normalized"
"occ_27_3031_00","1767","Confer with production or support personnel to produce or coordinate production of advertisements or promotions.","Core","0.63","0.00","src_onet_30_1","onet_normalized"
"occ_27_3031_00","1768","Arrange public appearances, lectures, contests, or exhibits for clients to increase product or service awareness or to promote goodwill.","Core","0.71","0.00","src_onet_30_1","onet_normalized"
"occ_27_3031_00","1769","Study the objectives, promotional policies, or needs of organizations to develop public relations strategies that will influence public opinion or promote ideas, products, or services.","Core","0.77","0.63","src_onet_30_1","onet_normalized"
"occ_27_3031_00","1770","Confer with other managers to identify trends or key group interests or concerns or to provide advice on business decisions.","Core","0.79","0.00","src_onet_30_1","onet_normalized"
"occ_27_3031_00","1771","Consult with advertising agencies or staff to arrange promotional campaigns in all types of media for products, organizations, or individuals.","Core","0.60","0.00","src_onet_30_1","onet_normalized"
"occ_27_3031_00","1772","Coach client representatives in effective communication with the public or with employees.","Core","0.78","0.63","src_onet_30_1","onet_normalized"
"occ_27_3031_00","1773","Prepare or deliver speeches to further public relations objectives.","Core","0.59","0.00","src_onet_30_1","onet_normalized"
"occ_27_3031_00","1774","Purchase advertising space or time as required to promote client's product or agenda.","Supplemental","0.44","0.00","src_onet_30_1","onet_normalized"
"occ_27_3031_00","1775","Plan or conduct market or public opinion research to test products or determine potential for product success, communicating results to client or management.","Core","0.69","0.00","src_onet_30_1","onet_normalized"
"occ_27_3031_00","19809","Coordinate public responses to environmental management incidents or conflicts.","Supplemental","0.66","0.00","src_onet_30_1","onet_normalized"
"occ_27_3031_00","19810","Develop marketing campaigns for environmental technologies or services.","Supplemental","0.46","0.00","src_onet_30_1","onet_normalized"
"occ_27_3031_00","19811","Develop plans or materials to communicate organizational activities that are beneficial to the environment, public safety, or other important social issues.","Core","0.69","0.00","src_onet_30_1","onet_normalized"
"occ_27_3031_00","20554","Write press releases or other media communications to promote clients.","Core","0.84","0.63","src_onet_30_1","onet_normalized"
"occ_27_3031_00","20555","Plan or direct development or communication of programs to maintain favorable public or stockholder perceptions of an organization's accomplishments, agenda, or environmental responsibility.","Core","0.85","0.59","src_onet_30_1","onet_normalized"
"occ_27_3031_00","20557","Prepare or edit organizational publications, such as employee newsletters or stockholders' reports, for internal or external audiences.","Core","0.72","0.00","src_onet_30_1","onet_normalized"
"occ_27_3031_00","23951","Post and update content on the company's Web site and social media outlets.","Core","0.85","0.59","src_onet_30_1","onet_normalized"
"occ_27_3041_00","1776","Prepare, rewrite and edit copy to improve readability, or supervise others who do this work.","Core","0.82","1.00","src_onet_30_1","onet_normalized"
"occ_27_3041_00","1777","Read copy or proof to detect and correct errors in spelling, punctuation, and syntax.","Core","0.89","1.00","src_onet_30_1","onet_normalized"
"occ_27_3041_00","1778","Allocate print space for story text, photos, and illustrations according to space parameters and copy significance, using knowledge of layout principles.","Supplemental","0.70","1.00","src_onet_30_1","onet_normalized"
"occ_27_3041_00","1779","Plan the contents of publications according to the publication's style, editorial policy, and publishing requirements.","Core","0.77","1.00","src_onet_30_1","onet_normalized"
"occ_27_3041_00","1780","Verify facts, dates, and statistics, using standard reference sources.","Core","0.87","1.00","src_onet_30_1","onet_normalized"
"occ_27_3041_00","1781","Review and approve proofs submitted by composing room prior to publication production.","Core","0.74","1.00","src_onet_30_1","onet_normalized"
"occ_27_3041_00","1782","Develop story or content ideas, considering reader or audience appeal.","Core","0.85","1.00","src_onet_30_1","onet_normalized"
"occ_27_3041_00","1783","Oversee publication production, including artwork, layout, computer typesetting, and printing, ensuring adherence to deadlines and budget requirements.","Core","0.80","1.00","src_onet_30_1","onet_normalized"
"occ_27_3041_00","1784","Confer with management and editorial staff members regarding placement and emphasis of developing news stories.","Core","0.77","1.00","src_onet_30_1","onet_normalized"
"occ_27_3041_00","1785","Assign topics, events and stories to individual writers or reporters for coverage.","Core","0.67","1.00","src_onet_30_1","onet_normalized"
"occ_27_3041_00","1786","Read, evaluate and edit manuscripts or other materials submitted for publication, and confer with authors regarding changes in content, style or organization, or publication.","Core","0.87","1.00","src_onet_30_1","onet_normalized"
"occ_27_3041_00","1787","Monitor news-gathering operations to ensure utilization of all news sources, such as press releases, telephone contacts, radio, television, wire services, and other reporters.","Supplemental","0.77","1.00","src_onet_30_1","onet_normalized"
"occ_27_3041_00","1788","Meet frequently with artists, typesetters, layout personnel, marketing directors, and production managers to discuss projects and resolve problems.","Core","0.64","0.94","src_onet_30_1","onet_normalized"
"occ_27_3041_00","1789","Supervise and coordinate work of reporters and other editors.","Core","0.78","1.00","src_onet_30_1","onet_normalized"
"occ_27_3041_00","1790","Make manuscript acceptance or revision recommendations to the publisher.","Supplemental","0.69","0.82","src_onet_30_1","onet_normalized"
"occ_27_3041_00","1791","Select local, state, national, and international news items received from wire services, based on assessment of items' significance and interest value.","Supplemental","0.73","1.00","src_onet_30_1","onet_normalized"
"occ_27_3041_00","1792","Interview and hire writers and reporters or negotiate contracts, royalties, and payments for authors or freelancers.","Supplemental","0.53","0.00","src_onet_30_1","onet_normalized"
"occ_27_3041_00","1793","Direct the policies and departments of newspapers, magazines and other publishing establishments.","Supplemental","0.69","1.00","src_onet_30_1","onet_normalized"
"occ_27_3041_00","1794","Arrange for copyright permissions.","Supplemental","0.54","0.00","src_onet_30_1","onet_normalized"
"occ_27_3041_00","1795","Read material to determine index items and arrange them alphabetically or topically, indicating page or chapter location.","Supplemental","0.39","0.01","src_onet_30_1","onet_normalized"
"occ_27_3041_00","21000","Write text, such as stories, articles, editorials, or newsletters.","Core","0.78","1.00","src_onet_30_1","onet_normalized"
"occ_27_3042_00","20243","Develop or maintain online help documentation.","Core","0.73","1.00","src_onet_30_1","onet_normalized"
"occ_27_3042_00","3966","Organize material and complete writing assignment according to set standards regarding order, clarity, conciseness, style, and terminology.","Core","0.93","1.00","src_onet_30_1","onet_normalized"
"occ_27_3042_00","3967","Maintain records and files of work and revisions.","Core","0.81","1.00","src_onet_30_1","onet_normalized"
"occ_27_3042_00","3968","Edit, standardize, or make changes to material prepared by other writers or establishment personnel.","Core","0.76","1.00","src_onet_30_1","onet_normalized"
"occ_27_3042_00","3969","Confer with customer representatives, vendors, plant executives, or publisher to establish technical specifications and to determine subject material to be developed for publication.","Core","0.63","0.09","src_onet_30_1","onet_normalized"
"occ_27_3042_00","3970","Review published materials and recommend revisions or changes in scope, format, content, and methods of reproduction and binding.","Core","0.66","0.90","src_onet_30_1","onet_normalized"
"occ_27_3042_00","3971","Select photographs, drawings, sketches, diagrams, and charts to illustrate material.","Core","0.75","1.00","src_onet_30_1","onet_normalized"
"occ_27_3042_00","3972","Study drawings, specifications, mockups, and product samples to integrate and delineate technology, operating procedure, and production sequence and detail.","Core","0.71","1.00","src_onet_30_1","onet_normalized"
"occ_27_3042_00","3973","Interview production and engineering personnel and read journals and other material to become familiar with product technologies and production methods.","Core","0.74","1.00","src_onet_30_1","onet_normalized"
"occ_27_3042_00","3974","Observe production, developmental, and experimental activities to determine operating procedure and detail.","Core","0.70","1.00","src_onet_30_1","onet_normalized"
"occ_27_3042_00","3975","Arrange for typing, duplication, and distribution of material.","Core","0.70","0.22","src_onet_30_1","onet_normalized"
"occ_27_3042_00","3976","Assist in laying out material for publication.","Core","0.71","1.00","src_onet_30_1","onet_normalized"
"occ_27_3042_00","3977","Analyze developments in specific field to determine need for revisions in previously published materials and development of new material.","Core","0.68","1.00","src_onet_30_1","onet_normalized"
"occ_27_3042_00","3978","Review manufacturer's and trade catalogs, drawings and other data relative to operation, maintenance, and service of equipment.","Core","0.68","0.83","src_onet_30_1","onet_normalized"
"occ_27_3042_00","3979","Draw sketches to illustrate specified materials or assembly sequence.","Core","0.67","0.27","src_onet_30_1","onet_normalized"
"occ_27_3043_00","22653","Discuss with the client the product, advertising themes and methods, and any changes that should be made in advertising copy.","Core","0.81","1.00","src_onet_30_1","onet_normalized"
"occ_27_3043_00","22654","Present drafts and ideas to clients.","Core","0.81","1.00","src_onet_30_1","onet_normalized"
"occ_27_3043_00","22655","Vary language and tone of messages based on product and medium.","Core","0.86","1.00","src_onet_30_1","onet_normalized"
"occ_27_3043_00","22656","Develop advertising campaigns for a wide range of clients, working with an advertising agency's creative director and art director to determine the best way to present advertising information.","Core","0.86","1.00","src_onet_30_1","onet_normalized"
"occ_27_3043_00","22657","Write articles, bulletins, sales letters, speeches, and other related informative, marketing and promotional material.","Core","0.68","1.00","src_onet_30_1","onet_normalized"
"occ_27_3043_00","22658","Conduct research and interviews to determine which of a product's selling features should be promoted.","Supplemental","0.64","0.00","src_onet_30_1","onet_normalized"
"occ_27_3043_00","22659","Invent names for products and write the slogans that appear on packaging, brochures and other promotional material.","Supplemental","0.62","0.62","src_onet_30_1","onet_normalized"
"occ_27_3043_00","22660","Review advertising trends, consumer surveys, and other data regarding marketing of goods and services to determine the best way to promote products.","Core","0.68","0.35","src_onet_30_1","onet_normalized"
"occ_27_3043_00","22661","Collaborate with other writers on specific projects.","n/a","0.60","0.50","src_onet_30_1","onet_normalized"
"occ_27_3043_00","22662","Conduct research to obtain factual information and authentic detail, using sources such as newspaper accounts, diaries, and interviews.","n/a","0.60","0.50","src_onet_30_1","onet_normalized"
"occ_27_3043_00","22663","Consult with sales, media and marketing representatives to obtain information on product or service and discuss style and length of advertising written material.","n/a","0.60","0.50","src_onet_30_1","onet_normalized"
"occ_27_3043_00","22664","Edit or rewrite existing written material as necessary, and submit written material for approval by supervisor, editor, or publisher.","n/a","0.60","0.50","src_onet_30_1","onet_normalized"
"occ_27_3043_00","22665","Follow appropriate procedures to get copyrights for completed work.","n/a","0.60","0.50","src_onet_30_1","onet_normalized"
"occ_27_3043_00","22666","Plan project arrangements or outlines, and organize material accordingly.","n/a","0.60","0.50","src_onet_30_1","onet_normalized"
"occ_27_3043_00","22667","Prepare works in appropriate format for publication, and send them to publishers or producers.","n/a","0.60","0.50","src_onet_30_1","onet_normalized"
"occ_27_3043_00","22668","Revise written material to meet personal standards and to satisfy needs of clients, publishers, directors, or producers.","n/a","0.60","0.50","src_onet_30_1","onet_normalized"
"occ_27_3043_00","22669","Work with staff to develop script, story, or advertising concepts.","n/a","0.60","0.50","src_onet_30_1","onet_normalized"
"occ_27_3043_00","22670","Write advertising material for use by publication, broadcast, or internet media to promote the sale of goods and services.","n/a","0.60","0.50","src_onet_30_1","onet_normalized"
"occ_27_3043_00","22671","Write fiction or nonfiction prose, such as short stories, novels, biographies, articles, descriptive or critical analyses, and essays.","n/a","0.60","0.50","src_onet_30_1","onet_normalized"
"occ_27_3043_00","22672","Write to customers in their terms and on their level so that the script, story, or advertisement message is more readily received.","n/a","0.60","0.50","src_onet_30_1","onet_normalized"
"occ_41_3011_00","4579","Prepare and deliver sales presentations to new and existing customers to sell new advertising programs and to protect and increase existing advertising.","Core","0.89","0.18","src_onet_30_1","onet_normalized"
"occ_41_3011_00","4580","Explain to customers how specific types of advertising will help promote their products or services in the most effective way possible.","Core","0.86","0.85","src_onet_30_1","onet_normalized"
"occ_41_3011_00","4581","Maintain assigned account bases while developing new accounts.","Core","0.88","1.00","src_onet_30_1","onet_normalized"
"occ_41_3011_00","4582","Process all correspondence and paperwork related to accounts.","Core","0.83","1.00","src_onet_30_1","onet_normalized"
"occ_41_3011_00","4583","Deliver advertising or illustration proofs to customers for approval.","Core","0.81","0.19","src_onet_30_1","onet_normalized"
"occ_41_3011_00","4584","Draw up contracts for advertising work, and collect payments due.","Core","0.83","0.00","src_onet_30_1","onet_normalized"
"occ_41_3011_00","4585","Locate and contact potential clients to offer advertising services.","Core","0.87","1.00","src_onet_30_1","onet_normalized"
"occ_41_3011_00","4586","Provide clients with estimates of the costs of advertising products or services.","Core","0.88","1.00","src_onet_30_1","onet_normalized"
"occ_41_3011_00","4587","Recommend appropriate sizes and formats for advertising, depending on medium used.","Core","0.80","0.69","src_onet_30_1","onet_normalized"
"occ_41_3011_00","4588","Inform customers of available options for advertisement artwork, and provide samples.","Core","0.80","0.23","src_onet_30_1","onet_normalized"
"occ_41_3011_00","4589","Obtain and study information about clients' products, needs, problems, advertising history, and business practices to offer effective sales presentations and appropriate product assistance.","Core","0.84","1.00","src_onet_30_1","onet_normalized"
"occ_41_3011_00","4590","Determine advertising medium to be used, and prepare sample advertisements within the selected medium for presentation to customers.","Core","0.77","0.46","src_onet_30_1","onet_normalized"
"occ_41_3011_00","4591","Consult with company officials, sales departments, and advertising agencies to develop promotional plans.","Core","0.74","0.00","src_onet_30_1","onet_normalized"
"occ_41_3011_00","4592","Prepare promotional plans, sales literature, media kits, and sales contracts, using computer.","Core","0.83","0.01","src_onet_30_1","onet_normalized"
"occ_41_3011_00","4593","Identify new advertising markets, and propose products to serve them.","Core","0.72","0.56","src_onet_30_1","onet_normalized"
"occ_41_3011_00","4594","Write copy as part of layout.","Core","0.79","1.00","src_onet_30_1","onet_normalized"
"occ_41_3011_00","4595","Attend sales meetings, industry trade shows, and training seminars to gather information, promote products, expand network of contacts, and increase knowledge.","Core","0.69","0.00","src_onet_30_1","onet_normalized"
"occ_41_3011_00","4596","Gather all relevant material for bid processes, and coordinate bidding and contract approval.","Core","0.75","0.00","src_onet_30_1","onet_normalized"
"occ_41_3011_00","4597","Arrange for commercial taping sessions, and accompany clients to sessions.","Core","0.71","0.00","src_onet_30_1","onet_normalized"
"occ_41_3011_00","4598","Write sales outlines for use by staff.","Supplemental","0.48","0.05","src_onet_30_1","onet_normalized"
"occ_41_3021_00","718","Call on policyholders to deliver and explain policy, to analyze insurance program and suggest additions or changes, or to change beneficiaries.","Core","0.78","0.17","src_onet_30_1","onet_normalized"
"occ_41_3021_00","719","Calculate premiums and establish payment method.","Core","0.71","1.00","src_onet_30_1","onet_normalized"
"occ_41_3021_00","720","Customize insurance programs to suit individual customers, often covering a variety of risks.","Core","0.86","1.00","src_onet_30_1","onet_normalized"
"occ_41_3021_00","721","Sell various types of insurance policies to businesses and individuals on behalf of insurance companies, including automobile, fire, life, property, medical and dental insurance, or specialized policies, such as marine, farm/crop, and medical malpractice.","Core","0.84","1.00","src_onet_30_1","onet_normalized"
"occ_41_3021_00","722","Interview prospective clients to obtain data about their financial resources and needs, the physical condition of the person or property to be insured, and to discuss any existing coverage.","Core","0.76","0.23","src_onet_30_1","onet_normalized"
"occ_41_3021_00","723","Seek out new clients and develop clientele by networking to find new customers and generate lists of prospective clients.","Core","0.78","0.36","src_onet_30_1","onet_normalized"
"occ_41_3021_00","724","Explain features, advantages, and disadvantages of various policies to promote sale of insurance plans.","Core","0.81","0.32","src_onet_30_1","onet_normalized"
"occ_41_3021_00","725","Contact underwriter and submit forms to obtain binder coverage.","Core","0.76","0.00","src_onet_30_1","onet_normalized"
"occ_41_3021_00","726","Ensure that policy requirements are fulfilled, including any necessary medical examinations and the completion of appropriate forms.","Core","0.74","0.00","src_onet_30_1","onet_normalized"
"occ_41_3021_00","727","Confer with clients to obtain and provide information when claims are made on a policy.","Core","0.77","0.00","src_onet_30_1","onet_normalized"
"occ_41_3021_00","728","Perform administrative tasks, such as maintaining records and handling policy renewals.","Core","0.80","1.00","src_onet_30_1","onet_normalized"
"occ_41_3021_00","729","Select company that offers type of coverage requested by client to underwrite policy.","Core","0.75","0.21","src_onet_30_1","onet_normalized"
"occ_41_3021_00","730","Monitor insurance claims to ensure they are settled equitably for both the client and the insurer.","Supplemental","0.73","0.00","src_onet_30_1","onet_normalized"
"occ_41_3021_00","731","Develop marketing strategies to compete with other individuals or companies who sell insurance.","Core","0.72","0.22","src_onet_30_1","onet_normalized"
"occ_41_3021_00","732","Attend meetings, seminars, and programs to learn about new products and services, learn new skills, and receive technical assistance in developing new accounts.","Core","0.64","0.00","src_onet_30_1","onet_normalized"
"occ_41_3021_00","733","Inspect property, examining its general condition, type of construction, age, and other characteristics, to decide if it is a good insurance risk.","Supplemental","0.67","0.00","src_onet_30_1","onet_normalized"
"occ_41_3021_00","734","Install bookkeeping systems and resolve system problems.","Supplemental","0.58","0.00","src_onet_30_1","onet_normalized"
"occ_41_3021_00","735","Plan and oversee incorporation of insurance program into bookkeeping system of company.","Supplemental","0.71","0.69","src_onet_30_1","onet_normalized"
"occ_41_3021_00","736","Explain necessary bookkeeping requirements for customer to implement and provide group insurance program.","Supplemental","0.58","0.00","src_onet_30_1","onet_normalized"
"occ_41_3031_00","23192","Make bids or offers to buy or sell securities.","Core","0.95","1.00","src_onet_30_1","onet_normalized"
"occ_41_3031_00","23193","Monitor markets or positions.","Core","0.94","1.00","src_onet_30_1","onet_normalized"
"occ_41_3031_00","23194","Agree on buying or selling prices at optimal levels for clients.","Core","0.91","1.00","src_onet_30_1","onet_normalized"
"occ_41_3031_00","23195","Keep accurate records of transactions.","Core","0.90","1.00","src_onet_30_1","onet_normalized"
"occ_41_3031_00","23196","Buy or sell stocks, bonds, commodity futures, foreign currencies, or other securities on behalf of investment dealers.","Core","0.89","1.00","src_onet_30_1","onet_normalized"
"occ_41_3031_00","23197","Complete sales order tickets and submit for processing of client-requested transactions.","Core","0.87","1.00","src_onet_30_1","onet_normalized"
"occ_41_3031_00","23198","Report all positions or trading results.","Core","0.86","1.00","src_onet_30_1","onet_normalized"
"occ_41_3031_00","23199","Interview clients to determine clients' assets, liabilities, cash flow, insurance coverage, tax status, or financial objectives.","Core","0.85","1.00","src_onet_30_1","onet_normalized"
"occ_41_3031_00","23200","Discuss financial options with clients and keep them informed about transactions.","Core","0.85","1.00","src_onet_30_1","onet_normalized"
"occ_41_3031_00","23201","Determine customers' financial services needs and prepare proposals to sell services that address these needs.","Core","0.79","1.00","src_onet_30_1","onet_normalized"
"occ_41_3031_00","23202","Sell services or equipment, such as trusts, investments, or check processing services.","Supplemental","0.58","0.00","src_onet_30_1","onet_normalized"
"occ_41_3031_00","23203","Identify opportunities or develop channels for purchase or sale of securities or commodities.","Core","0.82","1.00","src_onet_30_1","onet_normalized"
"occ_41_3031_00","23204","Develop financial plans, based on analysis of clients' financial status.","Core","0.82","0.96","src_onet_30_1","onet_normalized"
"occ_41_3031_00","23205","Review all securities transactions to ensure accuracy of information and conformance to governing agency regulations.","Core","0.82","1.00","src_onet_30_1","onet_normalized"
"occ_41_3031_00","23206","Contact prospective customers to present information and explain available services.","Core","0.72","0.43","src_onet_30_1","onet_normalized"
"occ_41_3031_00","23207","Devise trading, option, or hedge strategies.","Core","0.81","1.00","src_onet_30_1","onet_normalized"
"occ_41_3031_00","23208","Track and analyze factors that affect price movement, such as trade policies, weather conditions, political developments, or supply and demand changes.","Core","0.78","1.00","src_onet_30_1","onet_normalized"
"occ_41_3031_00","23209","Inform other traders, managers, or customers of market conditions, including volume, price, competition, or dynamics.","Core","0.76","1.00","src_onet_30_1","onet_normalized"
"occ_41_3031_00","23210","Offer advice on the purchase or sale of particular securities.","Core","0.76","1.00","src_onet_30_1","onet_normalized"
"occ_41_3031_00","23211","Evaluate costs and revenue of agreements to determine continued profitability.","Supplemental","0.66","0.00","src_onet_30_1","onet_normalized"
"occ_41_3031_00","23212","Explain stock market terms or trading practices to clients.","Core","0.72","1.00","src_onet_30_1","onet_normalized"
"occ_41_3031_00","23213","Calculate costs for billings or commissions.","Core","0.71","1.00","src_onet_30_1","onet_normalized"
"occ_41_3031_00","23214","Prepare financial reports to monitor client or corporate finances.","Core","0.70","0.51","src_onet_30_1","onet_normalized"
"occ_41_3031_00","23215","Supply the latest price quotes on any security, as well as information on the activities or financial positions of the corporations issuing these securities.","Core","0.69","1.00","src_onet_30_1","onet_normalized"
"occ_41_3031_00","23216","Supervise support staff and ensure proper execution of contracts.","Supplemental","0.81","1.00","src_onet_30_1","onet_normalized"
"occ_41_3031_00","23217","Relay buy or sell orders to securities exchanges or to firm trading departments.","Supplemental","0.75","1.00","src_onet_30_1","onet_normalized"
"occ_41_3031_00","23218","Negotiate prices or contracts for securities or commodities sales or purchases.","n/a","0.60","0.50","src_onet_30_1","onet_normalized"
"occ_41_3031_00","23219","Prepare and send requests for price quotations to all companies in a particular market.","n/a","0.60","0.50","src_onet_30_1","onet_normalized"
"occ_41_3031_00","23220","Price securities or commodities based on market conditions.","n/a","0.60","0.50","src_onet_30_1","onet_normalized"
"occ_41_3031_00","23221","Purchase or sell financial derivatives for customers.","n/a","0.60","0.50","src_onet_30_1","onet_normalized"
"occ_41_3091_00","23222","Answer customers' questions about services, prices, availability, or credit terms.","n/a","0.60","0.50","src_onet_30_1","onet_normalized"
"occ_41_3091_00","23223","Attend sales or trade meetings or read related publications to obtain information about market conditions, business trends, regulations, or industry developments.","n/a","0.60","0.50","src_onet_30_1","onet_normalized"
"occ_41_3091_00","23224","Compute and compare costs of services.","n/a","0.60","0.50","src_onet_30_1","onet_normalized"
"occ_41_3091_00","23225","Consult with clients after sales or contract signings to resolve problems and provide ongoing support.","n/a","0.60","0.50","src_onet_30_1","onet_normalized"
"occ_41_3091_00","23226","Contact prospective or existing customers to discuss how services can meet their needs.","n/a","0.60","0.50","src_onet_30_1","onet_normalized"
"occ_41_3091_00","23227","Create forms or agreements to complete sales.","n/a","0.60","0.50","src_onet_30_1","onet_normalized"
"occ_41_3091_00","23228","Develop sales presentations or proposals to explain service specifications.","n/a","0.60","0.50","src_onet_30_1","onet_normalized"
"occ_41_3091_00","23229","Distribute promotional materials at meetings, conferences, or trade shows.","n/a","0.60","0.50","src_onet_30_1","onet_normalized"
"occ_41_3091_00","23230","Emphasize or recommend service features based on knowledge of customers' needs and vendor capabilities and limitations.","n/a","0.60","0.50","src_onet_30_1","onet_normalized"
"occ_41_3091_00","23231","Identify prospective customers using business directories, leads from clients, or information from conferences or trade shows.","n/a","0.60","0.50","src_onet_30_1","onet_normalized"
"occ_41_3091_00","23232","Inform customers of contracts or other information pertaining to purchased services.","n/a","0.60","0.50","src_onet_30_1","onet_normalized"
"occ_41_3091_00","23233","Maintain customer records using automated systems.","n/a","0.60","0.50","src_onet_30_1","onet_normalized"
"occ_41_3091_00","23234","Monitor market conditions, innovations, and competitors' services, prices, and sales.","n/a","0.60","0.50","src_onet_30_1","onet_normalized"
"occ_41_3091_00","23235","Negotiate prices or terms of sales or service agreements.","n/a","0.60","0.50","src_onet_30_1","onet_normalized"
"occ_41_3091_00","23236","Quote prices, credit terms, contract terms, or fulfillment dates for services.","n/a","0.60","0.50","src_onet_30_1","onet_normalized"
"occ_41_4011_00","11237","Answer customers' questions about products, prices, availability, or credit terms.","Core","0.79","1.00","src_onet_30_1","onet_normalized"
"occ_41_4011_00","11238","Quote prices, credit terms, or other bid specifications.","Core","0.77","1.00","src_onet_30_1","onet_normalized"
"occ_41_4011_00","11239","Emphasize product features, based on analyses of customers' needs and on technical knowledge of product capabilities and limitations.","Core","0.76","1.00","src_onet_30_1","onet_normalized"
"occ_41_4011_00","11240","Negotiate prices or terms of sales or service agreements.","Core","0.82","1.00","src_onet_30_1","onet_normalized"
"occ_41_4011_00","11241","Maintain customer records, using automated systems.","Core","0.80","1.00","src_onet_30_1","onet_normalized"
"occ_41_4011_00","11245","Collaborate with colleagues to exchange information, such as selling strategies or marketing information.","Core","0.68","1.00","src_onet_30_1","onet_normalized"
"occ_41_4011_00","11246","Prepare sales presentations or proposals to explain product specifications or applications.","Core","0.71","1.00","src_onet_30_1","onet_normalized"
"occ_41_4011_00","11248","Provide customers with ongoing technical support.","Core","0.67","0.20","src_onet_30_1","onet_normalized"
"occ_41_4011_00","11249","Inform customers of estimated delivery schedules, service contracts, warranties, or other information pertaining to purchased products.","Core","0.69","1.00","src_onet_30_1","onet_normalized"
"occ_41_4011_00","11251","Visit establishments to evaluate needs or to promote product or service sales.","Core","0.80","1.00","src_onet_30_1","onet_normalized"
"occ_41_4011_00","11252","Complete expense reports, sales reports, or other paperwork.","Core","0.71","0.81","src_onet_30_1","onet_normalized"
"occ_41_4011_00","11256","Provide feedback to product design teams so that products can be tailored to clients' needs.","Supplemental","0.72","1.00","src_onet_30_1","onet_normalized"
"occ_41_4011_00","11257","Arrange for installation and testing of products or machinery.","Supplemental","0.69","0.00","src_onet_30_1","onet_normalized"
"occ_41_4011_00","11261","Compute customer's installation or production costs and estimate savings from new services, products, or equipment.","Core","0.75","1.00","src_onet_30_1","onet_normalized"
"occ_41_4011_00","11262","Consult with engineers regarding technical problems with products.","Supplemental","0.63","0.00","src_onet_30_1","onet_normalized"
"occ_41_4011_00","11265","Stock or distribute resources, such as samples or promotional or educational materials.","Core","0.58","0.00","src_onet_30_1","onet_normalized"
"occ_41_4011_00","11267","Visit establishments, such as pharmacies, to determine product sales.","Supplemental","0.55","0.00","src_onet_30_1","onet_normalized"
"occ_41_4011_00","19825","Inform customers about issues related to responsible use and disposal of products, such as waste reduction or product or byproduct recycling or disposal.","Supplemental","0.47","0.00","src_onet_30_1","onet_normalized"
"occ_41_4011_00","19826","Present information to customers about the energy efficiency or environmental impact of scientific or technical products.","Supplemental","0.48","0.00","src_onet_30_1","onet_normalized"
"occ_41_4011_00","19828","Sell technical and scientific products that are environmentally sound or designed for environmental remediation.","Supplemental","0.62","0.00","src_onet_30_1","onet_normalized"
"occ_41_4011_00","20608","Prepare and submit sales contracts for orders.","Core","0.81","1.00","src_onet_30_1","onet_normalized"
"occ_41_4011_00","20609","Contact new or existing customers to discuss how specific products or services can meet their needs.","Core","0.77","1.00","src_onet_30_1","onet_normalized"
"occ_41_4011_00","20610","Select or assist customers in selecting products based on customer needs, product specifications, and applicable regulations.","Core","0.72","0.95","src_onet_30_1","onet_normalized"
"occ_41_4011_00","20611","Verify that delivery schedules meet project deadlines.","Core","0.71","0.52","src_onet_30_1","onet_normalized"
"occ_41_4011_00","20612","Identify prospective customers, using business directories, leads from existing clients, participation in organizations, or trade show or conference attendance.","Core","0.70","1.00","src_onet_30_1","onet_normalized"
"occ_41_4011_00","20613","Advise customers on product usage to improve production.","Core","0.66","0.80","src_onet_30_1","onet_normalized"
"occ_41_4011_00","20614","Study documentation or other information for new scientific or technical products.","Core","0.59","0.00","src_onet_30_1","onet_normalized"
"occ_41_4011_00","20615","Attend sales or trade meetings or read related publications to obtain information about market conditions, business trends, environmental regulations, or industry developments.","Core","0.57","0.00","src_onet_30_1","onet_normalized"
"occ_41_4011_00","20616","Sell service contracts for technical or scientific products.","Supplemental","0.80","1.00","src_onet_30_1","onet_normalized"
"occ_41_4011_00","20617","Demonstrate the operation or use of technical or scientific products.","Supplemental","0.75","1.00","src_onet_30_1","onet_normalized"
"occ_41_4011_00","20618","Initiate sales campaigns to meet sales and production expectations.","Supplemental","0.68","0.00","src_onet_30_1","onet_normalized"
"occ_41_4011_00","20619","Verify accuracy of materials lists.","Supplemental","0.66","0.02","src_onet_30_1","onet_normalized"
"occ_41_4011_00","20620","Verify customer credit ratings.","Supplemental","0.65","0.00","src_onet_30_1","onet_normalized"
"occ_43_1011_00","9703","Resolve customer complaints or answer customers' questions regarding policies and procedures.","Core","0.84","0.84","src_onet_30_1","onet_normalized"
"occ_43_1011_00","9704","Supervise the work of office, administrative, or customer service employees to ensure adherence to quality standards, deadlines, and proper procedures, correcting errors or problems.","Core","0.85","1.00","src_onet_30_1","onet_normalized"
"occ_43_1011_00","9705","Provide employees with guidance in handling difficult or complex problems or in resolving escalated complaints or disputes.","Core","0.83","1.00","src_onet_30_1","onet_normalized"
"occ_43_1011_00","9706","Implement corporate or departmental policies, procedures, and service standards in conjunction with management.","Core","0.74","1.00","src_onet_30_1","onet_normalized"
"occ_43_1011_00","9707","Discuss job performance problems with employees to identify causes and issues and to work on resolving problems.","Core","0.78","0.02","src_onet_30_1","onet_normalized"
"occ_43_1011_00","9708","Train or instruct employees in job duties or company policies or arrange for training to be provided.","Core","0.75","0.48","src_onet_30_1","onet_normalized"
"occ_43_1011_00","9709","Evaluate employees' job performance and conformance to regulations and recommend appropriate personnel action.","Core","0.75","0.50","src_onet_30_1","onet_normalized"
"occ_43_1011_00","9710","Review records or reports pertaining to activities such as production, payroll, or shipping to verify details, monitor work activities, or evaluate performance.","Core","0.79","1.00","src_onet_30_1","onet_normalized"
"occ_43_1011_00","9711","Recruit, interview, and select employees.","Core","0.76","0.11","src_onet_30_1","onet_normalized"
"occ_43_1011_00","9712","Interpret and communicate work procedures and company policies to staff.","Core","0.76","0.08","src_onet_30_1","onet_normalized"
"occ_43_1011_00","9713","Prepare and issue work schedules, deadlines, and duty assignments for office or administrative staff.","Core","0.76","1.00","src_onet_30_1","onet_normalized"
"occ_43_1011_00","9714","Maintain records pertaining to inventory, personnel, orders, supplies, or machine maintenance.","Core","0.67","1.00","src_onet_30_1","onet_normalized"
"occ_43_1011_00","9715","Compute figures such as balances, totals, or commissions.","Core","0.74","1.00","src_onet_30_1","onet_normalized"
"occ_43_1011_00","9716","Research, compile, and prepare reports, manuals, correspondence, or other information required by management or governmental agencies.","Core","0.74","0.55","src_onet_30_1","onet_normalized"
"occ_43_1011_00","9717","Coordinate activities with other supervisory personnel or with other work units or departments.","Core","0.72","0.14","src_onet_30_1","onet_normalized"
"occ_43_1011_00","9718","Analyze financial activities of establishments or departments and provide input into budget planning and preparation processes.","Supplemental","0.73","0.00","src_onet_30_1","onet_normalized"
"occ_43_1011_00","9719","Develop or update procedures, policies, or standards.","Core","0.69","0.55","src_onet_30_1","onet_normalized"
"occ_43_1011_00","9720","Make recommendations to management concerning such issues as staffing decisions or procedural changes.","Core","0.71","0.04","src_onet_30_1","onet_normalized"
"occ_43_1011_00","9721","Consult with managers or other personnel to resolve problems in areas such as equipment performance, output quality, or work schedules.","Core","0.66","0.29","src_onet_30_1","onet_normalized"
"occ_43_1011_00","9722","Participate in the work of subordinates to facilitate productivity or to overcome difficult aspects of work.","Core","0.71","0.00","src_onet_30_1","onet_normalized"
"occ_43_1011_00","9723","Design, implement, or evaluate staff training and development programs, customer service initiatives, or performance measurement criteria.","Supplemental","0.64","0.96","src_onet_30_1","onet_normalized"
"occ_43_1011_00","9724","Develop work schedules according to budgets and workloads.","Supplemental","0.75","0.16","src_onet_30_1","onet_normalized"
"occ_43_1011_00","9725","Monitor inventory levels and requisition or purchase supplies as needed.","Supplemental","0.54","0.23","src_onet_30_1","onet_normalized"
"occ_43_1011_00","9727","Plan for or coordinate office services, such as equipment or supply acquisition or organization, disposal of assets, relocation, parking, maintenance, or security services.","Supplemental","0.52","0.25","src_onet_30_1","onet_normalized"
"occ_43_1011_00","9728","Arrange for necessary maintenance or repair work.","Supplemental","0.49","0.00","src_onet_30_1","onet_normalized"
"occ_43_1011_00","9729","Keep informed of provisions of labor-management agreements and their effects on departmental operations.","Supplemental","0.61","0.00","src_onet_30_1","onet_normalized"
"occ_43_1011_00","9730","Coordinate or perform activities associated with shipping, receiving, distribution, or transportation.","Supplemental","0.56","0.13","src_onet_30_1","onet_normalized"
"occ_43_1011_00","9731","Plan layouts of stockrooms, warehouses, or other storage areas, considering turnover, size, weight, or related factors pertaining to items stored.","Supplemental","0.34","0.03","src_onet_30_1","onet_normalized"
"occ_43_3021_00","23237","Post stop-payment notices to prevent payment of protested checks.","Core","0.85","0.00","src_onet_30_1","onet_normalized"
"occ_43_3021_00","23238","Verify accuracy of billing data and revise any errors.","Core","0.97","1.00","src_onet_30_1","onet_normalized"
"occ_43_3021_00","23239","Verify signatures and required information on checks.","Core","0.85","0.96","src_onet_30_1","onet_normalized"
"occ_43_3021_00","23240","Prepare itemized statements, bills, or invoices and record amounts due for items purchased or services rendered.","Core","0.91","1.00","src_onet_30_1","onet_normalized"
"occ_43_3021_00","23241","Perform bookkeeping work, including posting data or keeping other records concerning costs of goods or services or the shipment of goods.","Core","0.84","1.00","src_onet_30_1","onet_normalized"
"occ_43_3021_00","23242","Operate typing, adding, calculating, or billing machines.","Core","0.87","1.00","src_onet_30_1","onet_normalized"
"occ_43_3021_00","23243","Resolve discrepancies in accounting records.","Core","0.91","0.51","src_onet_30_1","onet_normalized"
"occ_43_3021_00","23244","Contact customers to obtain or relay account information.","Core","0.82","1.00","src_onet_30_1","onet_normalized"
"occ_43_3021_00","23245","Review documents, such as purchase orders, sales tickets, charge slips, or hospital records, to compute fees or charges due.","Supplemental","0.86","1.00","src_onet_30_1","onet_normalized"
"occ_43_3021_00","23246","Keep records of invoices and support documents.","Core","0.85","1.00","src_onet_30_1","onet_normalized"
"occ_43_3021_00","23247","Route statements for mailing or over-the-counter delivery to customers.","Core","0.71","0.00","src_onet_30_1","onet_normalized"
"occ_43_3021_00","23248","Monitor equipment to ensure proper operation.","Core","0.63","0.00","src_onet_30_1","onet_normalized"
"occ_43_3021_00","23249","Fix minor problems, such as equipment jams, and notify repair personnel of major equipment problems.","Core","0.60","0.00","src_onet_30_1","onet_normalized"
"occ_43_3021_00","23250","Weigh envelopes containing statements to determine correct postage and affix postage, using stamps or metering equipment.","Supplemental","0.81","0.00","src_onet_30_1","onet_normalized"
"occ_43_3021_00","23251","Compare previously prepared bank statements with canceled checks and reconcile discrepancies.","Supplemental","0.79","0.00","src_onet_30_1","onet_normalized"
"occ_43_3021_00","23253","Take orders for imprinted checks.","Supplemental","0.78","0.17","src_onet_30_1","onet_normalized"
"occ_43_3021_00","23254","Encode and cancel checks, using bank machines.","Supplemental","0.76","1.00","src_onet_30_1","onet_normalized"
"occ_43_3021_00","23255","Consult sources, such as rate books, manuals, or insurance company representatives, to determine specific charges or information such as rules, regulations, or government tax and tariff information.","Supplemental","0.80","1.00","src_onet_30_1","onet_normalized"
"occ_43_3021_00","23256","Track accumulated hours and dollar amounts charged to each client job to calculate client fees for professional services, such as legal or accounting services.","Supplemental","0.83","1.00","src_onet_30_1","onet_normalized"
"occ_43_3021_00","23257","Update manuals when rates, rules, or regulations are amended.","Supplemental","0.73","0.00","src_onet_30_1","onet_normalized"
"occ_43_3021_00","23258","Compute credit terms, discounts, shipment charges, or rates for goods or services to complete billing documents.","Supplemental","0.73","1.00","src_onet_30_1","onet_normalized"
"occ_43_3021_00","23259","Load machines with statements, cancelled checks, or envelopes to prepare statements for distribution to customers or stuff envelopes by hand.","Supplemental","0.74","0.00","src_onet_30_1","onet_normalized"
"occ_43_3021_00","23260","Review compiled data on operating costs and revenues to set rates.","Supplemental","0.65","0.53","src_onet_30_1","onet_normalized"
"occ_43_3021_00","23262","Answer inquiries regarding rates, routing, or procedures.","n/a","0.60","0.50","src_onet_30_1","onet_normalized"
"occ_43_3021_00","23263","Compile reports of cost factors, such as labor, production, storage, and equipment.","n/a","0.60","0.50","src_onet_30_1","onet_normalized"
"occ_43_3021_00","23264","Create billing documents, shipping labels, credit memorandums, or credit forms.","n/a","0.60","0.50","src_onet_30_1","onet_normalized"
"occ_43_3021_00","23265","Perform general administrative tasks, such as answering telephones, scheduling appointments, and ordering supplies or equipment.","n/a","0.60","0.50","src_onet_30_1","onet_normalized"
"occ_43_3021_00","23266","Return checks to customers or retrieve checks returned to customers in error, adjusting accounts and answering inquiries about errors as necessary.","n/a","0.60","0.50","src_onet_30_1","onet_normalized"
"occ_43_3031_00","18561","Prepare and process payroll information.","Supplemental","0.93","0.00","src_onet_30_1","onet_normalized"
"occ_43_3031_00","2486","Check figures, postings, and documents for correct entry, mathematical accuracy, and proper codes.","Core","0.92","1.00","src_onet_30_1","onet_normalized"
"occ_43_3031_00","2487","Operate computers programmed with accounting software to record, store, and analyze information.","Core","0.94","1.00","src_onet_30_1","onet_normalized"
"occ_43_3031_00","2488","Comply with federal, state, and company policies, procedures, and regulations.","Core","0.89","1.00","src_onet_30_1","onet_normalized"
"occ_43_3031_00","2489","Debit, credit, and total accounts on computer spreadsheets and databases, using specialized accounting software.","Core","0.79","0.90","src_onet_30_1","onet_normalized"
"occ_43_3031_00","2490","Classify, record, and summarize numerical and financial data to compile and keep financial records, using journals and ledgers or computers.","Core","0.79","0.70","src_onet_30_1","onet_normalized"
"occ_43_3031_00","2491","Calculate, prepare, and issue bills, invoices, account statements, and other financial statements according to established procedures.","Supplemental","0.79","0.70","src_onet_30_1","onet_normalized"
"occ_43_3031_00","2492","Compile statistical, financial, accounting, or auditing reports and tables pertaining to such matters as cash receipts, expenditures, accounts payable and receivable, and profits and losses.","Supplemental","0.74","0.58","src_onet_30_1","onet_normalized"
"occ_43_3031_00","2493","Code documents according to company procedures.","Core","0.83","1.00","src_onet_30_1","onet_normalized"
"occ_43_3031_00","2494","Access computerized financial information to answer general questions as well as those related to specific accounts.","Core","0.80","1.00","src_onet_30_1","onet_normalized"
"occ_43_3031_00","2495","Operate 10-key calculators, typewriters, and copy machines to perform calculations and produce documents.","Core","0.87","1.00","src_onet_30_1","onet_normalized"
"occ_43_3031_00","2496","Reconcile or note and report discrepancies found in records.","Core","0.82","0.81","src_onet_30_1","onet_normalized"
"occ_43_3031_00","2497","Perform financial calculations, such as amounts due, interest charges, balances, discounts, equity, and principal.","Core","0.83","1.00","src_onet_30_1","onet_normalized"
"occ_43_3031_00","2498","Perform general office duties, such as filing, answering telephones, and handling routine correspondence.","Core","0.81","1.00","src_onet_30_1","onet_normalized"
"occ_43_3031_00","2499","Prepare bank deposits by compiling data from cashiers, verifying and balancing receipts, and sending cash, checks, or other forms of payment to banks.","Supplemental","0.90","0.36","src_onet_30_1","onet_normalized"
"occ_43_3031_00","2500","Receive, record, and bank cash, checks, and vouchers.","Core","0.86","0.87","src_onet_30_1","onet_normalized"
"occ_43_3031_00","2501","Calculate and prepare checks for utilities, taxes, and other payments.","Supplemental","0.86","1.00","src_onet_30_1","onet_normalized"
"occ_43_3031_00","2502","Compare computer printouts to manually maintained journals to determine if they match.","Supplemental","0.81","1.00","src_onet_30_1","onet_normalized"
"occ_43_3031_00","2503","Reconcile records of bank transactions.","Supplemental","0.84","0.41","src_onet_30_1","onet_normalized"
"occ_43_3031_00","2504","Prepare trial balances of books.","Supplemental","0.77","0.25","src_onet_30_1","onet_normalized"
"occ_43_3031_00","2505","Monitor status of loans and accounts to ensure that payments are up to date.","Supplemental","0.85","1.00","src_onet_30_1","onet_normalized"
"occ_43_3031_00","2506","Transfer details from separate journals to general ledgers or data processing sheets.","Supplemental","0.80","0.10","src_onet_30_1","onet_normalized"
"occ_43_3031_00","2507","Compile budget data and documents, based on estimated revenues and expenses and previous budgets.","Supplemental","0.83","0.43","src_onet_30_1","onet_normalized"
"occ_43_3031_00","2508","Calculate costs of materials, overhead, and other expenses, based on estimates, quotations and price lists.","Supplemental","0.78","1.00","src_onet_30_1","onet_normalized"
"occ_43_3031_00","2509","Match order forms with invoices, and record the necessary information.","Core","0.78","1.00","src_onet_30_1","onet_normalized"
"occ_43_3031_00","2510","Complete and submit tax forms and returns, workers' compensation forms, pension contribution forms, and other government documents.","Supplemental","0.79","0.00","src_onet_30_1","onet_normalized"
"occ_43_3031_00","2511","Maintain inventory records.","Supplemental","0.64","0.00","src_onet_30_1","onet_normalized"
"occ_43_3031_00","2514","Prepare purchase orders and expense reports.","Supplemental","0.78","0.38","src_onet_30_1","onet_normalized"
"occ_43_4031_00","23267","Evaluate information on applications to verify completeness and accuracy and to determine whether applicants are qualified to obtain desired licenses.","Core","0.93","1.00","src_onet_30_1","onet_normalized"
"occ_43_4031_00","23268","Verify the authenticity of documents, such as foreign identification or immigration documents.","Core","0.91","1.00","src_onet_30_1","onet_normalized"
"occ_43_4031_00","23269","Record and edit the minutes of meetings and distribute to appropriate officials or staff members.","Core","0.90","0.00","src_onet_30_1","onet_normalized"
"occ_43_4031_00","23270","Question applicants to obtain required information, such as name, address, or age, and record data on prescribed forms.","Core","0.90","1.00","src_onet_30_1","onet_normalized"
"occ_43_4031_00","23271","Issue public notification of all official activities or meetings.","Core","0.90","0.05","src_onet_30_1","onet_normalized"
"occ_43_4031_00","23272","Record and maintain all vital and fiscal records and accounts.","Core","0.89","1.00","src_onet_30_1","onet_normalized"
"occ_43_4031_00","23273","Answer questions or provide advice to the public regarding licensing policies, procedures, or regulations.","Core","0.89","1.00","src_onet_30_1","onet_normalized"
"occ_43_4031_00","23274","Prepare meeting agendas or packets of related information.","Core","0.89","0.00","src_onet_30_1","onet_normalized"
"occ_43_4031_00","23275","Prepare and issue orders of the court, such as probation orders, release documentation, sentencing information, or summonses.","Core","0.84","1.00","src_onet_30_1","onet_normalized"
"occ_43_4031_00","23276","Prepare ordinances, resolutions, or proclamations so that they can be executed, recorded, archived, or distributed.","Core","0.87","0.00","src_onet_30_1","onet_normalized"
"occ_43_4031_00","23277","Code information on license applications for entry into computers.","Core","0.85","1.00","src_onet_30_1","onet_normalized"
"occ_43_4031_00","23278","Record case dispositions, court orders, or arrangements made for payment of court fees.","Core","0.89","1.00","src_onet_30_1","onet_normalized"
"occ_43_4031_00","23279","Perform budgeting duties, such as assisting in budget preparation, expenditure review, or budget administration.","Core","0.84","0.00","src_onet_30_1","onet_normalized"
"occ_43_4031_00","23280","Perform record checks on past or current licensees, as required by investigations.","Core","0.83","1.00","src_onet_30_1","onet_normalized"
"occ_43_4031_00","23281","Prepare documents recording the outcomes of court proceedings.","Core","0.85","1.00","src_onet_30_1","onet_normalized"
"occ_43_4031_00","23282","Examine legal documents submitted to courts for adherence to laws or court procedures.","Core","0.88","1.00","src_onet_30_1","onet_normalized"
"occ_43_4031_00","23283","Perform general office duties, such as taking or transcribing dictation, typing or proofreading correspondence, distributing or filing official forms, or scheduling appointments.","Core","0.79","1.00","src_onet_30_1","onet_normalized"
"occ_43_4031_00","23284","Perform administrative tasks, such as answering telephone calls, filing court documents, or maintaining office supplies or equipment.","Core","0.93","1.00","src_onet_30_1","onet_normalized"
"occ_43_4031_00","23285","Respond to requests for information from the public, other municipalities, state officials, or state and federal legislative offices.","Core","0.77","0.79","src_onet_30_1","onet_normalized"
"occ_43_4031_00","23286","Search files and contact witnesses, attorneys, or litigants to obtain information for the court.","Supplemental","0.80","0.52","src_onet_30_1","onet_normalized"
"occ_43_4031_00","23287","Coordinate or maintain office tracking systems for correspondence or follow-up actions.","Core","0.75","0.33","src_onet_30_1","onet_normalized"
"occ_43_4031_00","23288","Answer inquiries from the general public regarding judicial procedures, court appearances, trial dates, adjournments, outstanding warrants, summonses, subpoenas, witness fees, or payment of fines.","Core","0.86","1.00","src_onet_30_1","onet_normalized"
"occ_43_4031_00","23289","Train other workers or coordinate their work, as necessary.","Core","0.72","1.00","src_onet_30_1","onet_normalized"
"occ_43_4031_00","23290","Instruct parties about timing of court appearances.","Core","0.77","1.00","src_onet_30_1","onet_normalized"
"occ_43_4031_00","23291","Research information in the municipal archives upon request of public officials or private citizens.","Core","0.70","0.00","src_onet_30_1","onet_normalized"
"occ_43_4031_00","23292","Perform contract administration duties, assisting with bid openings or the awarding of contracts.","Core","0.69","0.00","src_onet_30_1","onet_normalized"
"occ_43_4031_00","23293","Participate in the administration of municipal elections, such as preparation or distribution of ballots, appointment or training of election officers, or tabulation or certification of results.","Supplemental","0.88","0.00","src_onet_30_1","onet_normalized"
"occ_43_4031_00","23294","Issue various permits and licenses, such as marriage, fishing, hunting, and dog licenses, and collect appropriate fees.","n/a","0.60","0.50","src_onet_30_1","onet_normalized"
"occ_43_4031_00","23295","Plan or direct the maintenance, filing, safekeeping, or computerization of all municipal documents.","n/a","0.60","0.50","src_onet_30_1","onet_normalized"
"occ_43_4031_00","23296","Prepare dockets or calendars of cases to be called.","n/a","0.60","0.50","src_onet_30_1","onet_normalized"
"occ_43_4051_00","18565","Confer with customers by telephone or in person to provide information about products or services, take or enter orders, cancel accounts, or obtain details of complaints.","Core","0.92","1.00","src_onet_30_1","onet_normalized"
"occ_43_4051_00","2578","Keep records of customer interactions or transactions, recording details of inquiries, complaints, or comments, as well as actions taken.","Core","0.88","1.00","src_onet_30_1","onet_normalized"
"occ_43_4051_00","2579","Resolve customers' service or billing complaints by performing activities such as exchanging merchandise, refunding money, or adjusting bills.","Supplemental","0.80","1.00","src_onet_30_1","onet_normalized"
"occ_43_4051_00","2580","Check to ensure that appropriate changes were made to resolve customers' problems.","Core","0.85","1.00","src_onet_30_1","onet_normalized"
"occ_43_4051_00","2581","Contact customers to respond to inquiries or to notify them of claim investigation results or any planned adjustments.","Core","0.80","1.00","src_onet_30_1","onet_normalized"
"occ_43_4051_00","2582","Refer unresolved customer grievances to designated departments for further investigation.","Core","0.77","1.00","src_onet_30_1","onet_normalized"
"occ_43_4051_00","2583","Determine charges for services requested, collect deposits or payments, or arrange for billing.","Core","0.79","1.00","src_onet_30_1","onet_normalized"
"occ_43_4051_00","2584","Complete contract forms, prepare change of address records, or issue service discontinuance orders, using computers.","Core","0.77","1.00","src_onet_30_1","onet_normalized"
"occ_43_4051_00","2585","Obtain and examine all relevant information to assess validity of complaints and to determine possible causes, such as extreme weather conditions that could increase utility bills.","Supplemental","0.66","1.00","src_onet_30_1","onet_normalized"
"occ_43_4051_00","2586","Solicit sales of new or additional services or products.","Supplemental","0.72","1.00","src_onet_30_1","onet_normalized"
"occ_43_4051_00","2587","Review insurance policy terms to determine whether a particular loss is covered by insurance.","Supplemental","0.76","1.00","src_onet_30_1","onet_normalized"
"occ_43_4051_00","2589","Compare disputed merchandise with original requisitions and information from invoices and prepare invoices for returned goods.","Supplemental","0.66","0.00","src_onet_30_1","onet_normalized"
"occ_43_4051_00","2591","Recommend improvements in products, packaging, shipping, service, or billing methods and procedures to prevent future problems.","Supplemental","0.54","0.00","src_onet_30_1","onet_normalized"
"occ_43_4131_00","11291","Verify and examine information and accuracy of loan application and closing documents.","Core","0.91","1.00","src_onet_30_1","onet_normalized"
"occ_43_4131_00","11292","Interview loan applicants to obtain personal and financial data and to assist in completing applications.","Core","0.84","0.00","src_onet_30_1","onet_normalized"
"occ_43_4131_00","11293","Assemble and compile documents for loan closings, such as title abstracts, insurance forms, loan forms, and tax receipts.","Core","0.90","0.00","src_onet_30_1","onet_normalized"
"occ_43_4131_00","11294","Answer questions and advise customers regarding loans and transactions.","Core","0.83","1.00","src_onet_30_1","onet_normalized"
"occ_43_4131_00","11295","Contact customers by mail, telephone, or in person concerning acceptance or rejection of applications.","Core","0.86","1.00","src_onet_30_1","onet_normalized"
"occ_43_4131_00","11296","Record applications for loan and credit, loan information, and disbursements of funds, using computers.","Core","0.88","0.96","src_onet_30_1","onet_normalized"
"occ_43_4131_00","11297","Prepare and type loan applications, closing documents, legal documents, letters, forms, government notices, and checks, using computers.","Core","0.84","0.89","src_onet_30_1","onet_normalized"
"occ_43_4131_00","11298","Present loan and repayment schedules to customers.","Core","0.81","0.93","src_onet_30_1","onet_normalized"
"occ_43_4131_00","11299","Calculate, review, and correct errors on interest, principal, payment, and closing costs, using computers or calculators.","Core","0.84","1.00","src_onet_30_1","onet_normalized"
"occ_43_4131_00","11300","Check value of customer collateral to be held as loan security.","Core","0.85","0.00","src_onet_30_1","onet_normalized"
"occ_43_4131_00","11301","Contact credit bureaus, employers, and other sources to check applicants' credit and personal references.","Core","0.85","0.78","src_onet_30_1","onet_normalized"
"occ_43_4131_00","11302","File and maintain loan records.","Core","0.86","0.79","src_onet_30_1","onet_normalized"
"occ_43_4131_00","11303","Schedule and conduct closings of mortgage transactions.","Supplemental","0.75","1.00","src_onet_30_1","onet_normalized"
"occ_43_4131_00","11304","Accept payment on accounts.","Supplemental","0.78","0.60","src_onet_30_1","onet_normalized"
"occ_43_4131_00","11305","Submit loan applications with recommendation for underwriting approval.","Core","0.86","1.00","src_onet_30_1","onet_normalized"
"occ_43_4131_00","11306","Order property insurance or mortgage insurance policies to ensure protection against loss on mortgaged property.","Supplemental","0.83","0.00","src_onet_30_1","onet_normalized"
"occ_43_4131_00","11307","Review customer accounts to determine whether payments are made on time and that other loan terms are being followed.","Core","0.84","1.00","src_onet_30_1","onet_normalized"
"occ_43_4131_00","11308","Establish credit limits and grant extensions of credit on overdue accounts.","Supplemental","0.72","0.00","src_onet_30_1","onet_normalized"
"occ_43_4171_00","744","Operate telephone switchboard to answer, screen, or forward calls, providing information, taking messages, or scheduling appointments.","Core","0.94","1.00","src_onet_30_1","onet_normalized"
"occ_43_4171_00","745","Receive payment and record receipts for services.","Core","0.91","1.00","src_onet_30_1","onet_normalized"
"occ_43_4171_00","746","Perform administrative support tasks, such as proofreading, transcribing handwritten information, or operating calculators or computers to work with pay records, invoices, balance sheets, or other documents.","Core","0.74","1.00","src_onet_30_1","onet_normalized"
"occ_43_4171_00","747","Greet persons entering establishment, determine nature and purpose of visit, and direct or escort them to specific destinations.","Core","0.92","1.00","src_onet_30_1","onet_normalized"
"occ_43_4171_00","748","Hear and resolve complaints from customers or the public.","Core","0.78","1.00","src_onet_30_1","onet_normalized"
"occ_43_4171_00","749","File and maintain records.","Core","0.77","1.00","src_onet_30_1","onet_normalized"
"occ_43_4171_00","750","Transmit information or documents to customers, using computer, mail, or facsimile machine.","Core","0.78","1.00","src_onet_30_1","onet_normalized"
"occ_43_4171_00","751","Schedule appointments and maintain and update appointment calendars.","Core","0.85","1.00","src_onet_30_1","onet_normalized"
"occ_43_4171_00","752","Analyze data to determine answers to questions from customers or members of the public.","Supplemental","0.80","1.00","src_onet_30_1","onet_normalized"
"occ_43_4171_00","753","Provide information about establishment, such as location of departments or offices, employees within the organization, or services provided.","Core","0.75","1.00","src_onet_30_1","onet_normalized"
"occ_43_4171_00","754","Keep a current record of staff members' whereabouts and availability.","Supplemental","0.72","1.00","src_onet_30_1","onet_normalized"
"occ_43_4171_00","755","Collect, sort, distribute, or prepare mail, messages, or courier deliveries.","Core","0.73","1.00","src_onet_30_1","onet_normalized"
"occ_43_4171_00","756","Calculate and quote rates for tours, stocks, insurance policies, or other products or services.","Supplemental","0.80","1.00","src_onet_30_1","onet_normalized"
"occ_43_4171_00","757","Take orders for merchandise or materials and send them to the proper departments to be filled.","Supplemental","0.55","0.00","src_onet_30_1","onet_normalized"
"occ_43_4171_00","758","Process and prepare memos, correspondence, travel vouchers, or other documents.","Supplemental","0.61","1.00","src_onet_30_1","onet_normalized"
"occ_43_4171_00","759","Schedule space or equipment for special programs and prepare lists of participants.","Supplemental","0.64","1.00","src_onet_30_1","onet_normalized"
"occ_43_4171_00","760","Enroll individuals to participate in programs and notify them of their acceptance.","Supplemental","0.56","1.00","src_onet_30_1","onet_normalized"
"occ_43_4171_00","762","Perform duties, such as taking care of plants or straightening magazines to maintain lobby or reception area.","Core","0.60","1.00","src_onet_30_1","onet_normalized"
"occ_43_6011_00","18573","Answer phone calls and direct calls to appropriate parties or take messages.","Core","0.76","1.00","src_onet_30_1","onet_normalized"
"occ_43_6011_00","18574","Perform general office duties, such as ordering supplies, maintaining records management database systems, and performing basic bookkeeping work.","Core","0.72","1.00","src_onet_30_1","onet_normalized"
"occ_43_6011_00","18575","Prepare agendas and make arrangements, such as coordinating catering for luncheons, for committee, board, and other meetings.","Core","0.72","0.00","src_onet_30_1","onet_normalized"
"occ_43_6011_00","18576","Coordinate and direct office services, such as records, departmental finances, budget preparation, personnel issues, and housekeeping, to aid executives.","Core","0.77","1.00","src_onet_30_1","onet_normalized"
"occ_43_6011_00","18577","Provide clerical support to other departments.","Core","0.66","1.00","src_onet_30_1","onet_normalized"
"occ_43_6011_00","18578","Process payroll information.","Supplemental","0.81","0.03","src_onet_30_1","onet_normalized"
"occ_43_6011_00","18579","Supervise and train other clerical staff and arrange for employee training by scheduling training or organizing training material.","Supplemental","0.60","0.00","src_onet_30_1","onet_normalized"
"occ_43_6011_00","2770","Manage and maintain executives' schedules.","Core","0.84","1.00","src_onet_30_1","onet_normalized"
"occ_43_6011_00","2771","Prepare invoices, reports, memos, letters, financial statements, and other documents, using word processing, spreadsheet, database, or presentation software.","Core","0.79","1.00","src_onet_30_1","onet_normalized"
"occ_43_6011_00","2772","Read and analyze incoming memos, submissions, and reports to determine their significance and plan their distribution.","Core","0.68","1.00","src_onet_30_1","onet_normalized"
"occ_43_6011_00","2773","Open, sort, and distribute incoming correspondence, including faxes and email.","Core","0.75","1.00","src_onet_30_1","onet_normalized"
"occ_43_6011_00","2774","File and retrieve corporate documents, records, and reports.","Core","0.69","1.00","src_onet_30_1","onet_normalized"
"occ_43_6011_00","2775","Greet visitors and determine whether they should be given access to specific individuals.","Core","0.75","1.00","src_onet_30_1","onet_normalized"
"occ_43_6011_00","2776","Prepare responses to correspondence containing routine inquiries.","Core","0.75","1.00","src_onet_30_1","onet_normalized"
"occ_43_6011_00","2779","Make travel arrangements for executives.","Core","0.81","1.00","src_onet_30_1","onet_normalized"
"occ_43_6011_00","2780","Conduct research, compile data, and prepare papers for consideration and presentation by executives, committees, and boards of directors.","Core","0.72","0.41","src_onet_30_1","onet_normalized"
"occ_43_6011_00","2781","Compile, transcribe, and distribute minutes of meetings.","Supplemental","0.65","0.00","src_onet_30_1","onet_normalized"
"occ_43_6011_00","2782","Attend meetings to record minutes.","Core","0.62","0.04","src_onet_30_1","onet_normalized"
"occ_43_6011_00","2784","Meet with individuals, special interest groups, and others on behalf of executives, committees, and boards of directors.","Supplemental","0.66","0.00","src_onet_30_1","onet_normalized"
"occ_43_6011_00","2785","Set up and oversee administrative policies and procedures for offices or organizations.","Supplemental","0.67","1.00","src_onet_30_1","onet_normalized"
"occ_43_6011_00","2787","Review operating practices and procedures to determine whether improvements can be made in areas such as workflow, reporting procedures, or expenditures.","Supplemental","0.57","0.00","src_onet_30_1","onet_normalized"
"occ_43_6011_00","2788","Interpret administrative and operating policies and procedures for employees.","Supplemental","0.70","1.00","src_onet_30_1","onet_normalized"
"occ_43_6014_00","20280","Use computers for various applications, such as database management or word processing.","Core","0.80","1.00","src_onet_30_1","onet_normalized"
"occ_43_6014_00","20281","Create, maintain, and enter information into databases.","Core","0.80","1.00","src_onet_30_1","onet_normalized"
"occ_43_6014_00","20282","Set up and manage paper or electronic filing systems, recording information, updating paperwork, or maintaining documents, such as attendance records, correspondence, or other material.","Core","0.75","1.00","src_onet_30_1","onet_normalized"
"occ_43_6014_00","20283","Operate office equipment, such as fax machines, copiers, or phone systems and arrange for repairs when equipment malfunctions.","Core","0.76","1.00","src_onet_30_1","onet_normalized"
"occ_43_6014_00","20284","Compose, type, and distribute meeting notes, routine correspondence, or reports, such as presentations or expense, statistical, or monthly reports.","Core","0.71","1.00","src_onet_30_1","onet_normalized"
"occ_43_6014_00","20285","Perform payroll functions, such as maintaining timekeeping information and processing and submitting payroll.","Supplemental","0.80","0.00","src_onet_30_1","onet_normalized"
"occ_43_6014_00","20286","Collect and deposit money into accounts, disburse funds from cash accounts to pay bills or invoices, keep records of collections and disbursements, and ensure accounts are balanced.","Supplemental","0.79","0.68","src_onet_30_1","onet_normalized"
"occ_43_6014_00","20287","Coordinate conferences, meetings, or special events, such as luncheons or graduation ceremonies.","Supplemental","0.64","1.00","src_onet_30_1","onet_normalized"
"occ_43_6014_00","20288","Develop or maintain internal or external company Web sites.","Supplemental","0.53","0.09","src_onet_30_1","onet_normalized"
"occ_43_6014_00","20289","Train and assist staff with computer usage.","Core","0.59","0.00","src_onet_30_1","onet_normalized"
"occ_43_6014_00","20290","Prepare conference or event materials, such as flyers or invitations.","Core","0.57","0.00","src_onet_30_1","onet_normalized"
"occ_43_6014_00","2790","Answer telephones and give information to callers, take messages, or transfer calls to appropriate individuals.","Core","0.83","1.00","src_onet_30_1","onet_normalized"
"occ_43_6014_00","2791","Greet visitors or callers and handle their inquiries or direct them to the appropriate persons according to their needs.","Core","0.83","1.00","src_onet_30_1","onet_normalized"
"occ_43_6014_00","2793","Locate and attach appropriate files to incoming correspondence requiring replies.","Core","0.68","1.00","src_onet_30_1","onet_normalized"
"occ_43_6014_00","2794","Open, read, route, and distribute incoming mail or other materials and answer routine letters.","Core","0.67","1.00","src_onet_30_1","onet_normalized"
"occ_43_6014_00","2795","Complete forms in accordance with company procedures.","Core","0.69","1.00","src_onet_30_1","onet_normalized"
"occ_43_6014_00","2796","Make copies of correspondence or other printed material.","Core","0.67","1.00","src_onet_30_1","onet_normalized"
"occ_43_6014_00","2797","Review work done by others to check for correct spelling and grammar, ensure that company format policies are followed, and recommend revisions.","Core","0.67","0.45","src_onet_30_1","onet_normalized"
"occ_43_6014_00","2799","Learn to operate new office technologies as they are developed and implemented.","Core","0.62","0.00","src_onet_30_1","onet_normalized"
"occ_43_6014_00","2800","Maintain scheduling and event calendars.","Core","0.71","1.00","src_onet_30_1","onet_normalized"
"occ_43_6014_00","2801","Schedule and confirm appointments for clients, customers, or supervisors.","Core","0.73","1.00","src_onet_30_1","onet_normalized"
"occ_43_6014_00","2802","Manage projects or contribute to committee or team work.","Supplemental","0.66","0.35","src_onet_30_1","onet_normalized"
"occ_43_6014_00","2803","Mail newsletters, promotional material, or other information.","Supplemental","0.60","0.09","src_onet_30_1","onet_normalized"
"occ_43_6014_00","2804","Order and dispense supplies.","Core","0.58","0.00","src_onet_30_1","onet_normalized"
"occ_43_6014_00","2805","Conduct searches to find needed information, using such sources as the Internet.","Core","0.67","1.00","src_onet_30_1","onet_normalized"
"occ_43_6014_00","2806","Provide services to customers, such as order placement or account information.","Supplemental","0.69","1.00","src_onet_30_1","onet_normalized"
"occ_43_6014_00","2808","Prepare and mail checks.","Supplemental","0.68","0.00","src_onet_30_1","onet_normalized"
"occ_43_6014_00","2809","Establish work procedures or schedules and keep track of the daily work of clerical staff.","Supplemental","0.69","0.36","src_onet_30_1","onet_normalized"
"occ_43_6014_00","2812","Arrange conference, meeting, or travel reservations for office personnel.","Supplemental","0.68","0.45","src_onet_30_1","onet_normalized"
"occ_43_6014_00","2813","Operate electronic mail systems and coordinate the flow of information, internally or with other organizations.","Core","0.74","1.00","src_onet_30_1","onet_normalized"
"occ_43_6014_00","2814","Supervise other clerical staff and provide training and orientation to new staff.","Supplemental","0.67","0.00","src_onet_30_1","onet_normalized"
"occ_43_9041_00","23313","Prepare insurance claim forms or related documents, and review them for completeness.","Core","0.94","1.00","src_onet_30_1","onet_normalized"
"occ_43_9041_00","23314","Calculate amount of claim.","Core","0.91","1.00","src_onet_30_1","onet_normalized"
"occ_43_9041_00","23315","Post or attach information to claim file.","Core","0.91","1.00","src_onet_30_1","onet_normalized"
"occ_43_9041_00","23316","Transmit claims for payment or further investigation.","Core","0.90","1.00","src_onet_30_1","onet_normalized"
"occ_43_9041_00","23317","Contact insured or other involved persons to obtain missing information.","Core","0.87","1.00","src_onet_30_1","onet_normalized"
"occ_43_9041_00","23318","Review insurance policy to determine coverage.","Core","0.86","1.00","src_onet_30_1","onet_normalized"
"occ_43_9041_00","23319","Process and record new insurance policies and claims.","Core","0.86","1.00","src_onet_30_1","onet_normalized"
"occ_43_9041_00","23320","Organize or work with detailed office or warehouse records, using computers to enter, access, search or retrieve data.","Core","0.85","1.00","src_onet_30_1","onet_normalized"
"occ_43_9041_00","23321","Provide customer service, such as limited instructions on proceeding with claims or referrals to auto repair facilities or local contractors.","Core","0.84","1.00","src_onet_30_1","onet_normalized"
"occ_43_9041_00","23322","Correspond with insured or agent to obtain information or to inform them of account status or changes.","Core","0.82","1.00","src_onet_30_1","onet_normalized"
"occ_43_9041_00","23323","Review and verify data, such as age, name, address, and principal sum and value of property, on insurance applications and policies.","Core","0.80","1.00","src_onet_30_1","onet_normalized"
"occ_43_9041_00","23324","Compare information from application to criteria for policy reinstatement, and approve reinstatement when criteria are met.","Core","0.79","0.93","src_onet_30_1","onet_normalized"
"occ_43_9041_00","23325","Examine letters from policyholders or agents, original insurance applications, and other company documents to determine if changes are needed and effects of changes.","Core","0.78","1.00","src_onet_30_1","onet_normalized"
"occ_43_9041_00","23326","Transcribe data to worksheets, and enter data into computer for use in preparing documents and adjusting accounts.","Core","0.77","1.00","src_onet_30_1","onet_normalized"
"occ_43_9041_00","23327","Notify insurance agent and accounting department of policy cancellation.","Core","0.66","0.09","src_onet_30_1","onet_normalized"
"occ_43_9041_00","23328","Pay small claims.","Supplemental","0.92","1.00","src_onet_30_1","onet_normalized"
"occ_43_9041_00","23329","Process, prepare, and submit business or government forms, such as submitting applications for coverage to insurance carriers.","Supplemental","0.86","1.00","src_onet_30_1","onet_normalized"
"occ_43_9041_00","23330","Collect initial premiums and issue receipts.","Supplemental","0.76","1.00","src_onet_30_1","onet_normalized"
"occ_43_9041_00","23332","Interview clients and take their calls to provide customer service and obtain information on claims.","Supplemental","0.73","0.37","src_onet_30_1","onet_normalized"
"occ_43_9041_00","23333","Obtain computer printout of policy cancellations, or retrieve cancellation cards from file.","Supplemental","0.69","0.10","src_onet_30_1","onet_normalized"
"occ_43_9041_00","23334","Compose business correspondence for supervisors, managers, and professionals.","Supplemental","0.67","0.00","src_onet_30_1","onet_normalized"
"occ_43_9041_00","23336","Calculate premiums, refunds, commissions, adjustments, or new reserve requirements, using insurance rate standards.","n/a","0.60","0.50","src_onet_30_1","onet_normalized"
"occ_43_9041_00","23337","Enter insurance- and claims-related information into database systems.","n/a","0.60","0.50","src_onet_30_1","onet_normalized"
"occ_43_9041_00","23338","Modify, update, or process existing policies and claims to reflect any change in beneficiary, amount of coverage, or type of insurance.","n/a","0.60","0.50","src_onet_30_1","onet_normalized"
"occ_43_9041_00","23339","Organize or work with detailed office or warehouse records, maintaining files for each policyholder, including policies that are to be reinstated or cancelled.","n/a","0.60","0.50","src_onet_30_1","onet_normalized"
"occ_43_9061_00","825","Collect, count, and disburse money, do basic bookkeeping, and complete banking transactions.","Supplemental","0.78","1.00","src_onet_30_1","onet_normalized"
"occ_43_9061_00","826","Communicate with customers, employees, and other individuals to answer questions, disseminate or explain information, take orders, and address complaints.","Core","0.82","1.00","src_onet_30_1","onet_normalized"
"occ_43_9061_00","827","Answer telephones, direct calls, and take messages.","Core","0.83","1.00","src_onet_30_1","onet_normalized"
"occ_43_9061_00","828","Compile, copy, sort, and file records of office activities, business transactions, and other activities.","Core","0.75","1.00","src_onet_30_1","onet_normalized"
"occ_43_9061_00","829","Complete and mail bills, contracts, policies, invoices, or checks.","Supplemental","0.78","0.76","src_onet_30_1","onet_normalized"
"occ_43_9061_00","830","Operate office machines, such as photocopiers and scanners, facsimile machines, voice mail systems, and personal computers.","Core","0.89","1.00","src_onet_30_1","onet_normalized"
"occ_43_9061_00","831","Compute, record, and proofread data and other information, such as records or reports.","Core","0.69","1.00","src_onet_30_1","onet_normalized"
"occ_43_9061_00","832","Maintain and update filing, inventory, mailing, and database systems, either manually or using a computer.","Core","0.76","1.00","src_onet_30_1","onet_normalized"
"occ_43_9061_00","833","Open, sort, and route incoming mail, answer correspondence, and prepare outgoing mail.","Core","0.73","1.00","src_onet_30_1","onet_normalized"
"occ_43_9061_00","834","Review files, records, and other documents to obtain information to respond to requests.","Core","0.73","1.00","src_onet_30_1","onet_normalized"
"occ_43_9061_00","835","Deliver messages and run errands.","Core","0.62","1.00","src_onet_30_1","onet_normalized"
"occ_43_9061_00","836","Inventory and order materials, supplies, and services.","Core","0.62","0.00","src_onet_30_1","onet_normalized"
"occ_43_9061_00","837","Complete work schedules, manage calendars, and arrange appointments.","Core","0.68","1.00","src_onet_30_1","onet_normalized"
"occ_43_9061_00","838","Process and prepare documents, such as business or government forms and expense reports.","Supplemental","0.70","1.00","src_onet_30_1","onet_normalized"
"occ_43_9061_00","839","Monitor and direct the work of lower-level clerks.","Supplemental","0.67","1.00","src_onet_30_1","onet_normalized"
"occ_43_9061_00","840","Type, format, proofread, and edit correspondence and other documents, from notes or dictating machines, using computers or typewriters.","Core","0.64","1.00","src_onet_30_1","onet_normalized"
"occ_43_9061_00","841","Count, weigh, measure, or organize materials.","Supplemental","0.56","1.00","src_onet_30_1","onet_normalized"
"occ_43_9061_00","842","Train other staff members to perform work activities, such as using computer applications.","Supplemental","0.57","0.42","src_onet_30_1","onet_normalized"
"occ_43_9061_00","843","Prepare meeting agendas, attend meetings, and record and transcribe minutes.","Supplemental","0.65","0.51","src_onet_30_1","onet_normalized"
"occ_43_9061_00","844","Troubleshoot problems involving office equipment, such as computer hardware and software.","Supplemental","0.49","0.08","src_onet_30_1","onet_normalized"
"occ_43_9111_00","9788","Compute and analyze data, using statistical formulas and computers or calculators.","Core","0.88","1.00","src_onet_30_1","onet_normalized"
"occ_43_9111_00","9789","Enter data into computers for use in analyses or reports.","Core","0.84","1.00","src_onet_30_1","onet_normalized"
"occ_43_9111_00","9790","Compile statistics from source materials, such as production or sales records, quality-control or test records, time sheets, or survey sheets.","Core","0.77","0.79","src_onet_30_1","onet_normalized"
"occ_43_9111_00","9791","Compile reports, charts, or graphs that describe and interpret findings of analyses.","Core","0.84","1.00","src_onet_30_1","onet_normalized"
"occ_43_9111_00","9792","Check source data to verify completeness and accuracy.","Core","0.85","1.00","src_onet_30_1","onet_normalized"
"occ_43_9111_00","9793","Participate in the publication of data or information.","Core","0.81","0.00","src_onet_30_1","onet_normalized"
"occ_43_9111_00","9794","Discuss data presentation requirements with clients.","Supplemental","0.71","1.00","src_onet_30_1","onet_normalized"
"occ_43_9111_00","9795","File data and related information, and maintain and update databases.","Core","0.81","0.41","src_onet_30_1","onet_normalized"
"occ_43_9111_00","9796","Select statistical tests for analyzing data.","Supplemental","0.80","0.00","src_onet_30_1","onet_normalized"
"occ_43_9111_00","9797","Organize paperwork, such as survey forms or reports, for distribution or analysis.","Core","0.80","0.74","src_onet_30_1","onet_normalized"
"occ_43_9111_00","9798","Code data prior to computer entry, using lists of codes.","Core","0.77","0.87","src_onet_30_1","onet_normalized"
"occ_43_9111_00","9799","Check survey responses for errors, such as the use of pens instead of pencils, and set aside response forms that cannot be used.","Supplemental","0.80","1.00","src_onet_30_1","onet_normalized"
"occ_43_9111_00","9800","Interview people and keep track of their responses.","Supplemental","0.83","1.00","src_onet_30_1","onet_normalized"
"occ_43_9111_00","9801","Send out surveys.","Supplemental","0.62","0.00","src_onet_30_1","onet_normalized"
