"occupation_id","alias","alias_type","source","weight"
"occ_11_1021_00","Area Manager","alternate_title","src_onet_30_1","0.75"
"occ_11_1021_00","Boards and Commissions Director","alternate_title","src_onet_30_1","0.75"
"occ_11_1021_00","Business Coordinator","alternate_title","src_onet_30_1","0.75"
"occ_11_1021_00","Business Manager","alternate_title","src_onet_30_1","0.75"
"occ_11_1021_00","business unit manager","manual_seed","src_onet_30_1","0.85"
"occ_11_1021_00","Center Manager","alternate_title","src_onet_30_1","0.75"
"occ_11_1021_00","Chief Administrative Officer (CAO)","alternate_title","src_onet_30_1","0.75"
"occ_11_1021_00","Corporate Manager","alternate_title","src_onet_30_1","0.75"
"occ_11_1021_00","Department Manager","alternate_title","src_onet_30_1","0.75"
"occ_11_1021_00","Department Store General Manager (Dept Store GM)","alternate_title","src_onet_30_1","0.75"
"occ_11_1021_00","Department Store Manager (Dept Store Manager)","alternate_title","src_onet_30_1","0.75"
"occ_11_1021_00","District Commercial Superintendent","alternate_title","src_onet_30_1","0.75"
"occ_11_1021_00","District Manager","alternate_title","src_onet_30_1","0.75"
"occ_11_1021_00","District Plant Superintendent","alternate_title","src_onet_30_1","0.75"
"occ_11_1021_00","District Traffic Chief","alternate_title","src_onet_30_1","0.75"
"occ_11_1021_00","District Wire Chief","alternate_title","src_onet_30_1","0.75"
"occ_11_1021_00","Division Toll Wire Chief","alternate_title","src_onet_30_1","0.75"
"occ_11_1021_00","Division Traffic Superintendent","alternate_title","src_onet_30_1","0.75"
"occ_11_1021_00","Drilling and Production Superintendent","alternate_title","src_onet_30_1","0.75"
"occ_11_1021_00","Electrical Superintendent","alternate_title","src_onet_30_1","0.75"
"occ_11_1021_00","Equipment Maintenance Superintendent","alternate_title","src_onet_30_1","0.75"
"occ_11_1021_00","Field Party Manager","alternate_title","src_onet_30_1","0.75"
"occ_11_1021_00","Fish and Game Club Manager","alternate_title","src_onet_30_1","0.75"
"occ_11_1021_00","general manager","manual_seed","src_onet_30_1","0.85"
"occ_11_1021_00","General Manager (GM)","alternate_title","src_onet_30_1","0.75"
"occ_11_1021_00","General Superintendent","alternate_title","src_onet_30_1","0.75"
"occ_11_1021_00","Golf and Operations Manager","alternate_title","src_onet_30_1","0.75"
"occ_11_1021_00","Golf Course Manager","alternate_title","src_onet_30_1","0.75"
"occ_11_1021_00","Gym Manager","alternate_title","src_onet_30_1","0.75"
"occ_11_1021_00","Installation Superintendent","alternate_title","src_onet_30_1","0.75"
"occ_11_1021_00","IO Manager (Industrial Organization Manager)","alternate_title","src_onet_30_1","0.75"
"occ_11_1021_00","Laundry Superintendent","alternate_title","src_onet_30_1","0.75"
"occ_11_1021_00","Line Construction Superintendent","alternate_title","src_onet_30_1","0.75"
"occ_11_1021_00","Manufacturing Operations Manager","alternate_title","src_onet_30_1","0.75"
"occ_11_1021_00","Mine Superintendent","alternate_title","src_onet_30_1","0.75"
"occ_11_1021_00","Movie Theater Manager","alternate_title","src_onet_30_1","0.75"
"occ_11_1021_00","Newspaper Manager","alternate_title","src_onet_30_1","0.75"
"occ_11_1021_00","Nonprofit Manager","alternate_title","src_onet_30_1","0.75"
"occ_11_1021_00","Office Manager","alternate_title","src_onet_30_1","0.75"
"occ_11_1021_00","Offshoring Manager","alternate_title","src_onet_30_1","0.75"
"occ_11_1021_00","Operational Risk Manager","alternate_title","src_onet_30_1","0.75"
"occ_11_1021_00","Operations Director","alternate_title","src_onet_30_1","0.75"
"occ_11_1021_00","Operations General Manager (Operations GM)","alternate_title","src_onet_30_1","0.75"
"occ_11_1021_00","Operations Manager","alternate_title","src_onet_30_1","0.75"
"occ_11_1021_00","Operations Supervisor","alternate_title","src_onet_30_1","0.75"
"occ_11_1021_00","Park Superintendent","alternate_title","src_onet_30_1","0.75"
"occ_11_1021_00","Parks and Recreation Manager","alternate_title","src_onet_30_1","0.75"
"occ_11_1021_00","Plant Superintendent","alternate_title","src_onet_30_1","0.75"
"occ_11_1021_00","Print Production Manager","alternate_title","src_onet_30_1","0.75"
"occ_11_1021_00","Printing Manager","alternate_title","src_onet_30_1","0.75"
"occ_11_1021_00","Prison Warden","alternate_title","src_onet_30_1","0.75"
"occ_11_1021_00","Program Director","alternate_title","src_onet_30_1","0.75"
"occ_11_1021_00","Program Manager","alternate_title","src_onet_30_1","0.75"
"occ_11_1021_00","Public Works Director","alternate_title","src_onet_30_1","0.75"
"occ_11_1021_00","Publication Director","alternate_title","src_onet_30_1","0.75"
"occ_11_1021_00","Refinery Superintendent","alternate_title","src_onet_30_1","0.75"
"occ_11_1021_00","Revenue Director","alternate_title","src_onet_30_1","0.75"
"occ_11_1021_00","Revenue Manager","alternate_title","src_onet_30_1","0.75"
"occ_11_1021_00","Roads Superintendent","alternate_title","src_onet_30_1","0.75"
"occ_11_1021_00","Shelter Director","alternate_title","src_onet_30_1","0.75"
"occ_11_1021_00","Shift Supervisor","alternate_title","src_onet_30_1","0.75"
"occ_11_1021_00","Shop Superintendent","alternate_title","src_onet_30_1","0.75"
"occ_11_1021_00","Site Operations Manager","alternate_title","src_onet_30_1","0.75"
"occ_11_1021_00","Solid Waste Manager","alternate_title","src_onet_30_1","0.75"
"occ_11_1021_00","Sports Team Manager","alternate_title","src_onet_30_1","0.75"
"occ_11_1021_00","Store Director","alternate_title","src_onet_30_1","0.75"
"occ_11_1021_00","Store Manager","alternate_title","src_onet_30_1","0.75"
"occ_11_1021_00","Street Commissioner","alternate_title","src_onet_30_1","0.75"
"occ_11_1021_00","Street Superintendent","alternate_title","src_onet_30_1","0.75"
"occ_11_1021_00","Substation Superintendent","alternate_title","src_onet_30_1","0.75"
"occ_11_1021_00","Theatre Manager","alternate_title","src_onet_30_1","0.75"
"occ_11_1021_00","Training Manager","alternate_title","src_onet_30_1","0.75"
"occ_11_1021_00","Venue Manager","alternate_title","src_onet_30_1","0.75"
"occ_11_1021_00","Water and Sewer Systems Supervisor","alternate_title","src_onet_30_1","0.75"
"occ_11_1021_00","Water Superintendent","alternate_title","src_onet_30_1","0.75"
"occ_11_1021_00","Zoo Director","alternate_title","src_onet_30_1","0.75"
"occ_11_2021_00","Account Supervisor","alternate_title","src_onet_30_1","0.75"
"occ_11_2021_00","Brand Manager","alternate_title","src_onet_30_1","0.75"
"occ_11_2021_00","Business Developer","alternate_title","src_onet_30_1","0.75"
"occ_11_2021_00","Business Development Director","alternate_title","src_onet_30_1","0.75"
"occ_11_2021_00","Business Development Manager","alternate_title","src_onet_30_1","0.75"
"occ_11_2021_00","Category Manager","alternate_title","src_onet_30_1","0.75"
"occ_11_2021_00","Channel Manager","alternate_title","src_onet_30_1","0.75"
"occ_11_2021_00","Commercial Director","alternate_title","src_onet_30_1","0.75"
"occ_11_2021_00","Commercial Lines Manager","alternate_title","src_onet_30_1","0.75"
"occ_11_2021_00","demand generation manager","manual_seed","src_onet_30_1","0.85"
"occ_11_2021_00","Digital Marketing Manager","alternate_title","src_onet_30_1","0.75"
"occ_11_2021_00","Digital Product Manager","alternate_title","src_onet_30_1","0.75"
"occ_11_2021_00","Fashion Coordinator","alternate_title","src_onet_30_1","0.75"
"occ_11_2021_00","Fashion Marketer","alternate_title","src_onet_30_1","0.75"
"occ_11_2021_00","growth marketing manager","manual_seed","src_onet_30_1","0.85"
"occ_11_2021_00","Internet Marketing Manager","alternate_title","src_onet_30_1","0.75"
"occ_11_2021_00","Market Analysis Director","alternate_title","src_onet_30_1","0.75"
"occ_11_2021_00","Market Development Executive","alternate_title","src_onet_30_1","0.75"
"occ_11_2021_00","Market Research Manager","alternate_title","src_onet_30_1","0.75"
"occ_11_2021_00","Marketing Administrator","alternate_title","src_onet_30_1","0.75"
"occ_11_2021_00","Marketing Communications Manager","alternate_title","src_onet_30_1","0.75"
"occ_11_2021_00","Marketing Coordinator","alternate_title","src_onet_30_1","0.75"
"occ_11_2021_00","Marketing Director","alternate_title","src_onet_30_1","0.75"
"occ_11_2021_00","Marketing Executive","alternate_title","src_onet_30_1","0.75"
"occ_11_2021_00","Marketing Manager","short_title","src_onet_30_1","0.95"
"occ_11_2021_00","Marketing Operations Director","alternate_title","src_onet_30_1","0.75"
"occ_11_2021_00","Marketing Product Manager","alternate_title","src_onet_30_1","0.75"
"occ_11_2021_00","Marketing Sales Supervisor","alternate_title","src_onet_30_1","0.75"
"occ_11_2021_00","Media Marketing Director","alternate_title","src_onet_30_1","0.75"
"occ_11_2021_00","Membership Director","alternate_title","src_onet_30_1","0.75"
"occ_11_2021_00","Pricing Manager","alternate_title","src_onet_30_1","0.75"
"occ_11_2021_00","Product Line Manager (PLM)","alternate_title","src_onet_30_1","0.75"
"occ_11_2021_00","Product Management Director","alternate_title","src_onet_30_1","0.75"
"occ_11_2021_00","Product Manager","alternate_title","src_onet_30_1","0.75"
"occ_11_2021_00","Product Marketing Manager","alternate_title","src_onet_30_1","0.75"
"occ_11_2021_00","Sales and Marketing Director","alternate_title","src_onet_30_1","0.75"
"occ_11_2021_00","Sales and Marketing Manager","alternate_title","src_onet_30_1","0.75"
"occ_11_2021_00","Sales and Marketing Vice President (Sales and Marketing VP)","alternate_title","src_onet_30_1","0.75"
"occ_11_2021_00","Sales Marketing Director","alternate_title","src_onet_30_1","0.75"
"occ_11_2021_00","Sustainable Products Marketing Manager","alternate_title","src_onet_30_1","0.75"
"occ_11_2021_00","Technical Product Manager","alternate_title","src_onet_30_1","0.75"
"occ_11_2021_00","World Trade and Maritime Division Manager","alternate_title","src_onet_30_1","0.75"
"occ_11_2022_00","Account Manager","alternate_title","src_onet_30_1","0.75"
"occ_11_2022_00","Area Sales Manager","alternate_title","src_onet_30_1","0.75"
"occ_11_2022_00","Area Supervisor","alternate_title","src_onet_30_1","0.75"
"occ_11_2022_00","BD Director (Business Development Director)","alternate_title","src_onet_30_1","0.75"
"occ_11_2022_00","BD Executive (Business Development Executive)","alternate_title","src_onet_30_1","0.75"
"occ_11_2022_00","BD Manager (Business Development Manager)","alternate_title","src_onet_30_1","0.75"
"occ_11_2022_00","Business Developer","alternate_title","src_onet_30_1","0.75"
"occ_11_2022_00","Channel Manager","alternate_title","src_onet_30_1","0.75"
"occ_11_2022_00","Client Relationship Manager","alternate_title","src_onet_30_1","0.75"
"occ_11_2022_00","Commercial Director","alternate_title","src_onet_30_1","0.75"
"occ_11_2022_00","Commercial Sales Manager","alternate_title","src_onet_30_1","0.75"
"occ_11_2022_00","Dealership Manager","alternate_title","src_onet_30_1","0.75"
"occ_11_2022_00","Department Store Manager","alternate_title","src_onet_30_1","0.75"
"occ_11_2022_00","District Manager","alternate_title","src_onet_30_1","0.75"
"occ_11_2022_00","District Sales Manager","alternate_title","src_onet_30_1","0.75"
"occ_11_2022_00","Division Manager","alternate_title","src_onet_30_1","0.75"
"occ_11_2022_00","E-Commerce Director (Electronic Commerce Director)","alternate_title","src_onet_30_1","0.75"
"occ_11_2022_00","Export Manager","alternate_title","src_onet_30_1","0.75"
"occ_11_2022_00","Fractional Sales Executive","alternate_title","src_onet_30_1","0.75"
"occ_11_2022_00","Global Account Manager (GAM)","alternate_title","src_onet_30_1","0.75"
"occ_11_2022_00","Hotel Sales Manager","alternate_title","src_onet_30_1","0.75"
"occ_11_2022_00","Import Export Manager","alternate_title","src_onet_30_1","0.75"
"occ_11_2022_00","Inside Sales Manager","alternate_title","src_onet_30_1","0.75"
"occ_11_2022_00","Marketing Sales Supervisor","alternate_title","src_onet_30_1","0.75"
"occ_11_2022_00","National Account Manager","alternate_title","src_onet_30_1","0.75"
"occ_11_2022_00","National Sales Manager","alternate_title","src_onet_30_1","0.75"
"occ_11_2022_00","Professional Equipment Sales and Service Manager","alternate_title","src_onet_30_1","0.75"
"occ_11_2022_00","Regional Director","alternate_title","src_onet_30_1","0.75"
"occ_11_2022_00","Regional Manager","alternate_title","src_onet_30_1","0.75"
"occ_11_2022_00","Regional Sales Director","alternate_title","src_onet_30_1","0.75"
"occ_11_2022_00","Regional Sales Manager","alternate_title","src_onet_30_1","0.75"
"occ_11_2022_00","Retail Chain Store Area Supervisor","alternate_title","src_onet_30_1","0.75"
"occ_11_2022_00","Retail District Manager","alternate_title","src_onet_30_1","0.75"
"occ_11_2022_00","revenue manager","manual_seed","src_onet_30_1","0.85"
"occ_11_2022_00","Sales Account Manager","alternate_title","src_onet_30_1","0.75"
"occ_11_2022_00","Sales and Marketing Director","alternate_title","src_onet_30_1","0.75"
"occ_11_2022_00","Sales and Marketing Manager","alternate_title","src_onet_30_1","0.75"
"occ_11_2022_00","Sales and Marketing VP (Sales and Marketing Vice President)","alternate_title","src_onet_30_1","0.75"
"occ_11_2022_00","Sales Coordinator","alternate_title","src_onet_30_1","0.75"
"occ_11_2022_00","Sales Director","alternate_title","src_onet_30_1","0.75"
"occ_11_2022_00","Sales Manager","alternate_title","src_onet_30_1","0.75"
"occ_11_2022_00","Sales Operations Manager (Sales Ops Manager)","alternate_title","src_onet_30_1","0.75"
"occ_11_2022_00","Sales Promotion Manager","alternate_title","src_onet_30_1","0.75"
"occ_11_2022_00","Sales Supervisor","alternate_title","src_onet_30_1","0.75"
"occ_11_2022_00","Sales VP (Sales Vice President)","alternate_title","src_onet_30_1","0.75"
"occ_11_2022_00","Territory Manager","alternate_title","src_onet_30_1","0.75"
"occ_11_2022_00","Territory Sales Manager","alternate_title","src_onet_30_1","0.75"
"occ_11_2022_00","Utility Sales and Service Manager","alternate_title","src_onet_30_1","0.75"
"occ_11_2022_00","Vehicle Leasing and Rental Manager","alternate_title","src_onet_30_1","0.75"
"occ_11_2022_00","Zone Manager","alternate_title","src_onet_30_1","0.75"
"occ_11_3021_00","Application Development Director","alternate_title","src_onet_30_1","0.75"
"occ_11_3021_00","Chief Information Security Officer (CISO)","alternate_title","src_onet_30_1","0.75"
"occ_11_3021_00","Computer and Information Systems Manager","alternate_title","src_onet_30_1","0.75"
"occ_11_3021_00","Computer Operations Manager","alternate_title","src_onet_30_1","0.75"
"occ_11_3021_00","Computer Programming Manager","alternate_title","src_onet_30_1","0.75"
"occ_11_3021_00","Computer Security Manager","alternate_title","src_onet_30_1","0.75"
"occ_11_3021_00","Computer Systems Information Director","alternate_title","src_onet_30_1","0.75"
"occ_11_3021_00","Computing Services Director","alternate_title","src_onet_30_1","0.75"
"occ_11_3021_00","Consulting Technical Director","alternate_title","src_onet_30_1","0.75"
"occ_11_3021_00","Cyber Workforce Manager","alternate_title","src_onet_30_1","0.75"
"occ_11_3021_00","Cybersecurity All-Source Collection Manager","alternate_title","src_onet_30_1","0.75"
"occ_11_3021_00","Cybersecurity All-Source Collection Requirements Manager","alternate_title","src_onet_30_1","0.75"
"occ_11_3021_00","Data Center Manager","alternate_title","src_onet_30_1","0.75"
"occ_11_3021_00","Data Operations Director","alternate_title","src_onet_30_1","0.75"
"occ_11_3021_00","Data Processing Manager","alternate_title","src_onet_30_1","0.75"
"occ_11_3021_00","Data Systems Manager","alternate_title","src_onet_30_1","0.75"
"occ_11_3021_00","Development Manager","alternate_title","src_onet_30_1","0.75"
"occ_11_3021_00","Digital Transformation Director","alternate_title","src_onet_30_1","0.75"
"occ_11_3021_00","Enterprise Architecture Director","alternate_title","src_onet_30_1","0.75"
"occ_11_3021_00","Enterprise Architecture Manager","alternate_title","src_onet_30_1","0.75"
"occ_11_3021_00","Information Security Manager","alternate_title","src_onet_30_1","0.75"
"occ_11_3021_00","Information Services Manager","alternate_title","src_onet_30_1","0.75"
"occ_11_3021_00","Information Support Project Manager","alternate_title","src_onet_30_1","0.75"
"occ_11_3021_00","Information Systems Administrator","alternate_title","src_onet_30_1","0.75"
"occ_11_3021_00","Information Systems Director (IS Director)","alternate_title","src_onet_30_1","0.75"
"occ_11_3021_00","information systems manager","manual_seed","src_onet_30_1","0.85"
"occ_11_3021_00","Information Systems Manager (IS Manager)","alternate_title","src_onet_30_1","0.75"
"occ_11_3021_00","Information Systems Operator","alternate_title","src_onet_30_1","0.75"
"occ_11_3021_00","Information Systems Supervisor (IS Supervisor)","alternate_title","src_onet_30_1","0.75"
"occ_11_3021_00","Information Technology Account Manager (IT Account Manager)","alternate_title","src_onet_30_1","0.75"
"occ_11_3021_00","Information Technology Administrator (IT Administrator)","alternate_title","src_onet_30_1","0.75"
"occ_11_3021_00","Information Technology Coordinator (IT Coordinator)","alternate_title","src_onet_30_1","0.75"
"occ_11_3021_00","Information Technology Director (IT Director)","alternate_title","src_onet_30_1","0.75"
"occ_11_3021_00","Information Technology Manager (IT Manager)","alternate_title","src_onet_30_1","0.75"
"occ_11_3021_00","Information Technology Systems Director (ITS Director)","alternate_title","src_onet_30_1","0.75"
"occ_11_3021_00","Interactive Media Project Manager","alternate_title","src_onet_30_1","0.75"
"occ_11_3021_00","Internet and E-Business Project Manager","alternate_title","src_onet_30_1","0.75"
"occ_11_3021_00","Internet Technology Manager","alternate_title","src_onet_30_1","0.75"
"occ_11_3021_00","IT Infrastructure Director (Information Technology Infrastructure Director)","alternate_title","src_onet_30_1","0.75"
"occ_11_3021_00","IT Manager","short_title","src_onet_30_1","0.95"
"occ_11_3021_00","IT Portfolio Manager (Information Technology Portfolio Manager)","alternate_title","src_onet_30_1","0.75"
"occ_11_3021_00","Knowledge Manager","alternate_title","src_onet_30_1","0.75"
"occ_11_3021_00","MIS Director (Management Information Systems Director)","alternate_title","src_onet_30_1","0.75"
"occ_11_3021_00","Network Director","alternate_title","src_onet_30_1","0.75"
"occ_11_3021_00","Network Manager","alternate_title","src_onet_30_1","0.75"
"occ_11_3021_00","Product Solutions Manager","alternate_title","src_onet_30_1","0.75"
"occ_11_3021_00","Product Support Manager","alternate_title","src_onet_30_1","0.75"
"occ_11_3021_00","Programming and Software Development Project Manager","alternate_title","src_onet_30_1","0.75"
"occ_11_3021_00","Software Development Director","alternate_title","src_onet_30_1","0.75"
"occ_11_3021_00","Software Engineering Director","alternate_title","src_onet_30_1","0.75"
"occ_11_3021_00","Software Project Manager","alternate_title","src_onet_30_1","0.75"
"occ_11_3021_00","System Development Manager","alternate_title","src_onet_30_1","0.75"
"occ_11_3021_00","Systems Development Manager","alternate_title","src_onet_30_1","0.75"
"occ_11_3021_00","Systems Engineering Manager","alternate_title","src_onet_30_1","0.75"
"occ_11_3021_00","Systems Tester Administrator","alternate_title","src_onet_30_1","0.75"
"occ_11_3021_00","Technical Director","alternate_title","src_onet_30_1","0.75"
"occ_11_3021_00","Technical Services Manager","alternate_title","src_onet_30_1","0.75"
"occ_11_3021_00","Technical Solutions Director","alternate_title","src_onet_30_1","0.75"
"occ_11_3021_00","Technical Support Content Manager","alternate_title","src_onet_30_1","0.75"
"occ_11_3021_00","Technology Director","alternate_title","src_onet_30_1","0.75"
"occ_11_3021_00","technology manager","manual_seed","src_onet_30_1","0.85"
"occ_11_3031_00","Accountant Supervisor","alternate_title","src_onet_30_1","0.75"
"occ_11_3031_00","Accounting Director","alternate_title","src_onet_30_1","0.75"
"occ_11_3031_00","Accounting Manager","alternate_title","src_onet_30_1","0.75"
"occ_11_3031_00","Accounting Supervisor","alternate_title","src_onet_30_1","0.75"
"occ_11_3031_00","Accounts Manager","alternate_title","src_onet_30_1","0.75"
"occ_11_3031_00","Accounts Payable Manager","alternate_title","src_onet_30_1","0.75"
"occ_11_3031_00","Accounts Supervisor","alternate_title","src_onet_30_1","0.75"
"occ_11_3031_00","Actuarial Manager","alternate_title","src_onet_30_1","0.75"
"occ_11_3031_00","Asset Manager","alternate_title","src_onet_30_1","0.75"
"occ_11_3031_00","ATM Manager (Automated Teller Machine Manager)","alternate_title","src_onet_30_1","0.75"
"occ_11_3031_00","Auditing Manager","alternate_title","src_onet_30_1","0.75"
"occ_11_3031_00","Auditor Supervisor","alternate_title","src_onet_30_1","0.75"
"occ_11_3031_00","Auto Finance Manager (Automotive Finance Manager)","alternate_title","src_onet_30_1","0.75"
"occ_11_3031_00","Bank Branch Manager","alternate_title","src_onet_30_1","0.75"
"occ_11_3031_00","Bank Manager","alternate_title","src_onet_30_1","0.75"
"occ_11_3031_00","Banking Branch Manager","alternate_title","src_onet_30_1","0.75"
"occ_11_3031_00","Banking Center Manager (BCM)","alternate_title","src_onet_30_1","0.75"
"occ_11_3031_00","Banking Manager","alternate_title","src_onet_30_1","0.75"
"occ_11_3031_00","Banking Supervisor","alternate_title","src_onet_30_1","0.75"
"occ_11_3031_00","Branch Manager","alternate_title","src_onet_30_1","0.75"
"occ_11_3031_00","budget manager","manual_seed","src_onet_30_1","0.85"
"occ_11_3031_00","Business Banking Manager","alternate_title","src_onet_30_1","0.75"
"occ_11_3031_00","Cash Manager","alternate_title","src_onet_30_1","0.75"
"occ_11_3031_00","City Comptroller","alternate_title","src_onet_30_1","0.75"
"occ_11_3031_00","Collections Manager","alternate_title","src_onet_30_1","0.75"
"occ_11_3031_00","Comptroller","alternate_title","src_onet_30_1","0.75"
"occ_11_3031_00","Cost Accounting Manager","alternate_title","src_onet_30_1","0.75"
"occ_11_3031_00","Credit Administration Manager","alternate_title","src_onet_30_1","0.75"
"occ_11_3031_00","Credit and Collection Manager","alternate_title","src_onet_30_1","0.75"
"occ_11_3031_00","Credit Department Manager","alternate_title","src_onet_30_1","0.75"
"occ_11_3031_00","Credit Manager","alternate_title","src_onet_30_1","0.75"
"occ_11_3031_00","Credit Office Manager","alternate_title","src_onet_30_1","0.75"
"occ_11_3031_00","Credit Union Manager","alternate_title","src_onet_30_1","0.75"
"occ_11_3031_00","District Branch Manager","alternate_title","src_onet_30_1","0.75"
"occ_11_3031_00","Exchange Floor Manager","alternate_title","src_onet_30_1","0.75"
"occ_11_3031_00","Finance Director","alternate_title","src_onet_30_1","0.75"
"occ_11_3031_00","Finance Manager","alternate_title","src_onet_30_1","0.75"
"occ_11_3031_00","Financial Center Manager","alternate_title","src_onet_30_1","0.75"
"occ_11_3031_00","Financial Director","alternate_title","src_onet_30_1","0.75"
"occ_11_3031_00","Financial Institution Branch Manager","alternate_title","src_onet_30_1","0.75"
"occ_11_3031_00","Financial Institution Manager","alternate_title","src_onet_30_1","0.75"
"occ_11_3031_00","Financial Manager","short_title","src_onet_30_1","0.95"
"occ_11_3031_00","Financial Officer","alternate_title","src_onet_30_1","0.75"
"occ_11_3031_00","Financial Planning and Analysis Manager","alternate_title","src_onet_30_1","0.75"
"occ_11_3031_00","Financial Planning Manager","alternate_title","src_onet_30_1","0.75"
"occ_11_3031_00","Financial Reporting Manager","alternate_title","src_onet_30_1","0.75"
"occ_11_3031_00","Financial Supervisor","alternate_title","src_onet_30_1","0.75"
"occ_11_3031_00","Financial Systems Manager","alternate_title","src_onet_30_1","0.75"
"occ_11_3031_00","Fiscal Manager","alternate_title","src_onet_30_1","0.75"
"occ_11_3031_00","International Bank Manager","alternate_title","src_onet_30_1","0.75"
"occ_11_3031_00","Investment Manager","alternate_title","src_onet_30_1","0.75"
"occ_11_3031_00","Paymaster","alternate_title","src_onet_30_1","0.75"
"occ_11_3031_00","Reimbursement Director","alternate_title","src_onet_30_1","0.75"
"occ_11_3031_00","Residential Mortgage Manager","alternate_title","src_onet_30_1","0.75"
"occ_11_3031_00","Revenue Cycle Manager","alternate_title","src_onet_30_1","0.75"
"occ_11_3031_00","Risk and Insurance Manager","alternate_title","src_onet_30_1","0.75"
"occ_11_3031_00","Risk Management Director","alternate_title","src_onet_30_1","0.75"
"occ_11_3031_00","Tax Director","alternate_title","src_onet_30_1","0.75"
"occ_11_3031_00","Tax Manager","alternate_title","src_onet_30_1","0.75"
"occ_11_3071_00","Aerial Planting and Cultivation Manager","alternate_title","src_onet_30_1","0.75"
"occ_11_3071_00","Air Export Logistics Manager","alternate_title","src_onet_30_1","0.75"
"occ_11_3071_00","Airport Manager","alternate_title","src_onet_30_1","0.75"
"occ_11_3071_00","Ammunition Storage Superintendent","alternate_title","src_onet_30_1","0.75"
"occ_11_3071_00","Area Manager","alternate_title","src_onet_30_1","0.75"
"occ_11_3071_00","Auto Fleet Manager","alternate_title","src_onet_30_1","0.75"
"occ_11_3071_00","Automotive Services Manager","alternate_title","src_onet_30_1","0.75"
"occ_11_3071_00","Bridges Supervisor","alternate_title","src_onet_30_1","0.75"
"occ_11_3071_00","Building Supervisor","alternate_title","src_onet_30_1","0.75"
"occ_11_3071_00","Bulk Plant Manager","alternate_title","src_onet_30_1","0.75"
"occ_11_3071_00","Bus Transportation Manager","alternate_title","src_onet_30_1","0.75"
"occ_11_3071_00","Canal Superintendent","alternate_title","src_onet_30_1","0.75"
"occ_11_3071_00","Car Inspection and Repair Manager","alternate_title","src_onet_30_1","0.75"
"occ_11_3071_00","Cargo and Ramp Services Manager","alternate_title","src_onet_30_1","0.75"
"occ_11_3071_00","Chief Wharfinger","alternate_title","src_onet_30_1","0.75"
"occ_11_3071_00","Cold Storage Supervisor","alternate_title","src_onet_30_1","0.75"
"occ_11_3071_00","Communications and Signals Supervisor","alternate_title","src_onet_30_1","0.75"
"occ_11_3071_00","Compressor Stations Superintendent","alternate_title","src_onet_30_1","0.75"
"occ_11_3071_00","Contract Manager","alternate_title","src_onet_30_1","0.75"
"occ_11_3071_00","Corporate Logistics Manager","alternate_title","src_onet_30_1","0.75"
"occ_11_3071_00","Corporate Traffic Manager","alternate_title","src_onet_30_1","0.75"
"occ_11_3071_00","Customer Logistics Manager","alternate_title","src_onet_30_1","0.75"
"occ_11_3071_00","Delivery Manager","alternate_title","src_onet_30_1","0.75"
"occ_11_3071_00","Dispatch Manager","alternate_title","src_onet_30_1","0.75"
"occ_11_3071_00","Distribution Center Manager","alternate_title","src_onet_30_1","0.75"
"occ_11_3071_00","Distribution Center Operations Manager","alternate_title","src_onet_30_1","0.75"
"occ_11_3071_00","Distribution Center Supervisor","alternate_title","src_onet_30_1","0.75"
"occ_11_3071_00","Distribution Coordinator","alternate_title","src_onet_30_1","0.75"
"occ_11_3071_00","Distribution Manager","short_title","src_onet_30_1","0.95"
"occ_11_3071_00","Distribution Superintendent","alternate_title","src_onet_30_1","0.75"
"occ_11_3071_00","Division Road Supervisor","alternate_title","src_onet_30_1","0.75"
"occ_11_3071_00","Division Roadmaster","alternate_title","src_onet_30_1","0.75"
"occ_11_3071_00","Dock Superintendent","alternate_title","src_onet_30_1","0.75"
"occ_11_3071_00","Dockmaster","alternate_title","src_onet_30_1","0.75"
"occ_11_3071_00","Driver Manager","alternate_title","src_onet_30_1","0.75"
"occ_11_3071_00","Fleet Manager","alternate_title","src_onet_30_1","0.75"
"occ_11_3071_00","Flight Control Manager","alternate_title","src_onet_30_1","0.75"
"occ_11_3071_00","Flight Operations Manager","alternate_title","src_onet_30_1","0.75"
"occ_11_3071_00","Flight Reservations Manager","alternate_title","src_onet_30_1","0.75"
"occ_11_3071_00","Flight Superintendent","alternate_title","src_onet_30_1","0.75"
"occ_11_3071_00","Freight Coordinator","alternate_title","src_onet_30_1","0.75"
"occ_11_3071_00","Fulfillment Manager","alternate_title","src_onet_30_1","0.75"
"occ_11_3071_00","General Car Yard Supervisor","alternate_title","src_onet_30_1","0.75"
"occ_11_3071_00","General Road Foreman","alternate_title","src_onet_30_1","0.75"
"occ_11_3071_00","General Road Supervisor","alternate_title","src_onet_30_1","0.75"
"occ_11_3071_00","Global Logistics Manager","alternate_title","src_onet_30_1","0.75"
"occ_11_3071_00","Global Transportation Manager","alternate_title","src_onet_30_1","0.75"
"occ_11_3071_00","Harbor Department Manager","alternate_title","src_onet_30_1","0.75"
"occ_11_3071_00","Import Coordinator","alternate_title","src_onet_30_1","0.75"
"occ_11_3071_00","Import Export Manager","alternate_title","src_onet_30_1","0.75"
"occ_11_3071_00","Import Manager","alternate_title","src_onet_30_1","0.75"
"occ_11_3071_00","Integrated Logistics Programs Director","alternate_title","src_onet_30_1","0.75"
"occ_11_3071_00","Integrated Logistics Support Manager (ILS Manager)","alternate_title","src_onet_30_1","0.75"
"occ_11_3071_00","International Logistics Manager","alternate_title","src_onet_30_1","0.75"
"occ_11_3071_00","Inventory Control Manager","alternate_title","src_onet_30_1","0.75"
"occ_11_3071_00","Load Out Supervisor","alternate_title","src_onet_30_1","0.75"
"occ_11_3071_00","Logistics Analytics Manager","alternate_title","src_onet_30_1","0.75"
"occ_11_3071_00","Logistics and Planning Manager","alternate_title","src_onet_30_1","0.75"
"occ_11_3071_00","Logistics Coordinator","alternate_title","src_onet_30_1","0.75"
"occ_11_3071_00","Logistics Director","alternate_title","src_onet_30_1","0.75"
"occ_11_3071_00","Logistics Management Specialist","alternate_title","src_onet_30_1","0.75"
"occ_11_3071_00","logistics manager","manual_seed","src_onet_30_1","0.85"
"occ_11_3071_00","Logistics Operations Director","alternate_title","src_onet_30_1","0.75"
"occ_11_3071_00","Logistics Operations Manager","alternate_title","src_onet_30_1","0.75"
"occ_11_3071_00","Logistics Solution Manager","alternate_title","src_onet_30_1","0.75"
"occ_11_3071_00","Logistics Supervisor","alternate_title","src_onet_30_1","0.75"
"occ_11_3071_00","Logistics Supply Officer","alternate_title","src_onet_30_1","0.75"
"occ_11_3071_00","Logistics Team Leader","alternate_title","src_onet_30_1","0.75"
"occ_11_3071_00","Logistics Vice President","alternate_title","src_onet_30_1","0.75"
"occ_11_3071_00","Marine Oil Terminal Superintendent","alternate_title","src_onet_30_1","0.75"
"occ_11_3071_00","Marine Superintendent","alternate_title","src_onet_30_1","0.75"
"occ_11_3071_00","Measurement Superintendent","alternate_title","src_onet_30_1","0.75"
"occ_11_3071_00","Operations Director","alternate_title","src_onet_30_1","0.75"
"occ_11_3071_00","Pipelines Superintendent","alternate_title","src_onet_30_1","0.75"
"occ_11_3071_00","Port Traffic Manager","alternate_title","src_onet_30_1","0.75"
"occ_11_3071_00","Print Traffic Manager","alternate_title","src_onet_30_1","0.75"
"occ_11_3071_00","Railroad Car Inspection and Repair Regional Superintendent","alternate_title","src_onet_30_1","0.75"
"occ_11_3071_00","Receiving Manager","alternate_title","src_onet_30_1","0.75"
"occ_11_3071_00","Schedule Planning Manager","alternate_title","src_onet_30_1","0.75"
"occ_11_3071_00","Service Delivery Manager","alternate_title","src_onet_30_1","0.75"
"occ_11_3071_00","Sewer System Supervisor","alternate_title","src_onet_30_1","0.75"
"occ_11_3071_00","Shipping Coordinator","alternate_title","src_onet_30_1","0.75"
"occ_11_3071_00","Shipping Manager","alternate_title","src_onet_30_1","0.75"
"occ_11_3071_00","Shipping Receiving Manager","alternate_title","src_onet_30_1","0.75"
"occ_11_3071_00","Shipping Supervisor","alternate_title","src_onet_30_1","0.75"
"occ_11_3071_00","Station Manager","alternate_title","src_onet_30_1","0.75"
"occ_11_3071_00","Station Master","alternate_title","src_onet_30_1","0.75"
"occ_11_3071_00","Station Supervisor","alternate_title","src_onet_30_1","0.75"
"occ_11_3071_00","Stations Superintendent","alternate_title","src_onet_30_1","0.75"
"occ_11_3071_00","Storage and Distribution Manager","alternate_title","src_onet_30_1","0.75"
"occ_11_3071_00","Storage Manager","alternate_title","src_onet_30_1","0.75"
"occ_11_3071_00","Substation Manager","alternate_title","src_onet_30_1","0.75"
"occ_11_3071_00","Supply Chain Logistics Manager","alternate_title","src_onet_30_1","0.75"
"occ_11_3071_00","supply chain manager","manual_seed","src_onet_30_1","0.85"
"occ_11_3071_00","Telegraph Office Manager","alternate_title","src_onet_30_1","0.75"
"occ_11_3071_00","Terminal Manager","alternate_title","src_onet_30_1","0.75"
"occ_11_3071_00","Terminal Operations Supervisor","alternate_title","src_onet_30_1","0.75"
"occ_11_3071_00","Terminal Superintendent","alternate_title","src_onet_30_1","0.75"
"occ_11_3071_00","Traffic Director","alternate_title","src_onet_30_1","0.75"
"occ_11_3071_00","Traffic Manager","alternate_title","src_onet_30_1","0.75"
"occ_11_3071_00","Traffic Superintendent","alternate_title","src_onet_30_1","0.75"
"occ_11_3071_00","Traffic Supervisor","alternate_title","src_onet_30_1","0.75"
"occ_11_3071_00","Train Master","alternate_title","src_onet_30_1","0.75"
"occ_11_3071_00","Train Operations Manager","alternate_title","src_onet_30_1","0.75"
"occ_11_3071_00","Train Operations Supervisor","alternate_title","src_onet_30_1","0.75"
"occ_11_3071_00","Trainmaster","alternate_title","src_onet_30_1","0.75"
"occ_11_3071_00","Transportation Coordinator","alternate_title","src_onet_30_1","0.75"
"occ_11_3071_00","Transportation Director","alternate_title","src_onet_30_1","0.75"
"occ_11_3071_00","Transportation Maintenance Supervisor","alternate_title","src_onet_30_1","0.75"
"occ_11_3071_00","Transportation Manager","alternate_title","src_onet_30_1","0.75"
"occ_11_3071_00","Transportation Program Director","alternate_title","src_onet_30_1","0.75"
"occ_11_3071_00","Transportation Project Manager","alternate_title","src_onet_30_1","0.75"
"occ_11_3071_00","Transportation Specialist","alternate_title","src_onet_30_1","0.75"
"occ_11_3071_00","Transportation Superintendent","alternate_title","src_onet_30_1","0.75"
"occ_11_3071_00","Transportation Supervisor","alternate_title","src_onet_30_1","0.75"
"occ_11_3071_00","Truck Terminal Manager","alternate_title","src_onet_30_1","0.75"
"occ_11_3071_00","Warehouse Foreman","alternate_title","src_onet_30_1","0.75"
"occ_11_3071_00","Warehouse Manager","alternate_title","src_onet_30_1","0.75"
"occ_11_3071_00","Warehouse Operations Manager","alternate_title","src_onet_30_1","0.75"
"occ_11_3071_00","Warehouse Shift Supervisor","alternate_title","src_onet_30_1","0.75"
"occ_11_3071_00","Warehouse Supervisor","alternate_title","src_onet_30_1","0.75"
"occ_11_3071_00","Water and Sewer Systems Superintendent","alternate_title","src_onet_30_1","0.75"
"occ_11_3071_00","Waterworks Supervisor","alternate_title","src_onet_30_1","0.75"
"occ_11_3071_00","Wharfinger","alternate_title","src_onet_30_1","0.75"
"occ_11_3071_00","Wharfmaster","alternate_title","src_onet_30_1","0.75"
"occ_11_3121_00","Diversity and Inclusion Director","alternate_title","src_onet_30_1","0.75"
"occ_11_3121_00","Diversity Manager","alternate_title","src_onet_30_1","0.75"
"occ_11_3121_00","Efficiency Manager","alternate_title","src_onet_30_1","0.75"
"occ_11_3121_00","Employee Relations Manager","alternate_title","src_onet_30_1","0.75"
"occ_11_3121_00","Employee Welfare Manager","alternate_title","src_onet_30_1","0.75"
"occ_11_3121_00","Employment Manager","alternate_title","src_onet_30_1","0.75"
"occ_11_3121_00","HR Admin Director (Human Resources Administration Director)","alternate_title","src_onet_30_1","0.75"
"occ_11_3121_00","HR Coordinator (Human Resources Coordinator)","alternate_title","src_onet_30_1","0.75"
"occ_11_3121_00","HR Department Supervisor (Human Resources Department Supervisor)","alternate_title","src_onet_30_1","0.75"
"occ_11_3121_00","HR Director (Human Resources Director)","alternate_title","src_onet_30_1","0.75"
"occ_11_3121_00","HR Manager","short_title","src_onet_30_1","0.95"
"occ_11_3121_00","HR Manager (Human Resources Manager)","alternate_title","src_onet_30_1","0.75"
"occ_11_3121_00","HR Ops Manager (Human Resources Operations Manager)","alternate_title","src_onet_30_1","0.75"
"occ_11_3121_00","HR Supervisor (Human Resources Supervisor)","alternate_title","src_onet_30_1","0.75"
"occ_11_3121_00","HR VP (Human Resources Vice President)","alternate_title","src_onet_30_1","0.75"
"occ_11_3121_00","human resources manager","manual_seed","src_onet_30_1","0.85"
"occ_11_3121_00","Human Services Manager","alternate_title","src_onet_30_1","0.75"
"occ_11_3121_00","Industrial Relations Director","alternate_title","src_onet_30_1","0.75"
"occ_11_3121_00","Industrial Relations Manager","alternate_title","src_onet_30_1","0.75"
"occ_11_3121_00","Labor Relations Director","alternate_title","src_onet_30_1","0.75"
"occ_11_3121_00","Labor Relations Manager","alternate_title","src_onet_30_1","0.75"
"occ_11_3121_00","people operations manager","manual_seed","src_onet_30_1","0.85"
"occ_11_3121_00","Personnel Director","alternate_title","src_onet_30_1","0.75"
"occ_11_3121_00","Personnel Generalist Manager","alternate_title","src_onet_30_1","0.75"
"occ_11_3121_00","Personnel Manager","alternate_title","src_onet_30_1","0.75"
"occ_11_3121_00","Placement Director","alternate_title","src_onet_30_1","0.75"
"occ_11_3121_00","Position Description Manager","alternate_title","src_onet_30_1","0.75"
"occ_11_3121_00","Recruiting Manager","alternate_title","src_onet_30_1","0.75"
"occ_11_3121_00","Recruitment Director","alternate_title","src_onet_30_1","0.75"
"occ_11_3121_00","Recruitment Manager","alternate_title","src_onet_30_1","0.75"
"occ_11_3121_00","Staffing Manager","alternate_title","src_onet_30_1","0.75"
"occ_11_3121_00","Talent Acquisition Director","alternate_title","src_onet_30_1","0.75"
"occ_11_3121_00","Talent Acquisition Manager","alternate_title","src_onet_30_1","0.75"
"occ_11_3121_00","Workforce Manager","alternate_title","src_onet_30_1","0.75"
"occ_11_9041_00","Architect Manager","alternate_title","src_onet_30_1","0.75"
"occ_11_9041_00","Architectural Project Manager","alternate_title","src_onet_30_1","0.75"
"occ_11_9041_00","Civil Engineering Manager","alternate_title","src_onet_30_1","0.75"
"occ_11_9041_00","Civil Project Manager (Civil PM)","alternate_title","src_onet_30_1","0.75"
"occ_11_9041_00","Data Engineering Director","alternate_title","src_onet_30_1","0.75"
"occ_11_9041_00","Data Engineering Manager","alternate_title","src_onet_30_1","0.75"
"occ_11_9041_00","Electrical Engineering Director","alternate_title","src_onet_30_1","0.75"
"occ_11_9041_00","Electrical Engineering Manager","alternate_title","src_onet_30_1","0.75"
"occ_11_9041_00","Electrical Project Manager (Electrical PM)","alternate_title","src_onet_30_1","0.75"
"occ_11_9041_00","Electronics Engineering Manager","alternate_title","src_onet_30_1","0.75"
"occ_11_9041_00","Engineering Design Manager","alternate_title","src_onet_30_1","0.75"
"occ_11_9041_00","Engineering Director","alternate_title","src_onet_30_1","0.75"
"occ_11_9041_00","Engineering Group Manager","alternate_title","src_onet_30_1","0.75"
"occ_11_9041_00","Engineering Manager","short_title","src_onet_30_1","0.95"
"occ_11_9041_00","Engineering Program Manager","alternate_title","src_onet_30_1","0.75"
"occ_11_9041_00","Engineering Project Manager","alternate_title","src_onet_30_1","0.75"
"occ_11_9041_00","Engineering Project Specialist","alternate_title","src_onet_30_1","0.75"
"occ_11_9041_00","Engineering Research Manager","alternate_title","src_onet_30_1","0.75"
"occ_11_9041_00","Engineering Supervisor","alternate_title","src_onet_30_1","0.75"
"occ_11_9041_00","Environmental Engineering Manager","alternate_title","src_onet_30_1","0.75"
"occ_11_9041_00","Global Engineering Manager","alternate_title","src_onet_30_1","0.75"
"occ_11_9041_00","Mechanical Engineering Director","alternate_title","src_onet_30_1","0.75"
"occ_11_9041_00","Mechanical Engineering Manager","alternate_title","src_onet_30_1","0.75"
"occ_11_9041_00","Mechanical Project Manager (MPM)","alternate_title","src_onet_30_1","0.75"
"occ_11_9041_00","Process Engineering Manager","alternate_title","src_onet_30_1","0.75"
"occ_11_9041_00","Product Development Director","alternate_title","src_onet_30_1","0.75"
"occ_11_9041_00","Project Coordinator","alternate_title","src_onet_30_1","0.75"
"occ_11_9041_00","Project Engineering Manager","alternate_title","src_onet_30_1","0.75"
"occ_11_9041_00","Project Manager","alternate_title","src_onet_30_1","0.75"
"occ_11_9041_00","Prototype Engineer Manager","alternate_title","src_onet_30_1","0.75"
"occ_11_9041_00","Research and Development Manager (R&D Manager)","alternate_title","src_onet_30_1","0.75"
"occ_11_9041_00","Research Development Manager","alternate_title","src_onet_30_1","0.75"
"occ_11_9041_00","Research Manager","alternate_title","src_onet_30_1","0.75"
"occ_11_9041_00","technical manager","manual_seed","src_onet_30_1","0.85"
"occ_11_9041_00","Transmitter Engineer-in-Charge","alternate_title","src_onet_30_1","0.75"
"occ_11_9141_00","Apartment Community Manager","alternate_title","src_onet_30_1","0.75"
"occ_11_9141_00","Apartment House Manager","alternate_title","src_onet_30_1","0.75"
"occ_11_9141_00","Apartment Manager","alternate_title","src_onet_30_1","0.75"
"occ_11_9141_00","Apartment Property Manager","alternate_title","src_onet_30_1","0.75"
"occ_11_9141_00","Building Rental Manager","alternate_title","src_onet_30_1","0.75"
"occ_11_9141_00","Building Rental Superintendent","alternate_title","src_onet_30_1","0.75"
"occ_11_9141_00","Building Superintendent","alternate_title","src_onet_30_1","0.75"
"occ_11_9141_00","Cemetery Manager","alternate_title","src_onet_30_1","0.75"
"occ_11_9141_00","Commercial Property Manager","alternate_title","src_onet_30_1","0.75"
"occ_11_9141_00","Community Association Manager","alternate_title","src_onet_30_1","0.75"
"occ_11_9141_00","Community Director","alternate_title","src_onet_30_1","0.75"
"occ_11_9141_00","Community Manager","alternate_title","src_onet_30_1","0.75"
"occ_11_9141_00","Condominium Association Manager","alternate_title","src_onet_30_1","0.75"
"occ_11_9141_00","Condominium Manager","alternate_title","src_onet_30_1","0.75"
"occ_11_9141_00","Cooperative Manager","alternate_title","src_onet_30_1","0.75"
"occ_11_9141_00","District Manager","alternate_title","src_onet_30_1","0.75"
"occ_11_9141_00","Facility Manager","alternate_title","src_onet_30_1","0.75"
"occ_11_9141_00","Homeowner Association Manager","alternate_title","src_onet_30_1","0.75"
"occ_11_9141_00","Housing Director","alternate_title","src_onet_30_1","0.75"
"occ_11_9141_00","Housing Manager","alternate_title","src_onet_30_1","0.75"
"occ_11_9141_00","Housing Project Manager","alternate_title","src_onet_30_1","0.75"
"occ_11_9141_00","Land Acquisition Manager","alternate_title","src_onet_30_1","0.75"
"occ_11_9141_00","Land Commissioner","alternate_title","src_onet_30_1","0.75"
"occ_11_9141_00","Land Development Manager","alternate_title","src_onet_30_1","0.75"
"occ_11_9141_00","Land Leases and Rentals Manager","alternate_title","src_onet_30_1","0.75"
"occ_11_9141_00","Landlady","alternate_title","src_onet_30_1","0.75"
"occ_11_9141_00","Landlord","alternate_title","src_onet_30_1","0.75"
"occ_11_9141_00","Landman","alternate_title","src_onet_30_1","0.75"
"occ_11_9141_00","Lease Administration Supervisor","alternate_title","src_onet_30_1","0.75"
"occ_11_9141_00","Lease Administrator","alternate_title","src_onet_30_1","0.75"
"occ_11_9141_00","Lease Buyer","alternate_title","src_onet_30_1","0.75"
"occ_11_9141_00","Lease Operator","alternate_title","src_onet_30_1","0.75"
"occ_11_9141_00","Leaser","alternate_title","src_onet_30_1","0.75"
"occ_11_9141_00","Leasing Manager","alternate_title","src_onet_30_1","0.75"
"occ_11_9141_00","Leasing Property Manager","alternate_title","src_onet_30_1","0.75"
"occ_11_9141_00","Mall Manager","alternate_title","src_onet_30_1","0.75"
"occ_11_9141_00","Market Manager","alternate_title","src_onet_30_1","0.75"
"occ_11_9141_00","Market Master","alternate_title","src_onet_30_1","0.75"
"occ_11_9141_00","Market Superintendent","alternate_title","src_onet_30_1","0.75"
"occ_11_9141_00","Mobile Home Park Manager","alternate_title","src_onet_30_1","0.75"
"occ_11_9141_00","Multifamily Project Manager","alternate_title","src_onet_30_1","0.75"
"occ_11_9141_00","Municipal Entity and Venture Institution Entity and Founder","alternate_title","src_onet_30_1","0.75"
"occ_11_9141_00","Occupancy Director","alternate_title","src_onet_30_1","0.75"
"occ_11_9141_00","Oil Lease Buyer","alternate_title","src_onet_30_1","0.75"
"occ_11_9141_00","Oil Lease Operator","alternate_title","src_onet_30_1","0.75"
"occ_11_9141_00","On-Site Manager","alternate_title","src_onet_30_1","0.75"
"occ_11_9141_00","Property Administrator","alternate_title","src_onet_30_1","0.75"
"occ_11_9141_00","Property Manager","short_title","src_onet_30_1","0.95"
"occ_11_9141_00","Public Events Facilities Rental Manager","alternate_title","src_onet_30_1","0.75"
"occ_11_9141_00","Public Housing Manager","alternate_title","src_onet_30_1","0.75"
"occ_11_9141_00","Real Estate Administrator","alternate_title","src_onet_30_1","0.75"
"occ_11_9141_00","Real Estate Firm Manager","alternate_title","src_onet_30_1","0.75"
"occ_11_9141_00","Real Estate Manager","alternate_title","src_onet_30_1","0.75"
"occ_11_9141_00","Real Estate Office Manager","alternate_title","src_onet_30_1","0.75"
"occ_11_9141_00","Regional Property Manager","alternate_title","src_onet_30_1","0.75"
"occ_11_9141_00","Rent Control Office Manager","alternate_title","src_onet_30_1","0.75"
"occ_11_9141_00","Rental Coordinator","alternate_title","src_onet_30_1","0.75"
"occ_11_9141_00","Rental Manager","alternate_title","src_onet_30_1","0.75"
"occ_11_9141_00","Renting Superintendent","alternate_title","src_onet_30_1","0.75"
"occ_11_9141_00","Resident Manager","alternate_title","src_onet_30_1","0.75"
"occ_11_9141_00","Residential Manager","alternate_title","src_onet_30_1","0.75"
"occ_11_9141_00","Right-of-Way Supervisor (ROW Supervisor)","alternate_title","src_onet_30_1","0.75"
"occ_11_9141_00","Territory Manager","alternate_title","src_onet_30_1","0.75"
"occ_11_9141_00","Trailer Park Manager","alternate_title","src_onet_30_1","0.75"
"occ_13_1023_00","buyer","manual_seed","src_onet_30_1","0.85"
"occ_13_1023_00","Contract Administrator (Contract Admin)","alternate_title","src_onet_30_1","0.75"
"occ_13_1023_00","Contract Analyst","alternate_title","src_onet_30_1","0.75"
"occ_13_1023_00","Contract Specialist","alternate_title","src_onet_30_1","0.75"
"occ_13_1023_00","Contractor Buyer","alternate_title","src_onet_30_1","0.75"
"occ_13_1023_00","Contracts Manager","alternate_title","src_onet_30_1","0.75"
"occ_13_1023_00","Equipment, Supplies, and Tools Purchasing Agent","alternate_title","src_onet_30_1","0.75"
"occ_13_1023_00","Fuel Agent","alternate_title","src_onet_30_1","0.75"
"occ_13_1023_00","Fuel Buyer","alternate_title","src_onet_30_1","0.75"
"occ_13_1023_00","General Purchasing Agent","alternate_title","src_onet_30_1","0.75"
"occ_13_1023_00","Log Buyer","alternate_title","src_onet_30_1","0.75"
"occ_13_1023_00","Lumber Buyer","alternate_title","src_onet_30_1","0.75"
"occ_13_1023_00","Media Buyer","alternate_title","src_onet_30_1","0.75"
"occ_13_1023_00","Ore Buyer","alternate_title","src_onet_30_1","0.75"
"occ_13_1023_00","Price Analyst","alternate_title","src_onet_30_1","0.75"
"occ_13_1023_00","Print Buyer","alternate_title","src_onet_30_1","0.75"
"occ_13_1023_00","Procurement Agent","alternate_title","src_onet_30_1","0.75"
"occ_13_1023_00","Procurement Analyst","alternate_title","src_onet_30_1","0.75"
"occ_13_1023_00","Procurement and Contracting Administrator (Procurement and Contracting Admin)","alternate_title","src_onet_30_1","0.75"
"occ_13_1023_00","Procurement and Contracting Buyer","alternate_title","src_onet_30_1","0.75"
"occ_13_1023_00","Procurement Coordinator","alternate_title","src_onet_30_1","0.75"
"occ_13_1023_00","Procurement Engineer","alternate_title","src_onet_30_1","0.75"
"occ_13_1023_00","Procurement Official","alternate_title","src_onet_30_1","0.75"
"occ_13_1023_00","procurement specialist","manual_seed","src_onet_30_1","0.85"
"occ_13_1023_00","Pulpwood Buyer","alternate_title","src_onet_30_1","0.75"
"occ_13_1023_00","Pulpwood Contractor","alternate_title","src_onet_30_1","0.75"
"occ_13_1023_00","Purchaser","alternate_title","src_onet_30_1","0.75"
"occ_13_1023_00","Purchasing Administrator (Purchasing Admin)","alternate_title","src_onet_30_1","0.75"
"occ_13_1023_00","Purchasing Agent","alternate_title","src_onet_30_1","0.75"
"occ_13_1023_00","Purchasing and Contracts Coordinator","alternate_title","src_onet_30_1","0.75"
"occ_13_1023_00","Purchasing Coordinator","alternate_title","src_onet_30_1","0.75"
"occ_13_1023_00","Purchasing Specialist","alternate_title","src_onet_30_1","0.75"
"occ_13_1023_00","Railroad Purchasing Agent","alternate_title","src_onet_30_1","0.75"
"occ_13_1023_00","Replenishment Buyer","alternate_title","src_onet_30_1","0.75"
"occ_13_1023_00","Sourcing Specialist","alternate_title","src_onet_30_1","0.75"
"occ_13_1023_00","Subcontract Administrator (Subcontract Admin)","alternate_title","src_onet_30_1","0.75"
"occ_13_1023_00","Subcontract Associate","alternate_title","src_onet_30_1","0.75"
"occ_13_1023_00","Timber Buyer","alternate_title","src_onet_30_1","0.75"
"occ_13_1023_00","Tools, Supplies, and Equipment Purchasing Agent","alternate_title","src_onet_30_1","0.75"
"occ_13_1031_00","Accident Investigator","alternate_title","src_onet_30_1","0.75"
"occ_13_1031_00","Adjuster","alternate_title","src_onet_30_1","0.75"
"occ_13_1031_00","Adjustment Clerk","alternate_title","src_onet_30_1","0.75"
"occ_13_1031_00","Auto Claims Adjuster (Automotive Claims Adjuster)","alternate_title","src_onet_30_1","0.75"
"occ_13_1031_00","Auto Damage Claims Adjuster (Automotive Damage Claims Adjuster)","alternate_title","src_onet_30_1","0.75"
"occ_13_1031_00","Benefit Authorizer","alternate_title","src_onet_30_1","0.75"
"occ_13_1031_00","Bodily Injury Claims Adjuster","alternate_title","src_onet_30_1","0.75"
"occ_13_1031_00","Bodily Injury Claims Examiner","alternate_title","src_onet_30_1","0.75"
"occ_13_1031_00","Claims Account Specialist","alternate_title","src_onet_30_1","0.75"
"occ_13_1031_00","Claims Adjuster","alternate_title","src_onet_30_1","0.75"
"occ_13_1031_00","Claims Adjustor","alternate_title","src_onet_30_1","0.75"
"occ_13_1031_00","Claims Agent","alternate_title","src_onet_30_1","0.75"
"occ_13_1031_00","Claims Analyst","alternate_title","src_onet_30_1","0.75"
"occ_13_1031_00","Claims Approver","alternate_title","src_onet_30_1","0.75"
"occ_13_1031_00","Claims Auditor","alternate_title","src_onet_30_1","0.75"
"occ_13_1031_00","Claims Consultant","alternate_title","src_onet_30_1","0.75"
"occ_13_1031_00","Claims Examiner","alternate_title","src_onet_30_1","0.75"
"occ_13_1031_00","Claims Inspector","alternate_title","src_onet_30_1","0.75"
"occ_13_1031_00","Claims Investigator","alternate_title","src_onet_30_1","0.75"
"occ_13_1031_00","Claims Processor","alternate_title","src_onet_30_1","0.75"
"occ_13_1031_00","Claims Representative","alternate_title","src_onet_30_1","0.75"
"occ_13_1031_00","Claims Service Adjustor","alternate_title","src_onet_30_1","0.75"
"occ_13_1031_00","Claims Service Specialist","alternate_title","src_onet_30_1","0.75"
"occ_13_1031_00","Claims Specialist","alternate_title","src_onet_30_1","0.75"
"occ_13_1031_00","Clerical Adjuster","alternate_title","src_onet_30_1","0.75"
"occ_13_1031_00","Commercial Insurance Inspector","alternate_title","src_onet_30_1","0.75"
"occ_13_1031_00","Compensation Adjuster","alternate_title","src_onet_30_1","0.75"
"occ_13_1031_00","Corporate Claims Examiner","alternate_title","src_onet_30_1","0.75"
"occ_13_1031_00","Disability Analyst","alternate_title","src_onet_30_1","0.75"
"occ_13_1031_00","Disability Examiner","alternate_title","src_onet_30_1","0.75"
"occ_13_1031_00","Disability Specialist","alternate_title","src_onet_30_1","0.75"
"occ_13_1031_00","Field Claims Adjuster","alternate_title","src_onet_30_1","0.75"
"occ_13_1031_00","Field Investigator","alternate_title","src_onet_30_1","0.75"
"occ_13_1031_00","Field Liability Generalist","alternate_title","src_onet_30_1","0.75"
"occ_13_1031_00","Field Property Claims Adjuster","alternate_title","src_onet_30_1","0.75"
"occ_13_1031_00","Field Property Claims Specialist","alternate_title","src_onet_30_1","0.75"
"occ_13_1031_00","Fire Adjuster","alternate_title","src_onet_30_1","0.75"
"occ_13_1031_00","Fire Claims Adjuster","alternate_title","src_onet_30_1","0.75"
"occ_13_1031_00","General Adjuster","alternate_title","src_onet_30_1","0.75"
"occ_13_1031_00","Health Claims Examiner","alternate_title","src_onet_30_1","0.75"
"occ_13_1031_00","Health Insurance Adjuster","alternate_title","src_onet_30_1","0.75"
"occ_13_1031_00","Home Office Claims Examiner","alternate_title","src_onet_30_1","0.75"
"occ_13_1031_00","Home Office Claims Specialist","alternate_title","src_onet_30_1","0.75"
"occ_13_1031_00","Independent Insurance Adjuster","alternate_title","src_onet_30_1","0.75"
"occ_13_1031_00","Independent Insurance Agent","alternate_title","src_onet_30_1","0.75"
"occ_13_1031_00","Insurance Adjuster","alternate_title","src_onet_30_1","0.75"
"occ_13_1031_00","Insurance Appraiser","alternate_title","src_onet_30_1","0.75"
"occ_13_1031_00","Insurance Auditor","alternate_title","src_onet_30_1","0.75"
"occ_13_1031_00","Insurance Claims Adjuster","alternate_title","src_onet_30_1","0.75"
"occ_13_1031_00","Insurance Examiner","alternate_title","src_onet_30_1","0.75"
"occ_13_1031_00","Insurance Fraud Investigator","alternate_title","src_onet_30_1","0.75"
"occ_13_1031_00","Insurance Inspector","alternate_title","src_onet_30_1","0.75"
"occ_13_1031_00","insurance investigator","manual_seed","src_onet_30_1","0.85"
"occ_13_1031_00","Investigator","alternate_title","src_onet_30_1","0.75"
"occ_13_1031_00","Liability Claims Examiner","alternate_title","src_onet_30_1","0.75"
"occ_13_1031_00","Liability Claims Representative","alternate_title","src_onet_30_1","0.75"
"occ_13_1031_00","Litigation Claims Representative","alternate_title","src_onet_30_1","0.75"
"occ_13_1031_00","Litigation Examiner","alternate_title","src_onet_30_1","0.75"
"occ_13_1031_00","Medical Claims Analyst","alternate_title","src_onet_30_1","0.75"
"occ_13_1031_00","Medical Claims Examiner","alternate_title","src_onet_30_1","0.75"
"occ_13_1031_00","Medical Claims Specialist","alternate_title","src_onet_30_1","0.75"
"occ_13_1031_00","Professional Liability Claims Specialist","alternate_title","src_onet_30_1","0.75"
"occ_13_1031_00","Property Adjuster","alternate_title","src_onet_30_1","0.75"
"occ_13_1031_00","Property and Casualty Insurance Claims Examiner","alternate_title","src_onet_30_1","0.75"
"occ_13_1031_00","Property Claims Adjuster","alternate_title","src_onet_30_1","0.75"
"occ_13_1031_00","Property Damage Claims Adjustor","alternate_title","src_onet_30_1","0.75"
"occ_13_1031_00","Reinsurance Claims Analyst","alternate_title","src_onet_30_1","0.75"
"occ_13_1031_00","Residential Insurance Inspector","alternate_title","src_onet_30_1","0.75"
"occ_13_1031_00","Salvage Determiner","alternate_title","src_onet_30_1","0.75"
"occ_13_1031_00","Workers' Compensation Claims Adjuster","alternate_title","src_onet_30_1","0.75"
"occ_13_1031_00","Workers' Compensation Claims Examiner","alternate_title","src_onet_30_1","0.75"
"occ_13_1031_00","Workers' Compensation Claims Representative","alternate_title","src_onet_30_1","0.75"
"occ_13_1031_00","Workers' Compensation Examiner","alternate_title","src_onet_30_1","0.75"
"occ_13_1041_00","Air Pollution Compliance Inspector","alternate_title","src_onet_30_1","0.75"
"occ_13_1041_00","Certified Driver Examiner (CDE)","alternate_title","src_onet_30_1","0.75"
"occ_13_1041_00","Certified Driver License Test Administrator","alternate_title","src_onet_30_1","0.75"
"occ_13_1041_00","Compliance Administrator (Compliance Admin)","alternate_title","src_onet_30_1","0.75"
"occ_13_1041_00","Compliance Analyst","alternate_title","src_onet_30_1","0.75"
"occ_13_1041_00","Compliance Consultant","alternate_title","src_onet_30_1","0.75"
"occ_13_1041_00","Compliance Coordinator","alternate_title","src_onet_30_1","0.75"
"occ_13_1041_00","Compliance Examiner","alternate_title","src_onet_30_1","0.75"
"occ_13_1041_00","Compliance Investigator","alternate_title","src_onet_30_1","0.75"
"occ_13_1041_00","Compliance Officer","alternate_title","src_onet_30_1","0.75"
"occ_13_1041_00","Compliance Professional","alternate_title","src_onet_30_1","0.75"
"occ_13_1041_00","Compliance Specialist","alternate_title","src_onet_30_1","0.75"
"occ_13_1041_00","Cosmetology Inspector","alternate_title","src_onet_30_1","0.75"
"occ_13_1041_00","Department of Motor Vehicles Clerk (DMV Clerk)","alternate_title","src_onet_30_1","0.75"
"occ_13_1041_00","Deportation Examiner","alternate_title","src_onet_30_1","0.75"
"occ_13_1041_00","Driver Examiner","alternate_title","src_onet_30_1","0.75"
"occ_13_1041_00","Driver License Agent","alternate_title","src_onet_30_1","0.75"
"occ_13_1041_00","Driver License Examiner","alternate_title","src_onet_30_1","0.75"
"occ_13_1041_00","Driver License Reviewing Officer","alternate_title","src_onet_30_1","0.75"
"occ_13_1041_00","Driver License Technician","alternate_title","src_onet_30_1","0.75"
"occ_13_1041_00","Driver's License Examiner","alternate_title","src_onet_30_1","0.75"
"occ_13_1041_00","EEO Officer (Equal Employment Opportunity Officer)","alternate_title","src_onet_30_1","0.75"
"occ_13_1041_00","Environmental Compliance Inspector","alternate_title","src_onet_30_1","0.75"
"occ_13_1041_00","Equal Employment Opportunity Investigator","alternate_title","src_onet_30_1","0.75"
"occ_13_1041_00","Equal Employment Opportunity Representative","alternate_title","src_onet_30_1","0.75"
"occ_13_1041_00","Examiner","alternate_title","src_onet_30_1","0.75"
"occ_13_1041_00","Forms Examiner","alternate_title","src_onet_30_1","0.75"
"occ_13_1041_00","Immigration Investigator","alternate_title","src_onet_30_1","0.75"
"occ_13_1041_00","Immigration Officer","alternate_title","src_onet_30_1","0.75"
"occ_13_1041_00","Industry Operations Investigator","alternate_title","src_onet_30_1","0.75"
"occ_13_1041_00","IT Compliance Analyst (Information Technology Compliance Analyst)","alternate_title","src_onet_30_1","0.75"
"occ_13_1041_00","License Examiner","alternate_title","src_onet_30_1","0.75"
"occ_13_1041_00","License Inspector","alternate_title","src_onet_30_1","0.75"
"occ_13_1041_00","License Registration Examiner","alternate_title","src_onet_30_1","0.75"
"occ_13_1041_00","Licensing Analyst","alternate_title","src_onet_30_1","0.75"
"occ_13_1041_00","Licensing Inspector","alternate_title","src_onet_30_1","0.75"
"occ_13_1041_00","Licensing Officer","alternate_title","src_onet_30_1","0.75"
"occ_13_1041_00","Licensing Registration Examiner","alternate_title","src_onet_30_1","0.75"
"occ_13_1041_00","Licensing Representative","alternate_title","src_onet_30_1","0.75"
"occ_13_1041_00","Licensing Technician","alternate_title","src_onet_30_1","0.75"
"occ_13_1041_00","Mortician Investigator","alternate_title","src_onet_30_1","0.75"
"occ_13_1041_00","Motor Vehicle Clerk","alternate_title","src_onet_30_1","0.75"
"occ_13_1041_00","Motor Vehicle Examiner","alternate_title","src_onet_30_1","0.75"
"occ_13_1041_00","Motor Vehicle Inspector","alternate_title","src_onet_30_1","0.75"
"occ_13_1041_00","Naturalization Examiner","alternate_title","src_onet_30_1","0.75"
"occ_13_1041_00","Passport Application Examiner","alternate_title","src_onet_30_1","0.75"
"occ_13_1041_00","Passport Clerk","alternate_title","src_onet_30_1","0.75"
"occ_13_1041_00","Public Service Representative (PSR)","alternate_title","src_onet_30_1","0.75"
"occ_13_1041_00","Public Service Representative Specialist (PSR Specialist)","alternate_title","src_onet_30_1","0.75"
"occ_13_1041_00","Qualifications Examiner","alternate_title","src_onet_30_1","0.75"
"occ_13_1041_00","Regulation Officer","alternate_title","src_onet_30_1","0.75"
"occ_13_1041_00","Regulatory Compliance Analyst","alternate_title","src_onet_30_1","0.75"
"occ_13_1041_00","regulatory compliance specialist","manual_seed","src_onet_30_1","0.85"
"occ_13_1041_00","Risk and Compliance Analyst","alternate_title","src_onet_30_1","0.75"
"occ_13_1041_00","Road Test Examiner","alternate_title","src_onet_30_1","0.75"
"occ_13_1041_00","Scales Inspector","alternate_title","src_onet_30_1","0.75"
"occ_13_1041_00","Security Compliance Analyst","alternate_title","src_onet_30_1","0.75"
"occ_13_1041_00","Test Examiner","alternate_title","src_onet_30_1","0.75"
"occ_13_1041_00","Trade Compliance Specialist","alternate_title","src_onet_30_1","0.75"
"occ_13_1041_00","Transportation Services Representative (TSR)","alternate_title","src_onet_30_1","0.75"
"occ_13_1041_00","Wage and Hour Investigator","alternate_title","src_onet_30_1","0.75"
"occ_13_1041_00","Weight and Inspection Coordinator","alternate_title","src_onet_30_1","0.75"
"occ_13_1041_00","Weights and Measures Sealer","alternate_title","src_onet_30_1","0.75"
"occ_13_1051_00","Acquisition Cost Estimator","alternate_title","src_onet_30_1","0.75"
"occ_13_1051_00","Analyst","alternate_title","src_onet_30_1","0.75"
"occ_13_1051_00","Building Construction Estimator","alternate_title","src_onet_30_1","0.75"
"occ_13_1051_00","Building Estimator","alternate_title","src_onet_30_1","0.75"
"occ_13_1051_00","Civil Estimator","alternate_title","src_onet_30_1","0.75"
"occ_13_1051_00","Commercial Construction Estimator","alternate_title","src_onet_30_1","0.75"
"occ_13_1051_00","Commercial Estimator","alternate_title","src_onet_30_1","0.75"
"occ_13_1051_00","Commercial Roofing Estimator","alternate_title","src_onet_30_1","0.75"
"occ_13_1051_00","Concrete Estimator","alternate_title","src_onet_30_1","0.75"
"occ_13_1051_00","Construction Estimator","alternate_title","src_onet_30_1","0.75"
"occ_13_1051_00","Construction Job Cost Estimator","alternate_title","src_onet_30_1","0.75"
"occ_13_1051_00","Cost Analyst","alternate_title","src_onet_30_1","0.75"
"occ_13_1051_00","Cost Consultant","alternate_title","src_onet_30_1","0.75"
"occ_13_1051_00","Cost Engineer","alternate_title","src_onet_30_1","0.75"
"occ_13_1051_00","Cost Estimating Analyst","alternate_title","src_onet_30_1","0.75"
"occ_13_1051_00","Cost Estimator","short_title","src_onet_30_1","0.95"
"occ_13_1051_00","Cost Recovery Technician (Cost Recovery Tech)","alternate_title","src_onet_30_1","0.75"
"occ_13_1051_00","Crating and Moving Estimator","alternate_title","src_onet_30_1","0.75"
"occ_13_1051_00","Drywall Estimator","alternate_title","src_onet_30_1","0.75"
"occ_13_1051_00","Electrical Estimator","alternate_title","src_onet_30_1","0.75"
"occ_13_1051_00","estimating analyst","manual_seed","src_onet_30_1","0.85"
"occ_13_1051_00","Estimating Specialist","alternate_title","src_onet_30_1","0.75"
"occ_13_1051_00","Estimator","alternate_title","src_onet_30_1","0.75"
"occ_13_1051_00","Flooring Estimator","alternate_title","src_onet_30_1","0.75"
"occ_13_1051_00","Heavy Civil Estimator","alternate_title","src_onet_30_1","0.75"
"occ_13_1051_00","Industrial Estimator","alternate_title","src_onet_30_1","0.75"
"occ_13_1051_00","Investment Recovery Technician (Investment Recovery Tech)","alternate_title","src_onet_30_1","0.75"
"occ_13_1051_00","Job Cost Estimator","alternate_title","src_onet_30_1","0.75"
"occ_13_1051_00","Job Estimator","alternate_title","src_onet_30_1","0.75"
"occ_13_1051_00","Mechanical Estimator","alternate_title","src_onet_30_1","0.75"
"occ_13_1051_00","Plumbing Estimator","alternate_title","src_onet_30_1","0.75"
"occ_13_1051_00","Print Estimator","alternate_title","src_onet_30_1","0.75"
"occ_13_1051_00","Printing Estimator","alternate_title","src_onet_30_1","0.75"
"occ_13_1051_00","Production Cost Estimator","alternate_title","src_onet_30_1","0.75"
"occ_13_1051_00","project estimator","manual_seed","src_onet_30_1","0.85"
"occ_13_1051_00","Quantity Surveyor","alternate_title","src_onet_30_1","0.75"
"occ_13_1051_00","Sales Estimator","alternate_title","src_onet_30_1","0.75"
"occ_13_1051_00","Service Advisor","alternate_title","src_onet_30_1","0.75"
"occ_13_1051_00","Service Writer","alternate_title","src_onet_30_1","0.75"
"occ_13_1051_00","Structural Steel Estimator","alternate_title","src_onet_30_1","0.75"
"occ_13_1071_00","Business Intelligence Engineer","alternate_title","src_onet_30_1","0.75"
"occ_13_1071_00","Career Development Specialist","alternate_title","src_onet_30_1","0.75"
"occ_13_1071_00","Career Development Technician","alternate_title","src_onet_30_1","0.75"
"occ_13_1071_00","Career Specialist","alternate_title","src_onet_30_1","0.75"
"occ_13_1071_00","Certification Specialist","alternate_title","src_onet_30_1","0.75"
"occ_13_1071_00","Contract Recruiter","alternate_title","src_onet_30_1","0.75"
"occ_13_1071_00","Corporate Recruiter","alternate_title","src_onet_30_1","0.75"
"occ_13_1071_00","Credentialing Coordinator","alternate_title","src_onet_30_1","0.75"
"occ_13_1071_00","Credentialing Specialist","alternate_title","src_onet_30_1","0.75"
"occ_13_1071_00","Credentials Specialist","alternate_title","src_onet_30_1","0.75"
"occ_13_1071_00","Employee Advisor","alternate_title","src_onet_30_1","0.75"
"occ_13_1071_00","Employee Counselor","alternate_title","src_onet_30_1","0.75"
"occ_13_1071_00","Employee Health Maintenance Program Specialist","alternate_title","src_onet_30_1","0.75"
"occ_13_1071_00","Employee Operations Examiner","alternate_title","src_onet_30_1","0.75"
"occ_13_1071_00","Employee Placement Specialist","alternate_title","src_onet_30_1","0.75"
"occ_13_1071_00","Employee Service Officer","alternate_title","src_onet_30_1","0.75"
"occ_13_1071_00","Employment Advisor","alternate_title","src_onet_30_1","0.75"
"occ_13_1071_00","Employment Appeals Examiner","alternate_title","src_onet_30_1","0.75"
"occ_13_1071_00","Employment Interviewer","alternate_title","src_onet_30_1","0.75"
"occ_13_1071_00","Employment Officer","alternate_title","src_onet_30_1","0.75"
"occ_13_1071_00","Employment Program Representative","alternate_title","src_onet_30_1","0.75"
"occ_13_1071_00","Employment Recruiter","alternate_title","src_onet_30_1","0.75"
"occ_13_1071_00","Employment Representative","alternate_title","src_onet_30_1","0.75"
"occ_13_1071_00","Employment Security Officer","alternate_title","src_onet_30_1","0.75"
"occ_13_1071_00","Employment Service Specialist","alternate_title","src_onet_30_1","0.75"
"occ_13_1071_00","Employment Specialist","alternate_title","src_onet_30_1","0.75"
"occ_13_1071_00","Enlisted Advisor","alternate_title","src_onet_30_1","0.75"
"occ_13_1071_00","Ethics Officer","alternate_title","src_onet_30_1","0.75"
"occ_13_1071_00","Executive Coach","alternate_title","src_onet_30_1","0.75"
"occ_13_1071_00","Executive Recruiter","alternate_title","src_onet_30_1","0.75"
"occ_13_1071_00","Headhunter","alternate_title","src_onet_30_1","0.75"
"occ_13_1071_00","Healthcare Recruiter","alternate_title","src_onet_30_1","0.75"
"occ_13_1071_00","HR Advisor (Human Resource Advisor)","alternate_title","src_onet_30_1","0.75"
"occ_13_1071_00","HR Analyst (Human Resources Analyst)","alternate_title","src_onet_30_1","0.75"
"occ_13_1071_00","HR Associate (Human Resources Associate)","alternate_title","src_onet_30_1","0.75"
"occ_13_1071_00","HR Business Partner (Human Resources Business Partner)","alternate_title","src_onet_30_1","0.75"
"occ_13_1071_00","HR Consultant (Human Resources Consultant)","alternate_title","src_onet_30_1","0.75"
"occ_13_1071_00","HR Coordinator (Human Resources Coordinator)","alternate_title","src_onet_30_1","0.75"
"occ_13_1071_00","HR Generalist (Human Resources Generalist)","alternate_title","src_onet_30_1","0.75"
"occ_13_1071_00","HR Recruiter (Human Resources Recruiter)","alternate_title","src_onet_30_1","0.75"
"occ_13_1071_00","HR Specialist","short_title","src_onet_30_1","0.95"
"occ_13_1071_00","HR Tech (Human Resources Technician)","alternate_title","src_onet_30_1","0.75"
"occ_13_1071_00","HRIS Analyst (Human Resources Information System Analyst)","alternate_title","src_onet_30_1","0.75"
"occ_13_1071_00","human resources generalist","manual_seed","src_onet_30_1","0.85"
"occ_13_1071_00","Human Resources Representative (HR Rep)","alternate_title","src_onet_30_1","0.75"
"occ_13_1071_00","Human Resources Specialist (HR Specialist)","alternate_title","src_onet_30_1","0.75"
"occ_13_1071_00","Job Developer","alternate_title","src_onet_30_1","0.75"
"occ_13_1071_00","Job Development Specialist","alternate_title","src_onet_30_1","0.75"
"occ_13_1071_00","Job Interviewer","alternate_title","src_onet_30_1","0.75"
"occ_13_1071_00","Job Placement Officer","alternate_title","src_onet_30_1","0.75"
"occ_13_1071_00","Job Placement Specialist","alternate_title","src_onet_30_1","0.75"
"occ_13_1071_00","Job Recruiter","alternate_title","src_onet_30_1","0.75"
"occ_13_1071_00","Job Service Consultant","alternate_title","src_onet_30_1","0.75"
"occ_13_1071_00","Job Service Specialist","alternate_title","src_onet_30_1","0.75"
"occ_13_1071_00","Labor Contractor","alternate_title","src_onet_30_1","0.75"
"occ_13_1071_00","Labor Service Representative","alternate_title","src_onet_30_1","0.75"
"occ_13_1071_00","Labor Services Representative","alternate_title","src_onet_30_1","0.75"
"occ_13_1071_00","Mentor Recruiter","alternate_title","src_onet_30_1","0.75"
"occ_13_1071_00","Morale Officer","alternate_title","src_onet_30_1","0.75"
"occ_13_1071_00","Outplacement Consultant","alternate_title","src_onet_30_1","0.75"
"occ_13_1071_00","Personnel Advisor","alternate_title","src_onet_30_1","0.75"
"occ_13_1071_00","Personnel Analyst","alternate_title","src_onet_30_1","0.75"
"occ_13_1071_00","Personnel Consultant","alternate_title","src_onet_30_1","0.75"
"occ_13_1071_00","Personnel Coordinator","alternate_title","src_onet_30_1","0.75"
"occ_13_1071_00","Personnel Counselor","alternate_title","src_onet_30_1","0.75"
"occ_13_1071_00","Personnel Interviewer","alternate_title","src_onet_30_1","0.75"
"occ_13_1071_00","Personnel Officer","alternate_title","src_onet_30_1","0.75"
"occ_13_1071_00","Personnel Placement Specialist","alternate_title","src_onet_30_1","0.75"
"occ_13_1071_00","Personnel Recruiter","alternate_title","src_onet_30_1","0.75"
"occ_13_1071_00","Personnel Representative","alternate_title","src_onet_30_1","0.75"
"occ_13_1071_00","Personnel Specialist","alternate_title","src_onet_30_1","0.75"
"occ_13_1071_00","Personnel Technician","alternate_title","src_onet_30_1","0.75"
"occ_13_1071_00","Personnel Worker","alternate_title","src_onet_30_1","0.75"
"occ_13_1071_00","Placement Coordinator","alternate_title","src_onet_30_1","0.75"
"occ_13_1071_00","Placement Counselor","alternate_title","src_onet_30_1","0.75"
"occ_13_1071_00","Placement Officer","alternate_title","src_onet_30_1","0.75"
"occ_13_1071_00","Placement Specialist","alternate_title","src_onet_30_1","0.75"
"occ_13_1071_00","Prisoner Classification Interviewer","alternate_title","src_onet_30_1","0.75"
"occ_13_1071_00","recruiter","manual_seed","src_onet_30_1","0.85"
"occ_13_1071_00","Recruiting Coordinator","alternate_title","src_onet_30_1","0.75"
"occ_13_1071_00","Recruiting Specialist","alternate_title","src_onet_30_1","0.75"
"occ_13_1071_00","Recruitment Consultant","alternate_title","src_onet_30_1","0.75"
"occ_13_1071_00","Resume Writer","alternate_title","src_onet_30_1","0.75"
"occ_13_1071_00","Retention Specialist","alternate_title","src_onet_30_1","0.75"
"occ_13_1071_00","Retirement Officer","alternate_title","src_onet_30_1","0.75"
"occ_13_1071_00","Rules Examiner","alternate_title","src_onet_30_1","0.75"
"occ_13_1071_00","Selection Specialist","alternate_title","src_onet_30_1","0.75"
"occ_13_1071_00","Sourcing Recruiter","alternate_title","src_onet_30_1","0.75"
"occ_13_1071_00","Staffing Associate","alternate_title","src_onet_30_1","0.75"
"occ_13_1071_00","Staffing Consultant","alternate_title","src_onet_30_1","0.75"
"occ_13_1071_00","Staffing Coordinator","alternate_title","src_onet_30_1","0.75"
"occ_13_1071_00","Staffing Specialist","alternate_title","src_onet_30_1","0.75"
"occ_13_1071_00","Student Recruiter","alternate_title","src_onet_30_1","0.75"
"occ_13_1071_00","Talent Acquisition Coordinator","alternate_title","src_onet_30_1","0.75"
"occ_13_1071_00","Talent Acquisition Partner (TAP)","alternate_title","src_onet_30_1","0.75"
"occ_13_1071_00","Talent Acquisition Recruiter","alternate_title","src_onet_30_1","0.75"
"occ_13_1071_00","Talent Acquisition Specialist","alternate_title","src_onet_30_1","0.75"
"occ_13_1071_00","Talent Recruiter","alternate_title","src_onet_30_1","0.75"
"occ_13_1071_00","Technical Recruiter","alternate_title","src_onet_30_1","0.75"
"occ_13_1071_00","Volunteer Coordinator","alternate_title","src_onet_30_1","0.75"
"occ_13_1071_00","Workforce Services Representative","alternate_title","src_onet_30_1","0.75"
"occ_13_1071_00","Workforce Staffing Advisor","alternate_title","src_onet_30_1","0.75"
"occ_13_1081_00","Acquisition Analyst","alternate_title","src_onet_30_1","0.75"
"occ_13_1081_00","Automated Logistics Specialist","alternate_title","src_onet_30_1","0.75"
"occ_13_1081_00","Client Services Administrator","alternate_title","src_onet_30_1","0.75"
"occ_13_1081_00","Delivery Coordinator","alternate_title","src_onet_30_1","0.75"
"occ_13_1081_00","Demand Planner","alternate_title","src_onet_30_1","0.75"
"occ_13_1081_00","Distribution Associate","alternate_title","src_onet_30_1","0.75"
"occ_13_1081_00","Distribution Specialist","alternate_title","src_onet_30_1","0.75"
"occ_13_1081_00","Inventory Analyst","alternate_title","src_onet_30_1","0.75"
"occ_13_1081_00","Logistician","short_title","src_onet_30_1","0.95"
"occ_13_1081_00","Logistics Associate","alternate_title","src_onet_30_1","0.75"
"occ_13_1081_00","Logistics Clerk","alternate_title","src_onet_30_1","0.75"
"occ_13_1081_00","Logistics Coordinator","alternate_title","src_onet_30_1","0.75"
"occ_13_1081_00","Logistics Planner","alternate_title","src_onet_30_1","0.75"
"occ_13_1081_00","Logistics Specialist","alternate_title","src_onet_30_1","0.75"
"occ_13_1081_00","Logistics Team Member","alternate_title","src_onet_30_1","0.75"
"occ_13_1081_00","Logistics Technician","alternate_title","src_onet_30_1","0.75"
"occ_13_1081_00","Manufacturing Planner","alternate_title","src_onet_30_1","0.75"
"occ_13_1081_00","Material Coordinator","alternate_title","src_onet_30_1","0.75"
"occ_13_1081_00","Material Planner","alternate_title","src_onet_30_1","0.75"
"occ_13_1081_00","Materials Planner","alternate_title","src_onet_30_1","0.75"
"occ_13_1081_00","operations planner","manual_seed","src_onet_30_1","0.85"
"occ_13_1081_00","Planner","alternate_title","src_onet_30_1","0.75"
"occ_13_1081_00","Production Planner","alternate_title","src_onet_30_1","0.75"
"occ_13_1081_00","Scheduler","alternate_title","src_onet_30_1","0.75"
"occ_13_1081_00","supply chain analyst","manual_seed","src_onet_30_1","0.85"
"occ_13_1081_00","Supply Chain Associate","alternate_title","src_onet_30_1","0.75"
"occ_13_1081_00","Supply Chain Consultant","alternate_title","src_onet_30_1","0.75"
"occ_13_1081_00","Supply Chain Coordinator","alternate_title","src_onet_30_1","0.75"
"occ_13_1081_00","Supply Chain Planner","alternate_title","src_onet_30_1","0.75"
"occ_13_1081_00","Supply Chain Specialist","alternate_title","src_onet_30_1","0.75"
"occ_13_1081_00","Supply Management Specialist","alternate_title","src_onet_30_1","0.75"
"occ_13_1081_00","Supply Planner","alternate_title","src_onet_30_1","0.75"
"occ_13_1081_00","Transportation Coordinator","alternate_title","src_onet_30_1","0.75"
"occ_13_1082_00","Design Project Management Specialist","alternate_title","src_onet_30_1","0.75"
"occ_13_1082_00","Grant Assistant","alternate_title","src_onet_30_1","0.75"
"occ_13_1082_00","Human Resources Project Manager (HR Project Manager)","alternate_title","src_onet_30_1","0.75"
"occ_13_1082_00","Implementation Project Manager","alternate_title","src_onet_30_1","0.75"
"occ_13_1082_00","Implementations Management Specialist","alternate_title","src_onet_30_1","0.75"
"occ_13_1082_00","Movie Project Management Specialist","alternate_title","src_onet_30_1","0.75"
"occ_13_1082_00","Planning Development Specialist","alternate_title","src_onet_30_1","0.75"
"occ_13_1082_00","program coordinator","manual_seed","src_onet_30_1","0.85"
"occ_13_1082_00","Project Administrator","alternate_title","src_onet_30_1","0.75"
"occ_13_1082_00","Project Communications Officer","alternate_title","src_onet_30_1","0.75"
"occ_13_1082_00","Project Controller","alternate_title","src_onet_30_1","0.75"
"occ_13_1082_00","Project Coordinator","alternate_title","src_onet_30_1","0.75"
"occ_13_1082_00","Project Delivery Manager","alternate_title","src_onet_30_1","0.75"
"occ_13_1082_00","Project Management Manager","alternate_title","src_onet_30_1","0.75"
"occ_13_1082_00","Project Management Specialist","alternate_title","src_onet_30_1","0.75"
"occ_13_1082_00","Project Management Technical Specialist","alternate_title","src_onet_30_1","0.75"
"occ_13_1082_00","Project Management Technician","alternate_title","src_onet_30_1","0.75"
"occ_13_1082_00","Project Manager","alternate_title","src_onet_30_1","0.75"
"occ_13_1082_00","Project Scheduler","alternate_title","src_onet_30_1","0.75"
"occ_13_1082_00","Technical Project Manager (Technical PM)","alternate_title","src_onet_30_1","0.75"
"occ_13_1111_00","Administrative Analyst","alternate_title","src_onet_30_1","0.75"
"occ_13_1111_00","Administrative Support Coordinator","alternate_title","src_onet_30_1","0.75"
"occ_13_1111_00","Business Analyst","alternate_title","src_onet_30_1","0.75"
"occ_13_1111_00","Business Consultant","alternate_title","src_onet_30_1","0.75"
"occ_13_1111_00","Business Development Analyst","alternate_title","src_onet_30_1","0.75"
"occ_13_1111_00","Business Management Analyst","alternate_title","src_onet_30_1","0.75"
"occ_13_1111_00","Business Management Consultant","alternate_title","src_onet_30_1","0.75"
"occ_13_1111_00","Business Operations Analyst","alternate_title","src_onet_30_1","0.75"
"occ_13_1111_00","Business Process Analyst","alternate_title","src_onet_30_1","0.75"
"occ_13_1111_00","Business Process Consultant","alternate_title","src_onet_30_1","0.75"
"occ_13_1111_00","Business Systems Analyst","alternate_title","src_onet_30_1","0.75"
"occ_13_1111_00","Clerical Methods Analyst","alternate_title","src_onet_30_1","0.75"
"occ_13_1111_00","Commercial Specialist","alternate_title","src_onet_30_1","0.75"
"occ_13_1111_00","Dealer Analyst","alternate_title","src_onet_30_1","0.75"
"occ_13_1111_00","Employment Programs Analyst","alternate_title","src_onet_30_1","0.75"
"occ_13_1111_00","Forms Analyst","alternate_title","src_onet_30_1","0.75"
"occ_13_1111_00","Health Information Management Business Analyst (HIM Business Analyst)","alternate_title","src_onet_30_1","0.75"
"occ_13_1111_00","Health Information Management Data Analyst (HIM Data Analyst)","alternate_title","src_onet_30_1","0.75"
"occ_13_1111_00","Health Program Analyst","alternate_title","src_onet_30_1","0.75"
"occ_13_1111_00","Health Program Specialist","alternate_title","src_onet_30_1","0.75"
"occ_13_1111_00","Health Systems Analyst","alternate_title","src_onet_30_1","0.75"
"occ_13_1111_00","Healthcare Consultant","alternate_title","src_onet_30_1","0.75"
"occ_13_1111_00","Human Resource Analyst (HR Analyst)","alternate_title","src_onet_30_1","0.75"
"occ_13_1111_00","Implementation Consultant","alternate_title","src_onet_30_1","0.75"
"occ_13_1111_00","Industrial Analyst","alternate_title","src_onet_30_1","0.75"
"occ_13_1111_00","Management Analyst","short_title","src_onet_30_1","0.95"
"occ_13_1111_00","Management and Program Analyst","alternate_title","src_onet_30_1","0.75"
"occ_13_1111_00","management consultant","manual_seed","src_onet_30_1","0.85"
"occ_13_1111_00","Management Scientist","alternate_title","src_onet_30_1","0.75"
"occ_13_1111_00","Management Systems Auditor","alternate_title","src_onet_30_1","0.75"
"occ_13_1111_00","Operations Analyst","alternate_title","src_onet_30_1","0.75"
"occ_13_1111_00","Organizational Development Consultant","alternate_title","src_onet_30_1","0.75"
"occ_13_1111_00","Performance Consultant","alternate_title","src_onet_30_1","0.75"
"occ_13_1111_00","Performance Management Analyst","alternate_title","src_onet_30_1","0.75"
"occ_13_1111_00","Program Analyst","alternate_title","src_onet_30_1","0.75"
"occ_13_1111_00","Program Development Specialist","alternate_title","src_onet_30_1","0.75"
"occ_13_1111_00","Program Evaluator","alternate_title","src_onet_30_1","0.75"
"occ_13_1111_00","Program Management Analyst","alternate_title","src_onet_30_1","0.75"
"occ_13_1111_00","Project Management Analyst","alternate_title","src_onet_30_1","0.75"
"occ_13_1111_00","Records Management Analyst","alternate_title","src_onet_30_1","0.75"
"occ_13_1111_00","Reports Analyst","alternate_title","src_onet_30_1","0.75"
"occ_13_1111_00","Survey Analyst","alternate_title","src_onet_30_1","0.75"
"occ_13_1111_00","Technical Business Analyst","alternate_title","src_onet_30_1","0.75"
"occ_13_1151_00","Applications Trainer","alternate_title","src_onet_30_1","0.75"
"occ_13_1151_00","Apprenticeship and Training Representative","alternate_title","src_onet_30_1","0.75"
"occ_13_1151_00","Auxiliary Personnel Inservice Coordinator","alternate_title","src_onet_30_1","0.75"
"occ_13_1151_00","Bilingual Trainer","alternate_title","src_onet_30_1","0.75"
"occ_13_1151_00","Certified EPIC Trainer (Certified Electronic Privacy Information Center Trainer)","alternate_title","src_onet_30_1","0.75"
"occ_13_1151_00","Computer Software Training Specialist","alternate_title","src_onet_30_1","0.75"
"occ_13_1151_00","Computer Technology Trainer","alternate_title","src_onet_30_1","0.75"
"occ_13_1151_00","Computer Training Specialist","alternate_title","src_onet_30_1","0.75"
"occ_13_1151_00","Corporate Trainer","alternate_title","src_onet_30_1","0.75"
"occ_13_1151_00","Course Developer","alternate_title","src_onet_30_1","0.75"
"occ_13_1151_00","Courseware Developer","alternate_title","src_onet_30_1","0.75"
"occ_13_1151_00","Curriculum Developer","alternate_title","src_onet_30_1","0.75"
"occ_13_1151_00","Curriculum Writer","alternate_title","src_onet_30_1","0.75"
"occ_13_1151_00","Cyber Instructional Curriculum Developer","alternate_title","src_onet_30_1","0.75"
"occ_13_1151_00","Cyber Instructor","alternate_title","src_onet_30_1","0.75"
"occ_13_1151_00","Cyber Workforce Developer","alternate_title","src_onet_30_1","0.75"
"occ_13_1151_00","Development Associate","alternate_title","src_onet_30_1","0.75"
"occ_13_1151_00","Development Coordinator","alternate_title","src_onet_30_1","0.75"
"occ_13_1151_00","Development Specialist","alternate_title","src_onet_30_1","0.75"
"occ_13_1151_00","Driver Retraining Instructor","alternate_title","src_onet_30_1","0.75"
"occ_13_1151_00","E-Learning Designer","alternate_title","src_onet_30_1","0.75"
"occ_13_1151_00","Employee Development Specialist","alternate_title","src_onet_30_1","0.75"
"occ_13_1151_00","Employee Training Specialist","alternate_title","src_onet_30_1","0.75"
"occ_13_1151_00","Fire Department Training Officer","alternate_title","src_onet_30_1","0.75"
"occ_13_1151_00","Green Jobs Trainer","alternate_title","src_onet_30_1","0.75"
"occ_13_1151_00","Green Material Construction Trade Instructor","alternate_title","src_onet_30_1","0.75"
"occ_13_1151_00","HR Trainer (Human Resources Trainer)","alternate_title","src_onet_30_1","0.75"
"occ_13_1151_00","Industrial Trainer","alternate_title","src_onet_30_1","0.75"
"occ_13_1151_00","instructional specialist","manual_seed","src_onet_30_1","0.85"
"occ_13_1151_00","Insurance Employee Trainer","alternate_title","src_onet_30_1","0.75"
"occ_13_1151_00","IT Technical Trainer (Information Technology Technical Trainer)","alternate_title","src_onet_30_1","0.75"
"occ_13_1151_00","Job Development Specialist","alternate_title","src_onet_30_1","0.75"
"occ_13_1151_00","Job Training Specialist","alternate_title","src_onet_30_1","0.75"
"occ_13_1151_00","Labor Trainer","alternate_title","src_onet_30_1","0.75"
"occ_13_1151_00","Leadership Development Specialist","alternate_title","src_onet_30_1","0.75"
"occ_13_1151_00","Learning and Development Consultant","alternate_title","src_onet_30_1","0.75"
"occ_13_1151_00","learning and development specialist","manual_seed","src_onet_30_1","0.85"
"occ_13_1151_00","Learning and Development Specialist (L and D Specialist)","alternate_title","src_onet_30_1","0.75"
"occ_13_1151_00","Management Development Specialist","alternate_title","src_onet_30_1","0.75"
"occ_13_1151_00","Manpower Development Advisor","alternate_title","src_onet_30_1","0.75"
"occ_13_1151_00","Manpower Development Specialist","alternate_title","src_onet_30_1","0.75"
"occ_13_1151_00","Older Worker Specialist","alternate_title","src_onet_30_1","0.75"
"occ_13_1151_00","PD Manager (Professional Development Manager)","alternate_title","src_onet_30_1","0.75"
"occ_13_1151_00","Personnel Training Officer","alternate_title","src_onet_30_1","0.75"
"occ_13_1151_00","Product Trainer","alternate_title","src_onet_30_1","0.75"
"occ_13_1151_00","Research and Development Specialist (R and D Specialist)","alternate_title","src_onet_30_1","0.75"
"occ_13_1151_00","Sales Trainer","alternate_title","src_onet_30_1","0.75"
"occ_13_1151_00","Sales Training Specialist","alternate_title","src_onet_30_1","0.75"
"occ_13_1151_00","Scheme Technician","alternate_title","src_onet_30_1","0.75"
"occ_13_1151_00","Security Awareness Training Specialist","alternate_title","src_onet_30_1","0.75"
"occ_13_1151_00","Skill Training Program Coordinator","alternate_title","src_onet_30_1","0.75"
"occ_13_1151_00","Skills Trainer","alternate_title","src_onet_30_1","0.75"
"occ_13_1151_00","Software Trainer","alternate_title","src_onet_30_1","0.75"
"occ_13_1151_00","Technical Instructor","alternate_title","src_onet_30_1","0.75"
"occ_13_1151_00","Technical Trainer","alternate_title","src_onet_30_1","0.75"
"occ_13_1151_00","Technical Training Coordinator","alternate_title","src_onet_30_1","0.75"
"occ_13_1151_00","Trainer","alternate_title","src_onet_30_1","0.75"
"occ_13_1151_00","Training and Development Consultant","alternate_title","src_onet_30_1","0.75"
"occ_13_1151_00","Training Consultant","alternate_title","src_onet_30_1","0.75"
"occ_13_1151_00","Training Developer","alternate_title","src_onet_30_1","0.75"
"occ_13_1151_00","Training Facilitator","alternate_title","src_onet_30_1","0.75"
"occ_13_1151_00","Training Specialist","short_title","src_onet_30_1","0.95"
"occ_13_1151_00","Training Supervisor","alternate_title","src_onet_30_1","0.75"
"occ_13_1151_00","Workforce Development Analyst","alternate_title","src_onet_30_1","0.75"
"occ_13_1151_00","Workforce Development Specialist","alternate_title","src_onet_30_1","0.75"
"occ_13_1151_00","Workforce Executive","alternate_title","src_onet_30_1","0.75"
"occ_13_1161_00","Advertising Analyst","alternate_title","src_onet_30_1","0.75"
"occ_13_1161_00","Business Development Analyst","alternate_title","src_onet_30_1","0.75"
"occ_13_1161_00","Business Development Associate","alternate_title","src_onet_30_1","0.75"
"occ_13_1161_00","Business Development Representative","alternate_title","src_onet_30_1","0.75"
"occ_13_1161_00","Business Development Specialist","alternate_title","src_onet_30_1","0.75"
"occ_13_1161_00","Communications Specialist","alternate_title","src_onet_30_1","0.75"
"occ_13_1161_00","Demographic Analyst","alternate_title","src_onet_30_1","0.75"
"occ_13_1161_00","Digital Marketing Specialist","alternate_title","src_onet_30_1","0.75"
"occ_13_1161_00","Email Marketing Processor","alternate_title","src_onet_30_1","0.75"
"occ_13_1161_00","Email Marketing Specialist","alternate_title","src_onet_30_1","0.75"
"occ_13_1161_00","Event Marketer","alternate_title","src_onet_30_1","0.75"
"occ_13_1161_00","Family Consumer Scientist","alternate_title","src_onet_30_1","0.75"
"occ_13_1161_00","Government Business Development Specialist","alternate_title","src_onet_30_1","0.75"
"occ_13_1161_00","International Trade Specialist","alternate_title","src_onet_30_1","0.75"
"occ_13_1161_00","Market Analyst","alternate_title","src_onet_30_1","0.75"
"occ_13_1161_00","Market Research Analyst","alternate_title","src_onet_30_1","0.75"
"occ_13_1161_00","Market Research Consultant","alternate_title","src_onet_30_1","0.75"
"occ_13_1161_00","Market Research Specialist","alternate_title","src_onet_30_1","0.75"
"occ_13_1161_00","Market Research Worker","alternate_title","src_onet_30_1","0.75"
"occ_13_1161_00","Market Researcher","alternate_title","src_onet_30_1","0.75"
"occ_13_1161_00","Marketer","alternate_title","src_onet_30_1","0.75"
"occ_13_1161_00","marketing analyst","manual_seed","src_onet_30_1","0.85"
"occ_13_1161_00","Marketing Associate","alternate_title","src_onet_30_1","0.75"
"occ_13_1161_00","Marketing Consultant","alternate_title","src_onet_30_1","0.75"
"occ_13_1161_00","Marketing Forecaster","alternate_title","src_onet_30_1","0.75"
"occ_13_1161_00","Marketing Representative","alternate_title","src_onet_30_1","0.75"
"occ_13_1161_00","Marketing Research Analyst","alternate_title","src_onet_30_1","0.75"
"occ_13_1161_00","Marketing Researcher","alternate_title","src_onet_30_1","0.75"
"occ_13_1161_00","Marketing Specialist","alternate_title","src_onet_30_1","0.75"
"occ_13_1161_00","Marketing Support Specialist","alternate_title","src_onet_30_1","0.75"
"occ_13_1161_00","Social Media Specialist","alternate_title","src_onet_30_1","0.75"
"occ_13_1161_00","Technical Marketing Consultant","alternate_title","src_onet_30_1","0.75"
"occ_13_1161_00","Technical Marketing Specialist","alternate_title","src_onet_30_1","0.75"
"occ_13_1161_00","Trade Analyst","alternate_title","src_onet_30_1","0.75"
"occ_13_1161_00","Trade Specialist","alternate_title","src_onet_30_1","0.75"
"occ_13_1199_00","Administrative Analyst","alternate_title","src_onet_30_1","0.75"
"occ_13_1199_00","Administrative Assistant","alternate_title","src_onet_30_1","0.75"
"occ_13_1199_00","Attendance Officer","alternate_title","src_onet_30_1","0.75"
"occ_13_1199_00","Bar Examiner","alternate_title","src_onet_30_1","0.75"
"occ_13_1199_00","Branch Operation Evaluation Manager","alternate_title","src_onet_30_1","0.75"
"occ_13_1199_00","Business Agent","alternate_title","src_onet_30_1","0.75"
"occ_13_1199_00","Business Development Assistant","alternate_title","src_onet_30_1","0.75"
"occ_13_1199_00","Business Operations Specialist","short_title","src_onet_30_1","0.95"
"occ_13_1199_00","Business Opportunity and Property Investment Broker","alternate_title","src_onet_30_1","0.75"
"occ_13_1199_00","Business Planner","alternate_title","src_onet_30_1","0.75"
"occ_13_1199_00","Business Practices Officer","alternate_title","src_onet_30_1","0.75"
"occ_13_1199_00","Business Service Specialist","alternate_title","src_onet_30_1","0.75"
"occ_13_1199_00","business specialist","manual_seed","src_onet_30_1","0.85"
"occ_13_1199_00","Campaign Director","alternate_title","src_onet_30_1","0.75"
"occ_13_1199_00","Campaign Worker","alternate_title","src_onet_30_1","0.75"
"occ_13_1199_00","Campaigner","alternate_title","src_onet_30_1","0.75"
"occ_13_1199_00","Caseworker","alternate_title","src_onet_30_1","0.75"
"occ_13_1199_00","Claim Agent","alternate_title","src_onet_30_1","0.75"
"occ_13_1199_00","Communications Coordinator","alternate_title","src_onet_30_1","0.75"
"occ_13_1199_00","Conciliator","alternate_title","src_onet_30_1","0.75"
"occ_13_1199_00","Contract Negotiator","alternate_title","src_onet_30_1","0.75"
"occ_13_1199_00","Corporate Planner","alternate_title","src_onet_30_1","0.75"
"occ_13_1199_00","Cue Selector","alternate_title","src_onet_30_1","0.75"
"occ_13_1199_00","Customs Broker","alternate_title","src_onet_30_1","0.75"
"occ_13_1199_00","Dealer Compliance Representative","alternate_title","src_onet_30_1","0.75"
"occ_13_1199_00","Demand Planner","alternate_title","src_onet_30_1","0.75"
"occ_13_1199_00","Director of Nurses Registry","alternate_title","src_onet_30_1","0.75"
"occ_13_1199_00","Disaster or Damage Control Specialist","alternate_title","src_onet_30_1","0.75"
"occ_13_1199_00","Employee Adviser","alternate_title","src_onet_30_1","0.75"
"occ_13_1199_00","Employee Operations Examiner","alternate_title","src_onet_30_1","0.75"
"occ_13_1199_00","Employee Relations Specialist","alternate_title","src_onet_30_1","0.75"
"occ_13_1199_00","Employee's Representative","alternate_title","src_onet_30_1","0.75"
"occ_13_1199_00","Employment Counselor","alternate_title","src_onet_30_1","0.75"
"occ_13_1199_00","Employment Officer","alternate_title","src_onet_30_1","0.75"
"occ_13_1199_00","Employment Security Officer","alternate_title","src_onet_30_1","0.75"
"occ_13_1199_00","Employment Supervisor","alternate_title","src_onet_30_1","0.75"
"occ_13_1199_00","Energy Control Officer","alternate_title","src_onet_30_1","0.75"
"occ_13_1199_00","Ethics Officer","alternate_title","src_onet_30_1","0.75"
"occ_13_1199_00","Field Organizer","alternate_title","src_onet_30_1","0.75"
"occ_13_1199_00","Fire Assistant","alternate_title","src_onet_30_1","0.75"
"occ_13_1199_00","Fireworks Display Specialist","alternate_title","src_onet_30_1","0.75"
"occ_13_1199_00","Food and Beverage Analyst","alternate_title","src_onet_30_1","0.75"
"occ_13_1199_00","Geophysical Prospecting Permit Agent","alternate_title","src_onet_30_1","0.75"
"occ_13_1199_00","Grant Coordinator","alternate_title","src_onet_30_1","0.75"
"occ_13_1199_00","Grant Manager","alternate_title","src_onet_30_1","0.75"
"occ_13_1199_00","Grant Officer","alternate_title","src_onet_30_1","0.75"
"occ_13_1199_00","Grant Writer","alternate_title","src_onet_30_1","0.75"
"occ_13_1199_00","Grants Administrator","alternate_title","src_onet_30_1","0.75"
"occ_13_1199_00","Health Services Coordinator","alternate_title","src_onet_30_1","0.75"
"occ_13_1199_00","Hospital Insurance Representative","alternate_title","src_onet_30_1","0.75"
"occ_13_1199_00","Human Resources Advisor","alternate_title","src_onet_30_1","0.75"
"occ_13_1199_00","Import/Export Specialist","alternate_title","src_onet_30_1","0.75"
"occ_13_1199_00","Industrial Relations Analyst","alternate_title","src_onet_30_1","0.75"
"occ_13_1199_00","Industrial Relations Counselor","alternate_title","src_onet_30_1","0.75"
"occ_13_1199_00","Industrial Relations Worker","alternate_title","src_onet_30_1","0.75"
"occ_13_1199_00","Industry-Academia Liaison","alternate_title","src_onet_30_1","0.75"
"occ_13_1199_00","Job Training Supervisor","alternate_title","src_onet_30_1","0.75"
"occ_13_1199_00","Labor Contract Analyst","alternate_title","src_onet_30_1","0.75"
"occ_13_1199_00","Labor Relations Consultant","alternate_title","src_onet_30_1","0.75"
"occ_13_1199_00","Labor Relations or Personnel Negotiator","alternate_title","src_onet_30_1","0.75"
"occ_13_1199_00","Labor Relations Representative","alternate_title","src_onet_30_1","0.75"
"occ_13_1199_00","Labor Relations Specialist","alternate_title","src_onet_30_1","0.75"
"occ_13_1199_00","Labor Relations Supervisor","alternate_title","src_onet_30_1","0.75"
"occ_13_1199_00","Labor Relations Worker","alternate_title","src_onet_30_1","0.75"
"occ_13_1199_00","Labor Representative","alternate_title","src_onet_30_1","0.75"
"occ_13_1199_00","Lease Buyer","alternate_title","src_onet_30_1","0.75"
"occ_13_1199_00","Legislative Assistant","alternate_title","src_onet_30_1","0.75"
"occ_13_1199_00","Liaison Inspection Laboratory Assistant","alternate_title","src_onet_30_1","0.75"
"occ_13_1199_00","Liaison Officer","alternate_title","src_onet_30_1","0.75"
"occ_13_1199_00","Library Consultant","alternate_title","src_onet_30_1","0.75"
"occ_13_1199_00","Location Manager","alternate_title","src_onet_30_1","0.75"
"occ_13_1199_00","Mail Distribution Scheme Examiner","alternate_title","src_onet_30_1","0.75"
"occ_13_1199_00","Mediator","alternate_title","src_onet_30_1","0.75"
"occ_13_1199_00","Membership Coordinator","alternate_title","src_onet_30_1","0.75"
"occ_13_1199_00","Mystery Shopper","alternate_title","src_onet_30_1","0.75"
"occ_13_1199_00","operations analyst","manual_seed","src_onet_30_1","0.85"
"occ_13_1199_00","Operations Assistant","alternate_title","src_onet_30_1","0.75"
"occ_13_1199_00","Order Department Supervisor","alternate_title","src_onet_30_1","0.75"
"occ_13_1199_00","Personnel Adviser","alternate_title","src_onet_30_1","0.75"
"occ_13_1199_00","Personnel Analyst","alternate_title","src_onet_30_1","0.75"
"occ_13_1199_00","Personnel Consultant","alternate_title","src_onet_30_1","0.75"
"occ_13_1199_00","Personnel Counselor","alternate_title","src_onet_30_1","0.75"
"occ_13_1199_00","Personnel Officer","alternate_title","src_onet_30_1","0.75"
"occ_13_1199_00","Personnel Representative","alternate_title","src_onet_30_1","0.75"
"occ_13_1199_00","Personnel Security Specialist","alternate_title","src_onet_30_1","0.75"
"occ_13_1199_00","Personnel Specialist","alternate_title","src_onet_30_1","0.75"
"occ_13_1199_00","Personnel Worker","alternate_title","src_onet_30_1","0.75"
"occ_13_1199_00","Police Inspector","alternate_title","src_onet_30_1","0.75"
"occ_13_1199_00","Port Purser","alternate_title","src_onet_30_1","0.75"
"occ_13_1199_00","Pricing Analyst","alternate_title","src_onet_30_1","0.75"
"occ_13_1199_00","Program Analyst","alternate_title","src_onet_30_1","0.75"
"occ_13_1199_00","Property Officer","alternate_title","src_onet_30_1","0.75"
"occ_13_1199_00","Proposal Specialist","alternate_title","src_onet_30_1","0.75"
"occ_13_1199_00","Protocol Officer","alternate_title","src_onet_30_1","0.75"
"occ_13_1199_00","Provider Relations Representative","alternate_title","src_onet_30_1","0.75"
"occ_13_1199_00","Purchase Price Analyst","alternate_title","src_onet_30_1","0.75"
"occ_13_1199_00","Purser","alternate_title","src_onet_30_1","0.75"
"occ_13_1199_00","Quality Assurance Representative","alternate_title","src_onet_30_1","0.75"
"occ_13_1199_00","Questioned Documents Examiner","alternate_title","src_onet_30_1","0.75"
"occ_13_1199_00","Right-of-Way Agent","alternate_title","src_onet_30_1","0.75"
"occ_13_1199_00","Rules Examiner","alternate_title","src_onet_30_1","0.75"
"occ_13_1199_00","Sewer Line Photo Inspector","alternate_title","src_onet_30_1","0.75"
"occ_13_1199_00","Ship Purser","alternate_title","src_onet_30_1","0.75"
"occ_13_1199_00","Shop Steward","alternate_title","src_onet_30_1","0.75"
"occ_13_1199_00","Social Security Specialist","alternate_title","src_onet_30_1","0.75"
"occ_13_1199_00","Special Agent","alternate_title","src_onet_30_1","0.75"
"occ_13_1199_00","Special Service Officer","alternate_title","src_onet_30_1","0.75"
"occ_13_1199_00","Staff Assistant","alternate_title","src_onet_30_1","0.75"
"occ_13_1199_00","Tariff Publishing Agent","alternate_title","src_onet_30_1","0.75"
"occ_13_1199_00","Technical Consultant","alternate_title","src_onet_30_1","0.75"
"occ_13_1199_00","Traffic Personnel Supervisor","alternate_title","src_onet_30_1","0.75"
"occ_13_1199_00","Travel Accommodations Rater","alternate_title","src_onet_30_1","0.75"
"occ_13_1199_00","Utilization Coordinator","alternate_title","src_onet_30_1","0.75"
"occ_13_1199_00","Veterans Contact Representative","alternate_title","src_onet_30_1","0.75"
"occ_13_2011_00","Account Auditor","alternate_title","src_onet_30_1","0.75"
"occ_13_2011_00","Accountant","short_title","src_onet_30_1","0.95"
"occ_13_2011_00","accounting analyst","manual_seed","src_onet_30_1","0.85"
"occ_13_2011_00","Accounting Associate","alternate_title","src_onet_30_1","0.75"
"occ_13_2011_00","Accounting Auditor","alternate_title","src_onet_30_1","0.75"
"occ_13_2011_00","Accounting Consultant","alternate_title","src_onet_30_1","0.75"
"occ_13_2011_00","Accounting Methods Analyst","alternate_title","src_onet_30_1","0.75"
"occ_13_2011_00","Accounting Officer","alternate_title","src_onet_30_1","0.75"
"occ_13_2011_00","Accounting Systems Analyst","alternate_title","src_onet_30_1","0.75"
"occ_13_2011_00","Asset Analyst","alternate_title","src_onet_30_1","0.75"
"occ_13_2011_00","Audit Associate","alternate_title","src_onet_30_1","0.75"
"occ_13_2011_00","Audit Partner","alternate_title","src_onet_30_1","0.75"
"occ_13_2011_00","Auditor","alternate_title","src_onet_30_1","0.75"
"occ_13_2011_00","Auditor-In-Charge","alternate_title","src_onet_30_1","0.75"
"occ_13_2011_00","Bank Accountant","alternate_title","src_onet_30_1","0.75"
"occ_13_2011_00","Budget Accountant","alternate_title","src_onet_30_1","0.75"
"occ_13_2011_00","Bursar","alternate_title","src_onet_30_1","0.75"
"occ_13_2011_00","Certified Public Accountant (CPA)","alternate_title","src_onet_30_1","0.75"
"occ_13_2011_00","City Auditor","alternate_title","src_onet_30_1","0.75"
"occ_13_2011_00","Compliance Analyst","alternate_title","src_onet_30_1","0.75"
"occ_13_2011_00","Compliance Auditor","alternate_title","src_onet_30_1","0.75"
"occ_13_2011_00","Compliance Coordinator","alternate_title","src_onet_30_1","0.75"
"occ_13_2011_00","Corporate Accountant","alternate_title","src_onet_30_1","0.75"
"occ_13_2011_00","Cost Accountant","alternate_title","src_onet_30_1","0.75"
"occ_13_2011_00","County Auditor","alternate_title","src_onet_30_1","0.75"
"occ_13_2011_00","Data Processing Auditor","alternate_title","src_onet_30_1","0.75"
"occ_13_2011_00","Field Auditor","alternate_title","src_onet_30_1","0.75"
"occ_13_2011_00","Finance Business Partner","alternate_title","src_onet_30_1","0.75"
"occ_13_2011_00","Financial Accountant","alternate_title","src_onet_30_1","0.75"
"occ_13_2011_00","Financial Auditor","alternate_title","src_onet_30_1","0.75"
"occ_13_2011_00","Financial Systems Analyst","alternate_title","src_onet_30_1","0.75"
"occ_13_2011_00","Forensic Accountant","alternate_title","src_onet_30_1","0.75"
"occ_13_2011_00","Fund Accountant","alternate_title","src_onet_30_1","0.75"
"occ_13_2011_00","General Accountant","alternate_title","src_onet_30_1","0.75"
"occ_13_2011_00","General Ledger Accountant","alternate_title","src_onet_30_1","0.75"
"occ_13_2011_00","Industrial Accountant","alternate_title","src_onet_30_1","0.75"
"occ_13_2011_00","Information Systems Auditor","alternate_title","src_onet_30_1","0.75"
"occ_13_2011_00","Insurance Auditor","alternate_title","src_onet_30_1","0.75"
"occ_13_2011_00","Internal Auditor","alternate_title","src_onet_30_1","0.75"
"occ_13_2011_00","Inventory Accountant","alternate_title","src_onet_30_1","0.75"
"occ_13_2011_00","Inventory Auditor","alternate_title","src_onet_30_1","0.75"
"occ_13_2011_00","Medical Accountant","alternate_title","src_onet_30_1","0.75"
"occ_13_2011_00","Medical Auditor","alternate_title","src_onet_30_1","0.75"
"occ_13_2011_00","Mutual Fund Accountant","alternate_title","src_onet_30_1","0.75"
"occ_13_2011_00","Payroll Analyst","alternate_title","src_onet_30_1","0.75"
"occ_13_2011_00","Payroll Auditor","alternate_title","src_onet_30_1","0.75"
"occ_13_2011_00","Project Accountant","alternate_title","src_onet_30_1","0.75"
"occ_13_2011_00","Property Accountant","alternate_title","src_onet_30_1","0.75"
"occ_13_2011_00","Public Accountant","alternate_title","src_onet_30_1","0.75"
"occ_13_2011_00","Quality Control Auditor","alternate_title","src_onet_30_1","0.75"
"occ_13_2011_00","Railroad Accountant","alternate_title","src_onet_30_1","0.75"
"occ_13_2011_00","Railroad Auditor","alternate_title","src_onet_30_1","0.75"
"occ_13_2011_00","Revenue Accountant","alternate_title","src_onet_30_1","0.75"
"occ_13_2011_00","Revenue Audit Clerk","alternate_title","src_onet_30_1","0.75"
"occ_13_2011_00","Revenue Tax Specialist","alternate_title","src_onet_30_1","0.75"
"occ_13_2011_00","Staff Accountant","alternate_title","src_onet_30_1","0.75"
"occ_13_2011_00","Staff Auditor","alternate_title","src_onet_30_1","0.75"
"occ_13_2011_00","Tax Accountant","alternate_title","src_onet_30_1","0.75"
"occ_13_2011_00","Tax Associate","alternate_title","src_onet_30_1","0.75"
"occ_13_2011_00","Tax Auditor","alternate_title","src_onet_30_1","0.75"
"occ_13_2011_00","Tax Professional","alternate_title","src_onet_30_1","0.75"
"occ_13_2011_00","Tax Specialist","alternate_title","src_onet_30_1","0.75"
"occ_13_2011_00","Traveling Accountant","alternate_title","src_onet_30_1","0.75"
"occ_13_2011_00","Traveling Auditor","alternate_title","src_onet_30_1","0.75"
"occ_13_2011_00","Traveling Repair Accountant","alternate_title","src_onet_30_1","0.75"
"occ_13_2051_00","Accounting Analyst","alternate_title","src_onet_30_1","0.75"
"occ_13_2051_00","Acquisition Analyst","alternate_title","src_onet_30_1","0.75"
"occ_13_2051_00","Acquisition Specialist","alternate_title","src_onet_30_1","0.75"
"occ_13_2051_00","Acquisitions Analyst","alternate_title","src_onet_30_1","0.75"
"occ_13_2051_00","Acquisitions Consultant","alternate_title","src_onet_30_1","0.75"
"occ_13_2051_00","Alternative Financing Specialist","alternate_title","src_onet_30_1","0.75"
"occ_13_2051_00","Analyst","alternate_title","src_onet_30_1","0.75"
"occ_13_2051_00","Bank Analyst","alternate_title","src_onet_30_1","0.75"
"occ_13_2051_00","Banking Analyst","alternate_title","src_onet_30_1","0.75"
"occ_13_2051_00","Bond Analyst","alternate_title","src_onet_30_1","0.75"
"occ_13_2051_00","Brand Analyst","alternate_title","src_onet_30_1","0.75"
"occ_13_2051_00","Chartered Financial Analyst (CFA)","alternate_title","src_onet_30_1","0.75"
"occ_13_2051_00","Commodity Analyst","alternate_title","src_onet_30_1","0.75"
"occ_13_2051_00","Corporate Financial Analyst","alternate_title","src_onet_30_1","0.75"
"occ_13_2051_00","Corporate Securities Research Analyst","alternate_title","src_onet_30_1","0.75"
"occ_13_2051_00","Corporate Statistical Financial Analyst","alternate_title","src_onet_30_1","0.75"
"occ_13_2051_00","Credit Products Officer","alternate_title","src_onet_30_1","0.75"
"occ_13_2051_00","Equity Research Analyst","alternate_title","src_onet_30_1","0.75"
"occ_13_2051_00","finance analyst","manual_seed","src_onet_30_1","0.85"
"occ_13_2051_00","Financial Analyst","short_title","src_onet_30_1","0.95"
"occ_13_2051_00","Financial Planning and Analysis Analyst","alternate_title","src_onet_30_1","0.75"
"occ_13_2051_00","Financial Reporting Analyst","alternate_title","src_onet_30_1","0.75"
"occ_13_2051_00","Financial Systems Analyst","alternate_title","src_onet_30_1","0.75"
"occ_13_2051_00","Fiscal Analyst","alternate_title","src_onet_30_1","0.75"
"occ_13_2051_00","Government Incentives Alternative Financing Specialist","alternate_title","src_onet_30_1","0.75"
"occ_13_2051_00","Green Material Value-Added Assessor","alternate_title","src_onet_30_1","0.75"
"occ_13_2051_00","Institutional Commodity Analyst","alternate_title","src_onet_30_1","0.75"
"occ_13_2051_00","investment analyst","manual_seed","src_onet_30_1","0.85"
"occ_13_2051_00","Investment Banker","alternate_title","src_onet_30_1","0.75"
"occ_13_2051_00","Investment Officer","alternate_title","src_onet_30_1","0.75"
"occ_13_2051_00","Investment Underwriter","alternate_title","src_onet_30_1","0.75"
"occ_13_2051_00","Investor","alternate_title","src_onet_30_1","0.75"
"occ_13_2051_00","M and A Banker (Mergers and Acquisitions Banker)","alternate_title","src_onet_30_1","0.75"
"occ_13_2051_00","Mergers and Acquisitions Associate (M and A Associate)","alternate_title","src_onet_30_1","0.75"
"occ_13_2051_00","Mergers and Acquisitions Consultant (M and A Consultant)","alternate_title","src_onet_30_1","0.75"
"occ_13_2051_00","Money Manager","alternate_title","src_onet_30_1","0.75"
"occ_13_2051_00","Mutual Fund Accountant","alternate_title","src_onet_30_1","0.75"
"occ_13_2051_00","Organizational Investment Analyst","alternate_title","src_onet_30_1","0.75"
"occ_13_2051_00","Planning Analyst","alternate_title","src_onet_30_1","0.75"
"occ_13_2051_00","Portfolio Analyst","alternate_title","src_onet_30_1","0.75"
"occ_13_2051_00","Portfolio Manager","alternate_title","src_onet_30_1","0.75"
"occ_13_2051_00","Pricing Analyst","alternate_title","src_onet_30_1","0.75"
"occ_13_2051_00","Pricing Specialist","alternate_title","src_onet_30_1","0.75"
"occ_13_2051_00","Prime Broker","alternate_title","src_onet_30_1","0.75"
"occ_13_2051_00","Real Estate Analyst","alternate_title","src_onet_30_1","0.75"
"occ_13_2051_00","Real Estate Investor","alternate_title","src_onet_30_1","0.75"
"occ_13_2051_00","Renewable Energy System Finance Specialist","alternate_title","src_onet_30_1","0.75"
"occ_13_2051_00","Securities Analyst","alternate_title","src_onet_30_1","0.75"
"occ_13_2051_00","Securities Consultant","alternate_title","src_onet_30_1","0.75"
"occ_13_2051_00","Securities Research Analyst","alternate_title","src_onet_30_1","0.75"
"occ_13_2051_00","Securities Underwriter","alternate_title","src_onet_30_1","0.75"
"occ_13_2051_00","Statistical Financial Analyst","alternate_title","src_onet_30_1","0.75"
"occ_13_2051_00","Stock Analyst","alternate_title","src_onet_30_1","0.75"
"occ_13_2051_00","Treasury Analyst","alternate_title","src_onet_30_1","0.75"
"occ_13_2051_00","Trust Officer","alternate_title","src_onet_30_1","0.75"
"occ_13_2052_00","Account Manager","alternate_title","src_onet_30_1","0.75"
"occ_13_2052_00","Asset Analyst","alternate_title","src_onet_30_1","0.75"
"occ_13_2052_00","Asset Manager","alternate_title","src_onet_30_1","0.75"
"occ_13_2052_00","Budget Counselor","alternate_title","src_onet_30_1","0.75"
"occ_13_2052_00","Certified Financial Planner (CFP)","alternate_title","src_onet_30_1","0.75"
"occ_13_2052_00","Chartered Financial Analyst (CFA)","alternate_title","src_onet_30_1","0.75"
"occ_13_2052_00","Client Advisor","alternate_title","src_onet_30_1","0.75"
"occ_13_2052_00","Credit Counselor","alternate_title","src_onet_30_1","0.75"
"occ_13_2052_00","Debt Counselor","alternate_title","src_onet_30_1","0.75"
"occ_13_2052_00","Estate Planner","alternate_title","src_onet_30_1","0.75"
"occ_13_2052_00","Estate Planning Counselor","alternate_title","src_onet_30_1","0.75"
"occ_13_2052_00","Estate Trustee","alternate_title","src_onet_30_1","0.75"
"occ_13_2052_00","Finance Consultant","alternate_title","src_onet_30_1","0.75"
"occ_13_2052_00","Financial Advisor","alternate_title","src_onet_30_1","0.75"
"occ_13_2052_00","Financial Advisor Associate","alternate_title","src_onet_30_1","0.75"
"occ_13_2052_00","Financial Agent","alternate_title","src_onet_30_1","0.75"
"occ_13_2052_00","Financial Consultant","alternate_title","src_onet_30_1","0.75"
"occ_13_2052_00","Financial Coordinator","alternate_title","src_onet_30_1","0.75"
"occ_13_2052_00","Financial Counselor","alternate_title","src_onet_30_1","0.75"
"occ_13_2052_00","Financial Investment Adviser","alternate_title","src_onet_30_1","0.75"
"occ_13_2052_00","Financial Investment Advisor","alternate_title","src_onet_30_1","0.75"
"occ_13_2052_00","Financial Life Planner","alternate_title","src_onet_30_1","0.75"
"occ_13_2052_00","financial planner","manual_seed","src_onet_30_1","0.85"
"occ_13_2052_00","Financial Relationship Consultant","alternate_title","src_onet_30_1","0.75"
"occ_13_2052_00","Financial Retirement Plan Specialist","alternate_title","src_onet_30_1","0.75"
"occ_13_2052_00","Financial Solutions Advisor","alternate_title","src_onet_30_1","0.75"
"occ_13_2052_00","Fiscal Specialist","alternate_title","src_onet_30_1","0.75"
"occ_13_2052_00","Individual Pension Adviser","alternate_title","src_onet_30_1","0.75"
"occ_13_2052_00","Individual Pension Consultant","alternate_title","src_onet_30_1","0.75"
"occ_13_2052_00","Insurance Advisor","alternate_title","src_onet_30_1","0.75"
"occ_13_2052_00","Insurance Consultant","alternate_title","src_onet_30_1","0.75"
"occ_13_2052_00","Investment Advisor","alternate_title","src_onet_30_1","0.75"
"occ_13_2052_00","Investment Consultant","alternate_title","src_onet_30_1","0.75"
"occ_13_2052_00","Investment Counselor","alternate_title","src_onet_30_1","0.75"
"occ_13_2052_00","Investment Representative (Investment Rep)","alternate_title","src_onet_30_1","0.75"
"occ_13_2052_00","Money Manager","alternate_title","src_onet_30_1","0.75"
"occ_13_2052_00","Patient Financial Counselor","alternate_title","src_onet_30_1","0.75"
"occ_13_2052_00","Pension Advisor","alternate_title","src_onet_30_1","0.75"
"occ_13_2052_00","Pension Consultant","alternate_title","src_onet_30_1","0.75"
"occ_13_2052_00","Personal Banker","alternate_title","src_onet_30_1","0.75"
"occ_13_2052_00","Personal Financial Advisor","alternate_title","src_onet_30_1","0.75"
"occ_13_2052_00","Personal Financial Counselor","alternate_title","src_onet_30_1","0.75"
"occ_13_2052_00","Personal Financial Planner","alternate_title","src_onet_30_1","0.75"
"occ_13_2052_00","Personal Investment Advisor","alternate_title","src_onet_30_1","0.75"
"occ_13_2052_00","Portfolio Manager","alternate_title","src_onet_30_1","0.75"
"occ_13_2052_00","Private Client Advisor","alternate_title","src_onet_30_1","0.75"
"occ_13_2052_00","Private Wealth Management Associate (PWM Associate)","alternate_title","src_onet_30_1","0.75"
"occ_13_2052_00","Securities Consultant","alternate_title","src_onet_30_1","0.75"
"occ_13_2052_00","Securities Counselor","alternate_title","src_onet_30_1","0.75"
"occ_13_2052_00","Socially Responsible Investment Advisor (SRI Advisor)","alternate_title","src_onet_30_1","0.75"
"occ_13_2052_00","Strategist","alternate_title","src_onet_30_1","0.75"
"occ_13_2052_00","Wealth Advisor","alternate_title","src_onet_30_1","0.75"
"occ_13_2052_00","Wealth Management Advisor","alternate_title","src_onet_30_1","0.75"
"occ_13_2052_00","Wealth Management Associate","alternate_title","src_onet_30_1","0.75"
"occ_13_2052_00","Wealth Manager","alternate_title","src_onet_30_1","0.75"
"occ_13_2072_00","Agricultural Loan Officer","alternate_title","src_onet_30_1","0.75"
"occ_13_2072_00","Bank Officer","alternate_title","src_onet_30_1","0.75"
"occ_13_2072_00","Bank Representative","alternate_title","src_onet_30_1","0.75"
"occ_13_2072_00","Banking Services Officer","alternate_title","src_onet_30_1","0.75"
"occ_13_2072_00","Branch Banker","alternate_title","src_onet_30_1","0.75"
"occ_13_2072_00","Branch Lending Officer","alternate_title","src_onet_30_1","0.75"
"occ_13_2072_00","Business Banker","alternate_title","src_onet_30_1","0.75"
"occ_13_2072_00","Business Banking Officer","alternate_title","src_onet_30_1","0.75"
"occ_13_2072_00","Commercial Banker","alternate_title","src_onet_30_1","0.75"
"occ_13_2072_00","Commercial Lender","alternate_title","src_onet_30_1","0.75"
"occ_13_2072_00","Commercial Loan Collection Officer","alternate_title","src_onet_30_1","0.75"
"occ_13_2072_00","Commercial Loan Officer","alternate_title","src_onet_30_1","0.75"
"occ_13_2072_00","Commercial Mortgage Broker","alternate_title","src_onet_30_1","0.75"
"occ_13_2072_00","Commercial Relationship Manager","alternate_title","src_onet_30_1","0.75"
"occ_13_2072_00","Consumer Lending Specialist","alternate_title","src_onet_30_1","0.75"
"occ_13_2072_00","Consumer Loan Officer","alternate_title","src_onet_30_1","0.75"
"occ_13_2072_00","Consumer Loan Specialist","alternate_title","src_onet_30_1","0.75"
"occ_13_2072_00","Corporate Banking Officer","alternate_title","src_onet_30_1","0.75"
"occ_13_2072_00","Eligibility Consultant","alternate_title","src_onet_30_1","0.75"
"occ_13_2072_00","Escrow Officer","alternate_title","src_onet_30_1","0.75"
"occ_13_2072_00","Farm Loan Representative","alternate_title","src_onet_30_1","0.75"
"occ_13_2072_00","Farm Mortgage Agent","alternate_title","src_onet_30_1","0.75"
"occ_13_2072_00","Financial Aid Administrator","alternate_title","src_onet_30_1","0.75"
"occ_13_2072_00","Financial Aid Advisor","alternate_title","src_onet_30_1","0.75"
"occ_13_2072_00","Financial Aid Coordinator","alternate_title","src_onet_30_1","0.75"
"occ_13_2072_00","Financial Aid Counselor","alternate_title","src_onet_30_1","0.75"
"occ_13_2072_00","Financial Aid Officer","alternate_title","src_onet_30_1","0.75"
"occ_13_2072_00","Financial Aid Technician","alternate_title","src_onet_30_1","0.75"
"occ_13_2072_00","Financial Assistance Advisor","alternate_title","src_onet_30_1","0.75"
"occ_13_2072_00","Financial Assistance Specialist","alternate_title","src_onet_30_1","0.75"
"occ_13_2072_00","Financial Counselor","alternate_title","src_onet_30_1","0.75"
"occ_13_2072_00","Home Lending Advisor","alternate_title","src_onet_30_1","0.75"
"occ_13_2072_00","Home Lending Officer","alternate_title","src_onet_30_1","0.75"
"occ_13_2072_00","Lender","alternate_title","src_onet_30_1","0.75"
"occ_13_2072_00","lending officer","manual_seed","src_onet_30_1","0.85"
"occ_13_2072_00","Loan Administrator","alternate_title","src_onet_30_1","0.75"
"occ_13_2072_00","Loan Adviser","alternate_title","src_onet_30_1","0.75"
"occ_13_2072_00","Loan Analyst","alternate_title","src_onet_30_1","0.75"
"occ_13_2072_00","Loan Approver","alternate_title","src_onet_30_1","0.75"
"occ_13_2072_00","Loan Auditor","alternate_title","src_onet_30_1","0.75"
"occ_13_2072_00","Loan Consultant","alternate_title","src_onet_30_1","0.75"
"occ_13_2072_00","Loan Coordinator","alternate_title","src_onet_30_1","0.75"
"occ_13_2072_00","Loan Counselor","alternate_title","src_onet_30_1","0.75"
"occ_13_2072_00","Loan Examiner","alternate_title","src_onet_30_1","0.75"
"occ_13_2072_00","Loan Interviewer","alternate_title","src_onet_30_1","0.75"
"occ_13_2072_00","Loan Officer","alternate_title","src_onet_30_1","0.75"
"occ_13_2072_00","Loan Originator","alternate_title","src_onet_30_1","0.75"
"occ_13_2072_00","Loan Reviewer","alternate_title","src_onet_30_1","0.75"
"occ_13_2072_00","Loan Service Officer","alternate_title","src_onet_30_1","0.75"
"occ_13_2072_00","Loan Servicing Specialist","alternate_title","src_onet_30_1","0.75"
"occ_13_2072_00","Loan Specialist","alternate_title","src_onet_30_1","0.75"
"occ_13_2072_00","Loan Underwriter","alternate_title","src_onet_30_1","0.75"
"occ_13_2072_00","Loan Workout Officer","alternate_title","src_onet_30_1","0.75"
"occ_13_2072_00","Mortgage Banker","alternate_title","src_onet_30_1","0.75"
"occ_13_2072_00","Mortgage Broker","alternate_title","src_onet_30_1","0.75"
"occ_13_2072_00","Mortgage Closer","alternate_title","src_onet_30_1","0.75"
"occ_13_2072_00","Mortgage Consultant","alternate_title","src_onet_30_1","0.75"
"occ_13_2072_00","Mortgage Loan Closer","alternate_title","src_onet_30_1","0.75"
"occ_13_2072_00","Mortgage Loan Officer","alternate_title","src_onet_30_1","0.75"
"occ_13_2072_00","Mortgage Loan Originator","alternate_title","src_onet_30_1","0.75"
"occ_13_2072_00","Mortgage Loan Underwriter","alternate_title","src_onet_30_1","0.75"
"occ_13_2072_00","Mortgage Originator","alternate_title","src_onet_30_1","0.75"
"occ_13_2072_00","Mortgage Servicer","alternate_title","src_onet_30_1","0.75"
"occ_13_2072_00","Mortgage Specialist","alternate_title","src_onet_30_1","0.75"
"occ_13_2072_00","Mortgage Underwriter","alternate_title","src_onet_30_1","0.75"
"occ_13_2072_00","Peer Financial Counselor","alternate_title","src_onet_30_1","0.75"
"occ_13_2072_00","Personal Banking Officer","alternate_title","src_onet_30_1","0.75"
"occ_13_2072_00","Personal Loan Specialist","alternate_title","src_onet_30_1","0.75"
"occ_13_2072_00","Portfolio Manager","alternate_title","src_onet_30_1","0.75"
"occ_13_2072_00","Real Estate Loan Officer","alternate_title","src_onet_30_1","0.75"
"occ_13_2072_00","Real Estate Officer","alternate_title","src_onet_30_1","0.75"
"occ_13_2072_00","Small Business Banking Officer","alternate_title","src_onet_30_1","0.75"
"occ_13_2072_00","Underwriter","alternate_title","src_onet_30_1","0.75"
"occ_15_1211_00","Applications Analyst","alternate_title","src_onet_30_1","0.75"
"occ_15_1211_00","Applications Systems Analyst","alternate_title","src_onet_30_1","0.75"
"occ_15_1211_00","Automatic Data Processing Planner (ADP Planner)","alternate_title","src_onet_30_1","0.75"
"occ_15_1211_00","Business Systems Analyst","alternate_title","src_onet_30_1","0.75"
"occ_15_1211_00","Computer Analyst","alternate_title","src_onet_30_1","0.75"
"occ_15_1211_00","Computer Architect","alternate_title","src_onet_30_1","0.75"
"occ_15_1211_00","Computer Consultant","alternate_title","src_onet_30_1","0.75"
"occ_15_1211_00","Computer Equipment Analyst","alternate_title","src_onet_30_1","0.75"
"occ_15_1211_00","Computer Methods Analyst","alternate_title","src_onet_30_1","0.75"
"occ_15_1211_00","Computer Systems Analyst","alternate_title","src_onet_30_1","0.75"
"occ_15_1211_00","Computer Systems Consultant","alternate_title","src_onet_30_1","0.75"
"occ_15_1211_00","Computer Systems Design Analyst","alternate_title","src_onet_30_1","0.75"
"occ_15_1211_00","Computer Systems Designer","alternate_title","src_onet_30_1","0.75"
"occ_15_1211_00","Computer Systems Specialist","alternate_title","src_onet_30_1","0.75"
"occ_15_1211_00","Configuration Analyst","alternate_title","src_onet_30_1","0.75"
"occ_15_1211_00","Configuration Manager","alternate_title","src_onet_30_1","0.75"
"occ_15_1211_00","Cross Enterprise Integrator","alternate_title","src_onet_30_1","0.75"
"occ_15_1211_00","Cyber Defense Infrastructure Support Specialist","alternate_title","src_onet_30_1","0.75"
"occ_15_1211_00","Data Processing Consultant","alternate_title","src_onet_30_1","0.75"
"occ_15_1211_00","Data Processing Systems Analyst","alternate_title","src_onet_30_1","0.75"
"occ_15_1211_00","Data Processing Systems Consultant","alternate_title","src_onet_30_1","0.75"
"occ_15_1211_00","Data Processing Systems Project Planner","alternate_title","src_onet_30_1","0.75"
"occ_15_1211_00","Database Analyst","alternate_title","src_onet_30_1","0.75"
"occ_15_1211_00","Database Design Analyst","alternate_title","src_onet_30_1","0.75"
"occ_15_1211_00","Digital Computer Systems Analyst","alternate_title","src_onet_30_1","0.75"
"occ_15_1211_00","EDI Analyst (Electronic Data Exchange Analyst)","alternate_title","src_onet_30_1","0.75"
"occ_15_1211_00","Electronic Transactions Implementer","alternate_title","src_onet_30_1","0.75"
"occ_15_1211_00","Engineering Systems Analyst","alternate_title","src_onet_30_1","0.75"
"occ_15_1211_00","ERP Consultant (Enterprise Resource Planning Consultant)","alternate_title","src_onet_30_1","0.75"
"occ_15_1211_00","ERP Specialist (Enterprise Resource Planning Specialist)","alternate_title","src_onet_30_1","0.75"
"occ_15_1211_00","Functional Analyst","alternate_title","src_onet_30_1","0.75"
"occ_15_1211_00","Health Systems Analyst","alternate_title","src_onet_30_1","0.75"
"occ_15_1211_00","Implementation Consultant","alternate_title","src_onet_30_1","0.75"
"occ_15_1211_00","Information Scientist","alternate_title","src_onet_30_1","0.75"
"occ_15_1211_00","Information Systems Analyst (ISA)","alternate_title","src_onet_30_1","0.75"
"occ_15_1211_00","Information Systems Auditor (IS Auditor)","alternate_title","src_onet_30_1","0.75"
"occ_15_1211_00","Information Systems Consultant (IS Consultant)","alternate_title","src_onet_30_1","0.75"
"occ_15_1211_00","Information Systems Planner (IS Planner)","alternate_title","src_onet_30_1","0.75"
"occ_15_1211_00","Information Systems Specialist (IS Specialist)","alternate_title","src_onet_30_1","0.75"
"occ_15_1211_00","Internet Analyst","alternate_title","src_onet_30_1","0.75"
"occ_15_1211_00","it analyst","manual_seed","src_onet_30_1","0.85"
"occ_15_1211_00","IT Analyst (Information Technology Analyst)","alternate_title","src_onet_30_1","0.75"
"occ_15_1211_00","IT Auditor (Information Technology Auditor)","alternate_title","src_onet_30_1","0.75"
"occ_15_1211_00","IT Business Analyst (Information Technology Business Analyst)","alternate_title","src_onet_30_1","0.75"
"occ_15_1211_00","IT Business Systems Analyst (Information Technology Business Systems Analyst)","alternate_title","src_onet_30_1","0.75"
"occ_15_1211_00","IT Consultant (Information Technology Consultant)","alternate_title","src_onet_30_1","0.75"
"occ_15_1211_00","IT Performance Analyst (Information Technology Performance Analyst)","alternate_title","src_onet_30_1","0.75"
"occ_15_1211_00","IT Security Analyst (Information Technology Security Analyst)","alternate_title","src_onet_30_1","0.75"
"occ_15_1211_00","IT Systems Analyst (Information Technology Systems Analyst)","alternate_title","src_onet_30_1","0.75"
"occ_15_1211_00","Programmer Analyst","alternate_title","src_onet_30_1","0.75"
"occ_15_1211_00","Public Key Infrastructure Analyst (PKI Analyst)","alternate_title","src_onet_30_1","0.75"
"occ_15_1211_00","Scientific Systems Analyst","alternate_title","src_onet_30_1","0.75"
"occ_15_1211_00","Software Analyst","alternate_title","src_onet_30_1","0.75"
"occ_15_1211_00","Software Consultant","alternate_title","src_onet_30_1","0.75"
"occ_15_1211_00","Solution Architect","alternate_title","src_onet_30_1","0.75"
"occ_15_1211_00","Systems Analysis Specialist","alternate_title","src_onet_30_1","0.75"
"occ_15_1211_00","Systems Analyst","short_title","src_onet_30_1","0.95"
"occ_15_1211_00","Systems Integrator","alternate_title","src_onet_30_1","0.75"
"occ_15_1211_00","Technical Analyst","alternate_title","src_onet_30_1","0.75"
"occ_15_1211_00","Technical Business Analyst","alternate_title","src_onet_30_1","0.75"
"occ_15_1211_00","Technical Consultant","alternate_title","src_onet_30_1","0.75"
"occ_15_1211_00","Technology Analyst","alternate_title","src_onet_30_1","0.75"
"occ_15_1211_00","Virus Technician (Virus Tech)","alternate_title","src_onet_30_1","0.75"
"occ_15_1211_00","Vulnerability Assessment Analyst","alternate_title","src_onet_30_1","0.75"
"occ_15_1211_00","Vulnerability Assessor","alternate_title","src_onet_30_1","0.75"
"occ_15_1212_00","AI Security Specialist (Artificial Intelligence Security Specialist)","alternate_title","src_onet_30_1","0.75"
"occ_15_1212_00","All-Source Analyst","alternate_title","src_onet_30_1","0.75"
"occ_15_1212_00","Application Security Analyst","alternate_title","src_onet_30_1","0.75"
"occ_15_1212_00","Applications Security Analyst","alternate_title","src_onet_30_1","0.75"
"occ_15_1212_00","Automatic Data Processing Systems Security Specialist (ADP Systems Security)","alternate_title","src_onet_30_1","0.75"
"occ_15_1212_00","Blue Team Member","alternate_title","src_onet_30_1","0.75"
"occ_15_1212_00","Certified Information Systems Security Professional (CISSP)","alternate_title","src_onet_30_1","0.75"
"occ_15_1212_00","Cloud Security Architect","alternate_title","src_onet_30_1","0.75"
"occ_15_1212_00","Cloud Security Engineer","alternate_title","src_onet_30_1","0.75"
"occ_15_1212_00","Computer Security Coordinator","alternate_title","src_onet_30_1","0.75"
"occ_15_1212_00","Computer Security Information Specialist","alternate_title","src_onet_30_1","0.75"
"occ_15_1212_00","Computer Security Specialist","alternate_title","src_onet_30_1","0.75"
"occ_15_1212_00","Computer Systems Security Analyst","alternate_title","src_onet_30_1","0.75"
"occ_15_1212_00","Counterespionage Analyst","alternate_title","src_onet_30_1","0.75"
"occ_15_1212_00","Cryptological Technician","alternate_title","src_onet_30_1","0.75"
"occ_15_1212_00","Cryptologist","alternate_title","src_onet_30_1","0.75"
"occ_15_1212_00","Cyber Defense Analyst","alternate_title","src_onet_30_1","0.75"
"occ_15_1212_00","Cyber Defense Forensics Analyst","alternate_title","src_onet_30_1","0.75"
"occ_15_1212_00","Cyber Incident Responder","alternate_title","src_onet_30_1","0.75"
"occ_15_1212_00","Cyber Information Security Analyst","alternate_title","src_onet_30_1","0.75"
"occ_15_1212_00","Cyber Intel Planner","alternate_title","src_onet_30_1","0.75"
"occ_15_1212_00","Cyber Intelligence Specialist","alternate_title","src_onet_30_1","0.75"
"occ_15_1212_00","Cyber Operations Planner (Cyber Ops Planner)","alternate_title","src_onet_30_1","0.75"
"occ_15_1212_00","Cyber Operations Specialist","alternate_title","src_onet_30_1","0.75"
"occ_15_1212_00","Cyber Operator","alternate_title","src_onet_30_1","0.75"
"occ_15_1212_00","Cyber Policy and Strategy Planner","alternate_title","src_onet_30_1","0.75"
"occ_15_1212_00","Cyber Security Analyst","alternate_title","src_onet_30_1","0.75"
"occ_15_1212_00","Cyber Security Specialist","alternate_title","src_onet_30_1","0.75"
"occ_15_1212_00","Cyber Security Support Technician","alternate_title","src_onet_30_1","0.75"
"occ_15_1212_00","Cybersecurity All-Source Analyst","alternate_title","src_onet_30_1","0.75"
"occ_15_1212_00","Cybersecurity Analyst","alternate_title","src_onet_30_1","0.75"
"occ_15_1212_00","Cybersecurity Engineer","alternate_title","src_onet_30_1","0.75"
"occ_15_1212_00","Cybersecurity Exploitation Analyst","alternate_title","src_onet_30_1","0.75"
"occ_15_1212_00","Cybersecurity Incident Response Analyst","alternate_title","src_onet_30_1","0.75"
"occ_15_1212_00","Cybersecurity Multi-Disciplined Language Analyst","alternate_title","src_onet_30_1","0.75"
"occ_15_1212_00","Cybersecurity Partner Integration Planner","alternate_title","src_onet_30_1","0.75"
"occ_15_1212_00","Cybersecurity Specialist","alternate_title","src_onet_30_1","0.75"
"occ_15_1212_00","Cybersecurity Target Developer","alternate_title","src_onet_30_1","0.75"
"occ_15_1212_00","Cybersecurity Target Network Analyst","alternate_title","src_onet_30_1","0.75"
"occ_15_1212_00","Cybersecurity Threat Analyst","alternate_title","src_onet_30_1","0.75"
"occ_15_1212_00","Cybersecurity Warning Analyst","alternate_title","src_onet_30_1","0.75"
"occ_15_1212_00","Data Security Analyst","alternate_title","src_onet_30_1","0.75"
"occ_15_1212_00","Database Security Expert","alternate_title","src_onet_30_1","0.75"
"occ_15_1212_00","Exploitation Analyst","alternate_title","src_onet_30_1","0.75"
"occ_15_1212_00","Incident Responder","alternate_title","src_onet_30_1","0.75"
"occ_15_1212_00","Incident Response Analyst","alternate_title","src_onet_30_1","0.75"
"occ_15_1212_00","Incident Response Manager","alternate_title","src_onet_30_1","0.75"
"occ_15_1212_00","Industrial Internet of Things Security Specialist (IIoT Security Specialist)","alternate_title","src_onet_30_1","0.75"
"occ_15_1212_00","Information Assurance Analyst","alternate_title","src_onet_30_1","0.75"
"occ_15_1212_00","Information Security Analyst","alternate_title","src_onet_30_1","0.75"
"occ_15_1212_00","Information Security Officer","alternate_title","src_onet_30_1","0.75"
"occ_15_1212_00","Information Security Specialist","alternate_title","src_onet_30_1","0.75"
"occ_15_1212_00","Information Systems Security Analyst","alternate_title","src_onet_30_1","0.75"
"occ_15_1212_00","Information Systems Security Officer (ISSO)","alternate_title","src_onet_30_1","0.75"
"occ_15_1212_00","Information Systems Security Specialist","alternate_title","src_onet_30_1","0.75"
"occ_15_1212_00","Information Technology Analyst (IT Analyst)","alternate_title","src_onet_30_1","0.75"
"occ_15_1212_00","Information Technology Consultant (IT Consultant)","alternate_title","src_onet_30_1","0.75"
"occ_15_1212_00","Information Technology Security Analyst (IT Security Analyst)","alternate_title","src_onet_30_1","0.75"
"occ_15_1212_00","Information Technology Security Architect (IT Security Architect)","alternate_title","src_onet_30_1","0.75"
"occ_15_1212_00","International Affairs Specialist","alternate_title","src_onet_30_1","0.75"
"occ_15_1212_00","Internet of Things Security Specialist (IoT Security Specialist)","alternate_title","src_onet_30_1","0.75"
"occ_15_1212_00","Internet Security Specialist","alternate_title","src_onet_30_1","0.75"
"occ_15_1212_00","Intrusion Detection Analyst","alternate_title","src_onet_30_1","0.75"
"occ_15_1212_00","IT Auditor (Information Technology Auditor)","alternate_title","src_onet_30_1","0.75"
"occ_15_1212_00","IT Risk Specialist (Information Technology Risk Specialist)","alternate_title","src_onet_30_1","0.75"
"occ_15_1212_00","Mission Assessment Specialist","alternate_title","src_onet_30_1","0.75"
"occ_15_1212_00","Network Security Analyst","alternate_title","src_onet_30_1","0.75"
"occ_15_1212_00","Network Security Officer","alternate_title","src_onet_30_1","0.75"
"occ_15_1212_00","Network Security Systems Analyst","alternate_title","src_onet_30_1","0.75"
"occ_15_1212_00","Red Team Member","alternate_title","src_onet_30_1","0.75"
"occ_15_1212_00","Security Analyst","alternate_title","src_onet_30_1","0.75"
"occ_15_1212_00","Security Auditor","alternate_title","src_onet_30_1","0.75"
"occ_15_1212_00","Security Consultant","alternate_title","src_onet_30_1","0.75"
"occ_15_1212_00","Security Control Assessor","alternate_title","src_onet_30_1","0.75"
"occ_15_1212_00","Security Operations Analyst","alternate_title","src_onet_30_1","0.75"
"occ_15_1212_00","Security Operations Center Analyst (SOC Analyst)","alternate_title","src_onet_30_1","0.75"
"occ_15_1212_00","Security Specialist","alternate_title","src_onet_30_1","0.75"
"occ_15_1212_00","Source Code Auditor","alternate_title","src_onet_30_1","0.75"
"occ_15_1212_00","Supervisory Control and Data Acquisition Security Analyst (SCADA Security Analyst)","alternate_title","src_onet_30_1","0.75"
"occ_15_1212_00","Systems Analyst","alternate_title","src_onet_30_1","0.75"
"occ_15_1212_00","Systems Security Analyst","alternate_title","src_onet_30_1","0.75"
"occ_15_1212_00","Systems Security Specialist","alternate_title","src_onet_30_1","0.75"
"occ_15_1212_00","Technology Analyst","alternate_title","src_onet_30_1","0.75"
"occ_15_1212_00","Threat Hunter","alternate_title","src_onet_30_1","0.75"
"occ_15_1212_00","Threat Monitoring Analyst","alternate_title","src_onet_30_1","0.75"
"occ_15_1212_00","Virus Technician","alternate_title","src_onet_30_1","0.75"
"occ_15_1212_00","Warning Analyst","alternate_title","src_onet_30_1","0.75"
"occ_15_1232_00","Application Customer Service Representative (Application CSR)","alternate_title","src_onet_30_1","0.75"
"occ_15_1232_00","Application Support Engineer","alternate_title","src_onet_30_1","0.75"
"occ_15_1232_00","Applications Analyst","alternate_title","src_onet_30_1","0.75"
"occ_15_1232_00","Automatic Data Processing Customer Liaison (ADP Customer Liaison)","alternate_title","src_onet_30_1","0.75"
"occ_15_1232_00","Call Center Support Representative (Call Center Support Rep)","alternate_title","src_onet_30_1","0.75"
"occ_15_1232_00","Cloud Operations Specialist","alternate_title","src_onet_30_1","0.75"
"occ_15_1232_00","Computer Customer Support Specialist","alternate_title","src_onet_30_1","0.75"
"occ_15_1232_00","Computer Hardware Technician (Computer Hardware Tech)","alternate_title","src_onet_30_1","0.75"
"occ_15_1232_00","Computer Help Desk Representative (Computer Help Desk Rep)","alternate_title","src_onet_30_1","0.75"
"occ_15_1232_00","Computer Help Desk Specialist","alternate_title","src_onet_30_1","0.75"
"occ_15_1232_00","Computer Lab Assistant (Computer Laboratory Assistant)","alternate_title","src_onet_30_1","0.75"
"occ_15_1232_00","Computer Operations Technician (Computer Operations Tech)","alternate_title","src_onet_30_1","0.75"
"occ_15_1232_00","Computer Operator","alternate_title","src_onet_30_1","0.75"
"occ_15_1232_00","Computer Specialist","alternate_title","src_onet_30_1","0.75"
"occ_15_1232_00","Computer Support Specialist","alternate_title","src_onet_30_1","0.75"
"occ_15_1232_00","Computer Support Tech (Computer Support Technician)","alternate_title","src_onet_30_1","0.75"
"occ_15_1232_00","Computer System Tech (Computer Systems Technician)","alternate_title","src_onet_30_1","0.75"
"occ_15_1232_00","Computer Systems Specialist","alternate_title","src_onet_30_1","0.75"
"occ_15_1232_00","Computer Tech (Computer Technician)","alternate_title","src_onet_30_1","0.75"
"occ_15_1232_00","Computer Technical Specialist","alternate_title","src_onet_30_1","0.75"
"occ_15_1232_00","Computer Technologist","alternate_title","src_onet_30_1","0.75"
"occ_15_1232_00","Customer Liaison","alternate_title","src_onet_30_1","0.75"
"occ_15_1232_00","Customer Service Technician (Customer Service Tech)","alternate_title","src_onet_30_1","0.75"
"occ_15_1232_00","Customer Support Analyst","alternate_title","src_onet_30_1","0.75"
"occ_15_1232_00","Customer Support Rep (Customer Support Representative)","alternate_title","src_onet_30_1","0.75"
"occ_15_1232_00","Customer Support Specialist","alternate_title","src_onet_30_1","0.75"
"occ_15_1232_00","Desktop Analyst","alternate_title","src_onet_30_1","0.75"
"occ_15_1232_00","Desktop Support Analyst","alternate_title","src_onet_30_1","0.75"
"occ_15_1232_00","Desktop Support Engineer","alternate_title","src_onet_30_1","0.75"
"occ_15_1232_00","Desktop Support Manager","alternate_title","src_onet_30_1","0.75"
"occ_15_1232_00","Desktop Support Specialist","alternate_title","src_onet_30_1","0.75"
"occ_15_1232_00","Desktop Support Technician (Desktop Support Tech)","alternate_title","src_onet_30_1","0.75"
"occ_15_1232_00","Desktop Technician (Desktop Tech)","alternate_title","src_onet_30_1","0.75"
"occ_15_1232_00","End User Support Specialist","alternate_title","src_onet_30_1","0.75"
"occ_15_1232_00","Health Information Technology Specialist","alternate_title","src_onet_30_1","0.75"
"occ_15_1232_00","Help Desk Analyst","alternate_title","src_onet_30_1","0.75"
"occ_15_1232_00","Help Desk Coordinator","alternate_title","src_onet_30_1","0.75"
"occ_15_1232_00","Help Desk Operator","alternate_title","src_onet_30_1","0.75"
"occ_15_1232_00","Help Desk Representative (Help Desk Rep)","alternate_title","src_onet_30_1","0.75"
"occ_15_1232_00","help desk specialist","manual_seed","src_onet_30_1","0.85"
"occ_15_1232_00","Help Desk Support Specialist","alternate_title","src_onet_30_1","0.75"
"occ_15_1232_00","Help Desk Support Technician (Help Desk Support Tech)","alternate_title","src_onet_30_1","0.75"
"occ_15_1232_00","Help Desk Tech (Help Desk Technician)","alternate_title","src_onet_30_1","0.75"
"occ_15_1232_00","IS Tech (Information Systems Technician)","alternate_title","src_onet_30_1","0.75"
"occ_15_1232_00","IT Analyst (Information Technology Analyst)","alternate_title","src_onet_30_1","0.75"
"occ_15_1232_00","IT Associate (Information Technology Associate)","alternate_title","src_onet_30_1","0.75"
"occ_15_1232_00","IT Generalist (Information Technology Generalist)","alternate_title","src_onet_30_1","0.75"
"occ_15_1232_00","IT Help Desk Tech (Information Technology Help Desk Technician)","alternate_title","src_onet_30_1","0.75"
"occ_15_1232_00","IT Specialist (Information Technology Specialist)","alternate_title","src_onet_30_1","0.75"
"occ_15_1232_00","IT Support Analyst (Information Technology Support Analyst)","alternate_title","src_onet_30_1","0.75"
"occ_15_1232_00","IT Support Engineer (Information Technology Support Engineer)","alternate_title","src_onet_30_1","0.75"
"occ_15_1232_00","IT Support Specialist","short_title","src_onet_30_1","0.95"
"occ_15_1232_00","IT Support Specialist (Information Technology Support Specialist)","alternate_title","src_onet_30_1","0.75"
"occ_15_1232_00","IT Support Tech (Information Technology Support Technician)","alternate_title","src_onet_30_1","0.75"
"occ_15_1232_00","IT Tech (Information Technology Technician)","alternate_title","src_onet_30_1","0.75"
"occ_15_1232_00","LAN Applications Support Analyst (Local Area Network Applications Support Analyst)","alternate_title","src_onet_30_1","0.75"
"occ_15_1232_00","Micro Computer Specialist","alternate_title","src_onet_30_1","0.75"
"occ_15_1232_00","Micro Computer Support Specialist","alternate_title","src_onet_30_1","0.75"
"occ_15_1232_00","Micro Computer Technician (Micro Computer Tech)","alternate_title","src_onet_30_1","0.75"
"occ_15_1232_00","Operating Systems Specialist (OS Specialist)","alternate_title","src_onet_30_1","0.75"
"occ_15_1232_00","Operations Support Technician (Operations Support Tech)","alternate_title","src_onet_30_1","0.75"
"occ_15_1232_00","PC Consultant (Personal Computer Consultant)","alternate_title","src_onet_30_1","0.75"
"occ_15_1232_00","PC Installation Engineer (Personal Computer Installation Engineer)","alternate_title","src_onet_30_1","0.75"
"occ_15_1232_00","PC Specialist (Personal Computer Specialist)","alternate_title","src_onet_30_1","0.75"
"occ_15_1232_00","PC Support Specialist (Personal Computer Support Specialist)","alternate_title","src_onet_30_1","0.75"
"occ_15_1232_00","PC Support Tech (Personal Computer Support Technician)","alternate_title","src_onet_30_1","0.75"
"occ_15_1232_00","PC Systems Coordinator (Personal Computer Systems Coordinator)","alternate_title","src_onet_30_1","0.75"
"occ_15_1232_00","PC Tech (Personal Computer Technician)","alternate_title","src_onet_30_1","0.75"
"occ_15_1232_00","Printer Technician (Printer Tech)","alternate_title","src_onet_30_1","0.75"
"occ_15_1232_00","Product Support Consultant","alternate_title","src_onet_30_1","0.75"
"occ_15_1232_00","Product Support Engineer","alternate_title","src_onet_30_1","0.75"
"occ_15_1232_00","Product Support Specialist","alternate_title","src_onet_30_1","0.75"
"occ_15_1232_00","Service Desk Analyst","alternate_title","src_onet_30_1","0.75"
"occ_15_1232_00","Software Installer","alternate_title","src_onet_30_1","0.75"
"occ_15_1232_00","Support Engineer","alternate_title","src_onet_30_1","0.75"
"occ_15_1232_00","Support Specialist","alternate_title","src_onet_30_1","0.75"
"occ_15_1232_00","Support Technician (Support Tech)","alternate_title","src_onet_30_1","0.75"
"occ_15_1232_00","Technical Services Specialist","alternate_title","src_onet_30_1","0.75"
"occ_15_1232_00","Technical Support Analyst","alternate_title","src_onet_30_1","0.75"
"occ_15_1232_00","Technical Support Call Center Representative (Technical Support Call Center Rep)","alternate_title","src_onet_30_1","0.75"
"occ_15_1232_00","Technical Support Engineer","alternate_title","src_onet_30_1","0.75"
"occ_15_1232_00","Technical Support Representative (Technical Support Rep)","alternate_title","src_onet_30_1","0.75"
"occ_15_1232_00","Technical Support Specialist","alternate_title","src_onet_30_1","0.75"
"occ_15_1232_00","Technical Support Technician (Technical Support Tech)","alternate_title","src_onet_30_1","0.75"
"occ_15_1232_00","User Support Analyst","alternate_title","src_onet_30_1","0.75"
"occ_15_1232_00","User Support Specialist","alternate_title","src_onet_30_1","0.75"
"occ_15_1232_00","Work Station Support Specialist","alternate_title","src_onet_30_1","0.75"
"occ_15_1241_00","Cloud Architect","alternate_title","src_onet_30_1","0.75"
"occ_15_1241_00","Cloud Network Engineer","alternate_title","src_onet_30_1","0.75"
"occ_15_1241_00","Computer Network Analyst","alternate_title","src_onet_30_1","0.75"
"occ_15_1241_00","Computer Network Engineer","alternate_title","src_onet_30_1","0.75"
"occ_15_1241_00","Computer Network Technologist","alternate_title","src_onet_30_1","0.75"
"occ_15_1241_00","Data Communications Analyst","alternate_title","src_onet_30_1","0.75"
"occ_15_1241_00","Enterprise Architect","alternate_title","src_onet_30_1","0.75"
"occ_15_1241_00","enterprise network architect","manual_seed","src_onet_30_1","0.85"
"occ_15_1241_00","infrastructure architect","manual_seed","src_onet_30_1","0.85"
"occ_15_1241_00","Internetworking Technician (Internetworking Tech)","alternate_title","src_onet_30_1","0.75"
"occ_15_1241_00","IT Analyst (Information Technology Analyst)","alternate_title","src_onet_30_1","0.75"
"occ_15_1241_00","IT Network Engineer (Information Technology Network Engineer)","alternate_title","src_onet_30_1","0.75"
"occ_15_1241_00","Network Analyst","alternate_title","src_onet_30_1","0.75"
"occ_15_1241_00","Network Architect","alternate_title","src_onet_30_1","0.75"
"occ_15_1241_00","Network Computer Consultant","alternate_title","src_onet_30_1","0.75"
"occ_15_1241_00","Network Consultant","alternate_title","src_onet_30_1","0.75"
"occ_15_1241_00","Network Control Analyst","alternate_title","src_onet_30_1","0.75"
"occ_15_1241_00","Network Control Analyst Assistant","alternate_title","src_onet_30_1","0.75"
"occ_15_1241_00","Network Designer","alternate_title","src_onet_30_1","0.75"
"occ_15_1241_00","Network Developer","alternate_title","src_onet_30_1","0.75"
"occ_15_1241_00","Network Operations Analyst (Network Ops Analyst)","alternate_title","src_onet_30_1","0.75"
"occ_15_1241_00","Network Operations Specialist (Network Ops Specialist)","alternate_title","src_onet_30_1","0.75"
"occ_15_1241_00","Network Security Analyst","alternate_title","src_onet_30_1","0.75"
"occ_15_1241_00","Network Security Systems Analyst","alternate_title","src_onet_30_1","0.75"
"occ_15_1241_00","Network Specialist","alternate_title","src_onet_30_1","0.75"
"occ_15_1241_00","Network Systems Analyst","alternate_title","src_onet_30_1","0.75"
"occ_15_1241_00","Network Systems Consultant","alternate_title","src_onet_30_1","0.75"
"occ_15_1241_00","Network Systems Engineer","alternate_title","src_onet_30_1","0.75"
"occ_15_1241_00","Network Systems Integrator","alternate_title","src_onet_30_1","0.75"
"occ_15_1241_00","Networking Engineer","alternate_title","src_onet_30_1","0.75"
"occ_15_1241_00","Networking Specialist","alternate_title","src_onet_30_1","0.75"
"occ_15_1241_00","Networking Systems Engineer","alternate_title","src_onet_30_1","0.75"
"occ_15_1241_00","NOC Engineer (Network Operations Center Engineer)","alternate_title","src_onet_30_1","0.75"
"occ_15_1241_00","PC Network Engineer (Personal Computer Network Engineer)","alternate_title","src_onet_30_1","0.75"
"occ_15_1241_00","Platform Architect","alternate_title","src_onet_30_1","0.75"
"occ_15_1241_00","Principal Network Engineer","alternate_title","src_onet_30_1","0.75"
"occ_15_1241_00","Server Engineer","alternate_title","src_onet_30_1","0.75"
"occ_15_1241_00","Solutions Architect","alternate_title","src_onet_30_1","0.75"
"occ_15_1241_00","Solutions Engineer","alternate_title","src_onet_30_1","0.75"
"occ_15_1241_00","System Programmer","alternate_title","src_onet_30_1","0.75"
"occ_15_1241_00","Systems Engineer","alternate_title","src_onet_30_1","0.75"
"occ_15_1241_00","Target Network Analyst","alternate_title","src_onet_30_1","0.75"
"occ_15_1241_00","Telecommunications Analyst (Telecom Analyst)","alternate_title","src_onet_30_1","0.75"
"occ_15_1241_00","WAN Engineer (Wide Area Network Engineer)","alternate_title","src_onet_30_1","0.75"
"occ_15_1241_00","Wireless Engineer","alternate_title","src_onet_30_1","0.75"
"occ_15_1241_00","Wireless Network Engineer","alternate_title","src_onet_30_1","0.75"
"occ_15_1244_00","AI Security Specialist (Artificial Intelligence Security Specialist)","alternate_title","src_onet_30_1","0.75"
"occ_15_1244_00","Application Security Administrator","alternate_title","src_onet_30_1","0.75"
"occ_15_1244_00","Application Systems Administrator","alternate_title","src_onet_30_1","0.75"
"occ_15_1244_00","Computer Systems Security Administrator","alternate_title","src_onet_30_1","0.75"
"occ_15_1244_00","E-Mail System Administrator","alternate_title","src_onet_30_1","0.75"
"occ_15_1244_00","Enterprise Systems Administrator","alternate_title","src_onet_30_1","0.75"
"occ_15_1244_00","Hardware Installation Coordinator","alternate_title","src_onet_30_1","0.75"
"occ_15_1244_00","Information Analyst","alternate_title","src_onet_30_1","0.75"
"occ_15_1244_00","Information Systems Administrator","alternate_title","src_onet_30_1","0.75"
"occ_15_1244_00","Information Systems Coordinator (IS Coordinator)","alternate_title","src_onet_30_1","0.75"
"occ_15_1244_00","Information Systems Operator","alternate_title","src_onet_30_1","0.75"
"occ_15_1244_00","Information Technology Administrator (IT Administrator)","alternate_title","src_onet_30_1","0.75"
"occ_15_1244_00","Information Technology Specialist (IT Specialist)","alternate_title","src_onet_30_1","0.75"
"occ_15_1244_00","Information Technology Technical Support Specialist (IT Technical Support Specialist)","alternate_title","src_onet_30_1","0.75"
"occ_15_1244_00","infrastructure administrator","manual_seed","src_onet_30_1","0.85"
"occ_15_1244_00","Installation Coordinator","alternate_title","src_onet_30_1","0.75"
"occ_15_1244_00","Internet Systems Administrator","alternate_title","src_onet_30_1","0.75"
"occ_15_1244_00","Internetwork Expert (CCIE)","alternate_title","src_onet_30_1","0.75"
"occ_15_1244_00","IT Systems Admin (Information Technology Systems Administrator)","alternate_title","src_onet_30_1","0.75"
"occ_15_1244_00","LAN Specialist (Local Area Network Specialist)","alternate_title","src_onet_30_1","0.75"
"occ_15_1244_00","Local Area Network Administrator (LAN Administrator)","alternate_title","src_onet_30_1","0.75"
"occ_15_1244_00","Local Area Network Systems Administrator (LAN Systems Administrator)","alternate_title","src_onet_30_1","0.75"
"occ_15_1244_00","Mainframe Systems Administrator","alternate_title","src_onet_30_1","0.75"
"occ_15_1244_00","MIS Manager (Management Information Systems Manager)","alternate_title","src_onet_30_1","0.75"
"occ_15_1244_00","Network Administrator","alternate_title","src_onet_30_1","0.75"
"occ_15_1244_00","Network Control Analyst","alternate_title","src_onet_30_1","0.75"
"occ_15_1244_00","Network Coordinator","alternate_title","src_onet_30_1","0.75"
"occ_15_1244_00","Network Manager","alternate_title","src_onet_30_1","0.75"
"occ_15_1244_00","Network Professional (CCNP)","alternate_title","src_onet_30_1","0.75"
"occ_15_1244_00","Network Security Administrator","alternate_title","src_onet_30_1","0.75"
"occ_15_1244_00","Network Support Administrator","alternate_title","src_onet_30_1","0.75"
"occ_15_1244_00","Network Support Coordinator","alternate_title","src_onet_30_1","0.75"
"occ_15_1244_00","Network Support Manager","alternate_title","src_onet_30_1","0.75"
"occ_15_1244_00","Network Systems Administrator","alternate_title","src_onet_30_1","0.75"
"occ_15_1244_00","Network Systems Coordinator","alternate_title","src_onet_30_1","0.75"
"occ_15_1244_00","Network Transport Administrator","alternate_title","src_onet_30_1","0.75"
"occ_15_1244_00","Networking Administrator","alternate_title","src_onet_30_1","0.75"
"occ_15_1244_00","Provider Network Manager","alternate_title","src_onet_30_1","0.75"
"occ_15_1244_00","Security Administrator","alternate_title","src_onet_30_1","0.75"
"occ_15_1244_00","Server Administrator","alternate_title","src_onet_30_1","0.75"
"occ_15_1244_00","Software Manager","alternate_title","src_onet_30_1","0.75"
"occ_15_1244_00","System Administrator (System Admin)","alternate_title","src_onet_30_1","0.75"
"occ_15_1244_00","Systems Administrator","short_title","src_onet_30_1","0.95"
"occ_15_1244_00","Systems Administrator (Systems Admin)","alternate_title","src_onet_30_1","0.75"
"occ_15_1244_00","Systems Operator","alternate_title","src_onet_30_1","0.75"
"occ_15_1244_00","Systems Specialist","alternate_title","src_onet_30_1","0.75"
"occ_15_1244_00","Systems Tester Administrator","alternate_title","src_onet_30_1","0.75"
"occ_15_1244_00","Virtualization Engineer","alternate_title","src_onet_30_1","0.75"
"occ_15_1244_00","Wide Area Network Administrator (WAN Administrator)","alternate_title","src_onet_30_1","0.75"
"occ_15_1244_00","Wide Area Network Systems Administrator (WAN Systems Administrator)","alternate_title","src_onet_30_1","0.75"
"occ_15_1244_00","Windows Administrator","alternate_title","src_onet_30_1","0.75"
"occ_15_1252_00","AI Specialist (Artificial Intelligence Specialist)","alternate_title","src_onet_30_1","0.75"
"occ_15_1252_00","Application Analyst","alternate_title","src_onet_30_1","0.75"
"occ_15_1252_00","Application Architect","alternate_title","src_onet_30_1","0.75"
"occ_15_1252_00","Application Developer","alternate_title","src_onet_30_1","0.75"
"occ_15_1252_00","Application Engineer","alternate_title","src_onet_30_1","0.75"
"occ_15_1252_00","Application Integration Engineer","alternate_title","src_onet_30_1","0.75"
"occ_15_1252_00","Application Integrator","alternate_title","src_onet_30_1","0.75"
"occ_15_1252_00","Application Programmer","alternate_title","src_onet_30_1","0.75"
"occ_15_1252_00","Application Software Engineering IT Specialist (Application Software Engineering Information Technology Specialist)","alternate_title","src_onet_30_1","0.75"
"occ_15_1252_00","Application Support Engineer","alternate_title","src_onet_30_1","0.75"
"occ_15_1252_00","Application Systems Analyst","alternate_title","src_onet_30_1","0.75"
"occ_15_1252_00","Application Systems Architect","alternate_title","src_onet_30_1","0.75"
"occ_15_1252_00","Beta Tester","alternate_title","src_onet_30_1","0.75"
"occ_15_1252_00","Business Application Developer","alternate_title","src_onet_30_1","0.75"
"occ_15_1252_00","Certified Internetwork Expert","alternate_title","src_onet_30_1","0.75"
"occ_15_1252_00","Commercial Drone Software Developer","alternate_title","src_onet_30_1","0.75"
"occ_15_1252_00","Computer Application Developer","alternate_title","src_onet_30_1","0.75"
"occ_15_1252_00","Computer Application Engineer","alternate_title","src_onet_30_1","0.75"
"occ_15_1252_00","Computer Architect","alternate_title","src_onet_30_1","0.75"
"occ_15_1252_00","Computer Consultant","alternate_title","src_onet_30_1","0.75"
"occ_15_1252_00","Computer Engineer","alternate_title","src_onet_30_1","0.75"
"occ_15_1252_00","Computer Programmer Analyst","alternate_title","src_onet_30_1","0.75"
"occ_15_1252_00","Computer Software Engineer","alternate_title","src_onet_30_1","0.75"
"occ_15_1252_00","Computer Systems Software Architect","alternate_title","src_onet_30_1","0.75"
"occ_15_1252_00","Computer Systems Software Engineer","alternate_title","src_onet_30_1","0.75"
"occ_15_1252_00","Developer","alternate_title","src_onet_30_1","0.75"
"occ_15_1252_00","DevOps Architect (Development and Operations Architect)","alternate_title","src_onet_30_1","0.75"
"occ_15_1252_00","DevOps Developer (Development and Operations Developer)","alternate_title","src_onet_30_1","0.75"
"occ_15_1252_00","DevOps Engineer (Development Operations Engineer)","alternate_title","src_onet_30_1","0.75"
"occ_15_1252_00","Drone Software Development Engineer","alternate_title","src_onet_30_1","0.75"
"occ_15_1252_00","EDP System Engineer (Electronic Data Processing System Engineer)","alternate_title","src_onet_30_1","0.75"
"occ_15_1252_00","Embedded Engineer","alternate_title","src_onet_30_1","0.75"
"occ_15_1252_00","Embedded Software Engineer","alternate_title","src_onet_30_1","0.75"
"occ_15_1252_00","Embedded Systems Software Developer","alternate_title","src_onet_30_1","0.75"
"occ_15_1252_00","Enterprise Systems Engineer","alternate_title","src_onet_30_1","0.75"
"occ_15_1252_00","Extract Transform Load Developer","alternate_title","src_onet_30_1","0.75"
"occ_15_1252_00","Full Stack Developer","alternate_title","src_onet_30_1","0.75"
"occ_15_1252_00","Full Stack Engineer","alternate_title","src_onet_30_1","0.75"
"occ_15_1252_00","Full Stack Software Engineer","alternate_title","src_onet_30_1","0.75"
"occ_15_1252_00","Game Developer","alternate_title","src_onet_30_1","0.75"
"occ_15_1252_00","Game Engineer","alternate_title","src_onet_30_1","0.75"
"occ_15_1252_00","Graphic Engineer","alternate_title","src_onet_30_1","0.75"
"occ_15_1252_00","Implementation Specialist","alternate_title","src_onet_30_1","0.75"
"occ_15_1252_00","Information Architect","alternate_title","src_onet_30_1","0.75"
"occ_15_1252_00","Infrastructure Engineer","alternate_title","src_onet_30_1","0.75"
"occ_15_1252_00","Interface Designer","alternate_title","src_onet_30_1","0.75"
"occ_15_1252_00","Internet Application Developer","alternate_title","src_onet_30_1","0.75"
"occ_15_1252_00","Internet Consultant","alternate_title","src_onet_30_1","0.75"
"occ_15_1252_00","Knowledge Management Application Developer","alternate_title","src_onet_30_1","0.75"
"occ_15_1252_00","Mainframe Systems Programmer","alternate_title","src_onet_30_1","0.75"
"occ_15_1252_00","Mobile Application Developer","alternate_title","src_onet_30_1","0.75"
"occ_15_1252_00","Mobile Device Developer","alternate_title","src_onet_30_1","0.75"
"occ_15_1252_00","Operating System Designer (OS Designer)","alternate_title","src_onet_30_1","0.75"
"occ_15_1252_00","Operating System Specialist (OS Specialist)","alternate_title","src_onet_30_1","0.75"
"occ_15_1252_00","Publishing Systems Analyst","alternate_title","src_onet_30_1","0.75"
"occ_15_1252_00","Secure Software Assessor","alternate_title","src_onet_30_1","0.75"
"occ_15_1252_00","Server Engineer","alternate_title","src_onet_30_1","0.75"
"occ_15_1252_00","Simulation Developer","alternate_title","src_onet_30_1","0.75"
"occ_15_1252_00","Site Reliability Engineer","alternate_title","src_onet_30_1","0.75"
"occ_15_1252_00","SOA Developer (Service Oriented Architecture Developer)","alternate_title","src_onet_30_1","0.75"
"occ_15_1252_00","Software Application Architect","alternate_title","src_onet_30_1","0.75"
"occ_15_1252_00","Software Application Designer","alternate_title","src_onet_30_1","0.75"
"occ_15_1252_00","Software Application Developer","alternate_title","src_onet_30_1","0.75"
"occ_15_1252_00","Software Application Engineer","alternate_title","src_onet_30_1","0.75"
"occ_15_1252_00","Software Application Specialist","alternate_title","src_onet_30_1","0.75"
"occ_15_1252_00","Software Architect","alternate_title","src_onet_30_1","0.75"
"occ_15_1252_00","Software Computer Specialist","alternate_title","src_onet_30_1","0.75"
"occ_15_1252_00","Software Design Engineer","alternate_title","src_onet_30_1","0.75"
"occ_15_1252_00","Software Designer","alternate_title","src_onet_30_1","0.75"
"occ_15_1252_00","Software Developer","alternate_title","src_onet_30_1","0.75"
"occ_15_1252_00","Software Development Engineer","alternate_title","src_onet_30_1","0.75"
"occ_15_1252_00","software engineer","manual_seed","src_onet_30_1","0.85"
"occ_15_1252_00","Software Engineering Systems IT Specialist (Software Engineering Systems Information Technology Specialist)","alternate_title","src_onet_30_1","0.75"
"occ_15_1252_00","Software Quality Engineer (SQE)","alternate_title","src_onet_30_1","0.75"
"occ_15_1252_00","Software Requirements Engineer (SRE)","alternate_title","src_onet_30_1","0.75"
"occ_15_1252_00","Software Systems Developer","alternate_title","src_onet_30_1","0.75"
"occ_15_1252_00","Software Systems Engineer","alternate_title","src_onet_30_1","0.75"
"occ_15_1252_00","Software Writer","alternate_title","src_onet_30_1","0.75"
"occ_15_1252_00","Solution Architect","alternate_title","src_onet_30_1","0.75"
"occ_15_1252_00","Solution Engineer","alternate_title","src_onet_30_1","0.75"
"occ_15_1252_00","Solutions Architect","alternate_title","src_onet_30_1","0.75"
"occ_15_1252_00","Systems Analyst Engineer","alternate_title","src_onet_30_1","0.75"
"occ_15_1252_00","Systems Coordinator","alternate_title","src_onet_30_1","0.75"
"occ_15_1252_00","Systems Engineer","alternate_title","src_onet_30_1","0.75"
"occ_15_1252_00","Systems Integration Engineer","alternate_title","src_onet_30_1","0.75"
"occ_15_1252_00","Systems Software Designer","alternate_title","src_onet_30_1","0.75"
"occ_15_1252_00","Systems Software Engineer","alternate_title","src_onet_30_1","0.75"
"occ_15_1252_00","Systems Software Specialist","alternate_title","src_onet_30_1","0.75"
"occ_15_1252_00","Systems Support Engineer","alternate_title","src_onet_30_1","0.75"
"occ_15_1252_00","UI Designer (User Interface Designer)","alternate_title","src_onet_30_1","0.75"
"occ_15_1252_00","Usability Engineer","alternate_title","src_onet_30_1","0.75"
"occ_15_1252_00","Video Game Engineer","alternate_title","src_onet_30_1","0.75"
"occ_15_1252_00","XML Developer (Extensible Markup Language Developer)","alternate_title","src_onet_30_1","0.75"
"occ_15_1253_00","Application Integrator","alternate_title","src_onet_30_1","0.75"
"occ_15_1253_00","Applications Analyst","alternate_title","src_onet_30_1","0.75"
"occ_15_1253_00","Applications Quality Assurance Specialist (Applications QA Specialist)","alternate_title","src_onet_30_1","0.75"
"occ_15_1253_00","Applications Software Engineering Information Technology Specialist (Applications Software Engineering IT Specialist)","alternate_title","src_onet_30_1","0.75"
"occ_15_1253_00","Applications System Analyst","alternate_title","src_onet_30_1","0.75"
"occ_15_1253_00","Applications Tester","alternate_title","src_onet_30_1","0.75"
"occ_15_1253_00","Automation Specialist","alternate_title","src_onet_30_1","0.75"
"occ_15_1253_00","Automation Tester","alternate_title","src_onet_30_1","0.75"
"occ_15_1253_00","Beta Tester","alternate_title","src_onet_30_1","0.75"
"occ_15_1253_00","Bug Bounty Hunter","alternate_title","src_onet_30_1","0.75"
"occ_15_1253_00","Computer Consultant","alternate_title","src_onet_30_1","0.75"
"occ_15_1253_00","Data Modeler","alternate_title","src_onet_30_1","0.75"
"occ_15_1253_00","Game Tester","alternate_title","src_onet_30_1","0.75"
"occ_15_1253_00","Implementation Specialist","alternate_title","src_onet_30_1","0.75"
"occ_15_1253_00","Information Technology Analyst (IT Analyst)","alternate_title","src_onet_30_1","0.75"
"occ_15_1253_00","Information Technology Consultant (IT Consultant)","alternate_title","src_onet_30_1","0.75"
"occ_15_1253_00","IT Performance Analyst (Information Technology Performance Analyst)","alternate_title","src_onet_30_1","0.75"
"occ_15_1253_00","Malware Analyst","alternate_title","src_onet_30_1","0.75"
"occ_15_1253_00","Performance Tester","alternate_title","src_onet_30_1","0.75"
"occ_15_1253_00","QA Analyst","short_title","src_onet_30_1","0.95"
"occ_15_1253_00","Quality Analyst","alternate_title","src_onet_30_1","0.75"
"occ_15_1253_00","Quality Assurance Analyst (QA Analyst)","alternate_title","src_onet_30_1","0.75"
"occ_15_1253_00","Quality Assurance Automation Engineer (QA Automation Engineer)","alternate_title","src_onet_30_1","0.75"
"occ_15_1253_00","Quality Assurance Engineer (QA Engineer)","alternate_title","src_onet_30_1","0.75"
"occ_15_1253_00","Quality Assurance Specialist (QA Specialist)","alternate_title","src_onet_30_1","0.75"
"occ_15_1253_00","quality assurance tester","manual_seed","src_onet_30_1","0.85"
"occ_15_1253_00","Quality Assurance Tester (QA Tester)","alternate_title","src_onet_30_1","0.75"
"occ_15_1253_00","Quality Engineer","alternate_title","src_onet_30_1","0.75"
"occ_15_1253_00","Secure Software Assessor","alternate_title","src_onet_30_1","0.75"
"occ_15_1253_00","Server Engineer","alternate_title","src_onet_30_1","0.75"
"occ_15_1253_00","Software Application Quality Assurance Specialist (Software Application QA Specialist)","alternate_title","src_onet_30_1","0.75"
"occ_15_1253_00","Software Application Support Specialist","alternate_title","src_onet_30_1","0.75"
"occ_15_1253_00","Software Development Test Engineer","alternate_title","src_onet_30_1","0.75"
"occ_15_1253_00","Software Installer","alternate_title","src_onet_30_1","0.75"
"occ_15_1253_00","Software Quality Assurance Analyst (SQA Analyst)","alternate_title","src_onet_30_1","0.75"
"occ_15_1253_00","Software Quality Assurance Consultant (Software QA Consultant)","alternate_title","src_onet_30_1","0.75"
"occ_15_1253_00","Software Quality Assurance Engineer (SQA Engineer)","alternate_title","src_onet_30_1","0.75"
"occ_15_1253_00","Software Quality Assurance Specialist (SQA Specialist)","alternate_title","src_onet_30_1","0.75"
"occ_15_1253_00","Software Quality Assurance Technician (SQA Technician)","alternate_title","src_onet_30_1","0.75"
"occ_15_1253_00","Software Quality Control Specialist (Software QC Specialist)","alternate_title","src_onet_30_1","0.75"
"occ_15_1253_00","Software Quality Engineer","alternate_title","src_onet_30_1","0.75"
"occ_15_1253_00","Software Quality Tester","alternate_title","src_onet_30_1","0.75"
"occ_15_1253_00","Software Requirements Engineer","alternate_title","src_onet_30_1","0.75"
"occ_15_1253_00","Software Systems Engineer","alternate_title","src_onet_30_1","0.75"
"occ_15_1253_00","Software Test Analyst","alternate_title","src_onet_30_1","0.75"
"occ_15_1253_00","Software Test Engineer","alternate_title","src_onet_30_1","0.75"
"occ_15_1253_00","Software Tester","alternate_title","src_onet_30_1","0.75"
"occ_15_1253_00","Software Testing Specialist","alternate_title","src_onet_30_1","0.75"
"occ_15_1253_00","Solution Architect","alternate_title","src_onet_30_1","0.75"
"occ_15_1253_00","Solutions Architect","alternate_title","src_onet_30_1","0.75"
"occ_15_1253_00","System Testing and Evaluation Specialist","alternate_title","src_onet_30_1","0.75"
"occ_15_1253_00","Systems Analyst","alternate_title","src_onet_30_1","0.75"
"occ_15_1253_00","Systems Analyst Engineer","alternate_title","src_onet_30_1","0.75"
"occ_15_1253_00","Systems Coordinator","alternate_title","src_onet_30_1","0.75"
"occ_15_1253_00","Systems Integration Engineer","alternate_title","src_onet_30_1","0.75"
"occ_15_1253_00","Systems Software Quality Assurance Specialist (Systems Software QA Specialist)","alternate_title","src_onet_30_1","0.75"
"occ_15_1253_00","Systems Software Specialist","alternate_title","src_onet_30_1","0.75"
"occ_15_1253_00","Systems Support Engineer","alternate_title","src_onet_30_1","0.75"
"occ_15_1253_00","Systems Tester","alternate_title","src_onet_30_1","0.75"
"occ_15_1253_00","Systems Tester Analyst","alternate_title","src_onet_30_1","0.75"
"occ_15_1253_00","Technical Support Engineer","alternate_title","src_onet_30_1","0.75"
"occ_15_1253_00","Technology Analyst","alternate_title","src_onet_30_1","0.75"
"occ_15_1253_00","Test Automation Engineer","alternate_title","src_onet_30_1","0.75"
"occ_15_1253_00","Test Engineer","alternate_title","src_onet_30_1","0.75"
"occ_15_1253_00","Usability Engineer","alternate_title","src_onet_30_1","0.75"
"occ_15_1253_00","User Experience Designer (UX Designer)","alternate_title","src_onet_30_1","0.75"
"occ_15_1253_00","User Interface and User Experience Architect (UI/UX Architect)","alternate_title","src_onet_30_1","0.75"
"occ_15_1253_00","User Interface and User Experience Designer (UI/UX Designer)","alternate_title","src_onet_30_1","0.75"
"occ_15_1253_00","User Interface Designer (UI Designer)","alternate_title","src_onet_30_1","0.75"
"occ_15_1253_00","Validation Engineer","alternate_title","src_onet_30_1","0.75"
"occ_15_1254_00","Back End Developer","alternate_title","src_onet_30_1","0.75"
"occ_15_1254_00","Back End Engineer","alternate_title","src_onet_30_1","0.75"
"occ_15_1254_00","Back End Software Engineer","alternate_title","src_onet_30_1","0.75"
"occ_15_1254_00","Back-End Web Developer","alternate_title","src_onet_30_1","0.75"
"occ_15_1254_00","Computer Graphic Artist","alternate_title","src_onet_30_1","0.75"
"occ_15_1254_00","Computer Graphic Designer","alternate_title","src_onet_30_1","0.75"
"occ_15_1254_00","Front End Developer","alternate_title","src_onet_30_1","0.75"
"occ_15_1254_00","Front End Engineer","alternate_title","src_onet_30_1","0.75"
"occ_15_1254_00","Front End React Developer","alternate_title","src_onet_30_1","0.75"
"occ_15_1254_00","Front End Software Engineer","alternate_title","src_onet_30_1","0.75"
"occ_15_1254_00","Front End Web Developer","alternate_title","src_onet_30_1","0.75"
"occ_15_1254_00","frontend developer","manual_seed","src_onet_30_1","0.85"
"occ_15_1254_00","Full Stack Developer","alternate_title","src_onet_30_1","0.75"
"occ_15_1254_00","Full Stack Web Developer","alternate_title","src_onet_30_1","0.75"
"occ_15_1254_00","HTML Developer (HyperText Markup Language Developer)","alternate_title","src_onet_30_1","0.75"
"occ_15_1254_00","Interface Designer","alternate_title","src_onet_30_1","0.75"
"occ_15_1254_00","interface developer","manual_seed","src_onet_30_1","0.85"
"occ_15_1254_00","Internet Application Developer","alternate_title","src_onet_30_1","0.75"
"occ_15_1254_00","Internet Architect","alternate_title","src_onet_30_1","0.75"
"occ_15_1254_00","Internet Developer","alternate_title","src_onet_30_1","0.75"
"occ_15_1254_00","Internet Site Designer","alternate_title","src_onet_30_1","0.75"
"occ_15_1254_00","Internet Specialist","alternate_title","src_onet_30_1","0.75"
"occ_15_1254_00","Intranet Developer","alternate_title","src_onet_30_1","0.75"
"occ_15_1254_00","JavaScript Developer","alternate_title","src_onet_30_1","0.75"
"occ_15_1254_00","jQuery Developer","alternate_title","src_onet_30_1","0.75"
"occ_15_1254_00","Node.js Developer","alternate_title","src_onet_30_1","0.75"
"occ_15_1254_00","PHP Developer (Personal Home Page Developer)","alternate_title","src_onet_30_1","0.75"
"occ_15_1254_00","PHP Web Developer (Personal Home Page Web Developer)","alternate_title","src_onet_30_1","0.75"
"occ_15_1254_00","PHP Website Developer","alternate_title","src_onet_30_1","0.75"
"occ_15_1254_00","React.js Developer","alternate_title","src_onet_30_1","0.75"
"occ_15_1254_00","Ruby on Rails Developer","alternate_title","src_onet_30_1","0.75"
"occ_15_1254_00","Salesforce Developer","alternate_title","src_onet_30_1","0.75"
"occ_15_1254_00","Tableau Developer","alternate_title","src_onet_30_1","0.75"
"occ_15_1254_00","Technology Applications Engineer","alternate_title","src_onet_30_1","0.75"
"occ_15_1254_00","UI Developer (User Interface Developer)","alternate_title","src_onet_30_1","0.75"
"occ_15_1254_00","Web Application Developer","alternate_title","src_onet_30_1","0.75"
"occ_15_1254_00","Web Applications Developer","alternate_title","src_onet_30_1","0.75"
"occ_15_1254_00","Web Architect","alternate_title","src_onet_30_1","0.75"
"occ_15_1254_00","Web Consultant","alternate_title","src_onet_30_1","0.75"
"occ_15_1254_00","Web Content Developer","alternate_title","src_onet_30_1","0.75"
"occ_15_1254_00","Web Design Specialist","alternate_title","src_onet_30_1","0.75"
"occ_15_1254_00","Web Developer","alternate_title","src_onet_30_1","0.75"
"occ_15_1254_00","Web Engineer","alternate_title","src_onet_30_1","0.75"
"occ_15_1254_00","Web Infrastructure Developer","alternate_title","src_onet_30_1","0.75"
"occ_15_1254_00","Web Page Developer","alternate_title","src_onet_30_1","0.75"
"occ_15_1254_00","Web Producer","alternate_title","src_onet_30_1","0.75"
"occ_15_1254_00","Web Programmer","alternate_title","src_onet_30_1","0.75"
"occ_15_1254_00","Web Site Designer","alternate_title","src_onet_30_1","0.75"
"occ_15_1254_00","Web Site Developer","alternate_title","src_onet_30_1","0.75"
"occ_15_1254_00","Web Site Specialist","alternate_title","src_onet_30_1","0.75"
"occ_15_1254_00","Web Software Engineer","alternate_title","src_onet_30_1","0.75"
"occ_15_1254_00","Web Specialist","alternate_title","src_onet_30_1","0.75"
"occ_15_1254_00","Web Technician","alternate_title","src_onet_30_1","0.75"
"occ_15_1254_00","Webmaster","alternate_title","src_onet_30_1","0.75"
"occ_15_1254_00","Webmaster Analyst","alternate_title","src_onet_30_1","0.75"
"occ_15_1254_00","Website Manager","alternate_title","src_onet_30_1","0.75"
"occ_15_1254_00","Websphere Administrator","alternate_title","src_onet_30_1","0.75"
"occ_15_1254_00","WordPress Developer","alternate_title","src_onet_30_1","0.75"
"occ_15_1254_00","XML Developer (Extensible Markup Language Developer)","alternate_title","src_onet_30_1","0.75"
"occ_15_2031_00","Advanced Analytics Associate","alternate_title","src_onet_30_1","0.75"
"occ_15_2031_00","Analytical Strategist","alternate_title","src_onet_30_1","0.75"
"occ_15_2031_00","Analytics Consultant","alternate_title","src_onet_30_1","0.75"
"occ_15_2031_00","Business Analyst","alternate_title","src_onet_30_1","0.75"
"occ_15_2031_00","Business Operations Analyst","alternate_title","src_onet_30_1","0.75"
"occ_15_2031_00","Business Process Analyst","alternate_title","src_onet_30_1","0.75"
"occ_15_2031_00","Continuous Improvement Specialist","alternate_title","src_onet_30_1","0.75"
"occ_15_2031_00","Decision Analyst","alternate_title","src_onet_30_1","0.75"
"occ_15_2031_00","decision scientist","manual_seed","src_onet_30_1","0.85"
"occ_15_2031_00","Decision Support Analyst","alternate_title","src_onet_30_1","0.75"
"occ_15_2031_00","File System Installer","alternate_title","src_onet_30_1","0.75"
"occ_15_2031_00","Forms Analyst","alternate_title","src_onet_30_1","0.75"
"occ_15_2031_00","Liaison Planner","alternate_title","src_onet_30_1","0.75"
"occ_15_2031_00","Material Liaison","alternate_title","src_onet_30_1","0.75"
"occ_15_2031_00","Methods Analyst","alternate_title","src_onet_30_1","0.75"
"occ_15_2031_00","Methods Consultant","alternate_title","src_onet_30_1","0.75"
"occ_15_2031_00","Methods Specialist","alternate_title","src_onet_30_1","0.75"
"occ_15_2031_00","Office System Analyst","alternate_title","src_onet_30_1","0.75"
"occ_15_2031_00","Operations Analyst (Ops Analyst)","alternate_title","src_onet_30_1","0.75"
"occ_15_2031_00","Operations Research Analyst","short_title","src_onet_30_1","0.95"
"occ_15_2031_00","Operations Research Analyst (Ops Research Analyst)","alternate_title","src_onet_30_1","0.75"
"occ_15_2031_00","Operations Research Scientist (Ops Research Scientist)","alternate_title","src_onet_30_1","0.75"
"occ_15_2031_00","Operations Specialist (Ops Specialist)","alternate_title","src_onet_30_1","0.75"
"occ_15_2031_00","Operations Support Specialist (Ops Support Specialist)","alternate_title","src_onet_30_1","0.75"
"occ_15_2031_00","Optimization Analyst","alternate_title","src_onet_30_1","0.75"
"occ_15_2031_00","Policy Advisor","alternate_title","src_onet_30_1","0.75"
"occ_15_2031_00","Policy Officer","alternate_title","src_onet_30_1","0.75"
"occ_15_2031_00","Procedure Analyst","alternate_title","src_onet_30_1","0.75"
"occ_15_2031_00","Procedure Writer","alternate_title","src_onet_30_1","0.75"
"occ_15_2031_00","Process Analyst","alternate_title","src_onet_30_1","0.75"
"occ_15_2031_00","Research Analyst","alternate_title","src_onet_30_1","0.75"
"occ_15_2031_00","Research Assistant","alternate_title","src_onet_30_1","0.75"
"occ_15_2031_00","Research Associate","alternate_title","src_onet_30_1","0.75"
"occ_15_2031_00","Research Scientist","alternate_title","src_onet_30_1","0.75"
"occ_15_2031_00","Research Specialist","alternate_title","src_onet_30_1","0.75"
"occ_15_2031_00","Research Technician (Research Tech)","alternate_title","src_onet_30_1","0.75"
"occ_15_2031_00","Researcher","alternate_title","src_onet_30_1","0.75"
"occ_15_2031_00","Risk Analyst","alternate_title","src_onet_30_1","0.75"
"occ_15_2031_00","Sales Operations Analyst (Sales Ops Analyst)","alternate_title","src_onet_30_1","0.75"
"occ_15_2031_00","Standards Analyst","alternate_title","src_onet_30_1","0.75"
"occ_15_2031_00","Systems Analyst","alternate_title","src_onet_30_1","0.75"
"occ_15_2031_00","Systems Consultant","alternate_title","src_onet_30_1","0.75"
"occ_15_2031_00","Technical Analyst","alternate_title","src_onet_30_1","0.75"
"occ_15_2051_00","Analytics Consultant","alternate_title","src_onet_30_1","0.75"
"occ_15_2051_00","analytics specialist","manual_seed","src_onet_30_1","0.85"
"occ_15_2051_00","Applied Scientist","alternate_title","src_onet_30_1","0.75"
"occ_15_2051_00","data analyst","manual_seed","src_onet_30_1","0.85"
"occ_15_2051_00","Data Analytic Scientist","alternate_title","src_onet_30_1","0.75"
"occ_15_2051_00","Data Analytics Manager","alternate_title","src_onet_30_1","0.75"
"occ_15_2051_00","Data Analytics Scientist","alternate_title","src_onet_30_1","0.75"
"occ_15_2051_00","Data Analytics Specialist","alternate_title","src_onet_30_1","0.75"
"occ_15_2051_00","Data Architect","alternate_title","src_onet_30_1","0.75"
"occ_15_2051_00","Data Consultant","alternate_title","src_onet_30_1","0.75"
"occ_15_2051_00","Data Economist","alternate_title","src_onet_30_1","0.75"
"occ_15_2051_00","Data Engineer","alternate_title","src_onet_30_1","0.75"
"occ_15_2051_00","Data Management Scientist","alternate_title","src_onet_30_1","0.75"
"occ_15_2051_00","Data Mining Analyst","alternate_title","src_onet_30_1","0.75"
"occ_15_2051_00","Data Modeler","alternate_title","src_onet_30_1","0.75"
"occ_15_2051_00","Data Quality Analyst","alternate_title","src_onet_30_1","0.75"
"occ_15_2051_00","Data Science Engineer","alternate_title","src_onet_30_1","0.75"
"occ_15_2051_00","Data Science Intern","alternate_title","src_onet_30_1","0.75"
"occ_15_2051_00","Data Scientist","short_title","src_onet_30_1","0.95"
"occ_15_2051_00","Data Specialist","alternate_title","src_onet_30_1","0.75"
"occ_15_2051_00","Data Visualization Developer","alternate_title","src_onet_30_1","0.75"
"occ_15_2051_00","Machine Learning Data Scientist","alternate_title","src_onet_30_1","0.75"
"occ_15_2051_00","Machine Learning Engineer","alternate_title","src_onet_30_1","0.75"
"occ_15_2051_00","Machine Learning Scientist","alternate_title","src_onet_30_1","0.75"
"occ_15_2051_00","Machine Learning Software Engineer","alternate_title","src_onet_30_1","0.75"
"occ_15_2051_00","Marketing Data Scientist","alternate_title","src_onet_30_1","0.75"
"occ_15_2051_00","Psychometric Consultant","alternate_title","src_onet_30_1","0.75"
"occ_15_2051_00","Quantitative Methodologist","alternate_title","src_onet_30_1","0.75"
"occ_15_2051_00","Quantitative Researcher","alternate_title","src_onet_30_1","0.75"
"occ_15_2051_00","Research Analyst","alternate_title","src_onet_30_1","0.75"
"occ_15_2051_00","Research Scientist","alternate_title","src_onet_30_1","0.75"
"occ_15_2051_00","Statistical Analyst","alternate_title","src_onet_30_1","0.75"
"occ_15_2051_00","Statistical Consultant","alternate_title","src_onet_30_1","0.75"
"occ_15_2051_00","Tableau Developer","alternate_title","src_onet_30_1","0.75"
"occ_17_2051_00","Airport Engineer","alternate_title","src_onet_30_1","0.75"
"occ_17_2051_00","Architectural Engineer","alternate_title","src_onet_30_1","0.75"
"occ_17_2051_00","Asphalt Engineer","alternate_title","src_onet_30_1","0.75"
"occ_17_2051_00","Base Engineer","alternate_title","src_onet_30_1","0.75"
"occ_17_2051_00","Bridge Design Engineer","alternate_title","src_onet_30_1","0.75"
"occ_17_2051_00","Bridge Engineer","alternate_title","src_onet_30_1","0.75"
"occ_17_2051_00","Building Construction Engineer","alternate_title","src_onet_30_1","0.75"
"occ_17_2051_00","Building Engineer","alternate_title","src_onet_30_1","0.75"
"occ_17_2051_00","Cadastral Engineer","alternate_title","src_onet_30_1","0.75"
"occ_17_2051_00","Cartographic Engineer","alternate_title","src_onet_30_1","0.75"
"occ_17_2051_00","City Engineer","alternate_title","src_onet_30_1","0.75"
"occ_17_2051_00","Civil Engineer","short_title","src_onet_30_1","0.95"
"occ_17_2051_00","Civil Engineering Intern","alternate_title","src_onet_30_1","0.75"
"occ_17_2051_00","Civil Project Engineer","alternate_title","src_onet_30_1","0.75"
"occ_17_2051_00","Concrete Engineer","alternate_title","src_onet_30_1","0.75"
"occ_17_2051_00","Condemnation Engineer","alternate_title","src_onet_30_1","0.75"
"occ_17_2051_00","Construction Engineer","alternate_title","src_onet_30_1","0.75"
"occ_17_2051_00","Construction Project Engineer","alternate_title","src_onet_30_1","0.75"
"occ_17_2051_00","Contracting Engineer","alternate_title","src_onet_30_1","0.75"
"occ_17_2051_00","County Engineer","alternate_title","src_onet_30_1","0.75"
"occ_17_2051_00","Demolition Engineer","alternate_title","src_onet_30_1","0.75"
"occ_17_2051_00","Design Engineer","alternate_title","src_onet_30_1","0.75"
"occ_17_2051_00","District Engineer","alternate_title","src_onet_30_1","0.75"
"occ_17_2051_00","Drainage Design Coordinator","alternate_title","src_onet_30_1","0.75"
"occ_17_2051_00","Drainage Engineer","alternate_title","src_onet_30_1","0.75"
"occ_17_2051_00","Energy Infrastructure Engineer","alternate_title","src_onet_30_1","0.75"
"occ_17_2051_00","Engineer","alternate_title","src_onet_30_1","0.75"
"occ_17_2051_00","Environmental Construction Engineer","alternate_title","src_onet_30_1","0.75"
"occ_17_2051_00","Erecting Engineer","alternate_title","src_onet_30_1","0.75"
"occ_17_2051_00","Facilities Engineer","alternate_title","src_onet_30_1","0.75"
"occ_17_2051_00","Forest Engineer","alternate_title","src_onet_30_1","0.75"
"occ_17_2051_00","Forestry Engineer","alternate_title","src_onet_30_1","0.75"
"occ_17_2051_00","Foundation Engineer","alternate_title","src_onet_30_1","0.75"
"occ_17_2051_00","Geodetic Engineer","alternate_title","src_onet_30_1","0.75"
"occ_17_2051_00","Geotechnical Engineer","alternate_title","src_onet_30_1","0.75"
"occ_17_2051_00","Heavy Civil Project Manager","alternate_title","src_onet_30_1","0.75"
"occ_17_2051_00","Highway Design Engineer","alternate_title","src_onet_30_1","0.75"
"occ_17_2051_00","Highway Engineer","alternate_title","src_onet_30_1","0.75"
"occ_17_2051_00","Highway Research Engineer","alternate_title","src_onet_30_1","0.75"
"occ_17_2051_00","Highway Safety Engineer","alternate_title","src_onet_30_1","0.75"
"occ_17_2051_00","Hydraulic Engineer","alternate_title","src_onet_30_1","0.75"
"occ_17_2051_00","Hydroelectric Plant Structural Engineer","alternate_title","src_onet_30_1","0.75"
"occ_17_2051_00","Hydrographic Engineer","alternate_title","src_onet_30_1","0.75"
"occ_17_2051_00","Irrigation Engineer","alternate_title","src_onet_30_1","0.75"
"occ_17_2051_00","Land Development Civil Engineer","alternate_title","src_onet_30_1","0.75"
"occ_17_2051_00","Licensed Engineer","alternate_title","src_onet_30_1","0.75"
"occ_17_2051_00","Maintenance Engineer","alternate_title","src_onet_30_1","0.75"
"occ_17_2051_00","Mapping Engineer","alternate_title","src_onet_30_1","0.75"
"occ_17_2051_00","Municipal Engineer","alternate_title","src_onet_30_1","0.75"
"occ_17_2051_00","Process Engineer","alternate_title","src_onet_30_1","0.75"
"occ_17_2051_00","Project Engineer","alternate_title","src_onet_30_1","0.75"
"occ_17_2051_00","Railroad Design Consultant","alternate_title","src_onet_30_1","0.75"
"occ_17_2051_00","Railroad Engineer","alternate_title","src_onet_30_1","0.75"
"occ_17_2051_00","Reclamation Engineer","alternate_title","src_onet_30_1","0.75"
"occ_17_2051_00","Research Hydraulic Engineer","alternate_title","src_onet_30_1","0.75"
"occ_17_2051_00","Resident Engineer","alternate_title","src_onet_30_1","0.75"
"occ_17_2051_00","Resource Recovery Engineer","alternate_title","src_onet_30_1","0.75"
"occ_17_2051_00","Road Design Engineer","alternate_title","src_onet_30_1","0.75"
"occ_17_2051_00","Road Engineer","alternate_title","src_onet_30_1","0.75"
"occ_17_2051_00","Roadway Engineer","alternate_title","src_onet_30_1","0.75"
"occ_17_2051_00","Sanitary Engineer","alternate_title","src_onet_30_1","0.75"
"occ_17_2051_00","Site Civil Engineer","alternate_title","src_onet_30_1","0.75"
"occ_17_2051_00","Street Engineer","alternate_title","src_onet_30_1","0.75"
"occ_17_2051_00","Stress Engineer","alternate_title","src_onet_30_1","0.75"
"occ_17_2051_00","Structural Design Engineer","alternate_title","src_onet_30_1","0.75"
"occ_17_2051_00","Structural Designer","alternate_title","src_onet_30_1","0.75"
"occ_17_2051_00","Structural Engineer","alternate_title","src_onet_30_1","0.75"
"occ_17_2051_00","Structural Project Engineer","alternate_title","src_onet_30_1","0.75"
"occ_17_2051_00","Structural Steel Engineer","alternate_title","src_onet_30_1","0.75"
"occ_17_2051_00","Topographical Engineer","alternate_title","src_onet_30_1","0.75"
"occ_17_2051_00","Track Production Engineer","alternate_title","src_onet_30_1","0.75"
"occ_17_2051_00","Traveling Engineer","alternate_title","src_onet_30_1","0.75"
"occ_17_2051_00","Utility Engineer","alternate_title","src_onet_30_1","0.75"
"occ_17_2051_00","Wastewater Plant Civil Engineer","alternate_title","src_onet_30_1","0.75"
"occ_17_2051_00","Zoning Engineer","alternate_title","src_onet_30_1","0.75"
"occ_17_2071_00","Automation Engineer","alternate_title","src_onet_30_1","0.75"
"occ_17_2071_00","Cable Engineer","alternate_title","src_onet_30_1","0.75"
"occ_17_2071_00","Circuits Engineer","alternate_title","src_onet_30_1","0.75"
"occ_17_2071_00","controls engineer","manual_seed","src_onet_30_1","0.85"
"occ_17_2071_00","Design Engineer","alternate_title","src_onet_30_1","0.75"
"occ_17_2071_00","Design Verification Engineer","alternate_title","src_onet_30_1","0.75"
"occ_17_2071_00","Distribution Engineer","alternate_title","src_onet_30_1","0.75"
"occ_17_2071_00","Distribution Field Engineer","alternate_title","src_onet_30_1","0.75"
"occ_17_2071_00","District Plant Engineer","alternate_title","src_onet_30_1","0.75"
"occ_17_2071_00","Division Engineer","alternate_title","src_onet_30_1","0.75"
"occ_17_2071_00","Division Plant Engineer","alternate_title","src_onet_30_1","0.75"
"occ_17_2071_00","Electrical Controls Engineer","alternate_title","src_onet_30_1","0.75"
"occ_17_2071_00","Electrical Design Engineer","alternate_title","src_onet_30_1","0.75"
"occ_17_2071_00","Electrical Designer","alternate_title","src_onet_30_1","0.75"
"occ_17_2071_00","Electrical Engineer","alternate_title","src_onet_30_1","0.75"
"occ_17_2071_00","Electrical Engineering Intern","alternate_title","src_onet_30_1","0.75"
"occ_17_2071_00","Electrical Integrator","alternate_title","src_onet_30_1","0.75"
"occ_17_2071_00","Electrical Power Engineer","alternate_title","src_onet_30_1","0.75"
"occ_17_2071_00","Electrical Products Engineer","alternate_title","src_onet_30_1","0.75"
"occ_17_2071_00","Electrical Project Engineer","alternate_title","src_onet_30_1","0.75"
"occ_17_2071_00","Electrical Prospecting Engineer","alternate_title","src_onet_30_1","0.75"
"occ_17_2071_00","Electrical Research Engineer","alternate_title","src_onet_30_1","0.75"
"occ_17_2071_00","Electrical Systems Engineer","alternate_title","src_onet_30_1","0.75"
"occ_17_2071_00","Electrical Test Engineer","alternate_title","src_onet_30_1","0.75"
"occ_17_2071_00","Electrolysis and Corrosion Control Engineer","alternate_title","src_onet_30_1","0.75"
"occ_17_2071_00","Electrolysis Engineer","alternate_title","src_onet_30_1","0.75"
"occ_17_2071_00","Electrolysis Investigator","alternate_title","src_onet_30_1","0.75"
"occ_17_2071_00","Engineer","alternate_title","src_onet_30_1","0.75"
"occ_17_2071_00","Field Engineer","alternate_title","src_onet_30_1","0.75"
"occ_17_2071_00","Geothermal Electrical Engineer","alternate_title","src_onet_30_1","0.75"
"occ_17_2071_00","Hydroelectric Plant Electrical Engineer","alternate_title","src_onet_30_1","0.75"
"occ_17_2071_00","Illuminating Engineer","alternate_title","src_onet_30_1","0.75"
"occ_17_2071_00","Induction Coordination Engineer","alternate_title","src_onet_30_1","0.75"
"occ_17_2071_00","Induction Coordination Power Engineer","alternate_title","src_onet_30_1","0.75"
"occ_17_2071_00","Instrumentation and Electrical Reliability Engineer (I&E Reliability Engineer)","alternate_title","src_onet_30_1","0.75"
"occ_17_2071_00","Instrumentation Engineer","alternate_title","src_onet_30_1","0.75"
"occ_17_2071_00","Laser Engineer","alternate_title","src_onet_30_1","0.75"
"occ_17_2071_00","Lighting Engineer","alternate_title","src_onet_30_1","0.75"
"occ_17_2071_00","Line Construction Engineer","alternate_title","src_onet_30_1","0.75"
"occ_17_2071_00","Meter Engineer","alternate_title","src_onet_30_1","0.75"
"occ_17_2071_00","Outside Plant Engineer","alternate_title","src_onet_30_1","0.75"
"occ_17_2071_00","Photovoltaic Power Systems Engineer (PV Power Systems Engineer)","alternate_title","src_onet_30_1","0.75"
"occ_17_2071_00","Photovoltaic Solar Cell Designer (PV Solar Cell Designer)","alternate_title","src_onet_30_1","0.75"
"occ_17_2071_00","Plant Engineer","alternate_title","src_onet_30_1","0.75"
"occ_17_2071_00","Power Distribution Engineer","alternate_title","src_onet_30_1","0.75"
"occ_17_2071_00","Power Generation Engineer","alternate_title","src_onet_30_1","0.75"
"occ_17_2071_00","Power Systems Electrical Engineer","alternate_title","src_onet_30_1","0.75"
"occ_17_2071_00","power systems engineer","manual_seed","src_onet_30_1","0.85"
"occ_17_2071_00","Power Transmission Engineer","alternate_title","src_onet_30_1","0.75"
"occ_17_2071_00","Project Engineer","alternate_title","src_onet_30_1","0.75"
"occ_17_2071_00","Protection Engineer","alternate_title","src_onet_30_1","0.75"
"occ_17_2071_00","Radio Frequency Engineer (RF Engineer)","alternate_title","src_onet_30_1","0.75"
"occ_17_2071_00","Results Engineer","alternate_title","src_onet_30_1","0.75"
"occ_17_2071_00","Rural Electrification Engineer","alternate_title","src_onet_30_1","0.75"
"occ_17_2071_00","SCADA Engineer (Supervisory Control and Data Acquisition Engineer)","alternate_title","src_onet_30_1","0.75"
"occ_17_2071_00","Service Engineer","alternate_title","src_onet_30_1","0.75"
"occ_17_2071_00","Smart Grid Engineer","alternate_title","src_onet_30_1","0.75"
"occ_17_2071_00","Substation Electrical Engineer","alternate_title","src_onet_30_1","0.75"
"occ_17_2071_00","Substation Engineer","alternate_title","src_onet_30_1","0.75"
"occ_17_2071_00","Systems Development Engineer","alternate_title","src_onet_30_1","0.75"
"occ_17_2071_00","Test Engineer","alternate_title","src_onet_30_1","0.75"
"occ_17_2071_00","Testing Engineer","alternate_title","src_onet_30_1","0.75"
"occ_17_2071_00","Transmission Engineer","alternate_title","src_onet_30_1","0.75"
"occ_17_2071_00","Transmission Line Engineer","alternate_title","src_onet_30_1","0.75"
"occ_17_2071_00","Utility Engineer","alternate_title","src_onet_30_1","0.75"
"occ_17_2071_00","Wind Farm Electrical Systems Designer","alternate_title","src_onet_30_1","0.75"
"occ_17_2071_00","Wind Turbine Electrical Engineer","alternate_title","src_onet_30_1","0.75"
"occ_17_2071_00","Wire Communications Engineer","alternate_title","src_onet_30_1","0.75"
"occ_17_2072_00","Antenna Engineer","alternate_title","src_onet_30_1","0.75"
"occ_17_2072_00","Audio Visual Engineer (AV Engineer)","alternate_title","src_onet_30_1","0.75"
"occ_17_2072_00","Audio Visual Manager","alternate_title","src_onet_30_1","0.75"
"occ_17_2072_00","Automation Engineer","alternate_title","src_onet_30_1","0.75"
"occ_17_2072_00","Central Office Equipment Engineer","alternate_title","src_onet_30_1","0.75"
"occ_17_2072_00","Central Office Facilities Planning Engineer","alternate_title","src_onet_30_1","0.75"
"occ_17_2072_00","Circuit Design Engineer","alternate_title","src_onet_30_1","0.75"
"occ_17_2072_00","Circuit Designer","alternate_title","src_onet_30_1","0.75"
"occ_17_2072_00","Commercial Engineer","alternate_title","src_onet_30_1","0.75"
"occ_17_2072_00","Communications Engineer","alternate_title","src_onet_30_1","0.75"
"occ_17_2072_00","Compatibility Test Engineer","alternate_title","src_onet_30_1","0.75"
"occ_17_2072_00","Control Systems Engineer","alternate_title","src_onet_30_1","0.75"
"occ_17_2072_00","Customer Equipment Engineer","alternate_title","src_onet_30_1","0.75"
"occ_17_2072_00","Design Engineer","alternate_title","src_onet_30_1","0.75"
"occ_17_2072_00","Dial Equipment Engineer","alternate_title","src_onet_30_1","0.75"
"occ_17_2072_00","Electrical Electronics Engineers","alternate_title","src_onet_30_1","0.75"
"occ_17_2072_00","electrical systems engineer","manual_seed","src_onet_30_1","0.85"
"occ_17_2072_00","Electronic Design Automation Engineer (EDA Engineer)","alternate_title","src_onet_30_1","0.75"
"occ_17_2072_00","Electronic Design Engineer","alternate_title","src_onet_30_1","0.75"
"occ_17_2072_00","Electronic Hardware Engineer","alternate_title","src_onet_30_1","0.75"
"occ_17_2072_00","Electronic Parts Designer","alternate_title","src_onet_30_1","0.75"
"occ_17_2072_00","Electronic Systems Engineer","alternate_title","src_onet_30_1","0.75"
"occ_17_2072_00","Electronics Design Engineer","alternate_title","src_onet_30_1","0.75"
"occ_17_2072_00","Electronics Engineer","short_title","src_onet_30_1","0.95"
"occ_17_2072_00","Electronics Research Engineer","alternate_title","src_onet_30_1","0.75"
"occ_17_2072_00","Electronics Test Engineer","alternate_title","src_onet_30_1","0.75"
"occ_17_2072_00","Electrophonic Engineer","alternate_title","src_onet_30_1","0.75"
"occ_17_2072_00","Engineer","alternate_title","src_onet_30_1","0.75"
"occ_17_2072_00","Equipment Engineer","alternate_title","src_onet_30_1","0.75"
"occ_17_2072_00","Evaluation Engineer","alternate_title","src_onet_30_1","0.75"
"occ_17_2072_00","Field Engineer","alternate_title","src_onet_30_1","0.75"
"occ_17_2072_00","Field Programmable Gate Array Verification Engineer (FPGA Verification Engineer)","alternate_title","src_onet_30_1","0.75"
"occ_17_2072_00","Field Service Engineer","alternate_title","src_onet_30_1","0.75"
"occ_17_2072_00","FPGA Engineer (Field-Programmable Gate Array Engineer)","alternate_title","src_onet_30_1","0.75"
"occ_17_2072_00","Guidance and Control Systems Engineer","alternate_title","src_onet_30_1","0.75"
"occ_17_2072_00","hardware engineer","manual_seed","src_onet_30_1","0.85"
"occ_17_2072_00","Integrated Circuit Design Engineer (IC Design Engineer)","alternate_title","src_onet_30_1","0.75"
"occ_17_2072_00","Microwave Engineer","alternate_title","src_onet_30_1","0.75"
"occ_17_2072_00","Outside Plant Cable Engineer","alternate_title","src_onet_30_1","0.75"
"occ_17_2072_00","Outside Plant Engineer","alternate_title","src_onet_30_1","0.75"
"occ_17_2072_00","Power Electronics Engineer","alternate_title","src_onet_30_1","0.75"
"occ_17_2072_00","Product Engineer","alternate_title","src_onet_30_1","0.75"
"occ_17_2072_00","Radar Engineer","alternate_title","src_onet_30_1","0.75"
"occ_17_2072_00","Radio Frequency Design Engineer (RF Design Engineer)","alternate_title","src_onet_30_1","0.75"
"occ_17_2072_00","Radio Frequency Engineer (RF Engineer)","alternate_title","src_onet_30_1","0.75"
"occ_17_2072_00","Research and Development Engineer (R and D Engineer)","alternate_title","src_onet_30_1","0.75"
"occ_17_2072_00","Studio Operations Engineer","alternate_title","src_onet_30_1","0.75"
"occ_17_2072_00","Telecommunications Engineer","alternate_title","src_onet_30_1","0.75"
"occ_17_2072_00","Test Engineer","alternate_title","src_onet_30_1","0.75"
"occ_17_2072_00","Traffic Circuit Engineer","alternate_title","src_onet_30_1","0.75"
"occ_17_2072_00","Transmission and Protection Engineer","alternate_title","src_onet_30_1","0.75"
"occ_17_2072_00","Transmitter Engineer","alternate_title","src_onet_30_1","0.75"
"occ_17_2112_00","Continuous Improvement Engineer","alternate_title","src_onet_30_1","0.75"
"occ_17_2112_00","District Plant Engineer","alternate_title","src_onet_30_1","0.75"
"occ_17_2112_00","Documentation Engineer","alternate_title","src_onet_30_1","0.75"
"occ_17_2112_00","Efficiency Analyst","alternate_title","src_onet_30_1","0.75"
"occ_17_2112_00","Efficiency Engineer","alternate_title","src_onet_30_1","0.75"
"occ_17_2112_00","Efficiency Expert","alternate_title","src_onet_30_1","0.75"
"occ_17_2112_00","Engineer","alternate_title","src_onet_30_1","0.75"
"occ_17_2112_00","Engineering Inspector","alternate_title","src_onet_30_1","0.75"
"occ_17_2112_00","Facilities Engineer","alternate_title","src_onet_30_1","0.75"
"occ_17_2112_00","Factory Engineer","alternate_title","src_onet_30_1","0.75"
"occ_17_2112_00","Factory Expert","alternate_title","src_onet_30_1","0.75"
"occ_17_2112_00","Factory Lay Out Engineer","alternate_title","src_onet_30_1","0.75"
"occ_17_2112_00","Factory Lay-Out Engineer","alternate_title","src_onet_30_1","0.75"
"occ_17_2112_00","Field Engineer","alternate_title","src_onet_30_1","0.75"
"occ_17_2112_00","Industrial Engineer","short_title","src_onet_30_1","0.95"
"occ_17_2112_00","Industrial Engineering Intern","alternate_title","src_onet_30_1","0.75"
"occ_17_2112_00","Industrial Methods Consultant","alternate_title","src_onet_30_1","0.75"
"occ_17_2112_00","Liaison Engineer","alternate_title","src_onet_30_1","0.75"
"occ_17_2112_00","Logistics Engineer","alternate_title","src_onet_30_1","0.75"
"occ_17_2112_00","manufacturing engineer","manual_seed","src_onet_30_1","0.85"
"occ_17_2112_00","Methods Engineer","alternate_title","src_onet_30_1","0.75"
"occ_17_2112_00","Metrologist","alternate_title","src_onet_30_1","0.75"
"occ_17_2112_00","Operations Engineer","alternate_title","src_onet_30_1","0.75"
"occ_17_2112_00","Packaging Engineer","alternate_title","src_onet_30_1","0.75"
"occ_17_2112_00","Plant Engineer","alternate_title","src_onet_30_1","0.75"
"occ_17_2112_00","process engineer","manual_seed","src_onet_30_1","0.85"
"occ_17_2112_00","Process Improvement Manager","alternate_title","src_onet_30_1","0.75"
"occ_17_2112_00","Production Control Expert","alternate_title","src_onet_30_1","0.75"
"occ_17_2112_00","Production Control Planner","alternate_title","src_onet_30_1","0.75"
"occ_17_2112_00","Production Engineer","alternate_title","src_onet_30_1","0.75"
"occ_17_2112_00","Production Engineering Tooling Coordinator","alternate_title","src_onet_30_1","0.75"
"occ_17_2112_00","Production Expert","alternate_title","src_onet_30_1","0.75"
"occ_17_2112_00","Production Support Engineer","alternate_title","src_onet_30_1","0.75"
"occ_17_2112_00","Production Tool Engineer","alternate_title","src_onet_30_1","0.75"
"occ_17_2112_00","Project Engineer","alternate_title","src_onet_30_1","0.75"
"occ_17_2112_00","Quality Assurance Engineer (QA Engineer)","alternate_title","src_onet_30_1","0.75"
"occ_17_2112_00","Quality Control Engineer (QC Engineer)","alternate_title","src_onet_30_1","0.75"
"occ_17_2112_00","Quality Control Expert (QC Expert)","alternate_title","src_onet_30_1","0.75"
"occ_17_2112_00","Quality Control Industrial Engineer (QC Industrial Engineer)","alternate_title","src_onet_30_1","0.75"
"occ_17_2112_00","Quality Engineer","alternate_title","src_onet_30_1","0.75"
"occ_17_2112_00","Research and Development Engineer (R and D Engineer)","alternate_title","src_onet_30_1","0.75"
"occ_17_2112_00","Salvage Engineer","alternate_title","src_onet_30_1","0.75"
"occ_17_2112_00","Standards Engineer","alternate_title","src_onet_30_1","0.75"
"occ_17_2112_00","Supplier Quality Engineer (SQE)","alternate_title","src_onet_30_1","0.75"
"occ_17_2112_00","Systems Engineer","alternate_title","src_onet_30_1","0.75"
"occ_17_2112_00","Test Inspection Engineer","alternate_title","src_onet_30_1","0.75"
"occ_17_2112_00","Time Study Engineer","alternate_title","src_onet_30_1","0.75"
"occ_17_2141_00","Air Conditioning Engineer (AC Engineer)","alternate_title","src_onet_30_1","0.75"
"occ_17_2141_00","Application Engineer","alternate_title","src_onet_30_1","0.75"
"occ_17_2141_00","Automation Engineer","alternate_title","src_onet_30_1","0.75"
"occ_17_2141_00","Body Engineer","alternate_title","src_onet_30_1","0.75"
"occ_17_2141_00","Brake Engineer","alternate_title","src_onet_30_1","0.75"
"occ_17_2141_00","Car Designer","alternate_title","src_onet_30_1","0.75"
"occ_17_2141_00","Combustion Engineer","alternate_title","src_onet_30_1","0.75"
"occ_17_2141_00","Cooling and Heating Systems Design Engineer","alternate_title","src_onet_30_1","0.75"
"occ_17_2141_00","Cryogenics Engineer","alternate_title","src_onet_30_1","0.75"
"occ_17_2141_00","Design Engineer","alternate_title","src_onet_30_1","0.75"
"occ_17_2141_00","Diesel Engineer","alternate_title","src_onet_30_1","0.75"
"occ_17_2141_00","Diesel Retrofit Designer","alternate_title","src_onet_30_1","0.75"
"occ_17_2141_00","Distribution Engineer","alternate_title","src_onet_30_1","0.75"
"occ_17_2141_00","Dust Control Engineer","alternate_title","src_onet_30_1","0.75"
"occ_17_2141_00","Electromechanical Engineer","alternate_title","src_onet_30_1","0.75"
"occ_17_2141_00","Engine Designer","alternate_title","src_onet_30_1","0.75"
"occ_17_2141_00","Engineer","alternate_title","src_onet_30_1","0.75"
"occ_17_2141_00","Equipment Engineer","alternate_title","src_onet_30_1","0.75"
"occ_17_2141_00","Erecting Engineer","alternate_title","src_onet_30_1","0.75"
"occ_17_2141_00","Facilities Mechanical Design Engineer","alternate_title","src_onet_30_1","0.75"
"occ_17_2141_00","Field Service Engineer","alternate_title","src_onet_30_1","0.75"
"occ_17_2141_00","Geothermal Power Generation Mechanical Engineer","alternate_title","src_onet_30_1","0.75"
"occ_17_2141_00","Heating and Cooling Systems Engineer","alternate_title","src_onet_30_1","0.75"
"occ_17_2141_00","Heating Engineer","alternate_title","src_onet_30_1","0.75"
"occ_17_2141_00","HVAC Design Mechanical Engineer (Heating, Ventilation, and Air Conditioning Design Mechanical Engineer)","alternate_title","src_onet_30_1","0.75"
"occ_17_2141_00","HVAC Engineer (Heating Ventilation Air Conditioning Engineer)","alternate_title","src_onet_30_1","0.75"
"occ_17_2141_00","HVAC Engineer (Heating, Ventilation and Air Conditioning Engineer)","alternate_title","src_onet_30_1","0.75"
"occ_17_2141_00","HVAC Sensor and Digital Control Designer (Heating, Ventilation and Air Conditioning Sensor and Digital Control Designer)","alternate_title","src_onet_30_1","0.75"
"occ_17_2141_00","Hydraulic Engineer","alternate_title","src_onet_30_1","0.75"
"occ_17_2141_00","Hydroelectric Plant Mechanical Engineer","alternate_title","src_onet_30_1","0.75"
"occ_17_2141_00","Industrial Green Systems Designer","alternate_title","src_onet_30_1","0.75"
"occ_17_2141_00","Industrial Retrofit Designer","alternate_title","src_onet_30_1","0.75"
"occ_17_2141_00","Installation Engineer","alternate_title","src_onet_30_1","0.75"
"occ_17_2141_00","Internal Combustion Engineer","alternate_title","src_onet_30_1","0.75"
"occ_17_2141_00","Machine Design Engineer","alternate_title","src_onet_30_1","0.75"
"occ_17_2141_00","Machine Tool Designer","alternate_title","src_onet_30_1","0.75"
"occ_17_2141_00","Mechanical Design Engineer","alternate_title","src_onet_30_1","0.75"
"occ_17_2141_00","Mechanical Design Facilities Engineer","alternate_title","src_onet_30_1","0.75"
"occ_17_2141_00","Mechanical Designer","alternate_title","src_onet_30_1","0.75"
"occ_17_2141_00","Mechanical Development Engineer","alternate_title","src_onet_30_1","0.75"
"occ_17_2141_00","Mechanical Engineer","alternate_title","src_onet_30_1","0.75"
"occ_17_2141_00","Mechanical Engineering Intern","alternate_title","src_onet_30_1","0.75"
"occ_17_2141_00","Mechanical Equipment Test Engineer","alternate_title","src_onet_30_1","0.75"
"occ_17_2141_00","Mechanical HVAC Engineer (Mechanical Heating, Ventilation, and Air Conditioning Engineer)","alternate_title","src_onet_30_1","0.75"
"occ_17_2141_00","Mechanical Project Engineer","alternate_title","src_onet_30_1","0.75"
"occ_17_2141_00","Mechanical Research Engineer","alternate_title","src_onet_30_1","0.75"
"occ_17_2141_00","Motorcycle Designer","alternate_title","src_onet_30_1","0.75"
"occ_17_2141_00","Plant Engineer","alternate_title","src_onet_30_1","0.75"
"occ_17_2141_00","Plant Equipment Engineer","alternate_title","src_onet_30_1","0.75"
"occ_17_2141_00","Product Development Engineer","alternate_title","src_onet_30_1","0.75"
"occ_17_2141_00","product engineer","manual_seed","src_onet_30_1","0.85"
"occ_17_2141_00","Products Engineer","alternate_title","src_onet_30_1","0.75"
"occ_17_2141_00","Products Mechanical Design Engineer","alternate_title","src_onet_30_1","0.75"
"occ_17_2141_00","Project Engineer","alternate_title","src_onet_30_1","0.75"
"occ_17_2141_00","Refrigeration Engineer","alternate_title","src_onet_30_1","0.75"
"occ_17_2141_00","Reliability Engineer","alternate_title","src_onet_30_1","0.75"
"occ_17_2141_00","Research and Development Engineer (R&D Engineer)","alternate_title","src_onet_30_1","0.75"
"occ_17_2141_00","Roller Coaster Designer","alternate_title","src_onet_30_1","0.75"
"occ_17_2141_00","Roller Coaster Engineer","alternate_title","src_onet_30_1","0.75"
"occ_17_2141_00","Servomechanism Designer","alternate_title","src_onet_30_1","0.75"
"occ_17_2141_00","Sheet Metal Engineer","alternate_title","src_onet_30_1","0.75"
"occ_17_2141_00","Stress Analyst","alternate_title","src_onet_30_1","0.75"
"occ_17_2141_00","Supplier Quality Engineer (SQE)","alternate_title","src_onet_30_1","0.75"
"occ_17_2141_00","Systems Engineer","alternate_title","src_onet_30_1","0.75"
"occ_17_2141_00","Test Engineer","alternate_title","src_onet_30_1","0.75"
"occ_17_2141_00","Test Inspection Engineer","alternate_title","src_onet_30_1","0.75"
"occ_17_2141_00","Textile Engineer","alternate_title","src_onet_30_1","0.75"
"occ_17_2141_00","Tool and Die Engineer","alternate_title","src_onet_30_1","0.75"
"occ_17_2141_00","Tool Design Engineer","alternate_title","src_onet_30_1","0.75"
"occ_17_2141_00","Tool Designer","alternate_title","src_onet_30_1","0.75"
"occ_17_2141_00","Tool Engineer","alternate_title","src_onet_30_1","0.75"
"occ_17_2141_00","Tool Maker","alternate_title","src_onet_30_1","0.75"
"occ_17_2141_00","Tooling Engineer","alternate_title","src_onet_30_1","0.75"
"occ_17_2141_00","Utilization Engineer","alternate_title","src_onet_30_1","0.75"
"occ_17_2141_00","Ventilating Engineer","alternate_title","src_onet_30_1","0.75"
"occ_17_2141_00","Ventilating Expert","alternate_title","src_onet_30_1","0.75"
"occ_17_2141_00","Weapons Designer","alternate_title","src_onet_30_1","0.75"
"occ_17_2141_00","Weapons Engineer","alternate_title","src_onet_30_1","0.75"
"occ_17_2141_00","Wind Turbine Mechanical Engineer","alternate_title","src_onet_30_1","0.75"
"occ_23_1011_00","Admiralty Lawyer","alternate_title","src_onet_30_1","0.75"
"occ_23_1011_00","Agency Legal Counsel","alternate_title","src_onet_30_1","0.75"
"occ_23_1011_00","attorney","manual_seed","src_onet_30_1","0.85"
"occ_23_1011_00","Attorney at Law","alternate_title","src_onet_30_1","0.75"
"occ_23_1011_00","Attorney General","alternate_title","src_onet_30_1","0.75"
"occ_23_1011_00","Barrister","alternate_title","src_onet_30_1","0.75"
"occ_23_1011_00","Business Lawyer","alternate_title","src_onet_30_1","0.75"
"occ_23_1011_00","Chief Counsel","alternate_title","src_onet_30_1","0.75"
"occ_23_1011_00","City Attorney","alternate_title","src_onet_30_1","0.75"
"occ_23_1011_00","City Solicitor","alternate_title","src_onet_30_1","0.75"
"occ_23_1011_00","Civil Lawyer","alternate_title","src_onet_30_1","0.75"
"occ_23_1011_00","Civil Litigation Attorney","alternate_title","src_onet_30_1","0.75"
"occ_23_1011_00","Civil Rights Attorney","alternate_title","src_onet_30_1","0.75"
"occ_23_1011_00","Claim Attorney","alternate_title","src_onet_30_1","0.75"
"occ_23_1011_00","Commonwealth Attorney","alternate_title","src_onet_30_1","0.75"
"occ_23_1011_00","Contracts Attorney","alternate_title","src_onet_30_1","0.75"
"occ_23_1011_00","Conveyancer","alternate_title","src_onet_30_1","0.75"
"occ_23_1011_00","Corporate Attorney","alternate_title","src_onet_30_1","0.75"
"occ_23_1011_00","Corporate Counsel","alternate_title","src_onet_30_1","0.75"
"occ_23_1011_00","Corporate Counselor","alternate_title","src_onet_30_1","0.75"
"occ_23_1011_00","Corporate Lawyer","alternate_title","src_onet_30_1","0.75"
"occ_23_1011_00","Corporation Counsel","alternate_title","src_onet_30_1","0.75"
"occ_23_1011_00","Corporation Lawyer","alternate_title","src_onet_30_1","0.75"
"occ_23_1011_00","counsel","manual_seed","src_onet_30_1","0.85"
"occ_23_1011_00","Counselor at Law","alternate_title","src_onet_30_1","0.75"
"occ_23_1011_00","County Attorney","alternate_title","src_onet_30_1","0.75"
"occ_23_1011_00","County Counsel","alternate_title","src_onet_30_1","0.75"
"occ_23_1011_00","Criminal Defense Lawyer","alternate_title","src_onet_30_1","0.75"
"occ_23_1011_00","Criminal Justice Lawyer","alternate_title","src_onet_30_1","0.75"
"occ_23_1011_00","Criminal Lawyer","alternate_title","src_onet_30_1","0.75"
"occ_23_1011_00","Cyber Legal Advisor","alternate_title","src_onet_30_1","0.75"
"occ_23_1011_00","Cybersecurity Lawyer","alternate_title","src_onet_30_1","0.75"
"occ_23_1011_00","Defense Attorney","alternate_title","src_onet_30_1","0.75"
"occ_23_1011_00","District Attorney","alternate_title","src_onet_30_1","0.75"
"occ_23_1011_00","Divorce Lawyer","alternate_title","src_onet_30_1","0.75"
"occ_23_1011_00","Document Review Attorney","alternate_title","src_onet_30_1","0.75"
"occ_23_1011_00","Employment Attorney","alternate_title","src_onet_30_1","0.75"
"occ_23_1011_00","Entertainment Lawyer","alternate_title","src_onet_30_1","0.75"
"occ_23_1011_00","Environmental Attorney","alternate_title","src_onet_30_1","0.75"
"occ_23_1011_00","Environmental Lawyer","alternate_title","src_onet_30_1","0.75"
"occ_23_1011_00","Estate Conservator","alternate_title","src_onet_30_1","0.75"
"occ_23_1011_00","Family Law Attorney","alternate_title","src_onet_30_1","0.75"
"occ_23_1011_00","Family Lawyer","alternate_title","src_onet_30_1","0.75"
"occ_23_1011_00","Federal Public Defender","alternate_title","src_onet_30_1","0.75"
"occ_23_1011_00","Foreign Law Consultant","alternate_title","src_onet_30_1","0.75"
"occ_23_1011_00","Foreign Legal Consultant","alternate_title","src_onet_30_1","0.75"
"occ_23_1011_00","General Counsel","alternate_title","src_onet_30_1","0.75"
"occ_23_1011_00","General Counselor","alternate_title","src_onet_30_1","0.75"
"occ_23_1011_00","Health Care Attorney","alternate_title","src_onet_30_1","0.75"
"occ_23_1011_00","Immigration Attorney","alternate_title","src_onet_30_1","0.75"
"occ_23_1011_00","Immigration Lawyer","alternate_title","src_onet_30_1","0.75"
"occ_23_1011_00","Immigration Specialist","alternate_title","src_onet_30_1","0.75"
"occ_23_1011_00","In-House Counsel","alternate_title","src_onet_30_1","0.75"
"occ_23_1011_00","Insurance Attorney","alternate_title","src_onet_30_1","0.75"
"occ_23_1011_00","Insurance Counselor","alternate_title","src_onet_30_1","0.75"
"occ_23_1011_00","Insurance Defense Attorney","alternate_title","src_onet_30_1","0.75"
"occ_23_1011_00","Intellectual Property Lawyer","alternate_title","src_onet_30_1","0.75"
"occ_23_1011_00","Law Writer","alternate_title","src_onet_30_1","0.75"
"occ_23_1011_00","Lawyer","alternate_title","src_onet_30_1","0.75"
"occ_23_1011_00","Legal Advisor","alternate_title","src_onet_30_1","0.75"
"occ_23_1011_00","Legal Arbitrator","alternate_title","src_onet_30_1","0.75"
"occ_23_1011_00","Legal Consultant","alternate_title","src_onet_30_1","0.75"
"occ_23_1011_00","Legal Counsel","alternate_title","src_onet_30_1","0.75"
"occ_23_1011_00","Legal Examiner","alternate_title","src_onet_30_1","0.75"
"occ_23_1011_00","Legal Research Analyst","alternate_title","src_onet_30_1","0.75"
"occ_23_1011_00","Legal Researcher","alternate_title","src_onet_30_1","0.75"
"occ_23_1011_00","Litigation Associate","alternate_title","src_onet_30_1","0.75"
"occ_23_1011_00","Litigation Attorney","alternate_title","src_onet_30_1","0.75"
"occ_23_1011_00","Military Lawyer","alternate_title","src_onet_30_1","0.75"
"occ_23_1011_00","Patent Attorney","alternate_title","src_onet_30_1","0.75"
"occ_23_1011_00","Patent Lawyer","alternate_title","src_onet_30_1","0.75"
"occ_23_1011_00","Patent Solicitor","alternate_title","src_onet_30_1","0.75"
"occ_23_1011_00","Personal Injury Attorney","alternate_title","src_onet_30_1","0.75"
"occ_23_1011_00","Probate Lawyer","alternate_title","src_onet_30_1","0.75"
"occ_23_1011_00","Prosecuting Attorney","alternate_title","src_onet_30_1","0.75"
"occ_23_1011_00","Prosecutor","alternate_title","src_onet_30_1","0.75"
"occ_23_1011_00","Public Defender","alternate_title","src_onet_30_1","0.75"
"occ_23_1011_00","Real Estate Attorney","alternate_title","src_onet_30_1","0.75"
"occ_23_1011_00","Real Estate Lawyer","alternate_title","src_onet_30_1","0.75"
"occ_23_1011_00","Solicitor","alternate_title","src_onet_30_1","0.75"
"occ_23_1011_00","Special Assistant Attorney General","alternate_title","src_onet_30_1","0.75"
"occ_23_1011_00","Sports Attorney","alternate_title","src_onet_30_1","0.75"
"occ_23_1011_00","Sports Lawyer","alternate_title","src_onet_30_1","0.75"
"occ_23_1011_00","Tariff Counsel","alternate_title","src_onet_30_1","0.75"
"occ_23_1011_00","Tax Attorney","alternate_title","src_onet_30_1","0.75"
"occ_23_1011_00","Tax Lawyer","alternate_title","src_onet_30_1","0.75"
"occ_23_1011_00","Title Attorney","alternate_title","src_onet_30_1","0.75"
"occ_23_1011_00","Title Lawyer","alternate_title","src_onet_30_1","0.75"
"occ_23_1011_00","Town Attorney","alternate_title","src_onet_30_1","0.75"
"occ_23_1011_00","Trial Attorney","alternate_title","src_onet_30_1","0.75"
"occ_23_1011_00","Trial Lawyer","alternate_title","src_onet_30_1","0.75"
"occ_23_1011_00","Workers' Compensation Attorney","alternate_title","src_onet_30_1","0.75"
"occ_23_2011_00","Certified Paralegal","alternate_title","src_onet_30_1","0.75"
"occ_23_2011_00","Contract Preparer","alternate_title","src_onet_30_1","0.75"
"occ_23_2011_00","Contracts Specialist","alternate_title","src_onet_30_1","0.75"
"occ_23_2011_00","Corporate Legal Assistant","alternate_title","src_onet_30_1","0.75"
"occ_23_2011_00","Corporate Paralegal","alternate_title","src_onet_30_1","0.75"
"occ_23_2011_00","Document Processor","alternate_title","src_onet_30_1","0.75"
"occ_23_2011_00","Estate Planning Paralegal","alternate_title","src_onet_30_1","0.75"
"occ_23_2011_00","Family Law Paralegal","alternate_title","src_onet_30_1","0.75"
"occ_23_2011_00","Immigration Paralegal","alternate_title","src_onet_30_1","0.75"
"occ_23_2011_00","Intellectual Property Paralegal","alternate_title","src_onet_30_1","0.75"
"occ_23_2011_00","Law Associate","alternate_title","src_onet_30_1","0.75"
"occ_23_2011_00","Legal Aide","alternate_title","src_onet_30_1","0.75"
"occ_23_2011_00","Legal Analyst","alternate_title","src_onet_30_1","0.75"
"occ_23_2011_00","legal assistant","manual_seed","src_onet_30_1","0.85"
"occ_23_2011_00","Legal Clerk","alternate_title","src_onet_30_1","0.75"
"occ_23_2011_00","Legal Processing Assistant","alternate_title","src_onet_30_1","0.75"
"occ_23_2011_00","Litigation Legal Assistant","alternate_title","src_onet_30_1","0.75"
"occ_23_2011_00","Litigation Paralegal","alternate_title","src_onet_30_1","0.75"
"occ_23_2011_00","litigation support specialist","manual_seed","src_onet_30_1","0.85"
"occ_23_2011_00","Paralegal","short_title","src_onet_30_1","0.95"
"occ_23_2011_00","Paralegal Assistant","alternate_title","src_onet_30_1","0.75"
"occ_23_2011_00","Paralegal Specialist","alternate_title","src_onet_30_1","0.75"
"occ_23_2011_00","Personal Injury Paralegal","alternate_title","src_onet_30_1","0.75"
"occ_23_2011_00","Principal Law Clerk","alternate_title","src_onet_30_1","0.75"
"occ_23_2011_00","Real Estate Paralegal","alternate_title","src_onet_30_1","0.75"
"occ_23_2011_00","Summer Associate","alternate_title","src_onet_30_1","0.75"
"occ_23_2011_00","Trademark Paralegal","alternate_title","src_onet_30_1","0.75"
"occ_27_1024_00","Ad Designer (Advertising Designer)","alternate_title","src_onet_30_1","0.75"
"occ_27_1024_00","Ad Layout Worker (Advertising Layout Worker)","alternate_title","src_onet_30_1","0.75"
"occ_27_1024_00","Apparel Graphic Designer","alternate_title","src_onet_30_1","0.75"
"occ_27_1024_00","Artist","alternate_title","src_onet_30_1","0.75"
"occ_27_1024_00","brand designer","manual_seed","src_onet_30_1","0.85"
"occ_27_1024_00","Catalogue Illustrator","alternate_title","src_onet_30_1","0.75"
"occ_27_1024_00","Commercial Artist","alternate_title","src_onet_30_1","0.75"
"occ_27_1024_00","Concept Artist","alternate_title","src_onet_30_1","0.75"
"occ_27_1024_00","Creative Designer","alternate_title","src_onet_30_1","0.75"
"occ_27_1024_00","Design Consultant","alternate_title","src_onet_30_1","0.75"
"occ_27_1024_00","Designer","alternate_title","src_onet_30_1","0.75"
"occ_27_1024_00","Digital Artist","alternate_title","src_onet_30_1","0.75"
"occ_27_1024_00","Forms Designer","alternate_title","src_onet_30_1","0.75"
"occ_27_1024_00","Graphic Art Designer","alternate_title","src_onet_30_1","0.75"
"occ_27_1024_00","Graphic Artist","alternate_title","src_onet_30_1","0.75"
"occ_27_1024_00","Graphic Design Coordinator","alternate_title","src_onet_30_1","0.75"
"occ_27_1024_00","Graphic Designer","short_title","src_onet_30_1","0.95"
"occ_27_1024_00","Graphics Coordinator","alternate_title","src_onet_30_1","0.75"
"occ_27_1024_00","Graphics Specialist","alternate_title","src_onet_30_1","0.75"
"occ_27_1024_00","Interface Designer","alternate_title","src_onet_30_1","0.75"
"occ_27_1024_00","Label Maker","alternate_title","src_onet_30_1","0.75"
"occ_27_1024_00","Layout Artist","alternate_title","src_onet_30_1","0.75"
"occ_27_1024_00","Marketing Graphic Designer","alternate_title","src_onet_30_1","0.75"
"occ_27_1024_00","Multimedia Designer","alternate_title","src_onet_30_1","0.75"
"occ_27_1024_00","Multimedia Developer","alternate_title","src_onet_30_1","0.75"
"occ_27_1024_00","Multimedia Specialist","alternate_title","src_onet_30_1","0.75"
"occ_27_1024_00","Online Producer","alternate_title","src_onet_30_1","0.75"
"occ_27_1024_00","Presentation Designer","alternate_title","src_onet_30_1","0.75"
"occ_27_1024_00","Presentation Specialist","alternate_title","src_onet_30_1","0.75"
"occ_27_1024_00","Production Artist","alternate_title","src_onet_30_1","0.75"
"occ_27_1024_00","Production Designer","alternate_title","src_onet_30_1","0.75"
"occ_27_1024_00","Production Graphic Designer","alternate_title","src_onet_30_1","0.75"
"occ_27_1024_00","Publications Designer","alternate_title","src_onet_30_1","0.75"
"occ_27_1024_00","Studio Designer","alternate_title","src_onet_30_1","0.75"
"occ_27_1024_00","Technical Illustrator","alternate_title","src_onet_30_1","0.75"
"occ_27_1024_00","Visual Designer","alternate_title","src_onet_30_1","0.75"
"occ_27_1024_00","Visual Graphic Designer","alternate_title","src_onet_30_1","0.75"
"occ_27_3023_00","Anchor","alternate_title","src_onet_30_1","0.75"
"occ_27_3023_00","Anchorman","alternate_title","src_onet_30_1","0.75"
"occ_27_3023_00","Art Critic","alternate_title","src_onet_30_1","0.75"
"occ_27_3023_00","Basketball Commentator","alternate_title","src_onet_30_1","0.75"
"occ_27_3023_00","Blogger","alternate_title","src_onet_30_1","0.75"
"occ_27_3023_00","Book Critic","alternate_title","src_onet_30_1","0.75"
"occ_27_3023_00","Book Reviewer","alternate_title","src_onet_30_1","0.75"
"occ_27_3023_00","Breaking News Reporter","alternate_title","src_onet_30_1","0.75"
"occ_27_3023_00","Broadcast Journalist","alternate_title","src_onet_30_1","0.75"
"occ_27_3023_00","Broadcast Meteorologist","alternate_title","src_onet_30_1","0.75"
"occ_27_3023_00","Broadcast News Advisor","alternate_title","src_onet_30_1","0.75"
"occ_27_3023_00","Business Reporter","alternate_title","src_onet_30_1","0.75"
"occ_27_3023_00","Business Writer","alternate_title","src_onet_30_1","0.75"
"occ_27_3023_00","Columnist","alternate_title","src_onet_30_1","0.75"
"occ_27_3023_00","Commentator","alternate_title","src_onet_30_1","0.75"
"occ_27_3023_00","Correspondent","alternate_title","src_onet_30_1","0.75"
"occ_27_3023_00","Courtroom Reporter","alternate_title","src_onet_30_1","0.75"
"occ_27_3023_00","Critic","alternate_title","src_onet_30_1","0.75"
"occ_27_3023_00","Cub Reporter","alternate_title","src_onet_30_1","0.75"
"occ_27_3023_00","Data Journalist","alternate_title","src_onet_30_1","0.75"
"occ_27_3023_00","Desk Reporter","alternate_title","src_onet_30_1","0.75"
"occ_27_3023_00","Digital Commentator","alternate_title","src_onet_30_1","0.75"
"occ_27_3023_00","Digital Producer","alternate_title","src_onet_30_1","0.75"
"occ_27_3023_00","Digital Reporter","alternate_title","src_onet_30_1","0.75"
"occ_27_3023_00","Dramatic Critic","alternate_title","src_onet_30_1","0.75"
"occ_27_3023_00","Editorial Writer","alternate_title","src_onet_30_1","0.75"
"occ_27_3023_00","Education Reporter","alternate_title","src_onet_30_1","0.75"
"occ_27_3023_00","Environmental Journalist","alternate_title","src_onet_30_1","0.75"
"occ_27_3023_00","Fashion Journalist","alternate_title","src_onet_30_1","0.75"
"occ_27_3023_00","Feature Writer","alternate_title","src_onet_30_1","0.75"
"occ_27_3023_00","Film Critic","alternate_title","src_onet_30_1","0.75"
"occ_27_3023_00","Financial Writer","alternate_title","src_onet_30_1","0.75"
"occ_27_3023_00","Food Critic","alternate_title","src_onet_30_1","0.75"
"occ_27_3023_00","Food Writer","alternate_title","src_onet_30_1","0.75"
"occ_27_3023_00","Foreign Correspondent","alternate_title","src_onet_30_1","0.75"
"occ_27_3023_00","General Assignment Reporter","alternate_title","src_onet_30_1","0.75"
"occ_27_3023_00","General Assignment Television News Reporter","alternate_title","src_onet_30_1","0.75"
"occ_27_3023_00","Headline Writer","alternate_title","src_onet_30_1","0.75"
"occ_27_3023_00","Information Writer","alternate_title","src_onet_30_1","0.75"
"occ_27_3023_00","Investigative Reporter","alternate_title","src_onet_30_1","0.75"
"occ_27_3023_00","Journalist","short_title","src_onet_30_1","0.95"
"occ_27_3023_00","Law Reporter","alternate_title","src_onet_30_1","0.75"
"occ_27_3023_00","Leg Man","alternate_title","src_onet_30_1","0.75"
"occ_27_3023_00","Magazine Journalist","alternate_title","src_onet_30_1","0.75"
"occ_27_3023_00","Magazine Writer","alternate_title","src_onet_30_1","0.75"
"occ_27_3023_00","Marine Reporter","alternate_title","src_onet_30_1","0.75"
"occ_27_3023_00","Market News Reporter","alternate_title","src_onet_30_1","0.75"
"occ_27_3023_00","Market Reporter","alternate_title","src_onet_30_1","0.75"
"occ_27_3023_00","Media Analyst","alternate_title","src_onet_30_1","0.75"
"occ_27_3023_00","Morning News Anchor","alternate_title","src_onet_30_1","0.75"
"occ_27_3023_00","Motion Picture Critic","alternate_title","src_onet_30_1","0.75"
"occ_27_3023_00","Movie Critic","alternate_title","src_onet_30_1","0.75"
"occ_27_3023_00","Multimedia Journalist","alternate_title","src_onet_30_1","0.75"
"occ_27_3023_00","Multimedia Reporter","alternate_title","src_onet_30_1","0.75"
"occ_27_3023_00","Music Critic","alternate_title","src_onet_30_1","0.75"
"occ_27_3023_00","Music Journalist","alternate_title","src_onet_30_1","0.75"
"occ_27_3023_00","News Analyst","alternate_title","src_onet_30_1","0.75"
"occ_27_3023_00","News Anchor","alternate_title","src_onet_30_1","0.75"
"occ_27_3023_00","News Commentator","alternate_title","src_onet_30_1","0.75"
"occ_27_3023_00","News Correspondent","alternate_title","src_onet_30_1","0.75"
"occ_27_3023_00","News Reporter","alternate_title","src_onet_30_1","0.75"
"occ_27_3023_00","News Writer","alternate_title","src_onet_30_1","0.75"
"occ_27_3023_00","Newscaster","alternate_title","src_onet_30_1","0.75"
"occ_27_3023_00","Newspaper Columnist","alternate_title","src_onet_30_1","0.75"
"occ_27_3023_00","Newspaper Correspondent","alternate_title","src_onet_30_1","0.75"
"occ_27_3023_00","Newspaper Journalist","alternate_title","src_onet_30_1","0.75"
"occ_27_3023_00","Newspaper Reporter","alternate_title","src_onet_30_1","0.75"
"occ_27_3023_00","Newspaper Writer","alternate_title","src_onet_30_1","0.75"
"occ_27_3023_00","Political Reporter","alternate_title","src_onet_30_1","0.75"
"occ_27_3023_00","Press Writer","alternate_title","src_onet_30_1","0.75"
"occ_27_3023_00","Print Journalist","alternate_title","src_onet_30_1","0.75"
"occ_27_3023_00","Radio Commentator","alternate_title","src_onet_30_1","0.75"
"occ_27_3023_00","Radio News Anchor","alternate_title","src_onet_30_1","0.75"
"occ_27_3023_00","Radio News Writer","alternate_title","src_onet_30_1","0.75"
"occ_27_3023_00","Radio Talk Show Host","alternate_title","src_onet_30_1","0.75"
"occ_27_3023_00","Reporter","alternate_title","src_onet_30_1","0.75"
"occ_27_3023_00","Soccer Commentator","alternate_title","src_onet_30_1","0.75"
"occ_27_3023_00","Society Reporter","alternate_title","src_onet_30_1","0.75"
"occ_27_3023_00","Sports Analyst","alternate_title","src_onet_30_1","0.75"
"occ_27_3023_00","Sports Anchor","alternate_title","src_onet_30_1","0.75"
"occ_27_3023_00","Sports Commentator","alternate_title","src_onet_30_1","0.75"
"occ_27_3023_00","Sports Journalist","alternate_title","src_onet_30_1","0.75"
"occ_27_3023_00","Sports Reporter","alternate_title","src_onet_30_1","0.75"
"occ_27_3023_00","Sports Writer","alternate_title","src_onet_30_1","0.75"
"occ_27_3023_00","Staff Reporter","alternate_title","src_onet_30_1","0.75"
"occ_27_3023_00","Staff Writer","alternate_title","src_onet_30_1","0.75"
"occ_27_3023_00","Television Anchor","alternate_title","src_onet_30_1","0.75"
"occ_27_3023_00","Television News Anchor (TV News Anchor)","alternate_title","src_onet_30_1","0.75"
"occ_27_3023_00","Television News Reporter","alternate_title","src_onet_30_1","0.75"
"occ_27_3023_00","Television Reporter (TV Reporter)","alternate_title","src_onet_30_1","0.75"
"occ_27_3023_00","Traffic Reporter","alternate_title","src_onet_30_1","0.75"
"occ_27_3023_00","Travel Journalist","alternate_title","src_onet_30_1","0.75"
"occ_27_3023_00","Travel Writer","alternate_title","src_onet_30_1","0.75"
"occ_27_3023_00","Volleyball Commentator","alternate_title","src_onet_30_1","0.75"
"occ_27_3023_00","Weather Anchor","alternate_title","src_onet_30_1","0.75"
"occ_27_3023_00","Weekend Anchor","alternate_title","src_onet_30_1","0.75"
"occ_27_3031_00","Audience Coordinator","alternate_title","src_onet_30_1","0.75"
"occ_27_3031_00","Brand Advocate","alternate_title","src_onet_30_1","0.75"
"occ_27_3031_00","Communication Specialist","alternate_title","src_onet_30_1","0.75"
"occ_27_3031_00","Communications Associate","alternate_title","src_onet_30_1","0.75"
"occ_27_3031_00","Communications Coordinator","alternate_title","src_onet_30_1","0.75"
"occ_27_3031_00","communications specialist","manual_seed","src_onet_30_1","0.85"
"occ_27_3031_00","Community Liaison","alternate_title","src_onet_30_1","0.75"
"occ_27_3031_00","Community Relations Coordinator","alternate_title","src_onet_30_1","0.75"
"occ_27_3031_00","Concert Promoter","alternate_title","src_onet_30_1","0.75"
"occ_27_3031_00","Consumer Advocate","alternate_title","src_onet_30_1","0.75"
"occ_27_3031_00","Content Marketing Specialist","alternate_title","src_onet_30_1","0.75"
"occ_27_3031_00","Content Specialist","alternate_title","src_onet_30_1","0.75"
"occ_27_3031_00","Content Strategist","alternate_title","src_onet_30_1","0.75"
"occ_27_3031_00","Corporate Communications Specialist","alternate_title","src_onet_30_1","0.75"
"occ_27_3031_00","Customer Specialist","alternate_title","src_onet_30_1","0.75"
"occ_27_3031_00","Digital Communications Specialist","alternate_title","src_onet_30_1","0.75"
"occ_27_3031_00","Environmental Communications Specialist","alternate_title","src_onet_30_1","0.75"
"occ_27_3031_00","Event Promoter","alternate_title","src_onet_30_1","0.75"
"occ_27_3031_00","Image Consultant","alternate_title","src_onet_30_1","0.75"
"occ_27_3031_00","Information and Communications Specialist","alternate_title","src_onet_30_1","0.75"
"occ_27_3031_00","Information Specialist","alternate_title","src_onet_30_1","0.75"
"occ_27_3031_00","Internal Communications Specialist","alternate_title","src_onet_30_1","0.75"
"occ_27_3031_00","Lobbyist","alternate_title","src_onet_30_1","0.75"
"occ_27_3031_00","Marketing Communications Coordinator","alternate_title","src_onet_30_1","0.75"
"occ_27_3031_00","Marketing Communications Specialist","alternate_title","src_onet_30_1","0.75"
"occ_27_3031_00","Marketing Coordinator","alternate_title","src_onet_30_1","0.75"
"occ_27_3031_00","Media Buyer","alternate_title","src_onet_30_1","0.75"
"occ_27_3031_00","Media Planner","alternate_title","src_onet_30_1","0.75"
"occ_27_3031_00","Media Relations Specialist","alternate_title","src_onet_30_1","0.75"
"occ_27_3031_00","Media Specialist","alternate_title","src_onet_30_1","0.75"
"occ_27_3031_00","Motivational Speaker","alternate_title","src_onet_30_1","0.75"
"occ_27_3031_00","Music Publicist","alternate_title","src_onet_30_1","0.75"
"occ_27_3031_00","Political Advisor","alternate_title","src_onet_30_1","0.75"
"occ_27_3031_00","Political Aide","alternate_title","src_onet_30_1","0.75"
"occ_27_3031_00","PR Specialist","short_title","src_onet_30_1","0.95"
"occ_27_3031_00","Press Agent","alternate_title","src_onet_30_1","0.75"
"occ_27_3031_00","Press Secretary","alternate_title","src_onet_30_1","0.75"
"occ_27_3031_00","Promotion Specialist","alternate_title","src_onet_30_1","0.75"
"occ_27_3031_00","Public Affairs Officer","alternate_title","src_onet_30_1","0.75"
"occ_27_3031_00","Public Affairs Specialist","alternate_title","src_onet_30_1","0.75"
"occ_27_3031_00","Public Information Officer","alternate_title","src_onet_30_1","0.75"
"occ_27_3031_00","Public Information Specialist","alternate_title","src_onet_30_1","0.75"
"occ_27_3031_00","Public Relations Consultant (PR Consultant)","alternate_title","src_onet_30_1","0.75"
"occ_27_3031_00","Public Relations Coordinator (PR Coordinator)","alternate_title","src_onet_30_1","0.75"
"occ_27_3031_00","Public Relations Counselor (PR Counselor)","alternate_title","src_onet_30_1","0.75"
"occ_27_3031_00","Public Relations Officer (PR Officer)","alternate_title","src_onet_30_1","0.75"
"occ_27_3031_00","Public Relations Representative (PR Rep)","alternate_title","src_onet_30_1","0.75"
"occ_27_3031_00","public relations specialist","manual_seed","src_onet_30_1","0.85"
"occ_27_3031_00","Public Relations Specialist (PR Specialist)","alternate_title","src_onet_30_1","0.75"
"occ_27_3031_00","Publicist","alternate_title","src_onet_30_1","0.75"
"occ_27_3031_00","Publicity Agent","alternate_title","src_onet_30_1","0.75"
"occ_27_3031_00","Publicity Consultant","alternate_title","src_onet_30_1","0.75"
"occ_27_3031_00","Publicity Expert","alternate_title","src_onet_30_1","0.75"
"occ_27_3031_00","Publicity Person","alternate_title","src_onet_30_1","0.75"
"occ_27_3031_00","Publicity Writer","alternate_title","src_onet_30_1","0.75"
"occ_27_3031_00","Service Promoter Salesperson","alternate_title","src_onet_30_1","0.75"
"occ_27_3031_00","Speech Writer","alternate_title","src_onet_30_1","0.75"
"occ_27_3031_00","Student Ambassador","alternate_title","src_onet_30_1","0.75"
"occ_27_3031_00","Sustainability Communicator","alternate_title","src_onet_30_1","0.75"
"occ_27_3041_00","Acquisitions Editor","alternate_title","src_onet_30_1","0.75"
"occ_27_3041_00","Acute Editor","alternate_title","src_onet_30_1","0.75"
"occ_27_3041_00","Advertising Editor","alternate_title","src_onet_30_1","0.75"
"occ_27_3041_00","Art Editor","alternate_title","src_onet_30_1","0.75"
"occ_27_3041_00","Assignment Editor","alternate_title","src_onet_30_1","0.75"
"occ_27_3041_00","Book Editor","alternate_title","src_onet_30_1","0.75"
"occ_27_3041_00","Business Editor","alternate_title","src_onet_30_1","0.75"
"occ_27_3041_00","Censor","alternate_title","src_onet_30_1","0.75"
"occ_27_3041_00","Communications Editor","alternate_title","src_onet_30_1","0.75"
"occ_27_3041_00","Content Editor","alternate_title","src_onet_30_1","0.75"
"occ_27_3041_00","Continuity Editor","alternate_title","src_onet_30_1","0.75"
"occ_27_3041_00","Continuity Reader","alternate_title","src_onet_30_1","0.75"
"occ_27_3041_00","copy editor","manual_seed","src_onet_30_1","0.85"
"occ_27_3041_00","Copy Reader","alternate_title","src_onet_30_1","0.75"
"occ_27_3041_00","Development Editor","alternate_title","src_onet_30_1","0.75"
"occ_27_3041_00","Dictionary Editor","alternate_title","src_onet_30_1","0.75"
"occ_27_3041_00","Digital Editor","alternate_title","src_onet_30_1","0.75"
"occ_27_3041_00","Editor","short_title","src_onet_30_1","0.95"
"occ_27_3041_00","Editorial Specialist","alternate_title","src_onet_30_1","0.75"
"occ_27_3041_00","Fashion Editor","alternate_title","src_onet_30_1","0.75"
"occ_27_3041_00","Features Editor","alternate_title","src_onet_30_1","0.75"
"occ_27_3041_00","Food Editor","alternate_title","src_onet_30_1","0.75"
"occ_27_3041_00","Greeting Card Editor","alternate_title","src_onet_30_1","0.75"
"occ_27_3041_00","Index Editor","alternate_title","src_onet_30_1","0.75"
"occ_27_3041_00","Legal Editor","alternate_title","src_onet_30_1","0.75"
"occ_27_3041_00","Magazine Editor","alternate_title","src_onet_30_1","0.75"
"occ_27_3041_00","Make Up Editor","alternate_title","src_onet_30_1","0.75"
"occ_27_3041_00","Manuscript Editor","alternate_title","src_onet_30_1","0.75"
"occ_27_3041_00","Manuscript Reader","alternate_title","src_onet_30_1","0.75"
"occ_27_3041_00","Market Editor","alternate_title","src_onet_30_1","0.75"
"occ_27_3041_00","Medical Editor","alternate_title","src_onet_30_1","0.75"
"occ_27_3041_00","News Editor","alternate_title","src_onet_30_1","0.75"
"occ_27_3041_00","Newspaper Copy Editor","alternate_title","src_onet_30_1","0.75"
"occ_27_3041_00","Newspaper Editor","alternate_title","src_onet_30_1","0.75"
"occ_27_3041_00","Newspaper Managing Editor","alternate_title","src_onet_30_1","0.75"
"occ_27_3041_00","Newspaper Photo Editor","alternate_title","src_onet_30_1","0.75"
"occ_27_3041_00","Online Content Editor","alternate_title","src_onet_30_1","0.75"
"occ_27_3041_00","Opinion Editor","alternate_title","src_onet_30_1","0.75"
"occ_27_3041_00","Photo Editor","alternate_title","src_onet_30_1","0.75"
"occ_27_3041_00","Play Reader","alternate_title","src_onet_30_1","0.75"
"occ_27_3041_00","Production Editor","alternate_title","src_onet_30_1","0.75"
"occ_27_3041_00","Program Proposals Coordinator","alternate_title","src_onet_30_1","0.75"
"occ_27_3041_00","Publication Editor","alternate_title","src_onet_30_1","0.75"
"occ_27_3041_00","Publications Editor","alternate_title","src_onet_30_1","0.75"
"occ_27_3041_00","Reader","alternate_title","src_onet_30_1","0.75"
"occ_27_3041_00","Reviewer","alternate_title","src_onet_30_1","0.75"
"occ_27_3041_00","Rewrite Editor","alternate_title","src_onet_30_1","0.75"
"occ_27_3041_00","Science Editor","alternate_title","src_onet_30_1","0.75"
"occ_27_3041_00","Scientific Publications Editor","alternate_title","src_onet_30_1","0.75"
"occ_27_3041_00","Script Editor","alternate_title","src_onet_30_1","0.75"
"occ_27_3041_00","Script Reader","alternate_title","src_onet_30_1","0.75"
"occ_27_3041_00","Slot Editor","alternate_title","src_onet_30_1","0.75"
"occ_27_3041_00","Society Editor","alternate_title","src_onet_30_1","0.75"
"occ_27_3041_00","Sports Editor","alternate_title","src_onet_30_1","0.75"
"occ_27_3041_00","Story Editor","alternate_title","src_onet_30_1","0.75"
"occ_27_3041_00","Story Reader","alternate_title","src_onet_30_1","0.75"
"occ_27_3041_00","Technical Editor","alternate_title","src_onet_30_1","0.75"
"occ_27_3041_00","Telegraph Editor","alternate_title","src_onet_30_1","0.75"
"occ_27_3041_00","Web Content Specialist","alternate_title","src_onet_30_1","0.75"
"occ_27_3041_00","Web Editor","alternate_title","src_onet_30_1","0.75"
"occ_27_3042_00","Assembly Instructions Writer","alternate_title","src_onet_30_1","0.75"
"occ_27_3042_00","Clinical Writer","alternate_title","src_onet_30_1","0.75"
"occ_27_3042_00","Contracts Writer","alternate_title","src_onet_30_1","0.75"
"occ_27_3042_00","Document Specialist","alternate_title","src_onet_30_1","0.75"
"occ_27_3042_00","Documentation Designer","alternate_title","src_onet_30_1","0.75"
"occ_27_3042_00","documentation specialist","manual_seed","src_onet_30_1","0.85"
"occ_27_3042_00","documentation writer","manual_seed","src_onet_30_1","0.85"
"occ_27_3042_00","Engineering Documentation Specialist","alternate_title","src_onet_30_1","0.75"
"occ_27_3042_00","Engineering Writer","alternate_title","src_onet_30_1","0.75"
"occ_27_3042_00","Grant Writer","alternate_title","src_onet_30_1","0.75"
"occ_27_3042_00","Handbook Writer","alternate_title","src_onet_30_1","0.75"
"occ_27_3042_00","Health Science Writer","alternate_title","src_onet_30_1","0.75"
"occ_27_3042_00","Health Technical Writer","alternate_title","src_onet_30_1","0.75"
"occ_27_3042_00","Information Developer","alternate_title","src_onet_30_1","0.75"
"occ_27_3042_00","Lexicographer","alternate_title","src_onet_30_1","0.75"
"occ_27_3042_00","Manual Writer","alternate_title","src_onet_30_1","0.75"
"occ_27_3042_00","Medical Technical Writer","alternate_title","src_onet_30_1","0.75"
"occ_27_3042_00","Medical Writer","alternate_title","src_onet_30_1","0.75"
"occ_27_3042_00","Narrative Writer","alternate_title","src_onet_30_1","0.75"
"occ_27_3042_00","Process Description Writer","alternate_title","src_onet_30_1","0.75"
"occ_27_3042_00","Proposal Coordinator","alternate_title","src_onet_30_1","0.75"
"occ_27_3042_00","Proposal Writer","alternate_title","src_onet_30_1","0.75"
"occ_27_3042_00","Regulatory Medical Writer","alternate_title","src_onet_30_1","0.75"
"occ_27_3042_00","Report Writer","alternate_title","src_onet_30_1","0.75"
"occ_27_3042_00","Requirements Analyst","alternate_title","src_onet_30_1","0.75"
"occ_27_3042_00","Scientific Writer","alternate_title","src_onet_30_1","0.75"
"occ_27_3042_00","Specifications Writer","alternate_title","src_onet_30_1","0.75"
"occ_27_3042_00","Technical Communicator","alternate_title","src_onet_30_1","0.75"
"occ_27_3042_00","Technical Content Professional","alternate_title","src_onet_30_1","0.75"
"occ_27_3042_00","Technical Proposal Writer","alternate_title","src_onet_30_1","0.75"
"occ_27_3042_00","Technical Publications Writer","alternate_title","src_onet_30_1","0.75"
"occ_27_3042_00","Technical Writer","short_title","src_onet_30_1","0.95"
"occ_27_3042_00","Technician Writer","alternate_title","src_onet_30_1","0.75"
"occ_27_3042_00","UX Writer (User Experience Writer)","alternate_title","src_onet_30_1","0.75"
"occ_27_3043_00","Advertisement Agency Copywriter (Ad Agency Copywriter)","alternate_title","src_onet_30_1","0.75"
"occ_27_3043_00","Advertisement Copywriter (Ad Copywriter)","alternate_title","src_onet_30_1","0.75"
"occ_27_3043_00","Advertisement Writer (Ad Writer)","alternate_title","src_onet_30_1","0.75"
"occ_27_3043_00","Advertising Associate","alternate_title","src_onet_30_1","0.75"
"occ_27_3043_00","Advertising Copywriter","alternate_title","src_onet_30_1","0.75"
"occ_27_3043_00","Advertising Specialist","alternate_title","src_onet_30_1","0.75"
"occ_27_3043_00","Advertising Writer","alternate_title","src_onet_30_1","0.75"
"occ_27_3043_00","Article Writer","alternate_title","src_onet_30_1","0.75"
"occ_27_3043_00","author","manual_seed","src_onet_30_1","0.85"
"occ_27_3043_00","Biographer","alternate_title","src_onet_30_1","0.75"
"occ_27_3043_00","Blurb Writer","alternate_title","src_onet_30_1","0.75"
"occ_27_3043_00","Business Writer","alternate_title","src_onet_30_1","0.75"
"occ_27_3043_00","Communications Specialist","alternate_title","src_onet_30_1","0.75"
"occ_27_3043_00","Content Creator","alternate_title","src_onet_30_1","0.75"
"occ_27_3043_00","Content Developer","alternate_title","src_onet_30_1","0.75"
"occ_27_3043_00","Content Writer","alternate_title","src_onet_30_1","0.75"
"occ_27_3043_00","Copywriter","alternate_title","src_onet_30_1","0.75"
"occ_27_3043_00","Creative Copywriter","alternate_title","src_onet_30_1","0.75"
"occ_27_3043_00","creative writer","manual_seed","src_onet_30_1","0.85"
"occ_27_3043_00","Curriculum Writer","alternate_title","src_onet_30_1","0.75"
"occ_27_3043_00","Digital Content Creator","alternate_title","src_onet_30_1","0.75"
"occ_27_3043_00","Digital Copywriter","alternate_title","src_onet_30_1","0.75"
"occ_27_3043_00","Freelance Copywriter","alternate_title","src_onet_30_1","0.75"
"occ_27_3043_00","Freelance Writer","alternate_title","src_onet_30_1","0.75"
"occ_27_3043_00","Lyricist","alternate_title","src_onet_30_1","0.75"
"occ_27_3043_00","Marketing Copywriter","alternate_title","src_onet_30_1","0.75"
"occ_27_3043_00","Marketing Writer","alternate_title","src_onet_30_1","0.75"
"occ_27_3043_00","Novelist","alternate_title","src_onet_30_1","0.75"
"occ_27_3043_00","Online Content Developer","alternate_title","src_onet_30_1","0.75"
"occ_27_3043_00","Playwright","alternate_title","src_onet_30_1","0.75"
"occ_27_3043_00","Poet","alternate_title","src_onet_30_1","0.75"
"occ_27_3043_00","Program Writer","alternate_title","src_onet_30_1","0.75"
"occ_27_3043_00","Promotion Writer","alternate_title","src_onet_30_1","0.75"
"occ_27_3043_00","Radio Scriptwriter","alternate_title","src_onet_30_1","0.75"
"occ_27_3043_00","Screenwriter","alternate_title","src_onet_30_1","0.75"
"occ_27_3043_00","Search Engine Optimization Copywriter (SEO Copywriter)","alternate_title","src_onet_30_1","0.75"
"occ_27_3043_00","Short Story Writer","alternate_title","src_onet_30_1","0.75"
"occ_27_3043_00","Song Lyricist","alternate_title","src_onet_30_1","0.75"
"occ_27_3043_00","Specification Writer","alternate_title","src_onet_30_1","0.75"
"occ_27_3043_00","Television Writer","alternate_title","src_onet_30_1","0.75"
"occ_27_3043_00","Verse Writer","alternate_title","src_onet_30_1","0.75"
"occ_27_3043_00","Web Content Writer","alternate_title","src_onet_30_1","0.75"
"occ_27_3043_00","Writer","alternate_title","src_onet_30_1","0.75"
"occ_41_3011_00","Account Planner","alternate_title","src_onet_30_1","0.75"
"occ_41_3011_00","Account Specialist","alternate_title","src_onet_30_1","0.75"
"occ_41_3011_00","advertising account executive","manual_seed","src_onet_30_1","0.85"
"occ_41_3011_00","Advertising Account Representative","alternate_title","src_onet_30_1","0.75"
"occ_41_3011_00","Advertising Agent","alternate_title","src_onet_30_1","0.75"
"occ_41_3011_00","Advertising Assistant","alternate_title","src_onet_30_1","0.75"
"occ_41_3011_00","Advertising Consultant","alternate_title","src_onet_30_1","0.75"
"occ_41_3011_00","Advertising Coordinator","alternate_title","src_onet_30_1","0.75"
"occ_41_3011_00","Advertising Representative","alternate_title","src_onet_30_1","0.75"
"occ_41_3011_00","Advertising Sales Agent","short_title","src_onet_30_1","0.95"
"occ_41_3011_00","Advertising Sales Representative (Ad Sales Representative)","alternate_title","src_onet_30_1","0.75"
"occ_41_3011_00","Advertising Solicitor","alternate_title","src_onet_30_1","0.75"
"occ_41_3011_00","Agent","alternate_title","src_onet_30_1","0.75"
"occ_41_3011_00","Broker","alternate_title","src_onet_30_1","0.75"
"occ_41_3011_00","Digital Advertising Sales Representative (Digital Advertising Sales Rep)","alternate_title","src_onet_30_1","0.75"
"occ_41_3011_00","Directory Advertising Sales Representative","alternate_title","src_onet_30_1","0.75"
"occ_41_3011_00","Display Advertising Sales Representative","alternate_title","src_onet_30_1","0.75"
"occ_41_3011_00","Field Marketing Representative","alternate_title","src_onet_30_1","0.75"
"occ_41_3011_00","Field Service Representative","alternate_title","src_onet_30_1","0.75"
"occ_41_3011_00","Graphic Art Sales Representative","alternate_title","src_onet_30_1","0.75"
"occ_41_3011_00","Idea Man","alternate_title","src_onet_30_1","0.75"
"occ_41_3011_00","Idea Worker","alternate_title","src_onet_30_1","0.75"
"occ_41_3011_00","Inside Sales Representative","alternate_title","src_onet_30_1","0.75"
"occ_41_3011_00","Marketing Coordinator","alternate_title","src_onet_30_1","0.75"
"occ_41_3011_00","Marketing Representative","alternate_title","src_onet_30_1","0.75"
"occ_41_3011_00","media sales representative","manual_seed","src_onet_30_1","0.85"
"occ_41_3011_00","Outdoor Advertising Leasing Agent","alternate_title","src_onet_30_1","0.75"
"occ_41_3011_00","Outside Sales Representative","alternate_title","src_onet_30_1","0.75"
"occ_41_3011_00","Radio and Television Time Sales Representative","alternate_title","src_onet_30_1","0.75"
"occ_41_3011_00","Radio Time Salesperson","alternate_title","src_onet_30_1","0.75"
"occ_41_3011_00","Sales Consultant","alternate_title","src_onet_30_1","0.75"
"occ_41_3011_00","Sales Coordinator","alternate_title","src_onet_30_1","0.75"
"occ_41_3011_00","Sales Promotion Representative","alternate_title","src_onet_30_1","0.75"
"occ_41_3011_00","Sales Representative","alternate_title","src_onet_30_1","0.75"
"occ_41_3011_00","Sales Specialist","alternate_title","src_onet_30_1","0.75"
"occ_41_3011_00","Signs and Displays Sales Representative","alternate_title","src_onet_30_1","0.75"
"occ_41_3011_00","Signs and Displays Salesperson","alternate_title","src_onet_30_1","0.75"
"occ_41_3011_00","Signs Sales Representative","alternate_title","src_onet_30_1","0.75"
"occ_41_3011_00","Site Leasing Agent","alternate_title","src_onet_30_1","0.75"
"occ_41_3011_00","Site Promotion Agent","alternate_title","src_onet_30_1","0.75"
"occ_41_3011_00","Solicitor","alternate_title","src_onet_30_1","0.75"
"occ_41_3011_00","Space Buyer","alternate_title","src_onet_30_1","0.75"
"occ_41_3011_00","Time Broker","alternate_title","src_onet_30_1","0.75"
"occ_41_3011_00","Time Buyer","alternate_title","src_onet_30_1","0.75"
"occ_41_3011_00","Yellow Pages Space Salesperson","alternate_title","src_onet_30_1","0.75"
"occ_41_3021_00","Account Representative","alternate_title","src_onet_30_1","0.75"
"occ_41_3021_00","Account Specialist","alternate_title","src_onet_30_1","0.75"
"occ_41_3021_00","Auto Insurance Agent (Automotive Insurance Agent)","alternate_title","src_onet_30_1","0.75"
"occ_41_3021_00","Bilingual Insurance Sales Agent","alternate_title","src_onet_30_1","0.75"
"occ_41_3021_00","Bond Writer","alternate_title","src_onet_30_1","0.75"
"occ_41_3021_00","Burial Agent","alternate_title","src_onet_30_1","0.75"
"occ_41_3021_00","Commercial Lines Account Manager","alternate_title","src_onet_30_1","0.75"
"occ_41_3021_00","Compensation Agent","alternate_title","src_onet_30_1","0.75"
"occ_41_3021_00","Customer Relations Rep (Customer Relations Representative)","alternate_title","src_onet_30_1","0.75"
"occ_41_3021_00","Cyber Insurance Policy Specialist","alternate_title","src_onet_30_1","0.75"
"occ_41_3021_00","Debit Agent","alternate_title","src_onet_30_1","0.75"
"occ_41_3021_00","District Agent","alternate_title","src_onet_30_1","0.75"
"occ_41_3021_00","Enrollment Specialist","alternate_title","src_onet_30_1","0.75"
"occ_41_3021_00","Estate Planner","alternate_title","src_onet_30_1","0.75"
"occ_41_3021_00","Field Marketing Representative","alternate_title","src_onet_30_1","0.75"
"occ_41_3021_00","Field Representative","alternate_title","src_onet_30_1","0.75"
"occ_41_3021_00","Field Service Representative","alternate_title","src_onet_30_1","0.75"
"occ_41_3021_00","Group Insurance Special Agent","alternate_title","src_onet_30_1","0.75"
"occ_41_3021_00","Group Insurance Specialist","alternate_title","src_onet_30_1","0.75"
"occ_41_3021_00","Health Insurance Agent","alternate_title","src_onet_30_1","0.75"
"occ_41_3021_00","Health Insurance Sales Agent","alternate_title","src_onet_30_1","0.75"
"occ_41_3021_00","Health Insurance Specialist","alternate_title","src_onet_30_1","0.75"
"occ_41_3021_00","Inside Sales Representative","alternate_title","src_onet_30_1","0.75"
"occ_41_3021_00","Insurance Agent","alternate_title","src_onet_30_1","0.75"
"occ_41_3021_00","Insurance Agent Team Member","alternate_title","src_onet_30_1","0.75"
"occ_41_3021_00","Insurance Broker","alternate_title","src_onet_30_1","0.75"
"occ_41_3021_00","Insurance Producer","alternate_title","src_onet_30_1","0.75"
"occ_41_3021_00","Insurance Representative","alternate_title","src_onet_30_1","0.75"
"occ_41_3021_00","Insurance Sales Agent","alternate_title","src_onet_30_1","0.75"
"occ_41_3021_00","Insurance Sales Representative (Insurance Sales Rep)","alternate_title","src_onet_30_1","0.75"
"occ_41_3021_00","Insurance Salesman","alternate_title","src_onet_30_1","0.75"
"occ_41_3021_00","Insurance Salesperson","alternate_title","src_onet_30_1","0.75"
"occ_41_3021_00","Insurance Solicitor","alternate_title","src_onet_30_1","0.75"
"occ_41_3021_00","Insurance Special Agent","alternate_title","src_onet_30_1","0.75"
"occ_41_3021_00","Insurance Specialist","alternate_title","src_onet_30_1","0.75"
"occ_41_3021_00","Insurance Verification Specialist","alternate_title","src_onet_30_1","0.75"
"occ_41_3021_00","Licensed Health Insurance Agent","alternate_title","src_onet_30_1","0.75"
"occ_41_3021_00","Licensed Health Insurance Sales Agent","alternate_title","src_onet_30_1","0.75"
"occ_41_3021_00","Licensed Insurance Agent","alternate_title","src_onet_30_1","0.75"
"occ_41_3021_00","Licensed Life Insurance Agent","alternate_title","src_onet_30_1","0.75"
"occ_41_3021_00","Licensed Medicare Insurance Agent","alternate_title","src_onet_30_1","0.75"
"occ_41_3021_00","Life Insurance Agent","alternate_title","src_onet_30_1","0.75"
"occ_41_3021_00","Life Insurance Producer","alternate_title","src_onet_30_1","0.75"
"occ_41_3021_00","Life Insurance Sales Agent","alternate_title","src_onet_30_1","0.75"
"occ_41_3021_00","Life Insurance Sales Representative (Life Insurance Sales Rep)","alternate_title","src_onet_30_1","0.75"
"occ_41_3021_00","Life Insurance Salesperson","alternate_title","src_onet_30_1","0.75"
"occ_41_3021_00","Network Contractor","alternate_title","src_onet_30_1","0.75"
"occ_41_3021_00","Outside Sales Representative","alternate_title","src_onet_30_1","0.75"
"occ_41_3021_00","Pension Agent","alternate_title","src_onet_30_1","0.75"
"occ_41_3021_00","policy sales representative","manual_seed","src_onet_30_1","0.85"
"occ_41_3021_00","Sales Agent","alternate_title","src_onet_30_1","0.75"
"occ_41_3021_00","Sales Associate","alternate_title","src_onet_30_1","0.75"
"occ_41_3021_00","Sales Representative","alternate_title","src_onet_30_1","0.75"
"occ_41_3021_00","Sales Special Agent","alternate_title","src_onet_30_1","0.75"
"occ_41_3021_00","Sales Specialist","alternate_title","src_onet_30_1","0.75"
"occ_41_3021_00","Solicitor","alternate_title","src_onet_30_1","0.75"
"occ_41_3021_00","Underwriting Sales Representative","alternate_title","src_onet_30_1","0.75"
"occ_41_3031_00","Account Administrator","alternate_title","src_onet_30_1","0.75"
"occ_41_3031_00","Account Manager","alternate_title","src_onet_30_1","0.75"
"occ_41_3031_00","Account Specialist","alternate_title","src_onet_30_1","0.75"
"occ_41_3031_00","Bank and Savings Securities Trader","alternate_title","src_onet_30_1","0.75"
"occ_41_3031_00","Banker","alternate_title","src_onet_30_1","0.75"
"occ_41_3031_00","Banker Associate","alternate_title","src_onet_30_1","0.75"
"occ_41_3031_00","Block Trader","alternate_title","src_onet_30_1","0.75"
"occ_41_3031_00","Bond Broker","alternate_title","src_onet_30_1","0.75"
"occ_41_3031_00","Bond Trader","alternate_title","src_onet_30_1","0.75"
"occ_41_3031_00","Branch Banker","alternate_title","src_onet_30_1","0.75"
"occ_41_3031_00","Branch Relationship Banker","alternate_title","src_onet_30_1","0.75"
"occ_41_3031_00","Branch Sales Representative","alternate_title","src_onet_30_1","0.75"
"occ_41_3031_00","Branch Service Representative","alternate_title","src_onet_30_1","0.75"
"occ_41_3031_00","broker","manual_seed","src_onet_30_1","0.85"
"occ_41_3031_00","Business Banker","alternate_title","src_onet_30_1","0.75"
"occ_41_3031_00","Business Banking Relationship Manager","alternate_title","src_onet_30_1","0.75"
"occ_41_3031_00","Buyer","alternate_title","src_onet_30_1","0.75"
"occ_41_3031_00","Chartered Financial Analyst (CFA)","alternate_title","src_onet_30_1","0.75"
"occ_41_3031_00","Client Administrator","alternate_title","src_onet_30_1","0.75"
"occ_41_3031_00","Client Service Associate","alternate_title","src_onet_30_1","0.75"
"occ_41_3031_00","Commodities Broker","alternate_title","src_onet_30_1","0.75"
"occ_41_3031_00","Commodities Trader","alternate_title","src_onet_30_1","0.75"
"occ_41_3031_00","Customer Agent","alternate_title","src_onet_30_1","0.75"
"occ_41_3031_00","Day Trader","alternate_title","src_onet_30_1","0.75"
"occ_41_3031_00","Dealer","alternate_title","src_onet_30_1","0.75"
"occ_41_3031_00","Energy Trader","alternate_title","src_onet_30_1","0.75"
"occ_41_3031_00","Equities Trader","alternate_title","src_onet_30_1","0.75"
"occ_41_3031_00","Equity Trader","alternate_title","src_onet_30_1","0.75"
"occ_41_3031_00","Field Marketing Representative","alternate_title","src_onet_30_1","0.75"
"occ_41_3031_00","Finance Specialist","alternate_title","src_onet_30_1","0.75"
"occ_41_3031_00","Financial Advisor","alternate_title","src_onet_30_1","0.75"
"occ_41_3031_00","Financial Consultant","alternate_title","src_onet_30_1","0.75"
"occ_41_3031_00","Financial Report Service Sales Agent","alternate_title","src_onet_30_1","0.75"
"occ_41_3031_00","Financial Representative","alternate_title","src_onet_30_1","0.75"
"occ_41_3031_00","Financial Sales Advisor","alternate_title","src_onet_30_1","0.75"
"occ_41_3031_00","Financial Services Agent","alternate_title","src_onet_30_1","0.75"
"occ_41_3031_00","Financial Services Associate","alternate_title","src_onet_30_1","0.75"
"occ_41_3031_00","Financial Services Representative","alternate_title","src_onet_30_1","0.75"
"occ_41_3031_00","Financial Services Sales Agent","short_title","src_onet_30_1","0.95"
"occ_41_3031_00","Financial Services Sales Representative","alternate_title","src_onet_30_1","0.75"
"occ_41_3031_00","Financial Specialist","alternate_title","src_onet_30_1","0.75"
"occ_41_3031_00","Fiscal Specialist","alternate_title","src_onet_30_1","0.75"
"occ_41_3031_00","Floor Broker","alternate_title","src_onet_30_1","0.75"
"occ_41_3031_00","Floor Trader","alternate_title","src_onet_30_1","0.75"
"occ_41_3031_00","Flow Trader","alternate_title","src_onet_30_1","0.75"
"occ_41_3031_00","Foreign Exchange Trader (Forex Trader)","alternate_title","src_onet_30_1","0.75"
"occ_41_3031_00","Futures Trader","alternate_title","src_onet_30_1","0.75"
"occ_41_3031_00","Grain Broker","alternate_title","src_onet_30_1","0.75"
"occ_41_3031_00","Hedge Fund Trader","alternate_title","src_onet_30_1","0.75"
"occ_41_3031_00","Hybrid Derivatives Trader","alternate_title","src_onet_30_1","0.75"
"occ_41_3031_00","Inside Sales Representative","alternate_title","src_onet_30_1","0.75"
"occ_41_3031_00","Insurance and Financial Services Agent","alternate_title","src_onet_30_1","0.75"
"occ_41_3031_00","Investment Banker","alternate_title","src_onet_30_1","0.75"
"occ_41_3031_00","Investment Consultant","alternate_title","src_onet_30_1","0.75"
"occ_41_3031_00","Investment Officer","alternate_title","src_onet_30_1","0.75"
"occ_41_3031_00","Investment Representative","alternate_title","src_onet_30_1","0.75"
"occ_41_3031_00","Investments Advisor","alternate_title","src_onet_30_1","0.75"
"occ_41_3031_00","Investments Manager","alternate_title","src_onet_30_1","0.75"
"occ_41_3031_00","Investments Specialist","alternate_title","src_onet_30_1","0.75"
"occ_41_3031_00","Loan Broker","alternate_title","src_onet_30_1","0.75"
"occ_41_3031_00","Market Maker","alternate_title","src_onet_30_1","0.75"
"occ_41_3031_00","Market Operator","alternate_title","src_onet_30_1","0.75"
"occ_41_3031_00","Money Manager","alternate_title","src_onet_30_1","0.75"
"occ_41_3031_00","Municipal Bonds Trader","alternate_title","src_onet_30_1","0.75"
"occ_41_3031_00","Mutual Funds Agent","alternate_title","src_onet_30_1","0.75"
"occ_41_3031_00","Mutual Funds Sales Agent","alternate_title","src_onet_30_1","0.75"
"occ_41_3031_00","Online Trader","alternate_title","src_onet_30_1","0.75"
"occ_41_3031_00","Options Trader","alternate_title","src_onet_30_1","0.75"
"occ_41_3031_00","Outside Sales Representative","alternate_title","src_onet_30_1","0.75"
"occ_41_3031_00","Personal Banker","alternate_title","src_onet_30_1","0.75"
"occ_41_3031_00","Personal Banker Associate","alternate_title","src_onet_30_1","0.75"
"occ_41_3031_00","Premier Banker","alternate_title","src_onet_30_1","0.75"
"occ_41_3031_00","Private Banker","alternate_title","src_onet_30_1","0.75"
"occ_41_3031_00","Private Client Banker","alternate_title","src_onet_30_1","0.75"
"occ_41_3031_00","Proprietary Trader","alternate_title","src_onet_30_1","0.75"
"occ_41_3031_00","Quantitative Trader","alternate_title","src_onet_30_1","0.75"
"occ_41_3031_00","Real-Time Energy Trader","alternate_title","src_onet_30_1","0.75"
"occ_41_3031_00","Real-Time Trader","alternate_title","src_onet_30_1","0.75"
"occ_41_3031_00","Registered Representative","alternate_title","src_onet_30_1","0.75"
"occ_41_3031_00","Relationship Banker","alternate_title","src_onet_30_1","0.75"
"occ_41_3031_00","Retail Personal Banker","alternate_title","src_onet_30_1","0.75"
"occ_41_3031_00","Sales Advisor","alternate_title","src_onet_30_1","0.75"
"occ_41_3031_00","Sales Associate","alternate_title","src_onet_30_1","0.75"
"occ_41_3031_00","Sales Consultant","alternate_title","src_onet_30_1","0.75"
"occ_41_3031_00","Sales Professional","alternate_title","src_onet_30_1","0.75"
"occ_41_3031_00","Sales Representative","alternate_title","src_onet_30_1","0.75"
"occ_41_3031_00","Securities Adviser","alternate_title","src_onet_30_1","0.75"
"occ_41_3031_00","Securities Lending Trader","alternate_title","src_onet_30_1","0.75"
"occ_41_3031_00","securities sales representative","manual_seed","src_onet_30_1","0.85"
"occ_41_3031_00","Securities Trader","alternate_title","src_onet_30_1","0.75"
"occ_41_3031_00","Select Banker","alternate_title","src_onet_30_1","0.75"
"occ_41_3031_00","Services Investment Specialist","alternate_title","src_onet_30_1","0.75"
"occ_41_3031_00","Speculator","alternate_title","src_onet_30_1","0.75"
"occ_41_3031_00","Stock Associate","alternate_title","src_onet_30_1","0.75"
"occ_41_3031_00","Stock Broker","alternate_title","src_onet_30_1","0.75"
"occ_41_3031_00","Stock Speculator","alternate_title","src_onet_30_1","0.75"
"occ_41_3031_00","Stock Trader","alternate_title","src_onet_30_1","0.75"
"occ_41_3031_00","Trader","alternate_title","src_onet_30_1","0.75"
"occ_41_3031_00","Trading Specialist","alternate_title","src_onet_30_1","0.75"
"occ_41_3031_00","Trust Officer","alternate_title","src_onet_30_1","0.75"
"occ_41_3031_00","Wholesale Account Executive","alternate_title","src_onet_30_1","0.75"
"occ_41_3091_00","Account Executive","alternate_title","src_onet_30_1","0.75"
"occ_41_3091_00","Accounts Manager","alternate_title","src_onet_30_1","0.75"
"occ_41_3091_00","Accounts Representative","alternate_title","src_onet_30_1","0.75"
"occ_41_3091_00","Automobile Club Membership Sales Agent","alternate_title","src_onet_30_1","0.75"
"occ_41_3091_00","Automotive Sales Consultant (Auto Sales Consultant)","alternate_title","src_onet_30_1","0.75"
"occ_41_3091_00","business development representative","manual_seed","src_onet_30_1","0.85"
"occ_41_3091_00","Business Services Sales Representative","alternate_title","src_onet_30_1","0.75"
"occ_41_3091_00","Business-to-Business Sales Representative","alternate_title","src_onet_30_1","0.75"
"occ_41_3091_00","Client Relationship Consultant","alternate_title","src_onet_30_1","0.75"
"occ_41_3091_00","Customer Service Representative (Customer Service Rep)","alternate_title","src_onet_30_1","0.75"
"occ_41_3091_00","Customer Service Sales Representative (Customer Service Sales Rep)","alternate_title","src_onet_30_1","0.75"
"occ_41_3091_00","Field Sales Consultant","alternate_title","src_onet_30_1","0.75"
"occ_41_3091_00","Field Sales Representative","alternate_title","src_onet_30_1","0.75"
"occ_41_3091_00","Independent Sales Representative","alternate_title","src_onet_30_1","0.75"
"occ_41_3091_00","Inside Sales and Customer Service Representative (Inside Sales and Customer Service Rep)","alternate_title","src_onet_30_1","0.75"
"occ_41_3091_00","Inside Sales Representative","alternate_title","src_onet_30_1","0.75"
"occ_41_3091_00","Marketing Representative","alternate_title","src_onet_30_1","0.75"
"occ_41_3091_00","Member Service Representative (Member Service Rep)","alternate_title","src_onet_30_1","0.75"
"occ_41_3091_00","Member Services Representative (Member Services Rep)","alternate_title","src_onet_30_1","0.75"
"occ_41_3091_00","Membership Representative (Membership Rep)","alternate_title","src_onet_30_1","0.75"
"occ_41_3091_00","Membership Solicitor","alternate_title","src_onet_30_1","0.75"
"occ_41_3091_00","Outside Sales Representative","alternate_title","src_onet_30_1","0.75"
"occ_41_3091_00","Pest Control Service Sales Agent","alternate_title","src_onet_30_1","0.75"
"occ_41_3091_00","Product Specialist","alternate_title","src_onet_30_1","0.75"
"occ_41_3091_00","Route Sales Representative (Route Sales Rep)","alternate_title","src_onet_30_1","0.75"
"occ_41_3091_00","Sales Advisor","alternate_title","src_onet_30_1","0.75"
"occ_41_3091_00","Sales Agent","alternate_title","src_onet_30_1","0.75"
"occ_41_3091_00","Sales Associate","alternate_title","src_onet_30_1","0.75"
"occ_41_3091_00","Sales Consultant","alternate_title","src_onet_30_1","0.75"
"occ_41_3091_00","Sales Coordinator","alternate_title","src_onet_30_1","0.75"
"occ_41_3091_00","Sales Development Representative","alternate_title","src_onet_30_1","0.75"
"occ_41_3091_00","Sales Representative","short_title","src_onet_30_1","0.95"
"occ_41_3091_00","Sales Representative (Sales Rep)","alternate_title","src_onet_30_1","0.75"
"occ_41_3091_00","Sales Specialist","alternate_title","src_onet_30_1","0.75"
"occ_41_3091_00","Salesman","alternate_title","src_onet_30_1","0.75"
"occ_41_3091_00","Technical Sales Representative","alternate_title","src_onet_30_1","0.75"
"occ_41_3091_00","Wireless Sales Specialist","alternate_title","src_onet_30_1","0.75"
"occ_41_4011_00","Abrasives Sales Representative","alternate_title","src_onet_30_1","0.75"
"occ_41_4011_00","Agricultural Sales Representative","alternate_title","src_onet_30_1","0.75"
"occ_41_4011_00","Aircraft Equipment and Parts Sales Representative","alternate_title","src_onet_30_1","0.75"
"occ_41_4011_00","Aircraft Sales Representative","alternate_title","src_onet_30_1","0.75"
"occ_41_4011_00","Animal Feed Products Sales Representative","alternate_title","src_onet_30_1","0.75"
"occ_41_4011_00","Authorized Retailer","alternate_title","src_onet_30_1","0.75"
"occ_41_4011_00","Auto Sales Consultant (Automotive Sales Consultant)","alternate_title","src_onet_30_1","0.75"
"occ_41_4011_00","Building Equipment and Supplies Sales Representative","alternate_title","src_onet_30_1","0.75"
"occ_41_4011_00","Chemical and Pharmaceutical Sales Representative","alternate_title","src_onet_30_1","0.75"
"occ_41_4011_00","Chemical Sales Representative","alternate_title","src_onet_30_1","0.75"
"occ_41_4011_00","Chemicals and Drugs Sales Representative","alternate_title","src_onet_30_1","0.75"
"occ_41_4011_00","Commercial Solar Sales Consultant","alternate_title","src_onet_30_1","0.75"
"occ_41_4011_00","Communication Equipment Sales Representative","alternate_title","src_onet_30_1","0.75"
"occ_41_4011_00","Computer Sales Representative","alternate_title","src_onet_30_1","0.75"
"occ_41_4011_00","Construction Machinery Sales Representative","alternate_title","src_onet_30_1","0.75"
"occ_41_4011_00","Dairy Supplies Sales Representative","alternate_title","src_onet_30_1","0.75"
"occ_41_4011_00","Dental and Medical Equipment and Supplies Sales Representative","alternate_title","src_onet_30_1","0.75"
"occ_41_4011_00","Dental Detail Representative","alternate_title","src_onet_30_1","0.75"
"occ_41_4011_00","EDP Systems Sales Representative (Electronic Data Processing Systems Sales Representative)","alternate_title","src_onet_30_1","0.75"
"occ_41_4011_00","Electrical Sales Representative","alternate_title","src_onet_30_1","0.75"
"occ_41_4011_00","Electronic Sales Representative","alternate_title","src_onet_30_1","0.75"
"occ_41_4011_00","Electronics Parts Sales Representative","alternate_title","src_onet_30_1","0.75"
"occ_41_4011_00","Electroplating Sales Representative","alternate_title","src_onet_30_1","0.75"
"occ_41_4011_00","Elevators, Escalators, and Dumbwaiters Sales Representative","alternate_title","src_onet_30_1","0.75"
"occ_41_4011_00","Enterprise Salesperson","alternate_title","src_onet_30_1","0.75"
"occ_41_4011_00","Farm and Garden Equipment and Supplies Sales Representative","alternate_title","src_onet_30_1","0.75"
"occ_41_4011_00","Field Marketing Representative","alternate_title","src_onet_30_1","0.75"
"occ_41_4011_00","Field Sales Representative (Field Sales Rep)","alternate_title","src_onet_30_1","0.75"
"occ_41_4011_00","Field Service Representative","alternate_title","src_onet_30_1","0.75"
"occ_41_4011_00","Foundry and Machine Shop Products Sales Representative","alternate_title","src_onet_30_1","0.75"
"occ_41_4011_00","Green Building Materials Distributor","alternate_title","src_onet_30_1","0.75"
"occ_41_4011_00","Healthcare Sales Representative","alternate_title","src_onet_30_1","0.75"
"occ_41_4011_00","Industrial Machinery Sales Representative","alternate_title","src_onet_30_1","0.75"
"occ_41_4011_00","Inside Sales Representative","alternate_title","src_onet_30_1","0.75"
"occ_41_4011_00","Instruments Sales Representative","alternate_title","src_onet_30_1","0.75"
"occ_41_4011_00","Lubricating Equipment Sales Representative","alternate_title","src_onet_30_1","0.75"
"occ_41_4011_00","Marketing Representative","alternate_title","src_onet_30_1","0.75"
"occ_41_4011_00","Material Handling Equipment Sales Representative","alternate_title","src_onet_30_1","0.75"
"occ_41_4011_00","Mechanical Equipment Sales Representative","alternate_title","src_onet_30_1","0.75"
"occ_41_4011_00","Medical Detail Representative","alternate_title","src_onet_30_1","0.75"
"occ_41_4011_00","Medical Device Sales Representative (Medical Device Sales Rep)","alternate_title","src_onet_30_1","0.75"
"occ_41_4011_00","Medical Field Representative","alternate_title","src_onet_30_1","0.75"
"occ_41_4011_00","Medical Sales Representative","alternate_title","src_onet_30_1","0.75"
"occ_41_4011_00","Medical Service Representative","alternate_title","src_onet_30_1","0.75"
"occ_41_4011_00","Metals Sales Representative","alternate_title","src_onet_30_1","0.75"
"occ_41_4011_00","Milking Machines Sales Service Representative","alternate_title","src_onet_30_1","0.75"
"occ_41_4011_00","Oil Field Supplies and Equipment Sales Representative","alternate_title","src_onet_30_1","0.75"
"occ_41_4011_00","Outside Sales Consultant","alternate_title","src_onet_30_1","0.75"
"occ_41_4011_00","Outside Sales Executive","alternate_title","src_onet_30_1","0.75"
"occ_41_4011_00","Outside Sales Representative","alternate_title","src_onet_30_1","0.75"
"occ_41_4011_00","Pharmaceutical Detailer","alternate_title","src_onet_30_1","0.75"
"occ_41_4011_00","Pharmaceutical Representative","alternate_title","src_onet_30_1","0.75"
"occ_41_4011_00","Pharmaceutical Sales Representative","alternate_title","src_onet_30_1","0.75"
"occ_41_4011_00","Pharmaceutical Sales Specialist","alternate_title","src_onet_30_1","0.75"
"occ_41_4011_00","Pharmaceutical Salesperson","alternate_title","src_onet_30_1","0.75"
"occ_41_4011_00","Pharmaceutical Service Representative","alternate_title","src_onet_30_1","0.75"
"occ_41_4011_00","Pharmacy Sales Representative","alternate_title","src_onet_30_1","0.75"
"occ_41_4011_00","Poultry Equipment and Supplies Sales Representative","alternate_title","src_onet_30_1","0.75"
"occ_41_4011_00","Precision Instruments Sales Representative","alternate_title","src_onet_30_1","0.75"
"occ_41_4011_00","Primary Care Pharmaceutical Sales Representative (Primary Care Pharma Sales Rep)","alternate_title","src_onet_30_1","0.75"
"occ_41_4011_00","Radiographic Inspection Equipment and Services Sales Representative","alternate_title","src_onet_30_1","0.75"
"occ_41_4011_00","Railroad Equipment and Supplies Sales Representative","alternate_title","src_onet_30_1","0.75"
"occ_41_4011_00","Recyclable Materials Distributor","alternate_title","src_onet_30_1","0.75"
"occ_41_4011_00","Retail Merchandiser","alternate_title","src_onet_30_1","0.75"
"occ_41_4011_00","Route Sales Representative (Route Sales Rep)","alternate_title","src_onet_30_1","0.75"
"occ_41_4011_00","Sales Agronomist","alternate_title","src_onet_30_1","0.75"
"occ_41_4011_00","Sales Consultant","alternate_title","src_onet_30_1","0.75"
"occ_41_4011_00","Sales Engineer","alternate_title","src_onet_30_1","0.75"
"occ_41_4011_00","Sales Representative","alternate_title","src_onet_30_1","0.75"
"occ_41_4011_00","Sales Specialist","alternate_title","src_onet_30_1","0.75"
"occ_41_4011_00","scientific sales representative","manual_seed","src_onet_30_1","0.85"
"occ_41_4011_00","Surgical Appliances Salesperson","alternate_title","src_onet_30_1","0.75"
"occ_41_4011_00","Surgical Instruments Sales Representative","alternate_title","src_onet_30_1","0.75"
"occ_41_4011_00","Sustainable Products Sales Representative","alternate_title","src_onet_30_1","0.75"
"occ_41_4011_00","technical account executive","manual_seed","src_onet_30_1","0.85"
"occ_41_4011_00","Technical Sales Representative","short_title","src_onet_30_1","0.95"
"occ_41_4011_00","Technical Sales Specialist","alternate_title","src_onet_30_1","0.75"
"occ_41_4011_00","Technical Service Representative","alternate_title","src_onet_30_1","0.75"
"occ_41_4011_00","Territory Sales Representative (Territory Sales Rep)","alternate_title","src_onet_30_1","0.75"
"occ_41_4011_00","Textile Machinery Sales Representative","alternate_title","src_onet_30_1","0.75"
"occ_41_4011_00","Ultrasonic Equipment Sales Representative","alternate_title","src_onet_30_1","0.75"
"occ_41_4011_00","Utility Sales Representative","alternate_title","src_onet_30_1","0.75"
"occ_41_4011_00","Veterinarian Supplies Sales Representative","alternate_title","src_onet_30_1","0.75"
"occ_41_4011_00","Water Treatment Chemicals Sales Representative","alternate_title","src_onet_30_1","0.75"
"occ_41_4011_00","Weighing and Force Measurement Instruments Sales Representative","alternate_title","src_onet_30_1","0.75"
"occ_41_4011_00","Welding Equipment Sales Representative","alternate_title","src_onet_30_1","0.75"
"occ_41_4011_00","Wholesale Ultrasonic Equipment Salesperson","alternate_title","src_onet_30_1","0.75"
"occ_41_4011_00","Wire Rope Sales Representative","alternate_title","src_onet_30_1","0.75"
"occ_41_4011_00","Wireless Sales Representative (Wireless Sales Rep)","alternate_title","src_onet_30_1","0.75"
"occ_43_1011_00","Accounting Administrator","alternate_title","src_onet_30_1","0.75"
"occ_43_1011_00","Accounting Clerks Supervisor","alternate_title","src_onet_30_1","0.75"
"occ_43_1011_00","Accounting Director","alternate_title","src_onet_30_1","0.75"
"occ_43_1011_00","Accounting Manager","alternate_title","src_onet_30_1","0.75"
"occ_43_1011_00","Accounting Supervisor","alternate_title","src_onet_30_1","0.75"
"occ_43_1011_00","Accounts Payable Manager","alternate_title","src_onet_30_1","0.75"
"occ_43_1011_00","Accounts Payable Supervisor","alternate_title","src_onet_30_1","0.75"
"occ_43_1011_00","Accounts Receivable Manager","alternate_title","src_onet_30_1","0.75"
"occ_43_1011_00","Accounts Receivable Supervisor","alternate_title","src_onet_30_1","0.75"
"occ_43_1011_00","Adjustment Supervisor","alternate_title","src_onet_30_1","0.75"
"occ_43_1011_00","Administrative Coordinator","alternate_title","src_onet_30_1","0.75"
"occ_43_1011_00","Administrative Officer","alternate_title","src_onet_30_1","0.75"
"occ_43_1011_00","Administrative Supervisor","alternate_title","src_onet_30_1","0.75"
"occ_43_1011_00","administrative support manager","manual_seed","src_onet_30_1","0.85"
"occ_43_1011_00","Admissions Supervisor","alternate_title","src_onet_30_1","0.75"
"occ_43_1011_00","Admitting Officer","alternate_title","src_onet_30_1","0.75"
"occ_43_1011_00","Advertising Dispatch Clerks Supervisor","alternate_title","src_onet_30_1","0.75"
"occ_43_1011_00","Agency Appointments Supervisor","alternate_title","src_onet_30_1","0.75"
"occ_43_1011_00","Airline Ticket Sales and Reservations Supervisor","alternate_title","src_onet_30_1","0.75"
"occ_43_1011_00","Animal Hospital Office Supervisor","alternate_title","src_onet_30_1","0.75"
"occ_43_1011_00","Assembly Stock Supervisor","alternate_title","src_onet_30_1","0.75"
"occ_43_1011_00","Audit Clerks Supervisor","alternate_title","src_onet_30_1","0.75"
"occ_43_1011_00","Auto Club Safety Program Coordinator","alternate_title","src_onet_30_1","0.75"
"occ_43_1011_00","Automobile Club Safety Program Coordinator","alternate_title","src_onet_30_1","0.75"
"occ_43_1011_00","Automotive Service Advisor","alternate_title","src_onet_30_1","0.75"
"occ_43_1011_00","Baggage Agent Supervisor","alternate_title","src_onet_30_1","0.75"
"occ_43_1011_00","Banking Supervisor","alternate_title","src_onet_30_1","0.75"
"occ_43_1011_00","Billing Administrator","alternate_title","src_onet_30_1","0.75"
"occ_43_1011_00","Billing Department Supervisor","alternate_title","src_onet_30_1","0.75"
"occ_43_1011_00","Billing Supervisor","alternate_title","src_onet_30_1","0.75"
"occ_43_1011_00","Booking Supervisor","alternate_title","src_onet_30_1","0.75"
"occ_43_1011_00","Bookkeepers Supervisor","alternate_title","src_onet_30_1","0.75"
"occ_43_1011_00","Bookkeeping Clerks Supervisor","alternate_title","src_onet_30_1","0.75"
"occ_43_1011_00","Boxing and Pressing Supervisor","alternate_title","src_onet_30_1","0.75"
"occ_43_1011_00","Branch Office Administrator (Branch Office Admin)","alternate_title","src_onet_30_1","0.75"
"occ_43_1011_00","Business Manager","alternate_title","src_onet_30_1","0.75"
"occ_43_1011_00","Business Office Manager","alternate_title","src_onet_30_1","0.75"
"occ_43_1011_00","Call Center Director","alternate_title","src_onet_30_1","0.75"
"occ_43_1011_00","Call Center Manager","alternate_title","src_onet_30_1","0.75"
"occ_43_1011_00","Call Center Supervisor","alternate_title","src_onet_30_1","0.75"
"occ_43_1011_00","Cargo Supervisor","alternate_title","src_onet_30_1","0.75"
"occ_43_1011_00","Cashiers Supervisor","alternate_title","src_onet_30_1","0.75"
"occ_43_1011_00","Central Office Operator Supervisor","alternate_title","src_onet_30_1","0.75"
"occ_43_1011_00","Central Office Telephone Operators Supervisor","alternate_title","src_onet_30_1","0.75"
"occ_43_1011_00","Central Supply Manager","alternate_title","src_onet_30_1","0.75"
"occ_43_1011_00","Central Supply Supervisor","alternate_title","src_onet_30_1","0.75"
"occ_43_1011_00","Central Supply Technician Supervisor","alternate_title","src_onet_30_1","0.75"
"occ_43_1011_00","Claims Adjuster Supervisor","alternate_title","src_onet_30_1","0.75"
"occ_43_1011_00","Claims Supervisor","alternate_title","src_onet_30_1","0.75"
"occ_43_1011_00","Classified Advertising Supervisor","alternate_title","src_onet_30_1","0.75"
"occ_43_1011_00","Clerical Supervisor","alternate_title","src_onet_30_1","0.75"
"occ_43_1011_00","Clerk Supervisor","alternate_title","src_onet_30_1","0.75"
"occ_43_1011_00","Client Success Manager","alternate_title","src_onet_30_1","0.75"
"occ_43_1011_00","Coding Clerks Supervisor","alternate_title","src_onet_30_1","0.75"
"occ_43_1011_00","Coin Machine Collector Supervisor","alternate_title","src_onet_30_1","0.75"
"occ_43_1011_00","Collection Supervisor","alternate_title","src_onet_30_1","0.75"
"occ_43_1011_00","Collections Manager","alternate_title","src_onet_30_1","0.75"
"occ_43_1011_00","Communication Center Coordinator","alternate_title","src_onet_30_1","0.75"
"occ_43_1011_00","Complaint Evaluation Supervisor","alternate_title","src_onet_30_1","0.75"
"occ_43_1011_00","Computer Operations Supervisor","alternate_title","src_onet_30_1","0.75"
"occ_43_1011_00","Contact and Service Clerks Supervisor","alternate_title","src_onet_30_1","0.75"
"occ_43_1011_00","Correspondence Section Supervisor","alternate_title","src_onet_30_1","0.75"
"occ_43_1011_00","Cost and Sales Record Supervisor","alternate_title","src_onet_30_1","0.75"
"occ_43_1011_00","Cost Control Supervisor","alternate_title","src_onet_30_1","0.75"
"occ_43_1011_00","Credit and Loan Collections Supervisor","alternate_title","src_onet_30_1","0.75"
"occ_43_1011_00","Customer Care Manager","alternate_title","src_onet_30_1","0.75"
"occ_43_1011_00","Customer Complaint Service Supervisor","alternate_title","src_onet_30_1","0.75"
"occ_43_1011_00","Customer Experience Coordinator (CX Coordinator)","alternate_title","src_onet_30_1","0.75"
"occ_43_1011_00","Customer Experience Manager","alternate_title","src_onet_30_1","0.75"
"occ_43_1011_00","Customer Manager","alternate_title","src_onet_30_1","0.75"
"occ_43_1011_00","Customer Records Division Supervisor","alternate_title","src_onet_30_1","0.75"
"occ_43_1011_00","Customer Service Administrator","alternate_title","src_onet_30_1","0.75"
"occ_43_1011_00","Customer Service Director","alternate_title","src_onet_30_1","0.75"
"occ_43_1011_00","Customer Service Manager","alternate_title","src_onet_30_1","0.75"
"occ_43_1011_00","Customer Service Representative Supervisor","alternate_title","src_onet_30_1","0.75"
"occ_43_1011_00","Customer Service Supervisor","alternate_title","src_onet_30_1","0.75"
"occ_43_1011_00","Customer Services Supervisor","alternate_title","src_onet_30_1","0.75"
"occ_43_1011_00","Customer Success Manager","alternate_title","src_onet_30_1","0.75"
"occ_43_1011_00","Data Control Clerk Supervisor","alternate_title","src_onet_30_1","0.75"
"occ_43_1011_00","Data Entry Supervisor","alternate_title","src_onet_30_1","0.75"
"occ_43_1011_00","Data Processing Supervisor","alternate_title","src_onet_30_1","0.75"
"occ_43_1011_00","Delivery Department Supervisor","alternate_title","src_onet_30_1","0.75"
"occ_43_1011_00","Dispatch Manager","alternate_title","src_onet_30_1","0.75"
"occ_43_1011_00","Documentation Supervisor","alternate_title","src_onet_30_1","0.75"
"occ_43_1011_00","Facilities Manager","alternate_title","src_onet_30_1","0.75"
"occ_43_1011_00","Field Service Manager","alternate_title","src_onet_30_1","0.75"
"occ_43_1011_00","Files Supervisor","alternate_title","src_onet_30_1","0.75"
"occ_43_1011_00","Film Vault Supervisor","alternate_title","src_onet_30_1","0.75"
"occ_43_1011_00","Financial Aid Director","alternate_title","src_onet_30_1","0.75"
"occ_43_1011_00","Flight Reservations Manager","alternate_title","src_onet_30_1","0.75"
"occ_43_1011_00","Floor Space Allocator","alternate_title","src_onet_30_1","0.75"
"occ_43_1011_00","Food Checkers and Cashiers Supervisor","alternate_title","src_onet_30_1","0.75"
"occ_43_1011_00","Force Adjustment Supervisor","alternate_title","src_onet_30_1","0.75"
"occ_43_1011_00","Front End Manager","alternate_title","src_onet_30_1","0.75"
"occ_43_1011_00","Front End Supervisor","alternate_title","src_onet_30_1","0.75"
"occ_43_1011_00","Front Office Manager","alternate_title","src_onet_30_1","0.75"
"occ_43_1011_00","Front Office Supervisor","alternate_title","src_onet_30_1","0.75"
"occ_43_1011_00","Gate Services Supervisor","alternate_title","src_onet_30_1","0.75"
"occ_43_1011_00","Home Energy Consultant Supervisor","alternate_title","src_onet_30_1","0.75"
"occ_43_1011_00","Hospital Admissions Officer","alternate_title","src_onet_30_1","0.75"
"occ_43_1011_00","Inventory Administrator","alternate_title","src_onet_30_1","0.75"
"occ_43_1011_00","Inventory Control Manager","alternate_title","src_onet_30_1","0.75"
"occ_43_1011_00","Inventory Control Supervisor","alternate_title","src_onet_30_1","0.75"
"occ_43_1011_00","Inventory Specialist Manager","alternate_title","src_onet_30_1","0.75"
"occ_43_1011_00","Keypunch Operators Supervisor","alternate_title","src_onet_30_1","0.75"
"occ_43_1011_00","Lending Activities Supervisor","alternate_title","src_onet_30_1","0.75"
"occ_43_1011_00","Machine Records Units Supervisor","alternate_title","src_onet_30_1","0.75"
"occ_43_1011_00","Magazine Supervisor","alternate_title","src_onet_30_1","0.75"
"occ_43_1011_00","Mail Carriers Supervisor","alternate_title","src_onet_30_1","0.75"
"occ_43_1011_00","Mail Clerks Supervisor","alternate_title","src_onet_30_1","0.75"
"occ_43_1011_00","Mail Sorting Supervisor","alternate_title","src_onet_30_1","0.75"
"occ_43_1011_00","Mail Supervisor","alternate_title","src_onet_30_1","0.75"
"occ_43_1011_00","Mailing Manager","alternate_title","src_onet_30_1","0.75"
"occ_43_1011_00","Mailroom Supervisor","alternate_title","src_onet_30_1","0.75"
"occ_43_1011_00","Marking Room Supervisor","alternate_title","src_onet_30_1","0.75"
"occ_43_1011_00","Medical Billing Manager","alternate_title","src_onet_30_1","0.75"
"occ_43_1011_00","Medical Billing Supervisor","alternate_title","src_onet_30_1","0.75"
"occ_43_1011_00","Meter Readers Supervisor","alternate_title","src_onet_30_1","0.75"
"occ_43_1011_00","Money Room Supervisor","alternate_title","src_onet_30_1","0.75"
"occ_43_1011_00","Office Administrator (Office Admin)","alternate_title","src_onet_30_1","0.75"
"occ_43_1011_00","Office Coordinator","alternate_title","src_onet_30_1","0.75"
"occ_43_1011_00","Office Manager","alternate_title","src_onet_30_1","0.75"
"occ_43_1011_00","Office Services Supervisor","alternate_title","src_onet_30_1","0.75"
"occ_43_1011_00","Office Supervisor","alternate_title","src_onet_30_1","0.75"
"occ_43_1011_00","Office Support Supervisor","short_title","src_onet_30_1","0.95"
"occ_43_1011_00","Operators School Manager","alternate_title","src_onet_30_1","0.75"
"occ_43_1011_00","Order Takers Supervisor","alternate_title","src_onet_30_1","0.75"
"occ_43_1011_00","Passenger Service Supervisor","alternate_title","src_onet_30_1","0.75"
"occ_43_1011_00","Pay Station Department Manager","alternate_title","src_onet_30_1","0.75"
"occ_43_1011_00","Payroll Administrator","alternate_title","src_onet_30_1","0.75"
"occ_43_1011_00","Payroll Manager","alternate_title","src_onet_30_1","0.75"
"occ_43_1011_00","Payroll Master","alternate_title","src_onet_30_1","0.75"
"occ_43_1011_00","Payroll Supervisor","alternate_title","src_onet_30_1","0.75"
"occ_43_1011_00","PBX Supervisor (Private Branch Exchange Supervisor)","alternate_title","src_onet_30_1","0.75"
"occ_43_1011_00","Personnel Clerks Supervisor","alternate_title","src_onet_30_1","0.75"
"occ_43_1011_00","Petroleum Inspector Supervisor","alternate_title","src_onet_30_1","0.75"
"occ_43_1011_00","Policy Change Clerks Supervisor","alternate_title","src_onet_30_1","0.75"
"occ_43_1011_00","Postal Supervisor","alternate_title","src_onet_30_1","0.75"
"occ_43_1011_00","Practice Manager","alternate_title","src_onet_30_1","0.75"
"occ_43_1011_00","Production Clerks Supervisor","alternate_title","src_onet_30_1","0.75"
"occ_43_1011_00","Production Control Supervisor","alternate_title","src_onet_30_1","0.75"
"occ_43_1011_00","Proof Machine Operator Supervisor","alternate_title","src_onet_30_1","0.75"
"occ_43_1011_00","Property Master","alternate_title","src_onet_30_1","0.75"
"occ_43_1011_00","Public Message Service Supervisor","alternate_title","src_onet_30_1","0.75"
"occ_43_1011_00","Purchasing and Claims Supervisor","alternate_title","src_onet_30_1","0.75"
"occ_43_1011_00","Rate Supervisor","alternate_title","src_onet_30_1","0.75"
"occ_43_1011_00","Real Estate Office Supervisor","alternate_title","src_onet_30_1","0.75"
"occ_43_1011_00","Records Supervisor","alternate_title","src_onet_30_1","0.75"
"occ_43_1011_00","Regulatory Administrator","alternate_title","src_onet_30_1","0.75"
"occ_43_1011_00","Route Supervisor","alternate_title","src_onet_30_1","0.75"
"occ_43_1011_00","Sack Department Supervisor","alternate_title","src_onet_30_1","0.75"
"occ_43_1011_00","Safety Deposit Supervisor","alternate_title","src_onet_30_1","0.75"
"occ_43_1011_00","Schedule Supervisor","alternate_title","src_onet_30_1","0.75"
"occ_43_1011_00","Script Supervisor","alternate_title","src_onet_30_1","0.75"
"occ_43_1011_00","Securities Vault Supervisor","alternate_title","src_onet_30_1","0.75"
"occ_43_1011_00","Services Manager","alternate_title","src_onet_30_1","0.75"
"occ_43_1011_00","Space Control Supervisor","alternate_title","src_onet_30_1","0.75"
"occ_43_1011_00","Staff Services Manager","alternate_title","src_onet_30_1","0.75"
"occ_43_1011_00","Statement Clerks Manager","alternate_title","src_onet_30_1","0.75"
"occ_43_1011_00","Statement Clerks Supervisor","alternate_title","src_onet_30_1","0.75"
"occ_43_1011_00","Steno Pool Supervisor","alternate_title","src_onet_30_1","0.75"
"occ_43_1011_00","Stock Control Supervisor","alternate_title","src_onet_30_1","0.75"
"occ_43_1011_00","Stock Room Manager","alternate_title","src_onet_30_1","0.75"
"occ_43_1011_00","Stock Supervisor","alternate_title","src_onet_30_1","0.75"
"occ_43_1011_00","Stockroom Supervisor","alternate_title","src_onet_30_1","0.75"
"occ_43_1011_00","Support Manager","alternate_title","src_onet_30_1","0.75"
"occ_43_1011_00","Survey Workers Supervisor","alternate_title","src_onet_30_1","0.75"
"occ_43_1011_00","Switchboard Operator Supervisor","alternate_title","src_onet_30_1","0.75"
"occ_43_1011_00","Tabulating Supervisor","alternate_title","src_onet_30_1","0.75"
"occ_43_1011_00","Tariff Supervisor","alternate_title","src_onet_30_1","0.75"
"occ_43_1011_00","Telecommunicator Supervisor","alternate_title","src_onet_30_1","0.75"
"occ_43_1011_00","Telegraphic Typewriter Operators Supervisor","alternate_title","src_onet_30_1","0.75"
"occ_43_1011_00","Telephone Clerks Supervisor","alternate_title","src_onet_30_1","0.75"
"occ_43_1011_00","Telephone Information Supervisor","alternate_title","src_onet_30_1","0.75"
"occ_43_1011_00","Telephone Operators Supervisor","alternate_title","src_onet_30_1","0.75"
"occ_43_1011_00","Telephone Order Supervisor","alternate_title","src_onet_30_1","0.75"
"occ_43_1011_00","Telephone Solicitor Supervisor","alternate_title","src_onet_30_1","0.75"
"occ_43_1011_00","Teller Supervisor","alternate_title","src_onet_30_1","0.75"
"occ_43_1011_00","Tellers Supervisor","alternate_title","src_onet_30_1","0.75"
"occ_43_1011_00","Ticket Sales Supervisor","alternate_title","src_onet_30_1","0.75"
"occ_43_1011_00","Timekeeping Supervisor","alternate_title","src_onet_30_1","0.75"
"occ_43_1011_00","Toll Collector Supervisor","alternate_title","src_onet_30_1","0.75"
"occ_43_1011_00","Tool Crib Manager","alternate_title","src_onet_30_1","0.75"
"occ_43_1011_00","Tool Crib Supervisor","alternate_title","src_onet_30_1","0.75"
"occ_43_1011_00","Transcribing Operators Supervisor","alternate_title","src_onet_30_1","0.75"
"occ_43_1011_00","Travel Information Center Supervisor","alternate_title","src_onet_30_1","0.75"
"occ_43_1011_00","Trust Accounts Supervisor","alternate_title","src_onet_30_1","0.75"
"occ_43_1011_00","Typing Pool Supervisor","alternate_title","src_onet_30_1","0.75"
"occ_43_1011_00","Typists Supervisor","alternate_title","src_onet_30_1","0.75"
"occ_43_1011_00","Underwriting Clerks Supervisor","alternate_title","src_onet_30_1","0.75"
"occ_43_1011_00","Want Ad Supervisor","alternate_title","src_onet_30_1","0.75"
"occ_43_1011_00","Ward Service Supervisor","alternate_title","src_onet_30_1","0.75"
"occ_43_1011_00","Warranty Administrator","alternate_title","src_onet_30_1","0.75"
"occ_43_1011_00","Warranty Manager","alternate_title","src_onet_30_1","0.75"
"occ_43_1011_00","Weigh Boss","alternate_title","src_onet_30_1","0.75"
"occ_43_1011_00","Word Processing Supervisor","alternate_title","src_onet_30_1","0.75"
"occ_43_3021_00","Account Clerk","alternate_title","src_onet_30_1","0.75"
"occ_43_3021_00","Account Services Representative (Accounts Services Rep)","alternate_title","src_onet_30_1","0.75"
"occ_43_3021_00","Accounting Assistant","alternate_title","src_onet_30_1","0.75"
"occ_43_3021_00","Accounting Machine Operator","alternate_title","src_onet_30_1","0.75"
"occ_43_3021_00","Accounts Adjustable Clerk","alternate_title","src_onet_30_1","0.75"
"occ_43_3021_00","Accounts Analyst","alternate_title","src_onet_30_1","0.75"
"occ_43_3021_00","Accounts Payable Analyst","alternate_title","src_onet_30_1","0.75"
"occ_43_3021_00","Accounts Payable Associate","alternate_title","src_onet_30_1","0.75"
"occ_43_3021_00","Accounts Payable Clerk","alternate_title","src_onet_30_1","0.75"
"occ_43_3021_00","Accounts Payable Coordinator","alternate_title","src_onet_30_1","0.75"
"occ_43_3021_00","Accounts Receivable Analyst","alternate_title","src_onet_30_1","0.75"
"occ_43_3021_00","Accounts Receivable Clerk (AR Clerk)","alternate_title","src_onet_30_1","0.75"
"occ_43_3021_00","Accounts Receivable Coordinator (AR Coordinator)","alternate_title","src_onet_30_1","0.75"
"occ_43_3021_00","Accounts Service Representative (Accounts Service Rep)","alternate_title","src_onet_30_1","0.75"
"occ_43_3021_00","Adding Machine Operator","alternate_title","src_onet_30_1","0.75"
"occ_43_3021_00","Audit Machine Operator","alternate_title","src_onet_30_1","0.75"
"occ_43_3021_00","Bill Checker","alternate_title","src_onet_30_1","0.75"
"occ_43_3021_00","Bill of Lading Clerk (BOL Clerk)","alternate_title","src_onet_30_1","0.75"
"occ_43_3021_00","Bill of Materials Clerk (BOM Clerk)","alternate_title","src_onet_30_1","0.75"
"occ_43_3021_00","Biller","alternate_title","src_onet_30_1","0.75"
"occ_43_3021_00","Billing Analyst","alternate_title","src_onet_30_1","0.75"
"occ_43_3021_00","Billing Assistant","alternate_title","src_onet_30_1","0.75"
"occ_43_3021_00","Billing Associate","alternate_title","src_onet_30_1","0.75"
"occ_43_3021_00","Billing Clerk","alternate_title","src_onet_30_1","0.75"
"occ_43_3021_00","Billing Control Clerk","alternate_title","src_onet_30_1","0.75"
"occ_43_3021_00","Billing Coordinator","alternate_title","src_onet_30_1","0.75"
"occ_43_3021_00","Billing Representative","alternate_title","src_onet_30_1","0.75"
"occ_43_3021_00","billing specialist","manual_seed","src_onet_30_1","0.85"
"occ_43_3021_00","Billing Typist","alternate_title","src_onet_30_1","0.75"
"occ_43_3021_00","Bookkeeping Assistant","alternate_title","src_onet_30_1","0.75"
"occ_43_3021_00","Calculator Operator","alternate_title","src_onet_30_1","0.75"
"occ_43_3021_00","Check Totaler","alternate_title","src_onet_30_1","0.75"
"occ_43_3021_00","Check Writer","alternate_title","src_onet_30_1","0.75"
"occ_43_3021_00","COD Clerk (Cash On Delivery Clerk)","alternate_title","src_onet_30_1","0.75"
"occ_43_3021_00","Comptometer Operator","alternate_title","src_onet_30_1","0.75"
"occ_43_3021_00","Comptometrist","alternate_title","src_onet_30_1","0.75"
"occ_43_3021_00","Cost Recorder","alternate_title","src_onet_30_1","0.75"
"occ_43_3021_00","Customer Billing Specialist","alternate_title","src_onet_30_1","0.75"
"occ_43_3021_00","Delivery Service Pricer","alternate_title","src_onet_30_1","0.75"
"occ_43_3021_00","Demurrage Agent","alternate_title","src_onet_30_1","0.75"
"occ_43_3021_00","Demurrage Clerk","alternate_title","src_onet_30_1","0.75"
"occ_43_3021_00","Demurrage Worker","alternate_title","src_onet_30_1","0.75"
"occ_43_3021_00","Deposit Clerk","alternate_title","src_onet_30_1","0.75"
"occ_43_3021_00","Deposit Refund Clerk","alternate_title","src_onet_30_1","0.75"
"occ_43_3021_00","Documentation Billing Clerk","alternate_title","src_onet_30_1","0.75"
"occ_43_3021_00","Electric Accounting Machine Operator (EAM Operator)","alternate_title","src_onet_30_1","0.75"
"occ_43_3021_00","Estimate Clerk","alternate_title","src_onet_30_1","0.75"
"occ_43_3021_00","Fee Clerk","alternate_title","src_onet_30_1","0.75"
"occ_43_3021_00","Financial Processor","alternate_title","src_onet_30_1","0.75"
"occ_43_3021_00","Foreign Clerk","alternate_title","src_onet_30_1","0.75"
"occ_43_3021_00","Freight Rate Analyst","alternate_title","src_onet_30_1","0.75"
"occ_43_3021_00","Freight Rate Clerk","alternate_title","src_onet_30_1","0.75"
"occ_43_3021_00","Freight Rate Specialist","alternate_title","src_onet_30_1","0.75"
"occ_43_3021_00","Interline Clerk","alternate_title","src_onet_30_1","0.75"
"occ_43_3021_00","Invoice Checker","alternate_title","src_onet_30_1","0.75"
"occ_43_3021_00","Invoice Clerk","alternate_title","src_onet_30_1","0.75"
"occ_43_3021_00","Invoice Control Clerk","alternate_title","src_onet_30_1","0.75"
"occ_43_3021_00","Invoice Machine Operator","alternate_title","src_onet_30_1","0.75"
"occ_43_3021_00","Invoicing Specialist","alternate_title","src_onet_30_1","0.75"
"occ_43_3021_00","Item Processing Clerk (IP Clerk)","alternate_title","src_onet_30_1","0.75"
"occ_43_3021_00","Item Processor","alternate_title","src_onet_30_1","0.75"
"occ_43_3021_00","Laundry Pricing Clerk","alternate_title","src_onet_30_1","0.75"
"occ_43_3021_00","Legal Billing Specialist","alternate_title","src_onet_30_1","0.75"
"occ_43_3021_00","Machine Biller","alternate_title","src_onet_30_1","0.75"
"occ_43_3021_00","Medical Biller","alternate_title","src_onet_30_1","0.75"
"occ_43_3021_00","Medical Billing Clerk","alternate_title","src_onet_30_1","0.75"
"occ_43_3021_00","Medical Billing Specialist","alternate_title","src_onet_30_1","0.75"
"occ_43_3021_00","Medical Insurance Biller","alternate_title","src_onet_30_1","0.75"
"occ_43_3021_00","Medical Reimbursement Specialist","alternate_title","src_onet_30_1","0.75"
"occ_43_3021_00","Medical Voucher Clerk","alternate_title","src_onet_30_1","0.75"
"occ_43_3021_00","Message Service Pricer","alternate_title","src_onet_30_1","0.75"
"occ_43_3021_00","Patient Account Representative (Patient Account Rep)","alternate_title","src_onet_30_1","0.75"
"occ_43_3021_00","Post Tronic Machine Operator","alternate_title","src_onet_30_1","0.75"
"occ_43_3021_00","posting clerk","manual_seed","src_onet_30_1","0.85"
"occ_43_3021_00","Posting Machine Operator","alternate_title","src_onet_30_1","0.75"
"occ_43_3021_00","Pre-Audit Clerk","alternate_title","src_onet_30_1","0.75"
"occ_43_3021_00","Pre-Billing Specialist","alternate_title","src_onet_30_1","0.75"
"occ_43_3021_00","Price Lister","alternate_title","src_onet_30_1","0.75"
"occ_43_3021_00","Pricer","alternate_title","src_onet_30_1","0.75"
"occ_43_3021_00","Pricing Clerk","alternate_title","src_onet_30_1","0.75"
"occ_43_3021_00","Processing Clerk","alternate_title","src_onet_30_1","0.75"
"occ_43_3021_00","Proof Machine Operator","alternate_title","src_onet_30_1","0.75"
"occ_43_3021_00","Rate Clerk","alternate_title","src_onet_30_1","0.75"
"occ_43_3021_00","Rate Examiner","alternate_title","src_onet_30_1","0.75"
"occ_43_3021_00","Rate Marker","alternate_title","src_onet_30_1","0.75"
"occ_43_3021_00","Rate Reviewer","alternate_title","src_onet_30_1","0.75"
"occ_43_3021_00","Rate Setter","alternate_title","src_onet_30_1","0.75"
"occ_43_3021_00","Rater","alternate_title","src_onet_30_1","0.75"
"occ_43_3021_00","Rating Clerk","alternate_title","src_onet_30_1","0.75"
"occ_43_3021_00","Rating Examiner","alternate_title","src_onet_30_1","0.75"
"occ_43_3021_00","Receipt Clerk","alternate_title","src_onet_30_1","0.75"
"occ_43_3021_00","Receivables Specialist","alternate_title","src_onet_30_1","0.75"
"occ_43_3021_00","Reconciler","alternate_title","src_onet_30_1","0.75"
"occ_43_3021_00","Reconciliation Clerk","alternate_title","src_onet_30_1","0.75"
"occ_43_3021_00","Reconciliation Machine Operator","alternate_title","src_onet_30_1","0.75"
"occ_43_3021_00","Reconciliation Processor","alternate_title","src_onet_30_1","0.75"
"occ_43_3021_00","Reconciling Clerk","alternate_title","src_onet_30_1","0.75"
"occ_43_3021_00","Reimbursement Specialist","alternate_title","src_onet_30_1","0.75"
"occ_43_3021_00","Report Clerk","alternate_title","src_onet_30_1","0.75"
"occ_43_3021_00","Revenue Cycle Specialist","alternate_title","src_onet_30_1","0.75"
"occ_43_3021_00","Revising Clerk","alternate_title","src_onet_30_1","0.75"
"occ_43_3021_00","Securities Clerk","alternate_title","src_onet_30_1","0.75"
"occ_43_3021_00","Services Clerk","alternate_title","src_onet_30_1","0.75"
"occ_43_3021_00","Settlement Clerk","alternate_title","src_onet_30_1","0.75"
"occ_43_3021_00","Spot Billing Clerk","alternate_title","src_onet_30_1","0.75"
"occ_43_3021_00","Statement Clerk","alternate_title","src_onet_30_1","0.75"
"occ_43_3021_00","Statement Distribution Clerk","alternate_title","src_onet_30_1","0.75"
"occ_43_3021_00","Statement Processor","alternate_title","src_onet_30_1","0.75"
"occ_43_3021_00","Statement Rendering Processor","alternate_title","src_onet_30_1","0.75"
"occ_43_3021_00","Statement Services Representative (Statement Services Rep)","alternate_title","src_onet_30_1","0.75"
"occ_43_3021_00","Tax Clerk","alternate_title","src_onet_30_1","0.75"
"occ_43_3021_00","Telegraph Service Rater","alternate_title","src_onet_30_1","0.75"
"occ_43_3021_00","Toll Settlement Clerk","alternate_title","src_onet_30_1","0.75"
"occ_43_3021_00","Toll Ticket Clerk","alternate_title","src_onet_30_1","0.75"
"occ_43_3021_00","Tonnage Compilation Clerk","alternate_title","src_onet_30_1","0.75"
"occ_43_3021_00","Traffic Rate Clerk","alternate_title","src_onet_30_1","0.75"
"occ_43_3021_00","Traffic Rate Computer","alternate_title","src_onet_30_1","0.75"
"occ_43_3021_00","Voucher Clerk","alternate_title","src_onet_30_1","0.75"
"occ_43_3021_00","Yard Demurrage Clerk","alternate_title","src_onet_30_1","0.75"
"occ_43_3031_00","Account Administrator","alternate_title","src_onet_30_1","0.75"
"occ_43_3031_00","Account Clerk","alternate_title","src_onet_30_1","0.75"
"occ_43_3031_00","Account Information Clerk","alternate_title","src_onet_30_1","0.75"
"occ_43_3031_00","Account Receivable Clerk","alternate_title","src_onet_30_1","0.75"
"occ_43_3031_00","Accountant Assistant","alternate_title","src_onet_30_1","0.75"
"occ_43_3031_00","Accountant Clerk","alternate_title","src_onet_30_1","0.75"
"occ_43_3031_00","Accountant Helper","alternate_title","src_onet_30_1","0.75"
"occ_43_3031_00","Accounting Assistant","alternate_title","src_onet_30_1","0.75"
"occ_43_3031_00","Accounting Associate","alternate_title","src_onet_30_1","0.75"
"occ_43_3031_00","Accounting Bookkeeper","alternate_title","src_onet_30_1","0.75"
"occ_43_3031_00","accounting clerk","manual_seed","src_onet_30_1","0.85"
"occ_43_3031_00","Accounting Coordinator","alternate_title","src_onet_30_1","0.75"
"occ_43_3031_00","Accounting Representative","alternate_title","src_onet_30_1","0.75"
"occ_43_3031_00","Accounting Specialist","alternate_title","src_onet_30_1","0.75"
"occ_43_3031_00","Accounting Technician","alternate_title","src_onet_30_1","0.75"
"occ_43_3031_00","Accounts Payable Clerk","alternate_title","src_onet_30_1","0.75"
"occ_43_3031_00","Accounts Payable Coordinator","alternate_title","src_onet_30_1","0.75"
"occ_43_3031_00","Accounts Payable Specialist","alternate_title","src_onet_30_1","0.75"
"occ_43_3031_00","Accounts Payables Clerk","alternate_title","src_onet_30_1","0.75"
"occ_43_3031_00","Accounts Receivable Assistant","alternate_title","src_onet_30_1","0.75"
"occ_43_3031_00","Accounts Receivable Clerk","alternate_title","src_onet_30_1","0.75"
"occ_43_3031_00","Accounts Receivable Specialist","alternate_title","src_onet_30_1","0.75"
"occ_43_3031_00","Advice Clerk","alternate_title","src_onet_30_1","0.75"
"occ_43_3031_00","Amortization Clerk","alternate_title","src_onet_30_1","0.75"
"occ_43_3031_00","Audit Clerk","alternate_title","src_onet_30_1","0.75"
"occ_43_3031_00","Audit Control Clerk","alternate_title","src_onet_30_1","0.75"
"occ_43_3031_00","Auditing Clerk","alternate_title","src_onet_30_1","0.75"
"occ_43_3031_00","Balance Clerk","alternate_title","src_onet_30_1","0.75"
"occ_43_3031_00","Bank Reconciliator","alternate_title","src_onet_30_1","0.75"
"occ_43_3031_00","Bond Clerk","alternate_title","src_onet_30_1","0.75"
"occ_43_3031_00","Booking Clerk","alternate_title","src_onet_30_1","0.75"
"occ_43_3031_00","Bookkeeper","short_title","src_onet_30_1","0.95"
"occ_43_3031_00","Bookkeeper Assistant","alternate_title","src_onet_30_1","0.75"
"occ_43_3031_00","Bookkeeping Clerk","alternate_title","src_onet_30_1","0.75"
"occ_43_3031_00","Budget Clerk","alternate_title","src_onet_30_1","0.75"
"occ_43_3031_00","Budget Technician","alternate_title","src_onet_30_1","0.75"
"occ_43_3031_00","Canceling and Cutting Control Clerk","alternate_title","src_onet_30_1","0.75"
"occ_43_3031_00","Cash Accounting Clerk","alternate_title","src_onet_30_1","0.75"
"occ_43_3031_00","Cash Register Balancer","alternate_title","src_onet_30_1","0.75"
"occ_43_3031_00","Chart Calculator","alternate_title","src_onet_30_1","0.75"
"occ_43_3031_00","Chart Changer","alternate_title","src_onet_30_1","0.75"
"occ_43_3031_00","Chart Clerk","alternate_title","src_onet_30_1","0.75"
"occ_43_3031_00","Chart Computer","alternate_title","src_onet_30_1","0.75"
"occ_43_3031_00","Chart Picker","alternate_title","src_onet_30_1","0.75"
"occ_43_3031_00","Chart Reader","alternate_title","src_onet_30_1","0.75"
"occ_43_3031_00","Chart Snatcher","alternate_title","src_onet_30_1","0.75"
"occ_43_3031_00","Check Clerk","alternate_title","src_onet_30_1","0.75"
"occ_43_3031_00","Check Processing Clerk","alternate_title","src_onet_30_1","0.75"
"occ_43_3031_00","Classification Analyst","alternate_title","src_onet_30_1","0.75"
"occ_43_3031_00","Classification Control Clerk","alternate_title","src_onet_30_1","0.75"
"occ_43_3031_00","Classifier","alternate_title","src_onet_30_1","0.75"
"occ_43_3031_00","Clearing House Clerk","alternate_title","src_onet_30_1","0.75"
"occ_43_3031_00","Clerk Analyst","alternate_title","src_onet_30_1","0.75"
"occ_43_3031_00","Clipman","alternate_title","src_onet_30_1","0.75"
"occ_43_3031_00","Collateral Clerk","alternate_title","src_onet_30_1","0.75"
"occ_43_3031_00","Collection Clerk","alternate_title","src_onet_30_1","0.75"
"occ_43_3031_00","Commodity Loan Clerk","alternate_title","src_onet_30_1","0.75"
"occ_43_3031_00","Computer Bookkeeper","alternate_title","src_onet_30_1","0.75"
"occ_43_3031_00","Cost Accounting Clerk","alternate_title","src_onet_30_1","0.75"
"occ_43_3031_00","Credit Card Clerk","alternate_title","src_onet_30_1","0.75"
"occ_43_3031_00","Daily Sales Audit Clerk","alternate_title","src_onet_30_1","0.75"
"occ_43_3031_00","Discount Clerk","alternate_title","src_onet_30_1","0.75"
"occ_43_3031_00","Distribution Accounting Clerk","alternate_title","src_onet_30_1","0.75"
"occ_43_3031_00","Dividend Deposit Voucher Clerk","alternate_title","src_onet_30_1","0.75"
"occ_43_3031_00","Document Processor","alternate_title","src_onet_30_1","0.75"
"occ_43_3031_00","Escrow Agent","alternate_title","src_onet_30_1","0.75"
"occ_43_3031_00","Escrow Closer","alternate_title","src_onet_30_1","0.75"
"occ_43_3031_00","Export Clerk","alternate_title","src_onet_30_1","0.75"
"occ_43_3031_00","Export Documents Clerk","alternate_title","src_onet_30_1","0.75"
"occ_43_3031_00","Field Clerk","alternate_title","src_onet_30_1","0.75"
"occ_43_3031_00","Figure Clerk","alternate_title","src_onet_30_1","0.75"
"occ_43_3031_00","Finance Assistant","alternate_title","src_onet_30_1","0.75"
"occ_43_3031_00","Financial Processing Clerk","alternate_title","src_onet_30_1","0.75"
"occ_43_3031_00","Financial Recording Clerk","alternate_title","src_onet_30_1","0.75"
"occ_43_3031_00","Financial Specialist","alternate_title","src_onet_30_1","0.75"
"occ_43_3031_00","Fiscal Accounting Clerk","alternate_title","src_onet_30_1","0.75"
"occ_43_3031_00","Fiscal Technician","alternate_title","src_onet_30_1","0.75"
"occ_43_3031_00","Fixed Capital Clerk","alternate_title","src_onet_30_1","0.75"
"occ_43_3031_00","Foreclosure Clerk","alternate_title","src_onet_30_1","0.75"
"occ_43_3031_00","Foreign Exchange Position Clerk","alternate_title","src_onet_30_1","0.75"
"occ_43_3031_00","Full Charge Bookkeeper","alternate_title","src_onet_30_1","0.75"
"occ_43_3031_00","General Ledger Bookkeeper","alternate_title","src_onet_30_1","0.75"
"occ_43_3031_00","Import and Export Clerk","alternate_title","src_onet_30_1","0.75"
"occ_43_3031_00","Journal Clerk","alternate_title","src_onet_30_1","0.75"
"occ_43_3031_00","Ledger Clerk","alternate_title","src_onet_30_1","0.75"
"occ_43_3031_00","Ledger Poster","alternate_title","src_onet_30_1","0.75"
"occ_43_3031_00","Letter of Credit Clerk","alternate_title","src_onet_30_1","0.75"
"occ_43_3031_00","Margin Clerk","alternate_title","src_onet_30_1","0.75"
"occ_43_3031_00","Mortgage Accounting Clerk","alternate_title","src_onet_30_1","0.75"
"occ_43_3031_00","Mortgage Loan Computation Clerk","alternate_title","src_onet_30_1","0.75"
"occ_43_3031_00","Office Bookkeeper","alternate_title","src_onet_30_1","0.75"
"occ_43_3031_00","Pari Mutual Ticket Checker","alternate_title","src_onet_30_1","0.75"
"occ_43_3031_00","Payment Processor","alternate_title","src_onet_30_1","0.75"
"occ_43_3031_00","Posting Clerk","alternate_title","src_onet_30_1","0.75"
"occ_43_3031_00","Price Checker","alternate_title","src_onet_30_1","0.75"
"occ_43_3031_00","Price Clerk","alternate_title","src_onet_30_1","0.75"
"occ_43_3031_00","Program Accountant","alternate_title","src_onet_30_1","0.75"
"occ_43_3031_00","Reconcilement Clerk","alternate_title","src_onet_30_1","0.75"
"occ_43_3031_00","Reconciliation Analyst","alternate_title","src_onet_30_1","0.75"
"occ_43_3031_00","Reconciliation Clerk","alternate_title","src_onet_30_1","0.75"
"occ_43_3031_00","Remittance Clerk","alternate_title","src_onet_30_1","0.75"
"occ_43_3031_00","Reserves Clerk","alternate_title","src_onet_30_1","0.75"
"occ_43_3031_00","Returned Item Clerk","alternate_title","src_onet_30_1","0.75"
"occ_43_3031_00","Revenue Audit Clerk","alternate_title","src_onet_30_1","0.75"
"occ_43_3031_00","Safekeeping Clerk","alternate_title","src_onet_30_1","0.75"
"occ_43_3031_00","Sales Audit Clerk","alternate_title","src_onet_30_1","0.75"
"occ_43_3031_00","Securities Clerk","alternate_title","src_onet_30_1","0.75"
"occ_43_3031_00","Stock Transfer Clerk","alternate_title","src_onet_30_1","0.75"
"occ_43_3031_00","Tonnage Compilation Clerk","alternate_title","src_onet_30_1","0.75"
"occ_43_3031_00","Trust Vault Clerk","alternate_title","src_onet_30_1","0.75"
"occ_43_3031_00","Typing Bookkeeper","alternate_title","src_onet_30_1","0.75"
"occ_43_3031_00","Voucher Clerk","alternate_title","src_onet_30_1","0.75"
"occ_43_3031_00","Voucher Examiner","alternate_title","src_onet_30_1","0.75"
"occ_43_3031_00","Wheelage Clerk","alternate_title","src_onet_30_1","0.75"
"occ_43_4031_00","Agent Licensing Clerk","alternate_title","src_onet_30_1","0.75"
"occ_43_4031_00","Animal Control Licensing Worker","alternate_title","src_onet_30_1","0.75"
"occ_43_4031_00","Appeals Clerk","alternate_title","src_onet_30_1","0.75"
"occ_43_4031_00","Appellate Court Clerk","alternate_title","src_onet_30_1","0.75"
"occ_43_4031_00","Basic Traffic Minute Clerk","alternate_title","src_onet_30_1","0.75"
"occ_43_4031_00","Birth Certification Clerk","alternate_title","src_onet_30_1","0.75"
"occ_43_4031_00","Calendar Clerk","alternate_title","src_onet_30_1","0.75"
"occ_43_4031_00","Case Clerk","alternate_title","src_onet_30_1","0.75"
"occ_43_4031_00","Circuit Clerk","alternate_title","src_onet_30_1","0.75"
"occ_43_4031_00","Circuit Court Clerk","alternate_title","src_onet_30_1","0.75"
"occ_43_4031_00","City Clerk","alternate_title","src_onet_30_1","0.75"
"occ_43_4031_00","City Recorder","alternate_title","src_onet_30_1","0.75"
"occ_43_4031_00","City Secretary","alternate_title","src_onet_30_1","0.75"
"occ_43_4031_00","Civil Clerk","alternate_title","src_onet_30_1","0.75"
"occ_43_4031_00","County Clerk","alternate_title","src_onet_30_1","0.75"
"occ_43_4031_00","Court Assistant","alternate_title","src_onet_30_1","0.75"
"occ_43_4031_00","Court Attendant","alternate_title","src_onet_30_1","0.75"
"occ_43_4031_00","court clerk","manual_seed","src_onet_30_1","0.85"
"occ_43_4031_00","Court Coordinator","alternate_title","src_onet_30_1","0.75"
"occ_43_4031_00","Court Crier","alternate_title","src_onet_30_1","0.75"
"occ_43_4031_00","Court Office Assistant","alternate_title","src_onet_30_1","0.75"
"occ_43_4031_00","Court Operations Clerk","alternate_title","src_onet_30_1","0.75"
"occ_43_4031_00","Court Specialist","alternate_title","src_onet_30_1","0.75"
"occ_43_4031_00","Courtroom Calendar Clerk","alternate_title","src_onet_30_1","0.75"
"occ_43_4031_00","Courtroom Clerk","alternate_title","src_onet_30_1","0.75"
"occ_43_4031_00","Courtroom Deputy Clerk","alternate_title","src_onet_30_1","0.75"
"occ_43_4031_00","Crier","alternate_title","src_onet_30_1","0.75"
"occ_43_4031_00","Criminal Records Clerk","alternate_title","src_onet_30_1","0.75"
"occ_43_4031_00","Deeds Recorder","alternate_title","src_onet_30_1","0.75"
"occ_43_4031_00","Deeds Register","alternate_title","src_onet_30_1","0.75"
"occ_43_4031_00","District Clerk","alternate_title","src_onet_30_1","0.75"
"occ_43_4031_00","Docket Clerk","alternate_title","src_onet_30_1","0.75"
"occ_43_4031_00","Docketing Specialist","alternate_title","src_onet_30_1","0.75"
"occ_43_4031_00","Dog Licenser","alternate_title","src_onet_30_1","0.75"
"occ_43_4031_00","Driver's License Examiner","alternate_title","src_onet_30_1","0.75"
"occ_43_4031_00","Felony Clerk","alternate_title","src_onet_30_1","0.75"
"occ_43_4031_00","Judicial Specialist","alternate_title","src_onet_30_1","0.75"
"occ_43_4031_00","Law Clerk","alternate_title","src_onet_30_1","0.75"
"occ_43_4031_00","License Clerk","short_title","src_onet_30_1","0.95"
"occ_43_4031_00","License Distributor","alternate_title","src_onet_30_1","0.75"
"occ_43_4031_00","License Issuer","alternate_title","src_onet_30_1","0.75"
"occ_43_4031_00","License Specialist","alternate_title","src_onet_30_1","0.75"
"occ_43_4031_00","Licensing Clerk","alternate_title","src_onet_30_1","0.75"
"occ_43_4031_00","Licensing Coordinator","alternate_title","src_onet_30_1","0.75"
"occ_43_4031_00","Licensing Services Clerk","alternate_title","src_onet_30_1","0.75"
"occ_43_4031_00","Licensing Specialist","alternate_title","src_onet_30_1","0.75"
"occ_43_4031_00","Minute Clerk","alternate_title","src_onet_30_1","0.75"
"occ_43_4031_00","Motor Vehicle Clerk","alternate_title","src_onet_30_1","0.75"
"occ_43_4031_00","Motor Vehicle Field Representative (MVFR)","alternate_title","src_onet_30_1","0.75"
"occ_43_4031_00","Motor Vehicle Licensing Clerk","alternate_title","src_onet_30_1","0.75"
"occ_43_4031_00","Motor Vehicle Representative","alternate_title","src_onet_30_1","0.75"
"occ_43_4031_00","Municipal Clerk","alternate_title","src_onet_30_1","0.75"
"occ_43_4031_00","Municipal Court Clerk","alternate_title","src_onet_30_1","0.75"
"occ_43_4031_00","Permit Coordinator","alternate_title","src_onet_30_1","0.75"
"occ_43_4031_00","Permit Specialist","alternate_title","src_onet_30_1","0.75"
"occ_43_4031_00","Permit Technician (Permit Tech)","alternate_title","src_onet_30_1","0.75"
"occ_43_4031_00","Permits Specialist","alternate_title","src_onet_30_1","0.75"
"occ_43_4031_00","Permitting Coordinator","alternate_title","src_onet_30_1","0.75"
"occ_43_4031_00","Permitting Specialist","alternate_title","src_onet_30_1","0.75"
"occ_43_4031_00","Probation Clerk","alternate_title","src_onet_30_1","0.75"
"occ_43_4031_00","Process Server","alternate_title","src_onet_30_1","0.75"
"occ_43_4031_00","Recorder","alternate_title","src_onet_30_1","0.75"
"occ_43_4031_00","Register","alternate_title","src_onet_30_1","0.75"
"occ_43_4031_00","Registrar","alternate_title","src_onet_30_1","0.75"
"occ_43_4031_00","Sessions Clerk","alternate_title","src_onet_30_1","0.75"
"occ_43_4031_00","Subpoena Server","alternate_title","src_onet_30_1","0.75"
"occ_43_4031_00","Summons Server","alternate_title","src_onet_30_1","0.75"
"occ_43_4031_00","Superior Court Clerk","alternate_title","src_onet_30_1","0.75"
"occ_43_4031_00","Tag Clerk","alternate_title","src_onet_30_1","0.75"
"occ_43_4031_00","Tax Clerk","alternate_title","src_onet_30_1","0.75"
"occ_43_4031_00","Town Clerk","alternate_title","src_onet_30_1","0.75"
"occ_43_4031_00","Town Treasurer","alternate_title","src_onet_30_1","0.75"
"occ_43_4031_00","Township Clerk","alternate_title","src_onet_30_1","0.75"
"occ_43_4031_00","Traffic Clerk","alternate_title","src_onet_30_1","0.75"
"occ_43_4031_00","Utility Clerk","alternate_title","src_onet_30_1","0.75"
"occ_43_4031_00","Village Clerk","alternate_title","src_onet_30_1","0.75"
"occ_43_4031_00","Warrant Clerk","alternate_title","src_onet_30_1","0.75"
"occ_43_4031_00","Wills Register","alternate_title","src_onet_30_1","0.75"
"occ_43_4051_00","Account Adjuster","alternate_title","src_onet_30_1","0.75"
"occ_43_4051_00","Account Representative","alternate_title","src_onet_30_1","0.75"
"occ_43_4051_00","Adjustment Clerk","alternate_title","src_onet_30_1","0.75"
"occ_43_4051_00","Automotive Service Advisor","alternate_title","src_onet_30_1","0.75"
"occ_43_4051_00","Automotive Service Writer","alternate_title","src_onet_30_1","0.75"
"occ_43_4051_00","Bill Adjuster","alternate_title","src_onet_30_1","0.75"
"occ_43_4051_00","Call Center Representative","alternate_title","src_onet_30_1","0.75"
"occ_43_4051_00","Claims Customer Service Representative (Claims CSR)","alternate_title","src_onet_30_1","0.75"
"occ_43_4051_00","Clerical Adjudicator","alternate_title","src_onet_30_1","0.75"
"occ_43_4051_00","Client Relations Specialist","alternate_title","src_onet_30_1","0.75"
"occ_43_4051_00","Client Service Representative (Client Service Rep)","alternate_title","src_onet_30_1","0.75"
"occ_43_4051_00","Client Services Representative","alternate_title","src_onet_30_1","0.75"
"occ_43_4051_00","Client Support Professional","alternate_title","src_onet_30_1","0.75"
"occ_43_4051_00","client support representative","manual_seed","src_onet_30_1","0.85"
"occ_43_4051_00","Compensation Adjuster","alternate_title","src_onet_30_1","0.75"
"occ_43_4051_00","Complaints Adjuster","alternate_title","src_onet_30_1","0.75"
"occ_43_4051_00","Complaints Clerk","alternate_title","src_onet_30_1","0.75"
"occ_43_4051_00","Contact Center Specialist","alternate_title","src_onet_30_1","0.75"
"occ_43_4051_00","Customer Advocate","alternate_title","src_onet_30_1","0.75"
"occ_43_4051_00","Customer Care Representative (CCR)","alternate_title","src_onet_30_1","0.75"
"occ_43_4051_00","Customer Care Service Representative","alternate_title","src_onet_30_1","0.75"
"occ_43_4051_00","Customer Care Specialist","alternate_title","src_onet_30_1","0.75"
"occ_43_4051_00","Customer Complaints Clerk","alternate_title","src_onet_30_1","0.75"
"occ_43_4051_00","Customer Contact Specialist","alternate_title","src_onet_30_1","0.75"
"occ_43_4051_00","Customer Relations Representative","alternate_title","src_onet_30_1","0.75"
"occ_43_4051_00","Customer Service Agent","alternate_title","src_onet_30_1","0.75"
"occ_43_4051_00","Customer Service Assistant","alternate_title","src_onet_30_1","0.75"
"occ_43_4051_00","Customer Service Associate","alternate_title","src_onet_30_1","0.75"
"occ_43_4051_00","Customer Service Cashier","alternate_title","src_onet_30_1","0.75"
"occ_43_4051_00","Customer Service Clerk","alternate_title","src_onet_30_1","0.75"
"occ_43_4051_00","Customer Service Consultant","alternate_title","src_onet_30_1","0.75"
"occ_43_4051_00","Customer Service Coordinator","alternate_title","src_onet_30_1","0.75"
"occ_43_4051_00","Customer Service Officer","alternate_title","src_onet_30_1","0.75"
"occ_43_4051_00","Customer Service Professional","alternate_title","src_onet_30_1","0.75"
"occ_43_4051_00","Customer Service Representative","short_title","src_onet_30_1","0.95"
"occ_43_4051_00","Customer Service Representative (CSR)","alternate_title","src_onet_30_1","0.75"
"occ_43_4051_00","Customer Service Specialist","alternate_title","src_onet_30_1","0.75"
"occ_43_4051_00","Customer Support Representative (Customer Support Rep)","alternate_title","src_onet_30_1","0.75"
"occ_43_4051_00","Customer Support Specialist","alternate_title","src_onet_30_1","0.75"
"occ_43_4051_00","Field Service Representative","alternate_title","src_onet_30_1","0.75"
"occ_43_4051_00","Guest Service Agent","alternate_title","src_onet_30_1","0.75"
"occ_43_4051_00","Hub Associate","alternate_title","src_onet_30_1","0.75"
"occ_43_4051_00","Inbound Customer Service Representative (Inbound CSR)","alternate_title","src_onet_30_1","0.75"
"occ_43_4051_00","Lost and Found Clerk","alternate_title","src_onet_30_1","0.75"
"occ_43_4051_00","Member Services Representative (Member Services Rep)","alternate_title","src_onet_30_1","0.75"
"occ_43_4051_00","Membership Coordinator","alternate_title","src_onet_30_1","0.75"
"occ_43_4051_00","Merchandise Complaint Adjuster","alternate_title","src_onet_30_1","0.75"
"occ_43_4051_00","Passenger Relations Representative","alternate_title","src_onet_30_1","0.75"
"occ_43_4051_00","Phone Representative","alternate_title","src_onet_30_1","0.75"
"occ_43_4051_00","Policyholder Information Clerk","alternate_title","src_onet_30_1","0.75"
"occ_43_4051_00","Product Support Specialist","alternate_title","src_onet_30_1","0.75"
"occ_43_4051_00","Return-to-Factory Clerk","alternate_title","src_onet_30_1","0.75"
"occ_43_4051_00","Returns Clerk","alternate_title","src_onet_30_1","0.75"
"occ_43_4051_00","Service Advisor","alternate_title","src_onet_30_1","0.75"
"occ_43_4051_00","Service Advocate Contact","alternate_title","src_onet_30_1","0.75"
"occ_43_4051_00","Service Representative","alternate_title","src_onet_30_1","0.75"
"occ_43_4051_00","Service Writer","alternate_title","src_onet_30_1","0.75"
"occ_43_4051_00","Telephone Service Advisor","alternate_title","src_onet_30_1","0.75"
"occ_43_4051_00","Trouble Clerk","alternate_title","src_onet_30_1","0.75"
"occ_43_4051_00","Utilities Customer Service Representative (Utilities CSR)","alternate_title","src_onet_30_1","0.75"
"occ_43_4051_00","Utility Bill Complaints Investigator","alternate_title","src_onet_30_1","0.75"
"occ_43_4051_00","Verifying Specialist","alternate_title","src_onet_30_1","0.75"
"occ_43_4051_00","Warranty Administrator","alternate_title","src_onet_30_1","0.75"
"occ_43_4051_00","Warranty Clerk","alternate_title","src_onet_30_1","0.75"
"occ_43_4131_00","Closer","alternate_title","src_onet_30_1","0.75"
"occ_43_4131_00","Closing Agent","alternate_title","src_onet_30_1","0.75"
"occ_43_4131_00","Closing Coordinator","alternate_title","src_onet_30_1","0.75"
"occ_43_4131_00","Commercial Loan Processor","alternate_title","src_onet_30_1","0.75"
"occ_43_4131_00","Consumer Loan Processor","alternate_title","src_onet_30_1","0.75"
"occ_43_4131_00","Credit Clerk","alternate_title","src_onet_30_1","0.75"
"occ_43_4131_00","Disbursement Clerk","alternate_title","src_onet_30_1","0.75"
"occ_43_4131_00","Document Coordinator","alternate_title","src_onet_30_1","0.75"
"occ_43_4131_00","Document Processor","alternate_title","src_onet_30_1","0.75"
"occ_43_4131_00","Financial Services Specialist","alternate_title","src_onet_30_1","0.75"
"occ_43_4131_00","Financial Solutions Specialist","alternate_title","src_onet_30_1","0.75"
"occ_43_4131_00","Financial Specialist","alternate_title","src_onet_30_1","0.75"
"occ_43_4131_00","Investigator","alternate_title","src_onet_30_1","0.75"
"occ_43_4131_00","lending clerk","manual_seed","src_onet_30_1","0.85"
"occ_43_4131_00","Licensed Loan Officer Assistant","alternate_title","src_onet_30_1","0.75"
"occ_43_4131_00","Loan Analyst","alternate_title","src_onet_30_1","0.75"
"occ_43_4131_00","Loan Assistant","alternate_title","src_onet_30_1","0.75"
"occ_43_4131_00","Loan Clerk","short_title","src_onet_30_1","0.95"
"occ_43_4131_00","Loan Close and Funder","alternate_title","src_onet_30_1","0.75"
"occ_43_4131_00","Loan Closer","alternate_title","src_onet_30_1","0.75"
"occ_43_4131_00","Loan Documentation Specialist","alternate_title","src_onet_30_1","0.75"
"occ_43_4131_00","Loan Expeditor","alternate_title","src_onet_30_1","0.75"
"occ_43_4131_00","Loan Inspector","alternate_title","src_onet_30_1","0.75"
"occ_43_4131_00","Loan Interviewer","alternate_title","src_onet_30_1","0.75"
"occ_43_4131_00","Loan Operations Specialist","alternate_title","src_onet_30_1","0.75"
"occ_43_4131_00","Loan Originator","alternate_title","src_onet_30_1","0.75"
"occ_43_4131_00","Loan Processor","alternate_title","src_onet_30_1","0.75"
"occ_43_4131_00","Loan Representative","alternate_title","src_onet_30_1","0.75"
"occ_43_4131_00","Loan Secretary","alternate_title","src_onet_30_1","0.75"
"occ_43_4131_00","Mortgage Broker","alternate_title","src_onet_30_1","0.75"
"occ_43_4131_00","Mortgage Clerk","alternate_title","src_onet_30_1","0.75"
"occ_43_4131_00","Mortgage Closing Clerk","alternate_title","src_onet_30_1","0.75"
"occ_43_4131_00","Mortgage Loan Assistant","alternate_title","src_onet_30_1","0.75"
"occ_43_4131_00","Mortgage Loan Closer","alternate_title","src_onet_30_1","0.75"
"occ_43_4131_00","Mortgage Loan Interviewer","alternate_title","src_onet_30_1","0.75"
"occ_43_4131_00","Mortgage Loan Processing Clerk","alternate_title","src_onet_30_1","0.75"
"occ_43_4131_00","Mortgage Loan Processor","alternate_title","src_onet_30_1","0.75"
"occ_43_4131_00","Mortgage Processing Clerk","alternate_title","src_onet_30_1","0.75"
"occ_43_4131_00","Mortgage Processor","alternate_title","src_onet_30_1","0.75"
"occ_43_4131_00","Post Closer","alternate_title","src_onet_30_1","0.75"
"occ_43_4131_00","Post Closing Specialist","alternate_title","src_onet_30_1","0.75"
"occ_43_4171_00","Appointment Clerk","alternate_title","src_onet_30_1","0.75"
"occ_43_4171_00","Appointment Scheduler","alternate_title","src_onet_30_1","0.75"
"occ_43_4171_00","Appointment Setter","alternate_title","src_onet_30_1","0.75"
"occ_43_4171_00","Automobile Club Information Clerk (Auto Club Info Clerk)","alternate_title","src_onet_30_1","0.75"
"occ_43_4171_00","Bilingual Receptionist","alternate_title","src_onet_30_1","0.75"
"occ_43_4171_00","Call Center Agent","alternate_title","src_onet_30_1","0.75"
"occ_43_4171_00","Call Center Operator","alternate_title","src_onet_30_1","0.75"
"occ_43_4171_00","Call Center Representative (Call Center Rep)","alternate_title","src_onet_30_1","0.75"
"occ_43_4171_00","Call Taker","alternate_title","src_onet_30_1","0.75"
"occ_43_4171_00","Clerk Specialist","alternate_title","src_onet_30_1","0.75"
"occ_43_4171_00","Clinic Receptionist","alternate_title","src_onet_30_1","0.75"
"occ_43_4171_00","Customer Care Representative (CCR)","alternate_title","src_onet_30_1","0.75"
"occ_43_4171_00","Dental Receptionist","alternate_title","src_onet_30_1","0.75"
"occ_43_4171_00","ER Clerk (Emergency Room Clerk)","alternate_title","src_onet_30_1","0.75"
"occ_43_4171_00","Front Desk Associate","alternate_title","src_onet_30_1","0.75"
"occ_43_4171_00","Front Desk Clerk","alternate_title","src_onet_30_1","0.75"
"occ_43_4171_00","front desk coordinator","manual_seed","src_onet_30_1","0.85"
"occ_43_4171_00","Front Desk Officer","alternate_title","src_onet_30_1","0.75"
"occ_43_4171_00","Front Desk Receptionist","alternate_title","src_onet_30_1","0.75"
"occ_43_4171_00","Front Office Receptionist","alternate_title","src_onet_30_1","0.75"
"occ_43_4171_00","Greeter","alternate_title","src_onet_30_1","0.75"
"occ_43_4171_00","Guard Entrance Registrar","alternate_title","src_onet_30_1","0.75"
"occ_43_4171_00","Hospital Receptionist","alternate_title","src_onet_30_1","0.75"
"occ_43_4171_00","Hospitality Aide","alternate_title","src_onet_30_1","0.75"
"occ_43_4171_00","In File Operator","alternate_title","src_onet_30_1","0.75"
"occ_43_4171_00","Information Assistant (Info Assistant)","alternate_title","src_onet_30_1","0.75"
"occ_43_4171_00","information clerk","manual_seed","src_onet_30_1","0.85"
"occ_43_4171_00","Information Receptionist (Info Receptionist)","alternate_title","src_onet_30_1","0.75"
"occ_43_4171_00","Land Leasing Examiner","alternate_title","src_onet_30_1","0.75"
"occ_43_4171_00","Land Leasing Information Clerk (Land Leasing Info Clerk)","alternate_title","src_onet_30_1","0.75"
"occ_43_4171_00","Legal Receptionist","alternate_title","src_onet_30_1","0.75"
"occ_43_4171_00","Medical Office Receptionist","alternate_title","src_onet_30_1","0.75"
"occ_43_4171_00","Medical Receptionist","alternate_title","src_onet_30_1","0.75"
"occ_43_4171_00","Medical Scheduler","alternate_title","src_onet_30_1","0.75"
"occ_43_4171_00","Member Services Representative (Member Services Rep)","alternate_title","src_onet_30_1","0.75"
"occ_43_4171_00","Office Assistant","alternate_title","src_onet_30_1","0.75"
"occ_43_4171_00","Outpatient Clerk","alternate_title","src_onet_30_1","0.75"
"occ_43_4171_00","Pay Station Attendant","alternate_title","src_onet_30_1","0.75"
"occ_43_4171_00","People Greeter","alternate_title","src_onet_30_1","0.75"
"occ_43_4171_00","Policyholder Information Clerk (Policyholder Info Clerk)","alternate_title","src_onet_30_1","0.75"
"occ_43_4171_00","Quoter","alternate_title","src_onet_30_1","0.75"
"occ_43_4171_00","Receptionist","short_title","src_onet_30_1","0.95"
"occ_43_4171_00","Referral and Information Aide (Referral and Info Aide)","alternate_title","src_onet_30_1","0.75"
"occ_43_4171_00","Referral Coordinator","alternate_title","src_onet_30_1","0.75"
"occ_43_4171_00","Register Clerk","alternate_title","src_onet_30_1","0.75"
"occ_43_4171_00","Registrar","alternate_title","src_onet_30_1","0.75"
"occ_43_4171_00","Registration Clerk","alternate_title","src_onet_30_1","0.75"
"occ_43_4171_00","Research Clerk","alternate_title","src_onet_30_1","0.75"
"occ_43_4171_00","Salon Receptionist","alternate_title","src_onet_30_1","0.75"
"occ_43_4171_00","Schedule Announcer","alternate_title","src_onet_30_1","0.75"
"occ_43_4171_00","Scheduler","alternate_title","src_onet_30_1","0.75"
"occ_43_4171_00","Spa Receptionist","alternate_title","src_onet_30_1","0.75"
"occ_43_4171_00","Space Scheduler","alternate_title","src_onet_30_1","0.75"
"occ_43_4171_00","Telephone Answerer","alternate_title","src_onet_30_1","0.75"
"occ_43_4171_00","Telephone Appointment Clerk","alternate_title","src_onet_30_1","0.75"
"occ_43_4171_00","Telephone Clerk","alternate_title","src_onet_30_1","0.75"
"occ_43_4171_00","Telephone Information Clerk (Telephone Info Clerk)","alternate_title","src_onet_30_1","0.75"
"occ_43_4171_00","Telephone Operator","alternate_title","src_onet_30_1","0.75"
"occ_43_4171_00","Telephone Operator Receptionist","alternate_title","src_onet_30_1","0.75"
"occ_43_4171_00","Telephone Quotation Clerk","alternate_title","src_onet_30_1","0.75"
"occ_43_4171_00","Tourist Information Assistant (Tourist Info Assistant)","alternate_title","src_onet_30_1","0.75"
"occ_43_4171_00","Utility Clerk","alternate_title","src_onet_30_1","0.75"
"occ_43_6011_00","Administrative Aide","alternate_title","src_onet_30_1","0.75"
"occ_43_6011_00","Administrative Assistant","alternate_title","src_onet_30_1","0.75"
"occ_43_6011_00","Administrative Associate","alternate_title","src_onet_30_1","0.75"
"occ_43_6011_00","Administrative Coordinator","alternate_title","src_onet_30_1","0.75"
"occ_43_6011_00","Administrative Liaison","alternate_title","src_onet_30_1","0.75"
"occ_43_6011_00","Administrative Office Assistant","alternate_title","src_onet_30_1","0.75"
"occ_43_6011_00","Administrative Office Specialist","alternate_title","src_onet_30_1","0.75"
"occ_43_6011_00","Administrative Officer","alternate_title","src_onet_30_1","0.75"
"occ_43_6011_00","Administrative Secretary","alternate_title","src_onet_30_1","0.75"
"occ_43_6011_00","Administrative Services Assistant","alternate_title","src_onet_30_1","0.75"
"occ_43_6011_00","Administrative Specialist","alternate_title","src_onet_30_1","0.75"
"occ_43_6011_00","Administrative Support Specialist","alternate_title","src_onet_30_1","0.75"
"occ_43_6011_00","Clerical Specialist","alternate_title","src_onet_30_1","0.75"
"occ_43_6011_00","Confidential Secretary","alternate_title","src_onet_30_1","0.75"
"occ_43_6011_00","Congressional Apprentice","alternate_title","src_onet_30_1","0.75"
"occ_43_6011_00","Congressional Staffer","alternate_title","src_onet_30_1","0.75"
"occ_43_6011_00","Corporate Secretary","alternate_title","src_onet_30_1","0.75"
"occ_43_6011_00","Director's Assistant","alternate_title","src_onet_30_1","0.75"
"occ_43_6011_00","Executive Administrative Assistant","alternate_title","src_onet_30_1","0.75"
"occ_43_6011_00","Executive Administrator","alternate_title","src_onet_30_1","0.75"
"occ_43_6011_00","Executive Assistant","short_title","src_onet_30_1","0.95"
"occ_43_6011_00","Executive Office Assistant","alternate_title","src_onet_30_1","0.75"
"occ_43_6011_00","executive secretary","manual_seed","src_onet_30_1","0.85"
"occ_43_6011_00","Executive Staff Assistant","alternate_title","src_onet_30_1","0.75"
"occ_43_6011_00","Financial Secretary","alternate_title","src_onet_30_1","0.75"
"occ_43_6011_00","Human Resources Executive Assistant (HR Executive Assistant)","alternate_title","src_onet_30_1","0.75"
"occ_43_6011_00","Management Assistant","alternate_title","src_onet_30_1","0.75"
"occ_43_6011_00","Office Administrator","alternate_title","src_onet_30_1","0.75"
"occ_43_6011_00","Office Assistant","alternate_title","src_onet_30_1","0.75"
"occ_43_6011_00","Personal Assistant","alternate_title","src_onet_30_1","0.75"
"occ_43_6011_00","Personal Secretary","alternate_title","src_onet_30_1","0.75"
"occ_43_6011_00","President's Assistant","alternate_title","src_onet_30_1","0.75"
"occ_43_6011_00","Program Support Assistant","alternate_title","src_onet_30_1","0.75"
"occ_43_6011_00","Program Support Specialist","alternate_title","src_onet_30_1","0.75"
"occ_43_6011_00","Project Assistant","alternate_title","src_onet_30_1","0.75"
"occ_43_6011_00","Protocol Officer","alternate_title","src_onet_30_1","0.75"
"occ_43_6011_00","Scheduler","alternate_title","src_onet_30_1","0.75"
"occ_43_6011_00","senior administrative assistant","manual_seed","src_onet_30_1","0.85"
"occ_43_6011_00","Staff Assistant","alternate_title","src_onet_30_1","0.75"
"occ_43_6011_00","Trust Manager Assistant","alternate_title","src_onet_30_1","0.75"
"occ_43_6011_00","VP Assistant (Vice President's Assistant)","alternate_title","src_onet_30_1","0.75"
"occ_43_6011_00","VP Secretary (Vice President Secretary)","alternate_title","src_onet_30_1","0.75"
"occ_43_6014_00","Administrative Assistant","short_title","src_onet_30_1","0.95"
"occ_43_6014_00","Administrative Assistant (Admin Assistant)","alternate_title","src_onet_30_1","0.75"
"occ_43_6014_00","Administrative Associate","alternate_title","src_onet_30_1","0.75"
"occ_43_6014_00","Administrative Clerk","alternate_title","src_onet_30_1","0.75"
"occ_43_6014_00","Administrative Coordinator","alternate_title","src_onet_30_1","0.75"
"occ_43_6014_00","Administrative Liaison","alternate_title","src_onet_30_1","0.75"
"occ_43_6014_00","Administrative Resources Associate","alternate_title","src_onet_30_1","0.75"
"occ_43_6014_00","Administrative Secretary (Admin Secretary)","alternate_title","src_onet_30_1","0.75"
"occ_43_6014_00","Administrative Specialist (Admin Specialist)","alternate_title","src_onet_30_1","0.75"
"occ_43_6014_00","Administrative Support Assistant (ASA)","alternate_title","src_onet_30_1","0.75"
"occ_43_6014_00","Administrative Support Specialist","alternate_title","src_onet_30_1","0.75"
"occ_43_6014_00","Administrative Technician","alternate_title","src_onet_30_1","0.75"
"occ_43_6014_00","Alumni Secretary","alternate_title","src_onet_30_1","0.75"
"occ_43_6014_00","Appointment Scheduler","alternate_title","src_onet_30_1","0.75"
"occ_43_6014_00","Clerical Secretary","alternate_title","src_onet_30_1","0.75"
"occ_43_6014_00","Clerk Secretary","alternate_title","src_onet_30_1","0.75"
"occ_43_6014_00","Department Secretary","alternate_title","src_onet_30_1","0.75"
"occ_43_6014_00","Escrow Assistant","alternate_title","src_onet_30_1","0.75"
"occ_43_6014_00","Escrow Secretary","alternate_title","src_onet_30_1","0.75"
"occ_43_6014_00","Front Desk Coordinator","alternate_title","src_onet_30_1","0.75"
"occ_43_6014_00","office administrative assistant","manual_seed","src_onet_30_1","0.85"
"occ_43_6014_00","Office Administrator","alternate_title","src_onet_30_1","0.75"
"occ_43_6014_00","Office Assistant","alternate_title","src_onet_30_1","0.75"
"occ_43_6014_00","Office Secretary","alternate_title","src_onet_30_1","0.75"
"occ_43_6014_00","Operations Assistant","alternate_title","src_onet_30_1","0.75"
"occ_43_6014_00","Personal Assistant","alternate_title","src_onet_30_1","0.75"
"occ_43_6014_00","Personal Secretary","alternate_title","src_onet_30_1","0.75"
"occ_43_6014_00","Police","alternate_title","src_onet_30_1","0.75"
"occ_43_6014_00","Police Administrative Assistant","alternate_title","src_onet_30_1","0.75"
"occ_43_6014_00","Program Assistant","alternate_title","src_onet_30_1","0.75"
"occ_43_6014_00","Real Estate Administrative Assistant","alternate_title","src_onet_30_1","0.75"
"occ_43_6014_00","Scheduling Coordinator","alternate_title","src_onet_30_1","0.75"
"occ_43_6014_00","School Attendance Secretary","alternate_title","src_onet_30_1","0.75"
"occ_43_6014_00","School Secretary","alternate_title","src_onet_30_1","0.75"
"occ_43_6014_00","Secretary","alternate_title","src_onet_30_1","0.75"
"occ_43_6014_00","Staff Assistant","alternate_title","src_onet_30_1","0.75"
"occ_43_9041_00","Agency Service Representative (Agency Service Rep)","alternate_title","src_onet_30_1","0.75"
"occ_43_9041_00","Auto Claims Rep (Automotive Claims Representative)","alternate_title","src_onet_30_1","0.75"
"occ_43_9041_00","Auto Liability Claims Rep (Automotive Liability Claims Representative)","alternate_title","src_onet_30_1","0.75"
"occ_43_9041_00","Billing and Insurance Coordinator","alternate_title","src_onet_30_1","0.75"
"occ_43_9041_00","Bodily Injury Claims Representative (Bodily Injury Claims Rep)","alternate_title","src_onet_30_1","0.75"
"occ_43_9041_00","Cancellation Clerk","alternate_title","src_onet_30_1","0.75"
"occ_43_9041_00","Claim Representative (Claims Rep)","alternate_title","src_onet_30_1","0.75"
"occ_43_9041_00","Claims Adjudicator","alternate_title","src_onet_30_1","0.75"
"occ_43_9041_00","Claims Analyst","alternate_title","src_onet_30_1","0.75"
"occ_43_9041_00","Claims Assistant","alternate_title","src_onet_30_1","0.75"
"occ_43_9041_00","Claims Associate","alternate_title","src_onet_30_1","0.75"
"occ_43_9041_00","Claims Clerk","alternate_title","src_onet_30_1","0.75"
"occ_43_9041_00","Claims Coordinator","alternate_title","src_onet_30_1","0.75"
"occ_43_9041_00","Claims Customer Service Representative (Claims CSR)","alternate_title","src_onet_30_1","0.75"
"occ_43_9041_00","Claims Processing Clerk","short_title","src_onet_30_1","0.95"
"occ_43_9041_00","Claims Processing Specialist (CPS)","alternate_title","src_onet_30_1","0.75"
"occ_43_9041_00","Claims Processor","alternate_title","src_onet_30_1","0.75"
"occ_43_9041_00","Claims Representative (Claims Rep)","alternate_title","src_onet_30_1","0.75"
"occ_43_9041_00","Claims Service Representative (Claims Service Rep)","alternate_title","src_onet_30_1","0.75"
"occ_43_9041_00","Claims Sorter","alternate_title","src_onet_30_1","0.75"
"occ_43_9041_00","Claims Taker","alternate_title","src_onet_30_1","0.75"
"occ_43_9041_00","Claims Technician (Claims Tech)","alternate_title","src_onet_30_1","0.75"
"occ_43_9041_00","Client Process Specialist","alternate_title","src_onet_30_1","0.75"
"occ_43_9041_00","Commercial Lines Underwriting Assistant","alternate_title","src_onet_30_1","0.75"
"occ_43_9041_00","Cyber Insurance Policy Specialist","alternate_title","src_onet_30_1","0.75"
"occ_43_9041_00","Dental Insurance Coordinator","alternate_title","src_onet_30_1","0.75"
"occ_43_9041_00","Document Processor","alternate_title","src_onet_30_1","0.75"
"occ_43_9041_00","Document Reviewer","alternate_title","src_onet_30_1","0.75"
"occ_43_9041_00","Enrollment Representative","alternate_title","src_onet_30_1","0.75"
"occ_43_9041_00","Field Claims Representative","alternate_title","src_onet_30_1","0.75"
"occ_43_9041_00","Insurance Analyst","alternate_title","src_onet_30_1","0.75"
"occ_43_9041_00","Insurance Assistant","alternate_title","src_onet_30_1","0.75"
"occ_43_9041_00","Insurance Associate","alternate_title","src_onet_30_1","0.75"
"occ_43_9041_00","Insurance Authorization Specialist","alternate_title","src_onet_30_1","0.75"
"occ_43_9041_00","Insurance Biller","alternate_title","src_onet_30_1","0.75"
"occ_43_9041_00","Insurance Checker","alternate_title","src_onet_30_1","0.75"
"occ_43_9041_00","Insurance Claims Clerk","alternate_title","src_onet_30_1","0.75"
"occ_43_9041_00","Insurance Claims Processor","alternate_title","src_onet_30_1","0.75"
"occ_43_9041_00","Insurance Clerk","alternate_title","src_onet_30_1","0.75"
"occ_43_9041_00","Insurance Coordinator","alternate_title","src_onet_30_1","0.75"
"occ_43_9041_00","Insurance Customer Service Representative (Insurance CSR)","alternate_title","src_onet_30_1","0.75"
"occ_43_9041_00","Insurance Examining Clerk","alternate_title","src_onet_30_1","0.75"
"occ_43_9041_00","Insurance Policy Issue Clerk","alternate_title","src_onet_30_1","0.75"
"occ_43_9041_00","Insurance Processing Clerk","alternate_title","src_onet_30_1","0.75"
"occ_43_9041_00","Insurance Processor","alternate_title","src_onet_30_1","0.75"
"occ_43_9041_00","Insurance Specialist","alternate_title","src_onet_30_1","0.75"
"occ_43_9041_00","Insurance Verification Specialist","alternate_title","src_onet_30_1","0.75"
"occ_43_9041_00","Liability Claims Representative","alternate_title","src_onet_30_1","0.75"
"occ_43_9041_00","Medical Claims Processor","alternate_title","src_onet_30_1","0.75"
"occ_43_9041_00","Medical Insurance Claims Processor","alternate_title","src_onet_30_1","0.75"
"occ_43_9041_00","Medical Insurance Specialist","alternate_title","src_onet_30_1","0.75"
"occ_43_9041_00","Open Claims Representative (OCR)","alternate_title","src_onet_30_1","0.75"
"occ_43_9041_00","Personal Lines Insurance Customer Service Representative (Personal Lines Insurance CSR)","alternate_title","src_onet_30_1","0.75"
"occ_43_9041_00","Policy Analyst","alternate_title","src_onet_30_1","0.75"
"occ_43_9041_00","Policy Change Clerk","alternate_title","src_onet_30_1","0.75"
"occ_43_9041_00","Policy Checker","alternate_title","src_onet_30_1","0.75"
"occ_43_9041_00","Policy Issue Clerk","alternate_title","src_onet_30_1","0.75"
"occ_43_9041_00","policy processing clerk","manual_seed","src_onet_30_1","0.85"
"occ_43_9041_00","Policy Title Typist","alternate_title","src_onet_30_1","0.75"
"occ_43_9041_00","Premium Representative","alternate_title","src_onet_30_1","0.75"
"occ_43_9041_00","Processing Clerk","alternate_title","src_onet_30_1","0.75"
"occ_43_9041_00","Reimbursement Counselor","alternate_title","src_onet_30_1","0.75"
"occ_43_9041_00","Reinsurance Clerk","alternate_title","src_onet_30_1","0.75"
"occ_43_9041_00","Reviewer","alternate_title","src_onet_30_1","0.75"
"occ_43_9041_00","Revival Clerk","alternate_title","src_onet_30_1","0.75"
"occ_43_9041_00","Underwriting Assistant","alternate_title","src_onet_30_1","0.75"
"occ_43_9041_00","Underwriting Associate","alternate_title","src_onet_30_1","0.75"
"occ_43_9041_00","Underwriting Clerk","alternate_title","src_onet_30_1","0.75"
"occ_43_9041_00","Workers' Compensation Claims Assistant","alternate_title","src_onet_30_1","0.75"
"occ_43_9061_00","Administration Clerk","alternate_title","src_onet_30_1","0.75"
"occ_43_9061_00","administrative clerk","manual_seed","src_onet_30_1","0.85"
"occ_43_9061_00","Administrative Clerk (Admin Clerk)","alternate_title","src_onet_30_1","0.75"
"occ_43_9061_00","Administrative Support Specialist","alternate_title","src_onet_30_1","0.75"
"occ_43_9061_00","Administrative Technician (Admin Tech)","alternate_title","src_onet_30_1","0.75"
"occ_43_9061_00","Agent-Licensing Clerk","alternate_title","src_onet_30_1","0.75"
"occ_43_9061_00","Animal Hospital Clerk","alternate_title","src_onet_30_1","0.75"
"occ_43_9061_00","Animal Shelter Clerk","alternate_title","src_onet_30_1","0.75"
"occ_43_9061_00","Attendance Clerk","alternate_title","src_onet_30_1","0.75"
"occ_43_9061_00","Auction Assistant","alternate_title","src_onet_30_1","0.75"
"occ_43_9061_00","Audit Control Clerk","alternate_title","src_onet_30_1","0.75"
"occ_43_9061_00","Automobile Contract Clerk","alternate_title","src_onet_30_1","0.75"
"occ_43_9061_00","Bilingual Office Assistant","alternate_title","src_onet_30_1","0.75"
"occ_43_9061_00","Blood Bank Calendar Control Clerk","alternate_title","src_onet_30_1","0.75"
"occ_43_9061_00","Blood Bank Credit Clerk","alternate_title","src_onet_30_1","0.75"
"occ_43_9061_00","Blood Donor Unit Assistant","alternate_title","src_onet_30_1","0.75"
"occ_43_9061_00","Board Attendant","alternate_title","src_onet_30_1","0.75"
"occ_43_9061_00","Broadcast Checker","alternate_title","src_onet_30_1","0.75"
"occ_43_9061_00","Call Center Specialist","alternate_title","src_onet_30_1","0.75"
"occ_43_9061_00","Car Distributor","alternate_title","src_onet_30_1","0.75"
"occ_43_9061_00","Chart Clerk","alternate_title","src_onet_30_1","0.75"
"occ_43_9061_00","Charter","alternate_title","src_onet_30_1","0.75"
"occ_43_9061_00","Circulation Clerk","alternate_title","src_onet_30_1","0.75"
"occ_43_9061_00","Clerical Aide","alternate_title","src_onet_30_1","0.75"
"occ_43_9061_00","Clerical Assistant","alternate_title","src_onet_30_1","0.75"
"occ_43_9061_00","Clerical Dentist Assistant","alternate_title","src_onet_30_1","0.75"
"occ_43_9061_00","Clerical Office Worker","alternate_title","src_onet_30_1","0.75"
"occ_43_9061_00","Clerk","alternate_title","src_onet_30_1","0.75"
"occ_43_9061_00","Code and Test Clerk","alternate_title","src_onet_30_1","0.75"
"occ_43_9061_00","Congressional District Aide","alternate_title","src_onet_30_1","0.75"
"occ_43_9061_00","Copyright Expert","alternate_title","src_onet_30_1","0.75"
"occ_43_9061_00","Credit Card Clerk","alternate_title","src_onet_30_1","0.75"
"occ_43_9061_00","Credit Card Control Clerk","alternate_title","src_onet_30_1","0.75"
"occ_43_9061_00","Data Examination Clerk","alternate_title","src_onet_30_1","0.75"
"occ_43_9061_00","Desk Clerk","alternate_title","src_onet_30_1","0.75"
"occ_43_9061_00","Document Coordinator","alternate_title","src_onet_30_1","0.75"
"occ_43_9061_00","Document Examiner","alternate_title","src_onet_30_1","0.75"
"occ_43_9061_00","Document Processor","alternate_title","src_onet_30_1","0.75"
"occ_43_9061_00","Election Clerk","alternate_title","src_onet_30_1","0.75"
"occ_43_9061_00","Examination Proctor","alternate_title","src_onet_30_1","0.75"
"occ_43_9061_00","Field Assistant","alternate_title","src_onet_30_1","0.75"
"occ_43_9061_00","Field Clerk","alternate_title","src_onet_30_1","0.75"
"occ_43_9061_00","Field Representative","alternate_title","src_onet_30_1","0.75"
"occ_43_9061_00","Fingerprint Clerk","alternate_title","src_onet_30_1","0.75"
"occ_43_9061_00","Floor Clerk","alternate_title","src_onet_30_1","0.75"
"occ_43_9061_00","Floor Space Allocator","alternate_title","src_onet_30_1","0.75"
"occ_43_9061_00","Front Office Assistant","alternate_title","src_onet_30_1","0.75"
"occ_43_9061_00","Front Office Clerk","alternate_title","src_onet_30_1","0.75"
"occ_43_9061_00","General Clerk","alternate_title","src_onet_30_1","0.75"
"occ_43_9061_00","general office assistant","manual_seed","src_onet_30_1","0.85"
"occ_43_9061_00","General Office Clerk","alternate_title","src_onet_30_1","0.75"
"occ_43_9061_00","General Office Worker","alternate_title","src_onet_30_1","0.75"
"occ_43_9061_00","Government Clerk","alternate_title","src_onet_30_1","0.75"
"occ_43_9061_00","Grading Clerk","alternate_title","src_onet_30_1","0.75"
"occ_43_9061_00","Greige Goods Marker","alternate_title","src_onet_30_1","0.75"
"occ_43_9061_00","Health Unit Coordinator","alternate_title","src_onet_30_1","0.75"
"occ_43_9061_00","History Card Clerk","alternate_title","src_onet_30_1","0.75"
"occ_43_9061_00","Identification Clerk","alternate_title","src_onet_30_1","0.75"
"occ_43_9061_00","Insurance Clerk","alternate_title","src_onet_30_1","0.75"
"occ_43_9061_00","Laboratory Clerk","alternate_title","src_onet_30_1","0.75"
"occ_43_9061_00","Laundry Clerk","alternate_title","src_onet_30_1","0.75"
"occ_43_9061_00","Lost and Found Clerk","alternate_title","src_onet_30_1","0.75"
"occ_43_9061_00","Lost Charge Card Clerk","alternate_title","src_onet_30_1","0.75"
"occ_43_9061_00","Map Clerk","alternate_title","src_onet_30_1","0.75"
"occ_43_9061_00","Marketing Clerk","alternate_title","src_onet_30_1","0.75"
"occ_43_9061_00","Media Clerk","alternate_title","src_onet_30_1","0.75"
"occ_43_9061_00","Melter Clerk","alternate_title","src_onet_30_1","0.75"
"occ_43_9061_00","Office Administrative Assistant (Office Admin Assistant)","alternate_title","src_onet_30_1","0.75"
"occ_43_9061_00","Office Aide","alternate_title","src_onet_30_1","0.75"
"occ_43_9061_00","Office Assistant","alternate_title","src_onet_30_1","0.75"
"occ_43_9061_00","Office Associate","alternate_title","src_onet_30_1","0.75"
"occ_43_9061_00","Office Automation Clerk","alternate_title","src_onet_30_1","0.75"
"occ_43_9061_00","Office Clerical Helper","alternate_title","src_onet_30_1","0.75"
"occ_43_9061_00","Office Clerk","alternate_title","src_onet_30_1","0.75"
"occ_43_9061_00","Office Employee","alternate_title","src_onet_30_1","0.75"
"occ_43_9061_00","Office Helper","alternate_title","src_onet_30_1","0.75"
"occ_43_9061_00","Office Services Specialist","alternate_title","src_onet_30_1","0.75"
"occ_43_9061_00","Office Support Assistant","alternate_title","src_onet_30_1","0.75"
"occ_43_9061_00","Office Worker","alternate_title","src_onet_30_1","0.75"
"occ_43_9061_00","Order Caller","alternate_title","src_onet_30_1","0.75"
"occ_43_9061_00","Police Aide","alternate_title","src_onet_30_1","0.75"
"occ_43_9061_00","Police Clerk","alternate_title","src_onet_30_1","0.75"
"occ_43_9061_00","Press Clippings Cutter and Paster","alternate_title","src_onet_30_1","0.75"
"occ_43_9061_00","Process Server","alternate_title","src_onet_30_1","0.75"
"occ_43_9061_00","Program Support Clerk","alternate_title","src_onet_30_1","0.75"
"occ_43_9061_00","Property Clerk","alternate_title","src_onet_30_1","0.75"
"occ_43_9061_00","Property Coordinator","alternate_title","src_onet_30_1","0.75"
"occ_43_9061_00","Radio Message Router","alternate_title","src_onet_30_1","0.75"
"occ_43_9061_00","Real Estate Assistant","alternate_title","src_onet_30_1","0.75"
"occ_43_9061_00","Real Estate Clerk","alternate_title","src_onet_30_1","0.75"
"occ_43_9061_00","Returned Telephone Equipment Appraiser","alternate_title","src_onet_30_1","0.75"
"occ_43_9061_00","Router","alternate_title","src_onet_30_1","0.75"
"occ_43_9061_00","Stubber","alternate_title","src_onet_30_1","0.75"
"occ_43_9061_00","Telegraph Service Clerk","alternate_title","src_onet_30_1","0.75"
"occ_43_9061_00","Test Technician","alternate_title","src_onet_30_1","0.75"
"occ_43_9061_00","Throw-Out Clerk","alternate_title","src_onet_30_1","0.75"
"occ_43_9061_00","Trace Clerk","alternate_title","src_onet_30_1","0.75"
"occ_43_9061_00","Train Clerk","alternate_title","src_onet_30_1","0.75"
"occ_43_9061_00","Trip Follower","alternate_title","src_onet_30_1","0.75"
"occ_43_9061_00","Underwriting Clerk","alternate_title","src_onet_30_1","0.75"
"occ_43_9061_00","Unit Clerk","alternate_title","src_onet_30_1","0.75"
"occ_43_9061_00","Utility Worker","alternate_title","src_onet_30_1","0.75"
"occ_43_9061_00","Weather Clerk","alternate_title","src_onet_30_1","0.75"
"occ_43_9061_00","Wrong Address Clerk","alternate_title","src_onet_30_1","0.75"
"occ_43_9061_00","Yard Clerk","alternate_title","src_onet_30_1","0.75"
"occ_43_9111_00","Actuarial Analyst","alternate_title","src_onet_30_1","0.75"
"occ_43_9111_00","Actuarial Assistant","alternate_title","src_onet_30_1","0.75"
"occ_43_9111_00","Actuarial Technician","alternate_title","src_onet_30_1","0.75"
"occ_43_9111_00","Actuary Clerk","alternate_title","src_onet_30_1","0.75"
"occ_43_9111_00","Administrative Analyst","alternate_title","src_onet_30_1","0.75"
"occ_43_9111_00","Advertising Statistical Clerk","alternate_title","src_onet_30_1","0.75"
"occ_43_9111_00","Analytical Clerk","alternate_title","src_onet_30_1","0.75"
"occ_43_9111_00","Bookman","alternate_title","src_onet_30_1","0.75"
"occ_43_9111_00","Chart Calculator","alternate_title","src_onet_30_1","0.75"
"occ_43_9111_00","Chart Changer","alternate_title","src_onet_30_1","0.75"
"occ_43_9111_00","Chart Clerk","alternate_title","src_onet_30_1","0.75"
"occ_43_9111_00","Compilation Clerk","alternate_title","src_onet_30_1","0.75"
"occ_43_9111_00","Compiler","alternate_title","src_onet_30_1","0.75"
"occ_43_9111_00","Customer Data Technician","alternate_title","src_onet_30_1","0.75"
"occ_43_9111_00","Data Analysis Assistant","alternate_title","src_onet_30_1","0.75"
"occ_43_9111_00","Data Analysis Clerk","alternate_title","src_onet_30_1","0.75"
"occ_43_9111_00","Data Compiler","alternate_title","src_onet_30_1","0.75"
"occ_43_9111_00","Data Editing Clerk","alternate_title","src_onet_30_1","0.75"
"occ_43_9111_00","Data Technician","alternate_title","src_onet_30_1","0.75"
"occ_43_9111_00","Fiscal Clerk","alternate_title","src_onet_30_1","0.75"
"occ_43_9111_00","Mileage Clerk","alternate_title","src_onet_30_1","0.75"
"occ_43_9111_00","Prorate Clerk","alternate_title","src_onet_30_1","0.75"
"occ_43_9111_00","Proration Clerk","alternate_title","src_onet_30_1","0.75"
"occ_43_9111_00","Record Tabulating Clerk","alternate_title","src_onet_30_1","0.75"
"occ_43_9111_00","Report Clerk","alternate_title","src_onet_30_1","0.75"
"occ_43_9111_00","Research Assistant","alternate_title","src_onet_30_1","0.75"
"occ_43_9111_00","Research Associate","alternate_title","src_onet_30_1","0.75"
"occ_43_9111_00","Statistical Analyst","alternate_title","src_onet_30_1","0.75"
"occ_43_9111_00","Statistical Assistant","alternate_title","src_onet_30_1","0.75"
"occ_43_9111_00","Statistical Clerk","alternate_title","src_onet_30_1","0.75"
"occ_43_9111_00","Statistical Research Assistant","alternate_title","src_onet_30_1","0.75"
"occ_43_9111_00","Statistical Technician","alternate_title","src_onet_30_1","0.75"
"occ_43_9111_00","statistics assistant","manual_seed","src_onet_30_1","0.85"
"occ_43_9111_00","Survey Data Technician","alternate_title","src_onet_30_1","0.75"
"occ_43_9111_00","Tabulating Clerk","alternate_title","src_onet_30_1","0.75"
"occ_43_9111_00","Tariff Compiler","alternate_title","src_onet_30_1","0.75"
"occ_43_9111_00","Tariff Compiling Clerk","alternate_title","src_onet_30_1","0.75"
"occ_43_9111_00","Technical Analyst","alternate_title","src_onet_30_1","0.75"
"occ_43_9111_00","Voice and Data Technician","alternate_title","src_onet_30_1","0.75"
"occ_43_9111_00","Wheelage Clerk","alternate_title","src_onet_30_1","0.75"
