"occupation_id","title","role_family","search_blob","employment_us","median_wage_usd","projection_growth_pct","exposure_prior_score","adaptive_capacity_prior_score","selector_weight","coverage_tier"
"occ_15_1252_00","Software Developers","software","software developer software developers ai specialist (artificial intelligence specialist) application analyst application architect application developer application engineer application integration engineer application integrator application programmer application software engineering it specialist (application software engineering information technology specialist) application support engineer application systems analyst application systems architect beta tester business application developer certified internetwork expert commercial drone software developer computer application developer computer application engineer computer architect computer consultant computer engineer computer programmer analyst computer software engineer computer systems software architect computer systems software engineer developer devops architect (development and operations architect) devops developer (development and operations developer) devops engineer (development operations engineer) drone software development engineer edp system engineer (electronic data processing system engineer) embedded engineer embedded software engineer embedded systems software developer enterprise systems engineer extract transform load developer full stack developer full stack engineer full stack software engineer game developer game engineer graphic engineer implementation specialist information architect infrastructure engineer interface designer internet application developer internet consultant knowledge management application developer mainframe systems programmer mobile application developer mobile device developer operating system designer (os designer) operating system specialist (os specialist) publishing systems analyst secure software assessor server engineer simulation developer site reliability engineer soa developer (service oriented architecture developer) software application architect software application designer software application developer software application engineer software application specialist software architect software computer specialist software design engineer software designer software development engineer software engineer software engineering systems it specialist (software engineering systems information technology specialist) software quality engineer (sqe) software requirements engineer (sre) software systems developer software systems engineer software writer solution architect solution engineer solutions architect systems analyst engineer systems coordinator systems engineer systems integration engineer systems software designer systems software engineer systems software specialist systems support engineer ui designer (user interface designer) usability engineer video game engineer xml developer (extensible markup language developer)","1654440","133080","15.8","0.662","0.664","0.83","launch"
"occ_43_9061_00","Office Clerks, General","admin","office clerk office clerks, general administration clerk administrative clerk administrative clerk (admin clerk) administrative support specialist administrative technician (admin tech) agent-licensing clerk animal hospital clerk animal shelter clerk attendance clerk auction assistant audit control clerk automobile contract clerk bilingual office assistant blood bank calendar control clerk blood bank credit clerk blood donor unit assistant board attendant broadcast checker call center specialist car distributor chart clerk charter circulation clerk clerical aide clerical assistant clerical dentist assistant clerical office worker clerk code and test clerk congressional district aide copyright expert credit card clerk credit card control clerk data examination clerk desk clerk document coordinator document examiner document processor election clerk examination proctor field assistant field clerk field representative fingerprint clerk floor clerk floor space allocator front office assistant front office clerk general clerk general office assistant general office clerk general office worker government clerk grading clerk greige goods marker health unit coordinator history card clerk identification clerk insurance clerk laboratory clerk laundry clerk lost and found clerk lost charge card clerk map clerk marketing clerk media clerk melter clerk office administrative assistant (office admin assistant) office aide office assistant office associate office automation clerk office clerical helper office employee office helper office services specialist office support assistant office worker order caller police aide police clerk press clippings cutter and paster process server program support clerk property clerk property coordinator radio message router real estate assistant real estate clerk returned telephone equipment appraiser router stubber telegraph service clerk test technician throw-out clerk trace clerk train clerk trip follower underwriting clerk unit clerk utility worker weather clerk wrong address clerk yard clerk","2510550","43630","-6.7","0.241","0.392","0.80","launch"
"occ_11_1021_00","General and Operations Managers","product_management","operations manager general and operations managers area manager boards and commissions director business coordinator business manager business unit manager center manager chief administrative officer (cao) corporate manager department manager department store general manager (dept store gm) department store manager (dept store manager) district commercial superintendent district manager district plant superintendent district traffic chief district wire chief division toll wire chief division traffic superintendent drilling and production superintendent electrical superintendent equipment maintenance superintendent field party manager fish and game club manager general manager general manager (gm) general superintendent golf and operations manager golf course manager gym manager installation superintendent io manager (industrial organization manager) laundry superintendent line construction superintendent manufacturing operations manager mine superintendent movie theater manager newspaper manager nonprofit manager office manager offshoring manager operational risk manager operations director operations general manager (operations gm) operations supervisor park superintendent parks and recreation manager plant superintendent print production manager printing manager prison warden program director program manager public works director publication director refinery superintendent revenue director revenue manager roads superintendent shelter director shift supervisor shop superintendent site operations manager solid waste manager sports team manager store director store manager street commissioner street superintendent substation superintendent theatre manager training manager venue manager water and sewer systems supervisor water superintendent zoo director","3584420","102950","4.4","0.327","0.616","0.79","launch"
"occ_43_6014_00","Secretaries and Administrative Assistants, Except Legal, Medical, and Executive","admin","administrative assistant secretaries and administrative assistants, except legal, medical, and executive administrative assistant (admin assistant) administrative associate administrative clerk administrative coordinator administrative liaison administrative resources associate administrative secretary (admin secretary) administrative specialist (admin specialist) administrative support assistant (asa) administrative support specialist administrative technician alumni secretary appointment scheduler clerical secretary clerk secretary department secretary escrow assistant escrow secretary front desk coordinator office administrative assistant office administrator office assistant office secretary operations assistant personal assistant personal secretary police police administrative assistant program assistant real estate administrative assistant scheduling coordinator school attendance secretary school secretary secretary staff assistant","1737820","46290","-1.6","0.167","0.199","0.76","launch"
"occ_13_2011_00","Accountants and Auditors","finance","accountant accountants and auditors account auditor accounting analyst accounting associate accounting auditor accounting consultant accounting methods analyst accounting officer accounting systems analyst asset analyst audit associate audit partner auditor auditor-in-charge bank accountant budget accountant bursar certified public accountant (cpa) city auditor compliance analyst compliance auditor compliance coordinator corporate accountant cost accountant county auditor data processing auditor field auditor finance business partner financial accountant financial auditor financial systems analyst forensic accountant fund accountant general accountant general ledger accountant industrial accountant information systems auditor insurance auditor internal auditor inventory accountant inventory auditor medical accountant medical auditor mutual fund accountant payroll analyst payroll auditor project accountant property accountant public accountant quality control auditor railroad accountant railroad auditor revenue accountant revenue audit clerk revenue tax specialist staff accountant staff auditor tax accountant tax associate tax auditor tax professional tax specialist traveling accountant traveling auditor traveling repair accountant","1448290","81680","4.6","0.165","0.486","0.74","launch"
"occ_15_1211_00","Computer Systems Analysts","software","systems analyst computer systems analysts applications analyst applications systems analyst automatic data processing planner (adp planner) business systems analyst computer analyst computer architect computer consultant computer equipment analyst computer methods analyst computer systems analyst computer systems consultant computer systems design analyst computer systems designer computer systems specialist configuration analyst configuration manager cross enterprise integrator cyber defense infrastructure support specialist data processing consultant data processing systems analyst data processing systems consultant data processing systems project planner database analyst database design analyst digital computer systems analyst edi analyst (electronic data exchange analyst) electronic transactions implementer engineering systems analyst erp consultant (enterprise resource planning consultant) erp specialist (enterprise resource planning specialist) functional analyst health systems analyst implementation consultant information scientist information systems analyst (isa) information systems auditor (is auditor) information systems consultant (is consultant) information systems planner (is planner) information systems specialist (is specialist) internet analyst it analyst it analyst (information technology analyst) it auditor (information technology auditor) it business analyst (information technology business analyst) it business systems analyst (information technology business systems analyst) it consultant (information technology consultant) it performance analyst (information technology performance analyst) it security analyst (information technology security analyst) it systems analyst (information technology systems analyst) programmer analyst public key infrastructure analyst (pki analyst) scientific systems analyst software analyst software consultant solution architect systems analysis specialist systems integrator technical analyst technical business analyst technical consultant technology analyst virus technician (virus tech) vulnerability assessment analyst vulnerability assessor","497800","103790","8.7","0.230","0.616","0.74","launch"
"occ_43_3031_00","Bookkeeping, Accounting, and Auditing Clerks","finance","bookkeeper bookkeeping, accounting, and auditing clerks account administrator account clerk account information clerk account receivable clerk accountant assistant accountant clerk accountant helper accounting assistant accounting associate accounting bookkeeper accounting clerk accounting coordinator accounting representative accounting specialist accounting technician accounts payable clerk accounts payable coordinator accounts payable specialist accounts payables clerk accounts receivable assistant accounts receivable clerk accounts receivable specialist advice clerk amortization clerk audit clerk audit control clerk auditing clerk balance clerk bank reconciliator bond clerk booking clerk bookkeeper assistant bookkeeping clerk budget clerk budget technician canceling and cutting control clerk cash accounting clerk cash register balancer chart calculator chart changer chart clerk chart computer chart picker chart reader chart snatcher check clerk check processing clerk classification analyst classification control clerk classifier clearing house clerk clerk analyst clipman collateral clerk collection clerk commodity loan clerk computer bookkeeper cost accounting clerk credit card clerk daily sales audit clerk discount clerk distribution accounting clerk dividend deposit voucher clerk document processor escrow agent escrow closer export clerk export documents clerk field clerk figure clerk finance assistant financial processing clerk financial recording clerk financial specialist fiscal accounting clerk fiscal technician fixed capital clerk foreclosure clerk foreign exchange position clerk full charge bookkeeper general ledger bookkeeper import and export clerk journal clerk ledger clerk ledger poster letter of credit clerk margin clerk mortgage accounting clerk mortgage loan computation clerk office bookkeeper pari mutual ticket checker payment processor posting clerk price checker price clerk program accountant reconcilement clerk reconciliation analyst reconciliation clerk remittance clerk reserves clerk returned item clerk revenue audit clerk safekeeping clerk sales audit clerk securities clerk stock transfer clerk tonnage compilation clerk trust vault clerk typing bookkeeper voucher clerk voucher examiner wheelage clerk","1455770","49210","-5.8","0.209","0.407","0.73","launch"
"occ_43_4051_00","Customer Service Representatives","operations","customer service representative customer service representatives account adjuster account representative adjustment clerk automotive service advisor automotive service writer bill adjuster call center representative claims customer service representative (claims csr) clerical adjudicator client relations specialist client service representative (client service rep) client services representative client support professional client support representative compensation adjuster complaints adjuster complaints clerk contact center specialist customer advocate customer care representative (ccr) customer care service representative customer care specialist customer complaints clerk customer contact specialist customer relations representative customer service agent customer service assistant customer service associate customer service cashier customer service clerk customer service consultant customer service coordinator customer service officer customer service professional customer service representative (csr) customer service specialist customer support representative (customer support rep) customer support specialist field service representative guest service agent hub associate inbound customer service representative (inbound csr) lost and found clerk member services representative (member services rep) membership coordinator merchandise complaint adjuster passenger relations representative phone representative policyholder information clerk product support specialist returns clerk return-to-factory clerk service advisor service advocate contact service representative service writer telephone service advisor trouble clerk utilities customer service representative (utilities csr) utility bill complaints investigator verifying specialist warranty administrator warranty clerk","2725930","42830","-5.5","0.270","0.375","0.73","launch"
"occ_13_1082_00","Project Management Specialists","product_management","project manager project management specialists design project management specialist grant assistant human resources project manager (hr project manager) implementation project manager implementations management specialist movie project management specialist planning development specialist program coordinator project administrator project communications officer project controller project coordinator project delivery manager project management manager project management specialist project management technical specialist project management technician project scheduler technical project manager (technical pm)","1006160","100750","5.6","0.451","0.579","0.72","launch"
"occ_13_1161_00","Market Research Analysts and Marketing Specialists","marketing","marketing specialist market research analysts and marketing specialists advertising analyst business development analyst business development associate business development representative business development specialist communications specialist demographic analyst digital marketing specialist email marketing processor email marketing specialist event marketer family consumer scientist government business development specialist international trade specialist market analyst market research analyst market research consultant market research specialist market research worker market researcher marketer marketing analyst marketing associate marketing consultant marketing forecaster marketing representative marketing research analyst marketing researcher marketing support specialist social media specialist technical marketing consultant technical marketing specialist trade analyst trade specialist","861140","76950","6.7","0.136","0.547","0.71","launch"
"occ_13_2051_00","Financial and Investment Analysts","finance","financial analyst financial and investment analysts accounting analyst acquisition analyst acquisition specialist acquisitions analyst acquisitions consultant alternative financing specialist analyst bank analyst banking analyst bond analyst brand analyst chartered financial analyst (cfa) commodity analyst corporate financial analyst corporate securities research analyst corporate statistical financial analyst credit products officer equity research analyst finance analyst financial planning and analysis analyst financial reporting analyst financial systems analyst fiscal analyst government incentives alternative financing specialist green material value-added assessor institutional commodity analyst investment analyst investment banker investment officer investment underwriter investor m and a banker (mergers and acquisitions banker) mergers and acquisitions associate (m and a associate) mergers and acquisitions consultant (m and a consultant) money manager mutual fund accountant organizational investment analyst planning analyst portfolio analyst portfolio manager pricing analyst pricing specialist prime broker real estate analyst real estate investor renewable energy system finance specialist securities analyst securities consultant securities research analyst securities underwriter statistical financial analyst stock analyst treasury analyst trust officer","340580","101350","5.7","0.117","0.632","0.69","launch"
"occ_13_1111_00","Management Analysts","consulting","management analyst management analysts administrative analyst administrative support coordinator business analyst business consultant business development analyst business management analyst business management consultant business operations analyst business process analyst business process consultant business systems analyst clerical methods analyst commercial specialist dealer analyst employment programs analyst forms analyst health information management business analyst (him business analyst) health information management data analyst (him data analyst) health program analyst health program specialist health systems analyst healthcare consultant human resource analyst (hr analyst) implementation consultant industrial analyst management and program analyst management consultant management scientist management systems auditor operations analyst organizational development consultant performance consultant performance management analyst program analyst program development specialist program evaluator program management analyst project management analyst records management analyst reports analyst survey analyst technical business analyst","893900","101190","8.8","0.127","0.668","0.69","launch"
"occ_15_2031_00","Operations Research Analysts","data","operations research analyst operations research analysts advanced analytics associate analytical strategist analytics consultant business analyst business operations analyst business process analyst continuous improvement specialist decision analyst decision scientist decision support analyst file system installer forms analyst liaison planner material liaison methods analyst methods consultant methods specialist office system analyst operations analyst (ops analyst) operations research analyst (ops research analyst) operations research scientist (ops research scientist) operations specialist (ops specialist) operations support specialist (ops support specialist) optimization analyst policy advisor policy officer procedure analyst procedure writer process analyst research analyst research assistant research associate research scientist research specialist research technician (research tech) researcher risk analyst sales operations analyst (sales ops analyst) standards analyst systems analyst systems consultant technical analyst","107760","91290","21.5","0.108","0.674","0.69","launch"
"occ_43_6011_00","Executive Secretaries and Executive Administrative Assistants","admin","executive assistant executive secretaries and executive administrative assistants administrative aide administrative assistant administrative associate administrative coordinator administrative liaison administrative office assistant administrative office specialist administrative officer administrative secretary administrative services assistant administrative specialist administrative support specialist clerical specialist confidential secretary congressional apprentice congressional staffer corporate secretary director's assistant executive administrative assistant executive administrator executive office assistant executive secretary executive staff assistant financial secretary human resources executive assistant (hr executive assistant) management assistant office administrator office assistant personal assistant personal secretary president's assistant program support assistant program support specialist project assistant protocol officer scheduler senior administrative assistant staff assistant trust manager assistant vp assistant (vice president's assistant) vp secretary (vice president secretary)","472770","74260","-1.6","0.192","0.431","0.68","launch"
"occ_13_1071_00","Human Resources Specialists","hr","hr specialist human resources specialists business intelligence engineer career development specialist career development technician career specialist certification specialist contract recruiter corporate recruiter credentialing coordinator credentialing specialist credentials specialist employee advisor employee counselor employee health maintenance program specialist employee operations examiner employee placement specialist employee service officer employment advisor employment appeals examiner employment interviewer employment officer employment program representative employment recruiter employment representative employment security officer employment service specialist employment specialist enlisted advisor ethics officer executive coach executive recruiter headhunter healthcare recruiter hr advisor (human resource advisor) hr analyst (human resources analyst) hr associate (human resources associate) hr business partner (human resources business partner) hr consultant (human resources consultant) hr coordinator (human resources coordinator) hr generalist (human resources generalist) hr recruiter (human resources recruiter) hr tech (human resources technician) hris analyst (human resources information system analyst) human resources generalist human resources representative (hr rep) human resources specialist (hr specialist) job developer job development specialist job interviewer job placement officer job placement specialist job recruiter job service consultant job service specialist labor contractor labor service representative labor services representative mentor recruiter morale officer outplacement consultant personnel advisor personnel analyst personnel consultant personnel coordinator personnel counselor personnel interviewer personnel officer personnel placement specialist personnel recruiter personnel representative personnel specialist personnel technician personnel worker placement coordinator placement counselor placement officer placement specialist prisoner classification interviewer recruiter recruiting coordinator recruiting specialist recruitment consultant resume writer retention specialist retirement officer rules examiner selection specialist sourcing recruiter staffing associate staffing consultant staffing coordinator staffing specialist student recruiter talent acquisition coordinator talent acquisition partner (tap) talent acquisition recruiter talent acquisition specialist talent recruiter technical recruiter volunteer coordinator workforce services representative workforce staffing advisor","917460","72910","6.2","0.191","0.562","0.68","launch"
"occ_41_3091_00","Sales Representatives of Services, Except Advertising, Insurance, Financial Services, and Travel","sales","sales representative sales representatives of services, except advertising, insurance, financial services, and travel account executive accounts manager accounts representative automobile club membership sales agent automotive sales consultant (auto sales consultant) business development representative business services sales representative business-to-business sales representative client relationship consultant customer service representative (customer service rep) customer service sales representative (customer service sales rep) field sales consultant field sales representative independent sales representative inside sales and customer service representative (inside sales and customer service rep) inside sales representative marketing representative member service representative (member service rep) member services representative (member services rep) membership representative (membership rep) membership solicitor outside sales representative pest control service sales agent product specialist route sales representative (route sales rep) sales advisor sales agent sales associate sales consultant sales coordinator sales development representative sales representative (sales rep) sales specialist salesman technical sales representative wireless sales specialist","1189330","66260","3.1","0.089","0.595","0.68","launch"
"occ_23_2011_00","Paralegals and Legal Assistants","legal","paralegal paralegals and legal assistants certified paralegal contract preparer contracts specialist corporate legal assistant corporate paralegal document processor estate planning paralegal family law paralegal immigration paralegal intellectual property paralegal law associate legal aide legal analyst legal assistant legal clerk legal processing assistant litigation legal assistant litigation paralegal litigation support specialist paralegal assistant paralegal specialist personal injury paralegal principal law clerk real estate paralegal summer associate trademark paralegal","367220","61010","0.2","0.198","0.457","0.67","launch"
"occ_23_1011_00","Lawyers","legal","lawyer lawyers admiralty lawyer agency legal counsel attorney attorney at law attorney general barrister business lawyer chief counsel city attorney city solicitor civil lawyer civil litigation attorney civil rights attorney claim attorney commonwealth attorney contracts attorney conveyancer corporate attorney corporate counsel corporate counselor corporate lawyer corporation counsel corporation lawyer counsel counselor at law county attorney county counsel criminal defense lawyer criminal justice lawyer criminal lawyer cyber legal advisor cybersecurity lawyer defense attorney district attorney divorce lawyer document review attorney employment attorney entertainment lawyer environmental attorney environmental lawyer estate conservator family law attorney family lawyer federal public defender foreign law consultant foreign legal consultant general counsel general counselor health care attorney immigration attorney immigration lawyer immigration specialist in-house counsel insurance attorney insurance counselor insurance defense attorney intellectual property lawyer law writer legal advisor legal arbitrator legal consultant legal counsel legal examiner legal research analyst legal researcher litigation associate litigation attorney military lawyer patent attorney patent lawyer patent solicitor personal injury attorney probate lawyer prosecuting attorney prosecutor public defender real estate attorney real estate lawyer solicitor special assistant attorney general sports attorney sports lawyer tariff counsel tax attorney tax lawyer title attorney title lawyer town attorney trial attorney trial lawyer workers' compensation attorney","747750","151160","4.1","0.152","0.714","0.66","launch"
"occ_41_3011_00","Advertising Sales Agents","sales","advertising sales agent advertising sales agents account planner account specialist advertising account executive advertising account representative advertising agent advertising assistant advertising consultant advertising coordinator advertising representative advertising sales representative (ad sales representative) advertising solicitor agent broker digital advertising sales representative (digital advertising sales rep) directory advertising sales representative display advertising sales representative field marketing representative field service representative graphic art sales representative idea man idea worker inside sales representative marketing coordinator marketing representative media sales representative outdoor advertising leasing agent outside sales representative radio and television time sales representative radio time salesperson sales consultant sales coordinator sales promotion representative sales representative sales specialist signs and displays sales representative signs and displays salesperson signs sales representative site leasing agent site promotion agent solicitor space buyer time broker time buyer yellow pages space salesperson","97470","61460","-6.4","0.244","0.589","0.65","launch"
"occ_11_3031_00","Financial Managers","finance","financial manager financial managers accountant supervisor accounting director accounting manager accounting supervisor accounts manager accounts payable manager accounts supervisor actuarial manager asset manager atm manager (automated teller machine manager) auditing manager auditor supervisor auto finance manager (automotive finance manager) bank branch manager bank manager banking branch manager banking center manager (bcm) banking manager banking supervisor branch manager budget manager business banking manager cash manager city comptroller collections manager comptroller cost accounting manager credit administration manager credit and collection manager credit department manager credit manager credit office manager credit union manager district branch manager exchange floor manager finance director finance manager financial center manager financial director financial institution branch manager financial institution manager financial officer financial planning and analysis manager financial planning manager financial reporting manager financial supervisor financial systems manager fiscal manager international bank manager investment manager paymaster reimbursement director residential mortgage manager revenue cycle manager risk and insurance manager risk management director tax director tax manager","818620","161700","14.8","0.173","0.633","0.65","launch"
"occ_27_3042_00","Technical Writers","content","technical writer technical writers assembly instructions writer clinical writer contracts writer document specialist documentation designer documentation specialist documentation writer engineering documentation specialist engineering writer grant writer handbook writer health science writer health technical writer information developer lexicographer manual writer medical technical writer medical writer narrative writer process description writer proposal coordinator proposal writer regulatory medical writer report writer requirements analyst scientific writer specifications writer technical communicator technical content professional technical proposal writer technical publications writer technician writer ux writer (user experience writer)","55530","91670","0.9","0.269","0.520","0.65","launch"
"occ_27_1024_00","Graphic Designers","creative","graphic designer graphic designers ad designer (advertising designer) ad layout worker (advertising layout worker) apparel graphic designer artist brand designer catalogue illustrator commercial artist concept artist creative designer design consultant designer digital artist forms designer graphic art designer graphic artist graphic design coordinator graphics coordinator graphics specialist interface designer label maker layout artist marketing graphic designer multimedia designer multimedia developer multimedia specialist online producer presentation designer presentation specialist production artist production designer production graphic designer publications designer studio designer technical illustrator visual designer visual graphic designer","214260","61300","2.1","0.131","0.622","0.64","launch"
"occ_43_9111_00","Statistical Assistants","data","statistical assistant statistical assistants actuarial analyst actuarial assistant actuarial technician actuary clerk administrative analyst advertising statistical clerk analytical clerk bookman chart calculator chart changer chart clerk compilation clerk compiler customer data technician data analysis assistant data analysis clerk data compiler data editing clerk data technician fiscal clerk mileage clerk prorate clerk proration clerk record tabulating clerk report clerk research assistant research associate statistical analyst statistical clerk statistical research assistant statistical technician statistics assistant survey data technician tabulating clerk tariff compiler tariff compiling clerk technical analyst voice and data technician wheelage clerk","5900","51440","-2.5","0.161","0.353","0.64","launch"
"occ_27_3043_00","Writers and Authors","creative","writer writers and authors advertisement agency copywriter (ad agency copywriter) advertisement copywriter (ad copywriter) advertisement writer (ad writer) advertising associate advertising copywriter advertising specialist advertising writer article writer author biographer blurb writer business writer communications specialist content creator content developer content writer copywriter creative copywriter creative writer curriculum writer digital content creator digital copywriter freelance copywriter freelance writer lyricist marketing copywriter marketing writer novelist online content developer playwright poet program writer promotion writer radio scriptwriter screenwriter search engine optimization copywriter (seo copywriter) short story writer song lyricist specification writer television writer verse writer web content writer","47800","72270","3.6","0.213","0.669","0.64","launch"
"occ_13_1151_00","Training and Development Specialists","hr","training specialist training and development specialists applications trainer apprenticeship and training representative auxiliary personnel inservice coordinator bilingual trainer certified epic trainer (certified electronic privacy information center trainer) computer software training specialist computer technology trainer computer training specialist corporate trainer course developer courseware developer curriculum developer curriculum writer cyber instructional curriculum developer cyber instructor cyber workforce developer development associate development coordinator development specialist driver retraining instructor e-learning designer employee development specialist employee training specialist fire department training officer green jobs trainer green material construction trade instructor hr trainer (human resources trainer) industrial trainer instructional specialist insurance employee trainer it technical trainer (information technology technical trainer) job development specialist job training specialist labor trainer leadership development specialist learning and development consultant learning and development specialist learning and development specialist (l and d specialist) management development specialist manpower development advisor manpower development specialist older worker specialist pd manager (professional development manager) personnel training officer product trainer research and development specialist (r and d specialist) sales trainer sales training specialist scheme technician security awareness training specialist skill training program coordinator skills trainer software trainer technical instructor technical trainer technical training coordinator trainer training and development consultant training consultant training developer training facilitator training supervisor workforce development analyst workforce development specialist workforce executive","436610","65850","10.8","0.180","0.621","0.63","launch"
"occ_15_1232_00","Computer User Support Specialists","software","it support specialist computer user support specialists application customer service representative (application csr) application support engineer applications analyst automatic data processing customer liaison (adp customer liaison) call center support representative (call center support rep) cloud operations specialist computer customer support specialist computer hardware technician (computer hardware tech) computer help desk representative (computer help desk rep) computer help desk specialist computer lab assistant (computer laboratory assistant) computer operations technician (computer operations tech) computer operator computer specialist computer support specialist computer support tech (computer support technician) computer system tech (computer systems technician) computer systems specialist computer tech (computer technician) computer technical specialist computer technologist customer liaison customer service technician (customer service tech) customer support analyst customer support rep (customer support representative) customer support specialist desktop analyst desktop support analyst desktop support engineer desktop support manager desktop support specialist desktop support technician (desktop support tech) desktop technician (desktop tech) end user support specialist health information technology specialist help desk analyst help desk coordinator help desk operator help desk representative (help desk rep) help desk specialist help desk support specialist help desk support technician (help desk support tech) help desk tech (help desk technician) is tech (information systems technician) it analyst (information technology analyst) it associate (information technology associate) it generalist (information technology generalist) it help desk tech (information technology help desk technician) it specialist (information technology specialist) it support analyst (information technology support analyst) it support engineer (information technology support engineer) it support specialist (information technology support specialist) it support tech (information technology support technician) it tech (information technology technician) lan applications support analyst (local area network applications support analyst) micro computer specialist micro computer support specialist micro computer technician (micro computer tech) operating systems specialist (os specialist) operations support technician (operations support tech) pc consultant (personal computer consultant) pc installation engineer (personal computer installation engineer) pc specialist (personal computer specialist) pc support specialist (personal computer support specialist) pc support tech (personal computer support technician) pc systems coordinator (personal computer systems coordinator) pc tech (personal computer technician) printer technician (printer tech) product support consultant product support engineer product support specialist service desk analyst software installer support engineer support specialist support technician (support tech) technical services specialist technical support analyst technical support call center representative (technical support call center rep) technical support engineer technical support representative (technical support rep) technical support specialist technical support technician (technical support tech) user support analyst user support specialist work station support specialist","697210","60340","-3.7","0.092","0.531","0.62","launch"
"occ_15_1253_00","Software Quality Assurance Analysts and Testers","software","qa analyst software quality assurance analysts and testers application integrator applications analyst applications quality assurance specialist (applications qa specialist) applications software engineering information technology specialist (applications software engineering it specialist) applications system analyst applications tester automation specialist automation tester beta tester bug bounty hunter computer consultant data modeler game tester implementation specialist information technology analyst (it analyst) information technology consultant (it consultant) it performance analyst (information technology performance analyst) malware analyst performance tester quality analyst quality assurance analyst (qa analyst) quality assurance automation engineer (qa automation engineer) quality assurance engineer (qa engineer) quality assurance specialist (qa specialist) quality assurance tester quality assurance tester (qa tester) quality engineer secure software assessor server engineer software application quality assurance specialist (software application qa specialist) software application support specialist software development test engineer software installer software quality assurance analyst (sqa analyst) software quality assurance consultant (software qa consultant) software quality assurance engineer (sqa engineer) software quality assurance specialist (sqa specialist) software quality assurance technician (sqa technician) software quality control specialist (software qc specialist) software quality engineer software quality tester software requirements engineer software systems engineer software test analyst software test engineer software tester software testing specialist solution architect solutions architect system testing and evaluation specialist systems analyst systems analyst engineer systems coordinator systems integration engineer systems software quality assurance specialist (systems software qa specialist) systems software specialist systems support engineer systems tester systems tester analyst technical support engineer technology analyst test automation engineer test engineer usability engineer user experience designer (ux designer) user interface and user experience architect (ui/ux architect) user interface and user experience designer (ui/ux designer) user interface designer (ui designer) validation engineer","199800","102610","10","0.475","0.538","0.62","launch"
"occ_27_3041_00","Editors","content","editor editors acquisitions editor acute editor advertising editor art editor assignment editor book editor business editor censor communications editor content editor continuity editor continuity reader copy editor copy reader development editor dictionary editor digital editor editorial specialist fashion editor features editor food editor greeting card editor index editor legal editor magazine editor make up editor manuscript editor manuscript reader market editor medical editor news editor newspaper copy editor newspaper editor newspaper managing editor newspaper photo editor online content editor opinion editor photo editor play reader production editor program proposals coordinator publication editor publications editor reader reviewer rewrite editor science editor scientific publications editor script editor script reader slot editor society editor sports editor story editor story reader technical editor telegraph editor web content specialist web editor","95480","75260","0.6","0.257","0.610","0.61","launch"
"occ_17_2072_00","Electronics Engineers, Except Computer","engineering","electronics engineer electronics engineers, except computer antenna engineer audio visual engineer (av engineer) audio visual manager automation engineer central office equipment engineer central office facilities planning engineer circuit design engineer circuit designer commercial engineer communications engineer compatibility test engineer control systems engineer customer equipment engineer design engineer dial equipment engineer electrical electronics engineers electrical systems engineer electronic design automation engineer (eda engineer) electronic design engineer electronic hardware engineer electronic parts designer electronic systems engineer electronics design engineer electronics research engineer electronics test engineer electrophonic engineer engineer equipment engineer evaluation engineer field engineer field programmable gate array verification engineer (fpga verification engineer) field service engineer fpga engineer (field-programmable gate array engineer) guidance and control systems engineer hardware engineer integrated circuit design engineer (ic design engineer) microwave engineer outside plant cable engineer outside plant engineer power electronics engineer product engineer radar engineer radio frequency design engineer (rf design engineer) radio frequency engineer (rf engineer) research and development engineer (r and d engineer) studio operations engineer telecommunications engineer test engineer traffic circuit engineer transmission and protection engineer transmitter engineer","93940","127590","6.2","0.282","0.630","0.61","launch"
"occ_17_2141_00","Mechanical Engineers","engineering","mechanical engineer mechanical engineers air conditioning engineer (ac engineer) application engineer automation engineer body engineer brake engineer car designer combustion engineer cooling and heating systems design engineer cryogenics engineer design engineer diesel engineer diesel retrofit designer distribution engineer dust control engineer electromechanical engineer engine designer engineer equipment engineer erecting engineer facilities mechanical design engineer field service engineer geothermal power generation mechanical engineer heating and cooling systems engineer heating engineer hvac design mechanical engineer (heating, ventilation, and air conditioning design mechanical engineer) hvac engineer (heating ventilation air conditioning engineer) hvac engineer (heating, ventilation and air conditioning engineer) hvac sensor and digital control designer (heating, ventilation and air conditioning sensor and digital control designer) hydraulic engineer hydroelectric plant mechanical engineer industrial green systems designer industrial retrofit designer installation engineer internal combustion engineer machine design engineer machine tool designer mechanical design engineer mechanical design facilities engineer mechanical designer mechanical development engineer mechanical engineering intern mechanical equipment test engineer mechanical hvac engineer (mechanical heating, ventilation, and air conditioning engineer) mechanical project engineer mechanical research engineer motorcycle designer plant engineer plant equipment engineer product development engineer product engineer products engineer products mechanical design engineer project engineer refrigeration engineer reliability engineer research and development engineer (r&d engineer) roller coaster designer roller coaster engineer servomechanism designer sheet metal engineer stress analyst supplier quality engineer (sqe) systems engineer test engineer test inspection engineer textile engineer tool and die engineer tool design engineer tool designer tool engineer tool maker tooling engineer utilization engineer ventilating engineer ventilating expert weapons designer weapons engineer wind turbine mechanical engineer","286760","102320","9.1","0.254","0.579","0.61","launch"
"occ_15_1244_00","Network and Computer Systems Administrators","software","systems administrator network and computer systems administrators ai security specialist (artificial intelligence security specialist) application security administrator application systems administrator computer systems security administrator e-mail system administrator enterprise systems administrator hardware installation coordinator information analyst information systems administrator information systems coordinator (is coordinator) information systems operator information technology administrator (it administrator) information technology specialist (it specialist) information technology technical support specialist (it technical support specialist) infrastructure administrator installation coordinator internet systems administrator internetwork expert (ccie) it systems admin (information technology systems administrator) lan specialist (local area network specialist) local area network administrator (lan administrator) local area network systems administrator (lan systems administrator) mainframe systems administrator mis manager (management information systems manager) network administrator network control analyst network coordinator network manager network professional (ccnp) network security administrator network support administrator network support coordinator network support manager network systems administrator network systems coordinator network transport administrator networking administrator provider network manager security administrator server administrator software manager system administrator (system admin) systems administrator (systems admin) systems operator systems specialist systems tester administrator virtualization engineer wide area network administrator (wan administrator) wide area network systems administrator (wan systems administrator) windows administrator","318570","96800","-4.2","0.233","0.559","0.61","launch"
"occ_27_3031_00","Public Relations Specialists","communications","pr specialist public relations specialists audience coordinator brand advocate communication specialist communications associate communications coordinator communications specialist community liaison community relations coordinator concert promoter consumer advocate content marketing specialist content specialist content strategist corporate communications specialist customer specialist digital communications specialist environmental communications specialist event promoter image consultant information and communications specialist information specialist internal communications specialist lobbyist marketing communications coordinator marketing communications specialist marketing coordinator media buyer media planner media relations specialist media specialist motivational speaker music publicist political advisor political aide press agent press secretary promotion specialist public affairs officer public affairs specialist public information officer public information specialist public relations consultant (pr consultant) public relations coordinator (pr coordinator) public relations counselor (pr counselor) public relations officer (pr officer) public relations representative (pr rep) public relations specialist public relations specialist (pr specialist) publicist publicity agent publicity consultant publicity expert publicity person publicity writer service promoter salesperson speech writer student ambassador sustainability communicator","280590","69780","4.8","0.234","0.643","0.61","launch"
"occ_43_3021_00","Billing and Posting Clerks","finance","billing clerk billing and posting clerks account clerk account services representative (accounts services rep) accounting assistant accounting machine operator accounts adjustable clerk accounts analyst accounts payable analyst accounts payable associate accounts payable clerk accounts payable coordinator accounts receivable analyst accounts receivable clerk (ar clerk) accounts receivable coordinator (ar coordinator) accounts service representative (accounts service rep) adding machine operator audit machine operator bill checker bill of lading clerk (bol clerk) bill of materials clerk (bom clerk) biller billing analyst billing assistant billing associate billing control clerk billing coordinator billing representative billing specialist billing typist bookkeeping assistant calculator operator check totaler check writer cod clerk (cash on delivery clerk) comptometer operator comptometrist cost recorder customer billing specialist delivery service pricer demurrage agent demurrage clerk demurrage worker deposit clerk deposit refund clerk documentation billing clerk electric accounting machine operator (eam operator) estimate clerk fee clerk financial processor foreign clerk freight rate analyst freight rate clerk freight rate specialist interline clerk invoice checker invoice clerk invoice control clerk invoice machine operator invoicing specialist item processing clerk (ip clerk) item processor laundry pricing clerk legal billing specialist machine biller medical biller medical billing clerk medical billing specialist medical insurance biller medical reimbursement specialist medical voucher clerk message service pricer patient account representative (patient account rep) post tronic machine operator posting clerk posting machine operator pre-audit clerk pre-billing specialist price lister pricer pricing clerk processing clerk proof machine operator rate clerk rate examiner rate marker rate reviewer rate setter rater rating clerk rating examiner receipt clerk receivables specialist reconciler reconciliation clerk reconciliation machine operator reconciliation processor reconciling clerk reimbursement specialist report clerk revenue cycle specialist revising clerk securities clerk services clerk settlement clerk spot billing clerk statement clerk statement distribution clerk statement processor statement rendering processor statement services representative (statement services rep) tax clerk telegraph service rater toll settlement clerk toll ticket clerk tonnage compilation clerk traffic rate clerk traffic rate computer voucher clerk yard demurrage clerk","417500","47170","-0.4","0.070","0.417","0.60","launch"
"occ_13_1041_00","Compliance Officers","operations","compliance officer compliance officers air pollution compliance inspector certified driver examiner (cde) certified driver license test administrator compliance administrator (compliance admin) compliance analyst compliance consultant compliance coordinator compliance examiner compliance investigator compliance professional compliance specialist cosmetology inspector department of motor vehicles clerk (dmv clerk) deportation examiner driver examiner driver license agent driver license examiner driver license reviewing officer driver license technician driver's license examiner eeo officer (equal employment opportunity officer) environmental compliance inspector equal employment opportunity investigator equal employment opportunity representative examiner forms examiner immigration investigator immigration officer industry operations investigator it compliance analyst (information technology compliance analyst) license examiner license inspector license registration examiner licensing analyst licensing inspector licensing officer licensing registration examiner licensing representative licensing technician mortician investigator motor vehicle clerk motor vehicle examiner motor vehicle inspector naturalization examiner passport application examiner passport clerk public service representative (psr) public service representative specialist (psr specialist) qualifications examiner regulation officer regulatory compliance analyst regulatory compliance specialist risk and compliance analyst road test examiner scales inspector security compliance analyst test examiner trade compliance specialist transportation services representative (tsr) wage and hour investigator weight and inspection coordinator weights and measures sealer","397770","78420","3","0.265","0.538","0.60","launch"
"occ_11_3021_00","Computer and Information Systems Managers","software","it manager computer and information systems managers application development director chief information security officer (ciso) computer and information systems manager computer operations manager computer programming manager computer security manager computer systems information director computing services director consulting technical director cyber workforce manager cybersecurity all-source collection manager cybersecurity all-source collection requirements manager data center manager data operations director data processing manager data systems manager development manager digital transformation director enterprise architecture director enterprise architecture manager information security manager information services manager information support project manager information systems administrator information systems director (is director) information systems manager information systems manager (is manager) information systems operator information systems supervisor (is supervisor) information technology account manager (it account manager) information technology administrator (it administrator) information technology coordinator (it coordinator) information technology director (it director) information technology manager (it manager) information technology systems director (its director) interactive media project manager internet and e-business project manager internet technology manager it infrastructure director (information technology infrastructure director) it portfolio manager (information technology portfolio manager) knowledge manager mis director (management information systems director) network director network manager product solutions manager product support manager programming and software development project manager software development director software engineering director software project manager system development manager systems development manager systems engineering manager systems tester administrator technical director technical services manager technical solutions director technical support content manager technology director technology manager","645970","171200","15.2","0.110","0.674","0.60","launch"
"occ_13_1081_00","Logisticians","operations","logistician logisticians acquisition analyst automated logistics specialist client services administrator delivery coordinator demand planner distribution associate distribution specialist inventory analyst logistics associate logistics clerk logistics coordinator logistics planner logistics specialist logistics team member logistics technician manufacturing planner material coordinator material planner materials planner operations planner planner production planner scheduler supply chain analyst supply chain associate supply chain consultant supply chain coordinator supply chain planner supply chain specialist supply management specialist supply planner transportation coordinator","235640","80880","16.7","0.157","0.621","0.60","launch"
"occ_27_3023_00","News Analysts, Reporters, and Journalists","journalism","journalist news analysts, reporters, and journalists anchor anchorman art critic basketball commentator blogger book critic book reviewer breaking news reporter broadcast journalist broadcast meteorologist broadcast news advisor business reporter business writer columnist commentator correspondent courtroom reporter critic cub reporter data journalist desk reporter digital commentator digital producer digital reporter dramatic critic editorial writer education reporter environmental journalist fashion journalist feature writer film critic financial writer food critic food writer foreign correspondent general assignment reporter general assignment television news reporter headline writer information writer investigative reporter law reporter leg man magazine journalist magazine writer marine reporter market news reporter market reporter media analyst morning news anchor motion picture critic movie critic multimedia journalist multimedia reporter music critic music journalist news analyst news anchor news commentator news correspondent news reporter news writer newscaster newspaper columnist newspaper correspondent newspaper journalist newspaper reporter newspaper writer political reporter press writer print journalist radio commentator radio news anchor radio news writer radio talk show host reporter soccer commentator society reporter sports analyst sports anchor sports commentator sports journalist sports reporter sports writer staff reporter staff writer television anchor television news anchor (tv news anchor) television news reporter television reporter (tv reporter) traffic reporter travel journalist travel writer volleyball commentator weather anchor weekend anchor","41550","60280","-3.9","0.205","0.567","0.60","launch"
"occ_13_1023_00","Purchasing Agents, Except Wholesale, Retail, and Farm Products","operations","purchasing agent purchasing agents, except wholesale, retail, and farm products buyer contract administrator (contract admin) contract analyst contract specialist contractor buyer contracts manager equipment, supplies, and tools purchasing agent fuel agent fuel buyer general purchasing agent log buyer lumber buyer media buyer ore buyer price analyst print buyer procurement agent procurement analyst procurement and contracting administrator (procurement and contracting admin) procurement and contracting buyer procurement coordinator procurement engineer procurement official procurement specialist pulpwood buyer pulpwood contractor purchaser purchasing administrator (purchasing admin) purchasing and contracts coordinator purchasing coordinator purchasing specialist railroad purchasing agent replenishment buyer sourcing specialist subcontract administrator (subcontract admin) subcontract associate timber buyer tools, supplies, and equipment purchasing agent","486900","75650","5.8","0.233","0.598","0.60","launch"
"occ_11_2022_00","Sales Managers","sales","sales manager sales managers account manager area sales manager area supervisor bd director (business development director) bd executive (business development executive) bd manager (business development manager) business developer channel manager client relationship manager commercial director commercial sales manager dealership manager department store manager district manager district sales manager division manager e-commerce director (electronic commerce director) export manager fractional sales executive global account manager (gam) hotel sales manager import export manager inside sales manager marketing sales supervisor national account manager national sales manager professional equipment sales and service manager regional director regional manager regional sales director regional sales manager retail chain store area supervisor retail district manager revenue manager sales account manager sales and marketing director sales and marketing manager sales and marketing vp (sales and marketing vice president) sales coordinator sales director sales operations manager (sales ops manager) sales promotion manager sales supervisor sales vp (sales vice president) territory manager territory sales manager utility sales and service manager vehicle leasing and rental manager zone manager","603710","138060","4.7","0.211","0.664","0.60","launch"
"occ_17_2051_00","Civil Engineers","engineering","civil engineer civil engineers airport engineer architectural engineer asphalt engineer base engineer bridge design engineer bridge engineer building construction engineer building engineer cadastral engineer cartographic engineer city engineer civil engineering intern civil project engineer concrete engineer condemnation engineer construction engineer construction project engineer contracting engineer county engineer demolition engineer design engineer district engineer drainage design coordinator drainage engineer energy infrastructure engineer engineer environmental construction engineer erecting engineer facilities engineer forest engineer forestry engineer foundation engineer geodetic engineer geotechnical engineer heavy civil project manager highway design engineer highway engineer highway research engineer highway safety engineer hydraulic engineer hydroelectric plant structural engineer hydrographic engineer irrigation engineer land development civil engineer licensed engineer maintenance engineer mapping engineer municipal engineer process engineer project engineer railroad design consultant railroad engineer reclamation engineer research hydraulic engineer resident engineer resource recovery engineer road design engineer road engineer roadway engineer sanitary engineer site civil engineer street engineer stress engineer structural design engineer structural designer structural engineer structural project engineer structural steel engineer topographical engineer track production engineer traveling engineer utility engineer wastewater plant civil engineer zoning engineer","355410","99590","5","0.465","0.617","0.58","launch"
"occ_13_2072_00","Loan Officers","finance","loan officer loan officers agricultural loan officer bank officer bank representative banking services officer branch banker branch lending officer business banker business banking officer commercial banker commercial lender commercial loan collection officer commercial loan officer commercial mortgage broker commercial relationship manager consumer lending specialist consumer loan officer consumer loan specialist corporate banking officer eligibility consultant escrow officer farm loan representative farm mortgage agent financial aid administrator financial aid advisor financial aid coordinator financial aid counselor financial aid officer financial aid technician financial assistance advisor financial assistance specialist financial counselor home lending advisor home lending officer lender lending officer loan administrator loan adviser loan analyst loan approver loan auditor loan consultant loan coordinator loan counselor loan examiner loan interviewer loan originator loan reviewer loan service officer loan servicing specialist loan specialist loan underwriter loan workout officer mortgage banker mortgage broker mortgage closer mortgage consultant mortgage loan closer mortgage loan officer mortgage loan originator mortgage loan underwriter mortgage originator mortgage servicer mortgage specialist mortgage underwriter peer financial counselor personal banking officer personal loan specialist portfolio manager real estate loan officer real estate officer small business banking officer underwriter","290530","74180","1.7","0.267","0.563","0.58","launch"
"occ_11_9041_00","Architectural and Engineering Managers","engineering","engineering manager architectural and engineering managers architect manager architectural project manager civil engineering manager civil project manager (civil pm) data engineering director data engineering manager electrical engineering director electrical engineering manager electrical project manager (electrical pm) electronics engineering manager engineering design manager engineering director engineering group manager engineering program manager engineering project manager engineering project specialist engineering research manager engineering supervisor environmental engineering manager global engineering manager mechanical engineering director mechanical engineering manager mechanical project manager (mpm) process engineering manager product development director project coordinator project engineering manager project manager prototype engineer manager research and development manager (r&d manager) research development manager research manager technical manager transmitter engineer-in-charge","210340","167740","3.8","0.449","0.656","0.56","launch"
"occ_13_1031_00","Claims Adjusters, Examiners, and Investigators","operations","claims adjuster claims adjusters, examiners, and investigators accident investigator adjuster adjustment clerk auto claims adjuster (automotive claims adjuster) auto damage claims adjuster (automotive damage claims adjuster) benefit authorizer bodily injury claims adjuster bodily injury claims examiner claims account specialist claims adjustor claims agent claims analyst claims approver claims auditor claims consultant claims examiner claims inspector claims investigator claims processor claims representative claims service adjustor claims service specialist claims specialist clerical adjuster commercial insurance inspector compensation adjuster corporate claims examiner disability analyst disability examiner disability specialist field claims adjuster field investigator field liability generalist field property claims adjuster field property claims specialist fire adjuster fire claims adjuster general adjuster health claims examiner health insurance adjuster home office claims examiner home office claims specialist independent insurance adjuster independent insurance agent insurance adjuster insurance appraiser insurance auditor insurance claims adjuster insurance examiner insurance fraud investigator insurance inspector insurance investigator investigator liability claims examiner liability claims representative litigation claims representative litigation examiner medical claims analyst medical claims examiner medical claims specialist professional liability claims specialist property adjuster property and casualty insurance claims examiner property claims adjuster property damage claims adjustor reinsurance claims analyst residential insurance inspector salvage determiner workers' compensation claims adjuster workers' compensation claims examiner workers' compensation claims representative workers' compensation examiner","305020","76790","-5.1","0.164","0.495","0.56","launch"
"occ_43_1011_00","First-Line Supervisors of Office and Administrative Support Workers","admin","office support supervisor first-line supervisors of office and administrative support workers accounting administrator accounting clerks supervisor accounting director accounting manager accounting supervisor accounts payable manager accounts payable supervisor accounts receivable manager accounts receivable supervisor adjustment supervisor administrative coordinator administrative officer administrative supervisor administrative support manager admissions supervisor admitting officer advertising dispatch clerks supervisor agency appointments supervisor airline ticket sales and reservations supervisor animal hospital office supervisor assembly stock supervisor audit clerks supervisor auto club safety program coordinator automobile club safety program coordinator automotive service advisor baggage agent supervisor banking supervisor billing administrator billing department supervisor billing supervisor booking supervisor bookkeepers supervisor bookkeeping clerks supervisor boxing and pressing supervisor branch office administrator (branch office admin) business manager business office manager call center director call center manager call center supervisor cargo supervisor cashiers supervisor central office operator supervisor central office telephone operators supervisor central supply manager central supply supervisor central supply technician supervisor claims adjuster supervisor claims supervisor classified advertising supervisor clerical supervisor clerk supervisor client success manager coding clerks supervisor coin machine collector supervisor collection supervisor collections manager communication center coordinator complaint evaluation supervisor computer operations supervisor contact and service clerks supervisor correspondence section supervisor cost and sales record supervisor cost control supervisor credit and loan collections supervisor customer care manager customer complaint service supervisor customer experience coordinator (cx coordinator) customer experience manager customer manager customer records division supervisor customer service administrator customer service director customer service manager customer service representative supervisor customer service supervisor customer services supervisor customer success manager data control clerk supervisor data entry supervisor data processing supervisor delivery department supervisor dispatch manager documentation supervisor facilities manager field service manager files supervisor film vault supervisor financial aid director flight reservations manager floor space allocator food checkers and cashiers supervisor force adjustment supervisor front end manager front end supervisor front office manager front office supervisor gate services supervisor home energy consultant supervisor hospital admissions officer inventory administrator inventory control manager inventory control supervisor inventory specialist manager keypunch operators supervisor lending activities supervisor machine records units supervisor magazine supervisor mail carriers supervisor mail clerks supervisor mail sorting supervisor mail supervisor mailing manager mailroom supervisor marking room supervisor medical billing manager medical billing supervisor meter readers supervisor money room supervisor office administrator (office admin) office coordinator office manager office services supervisor office supervisor operators school manager order takers supervisor passenger service supervisor pay station department manager payroll administrator payroll manager payroll master payroll supervisor pbx supervisor (private branch exchange supervisor) personnel clerks supervisor petroleum inspector supervisor policy change clerks supervisor postal supervisor practice manager production clerks supervisor production control supervisor proof machine operator supervisor property master public message service supervisor purchasing and claims supervisor rate supervisor real estate office supervisor records supervisor regulatory administrator route supervisor sack department supervisor safety deposit supervisor schedule supervisor script supervisor securities vault supervisor services manager space control supervisor staff services manager statement clerks manager statement clerks supervisor steno pool supervisor stock control supervisor stock room manager stock supervisor stockroom supervisor support manager survey workers supervisor switchboard operator supervisor tabulating supervisor tariff supervisor telecommunicator supervisor telegraphic typewriter operators supervisor telephone clerks supervisor telephone information supervisor telephone operators supervisor telephone order supervisor telephone solicitor supervisor teller supervisor tellers supervisor ticket sales supervisor timekeeping supervisor toll collector supervisor tool crib manager tool crib supervisor transcribing operators supervisor travel information center supervisor trust accounts supervisor typing pool supervisor typists supervisor underwriting clerks supervisor want ad supervisor ward service supervisor warranty administrator warranty manager weigh boss word processing supervisor","1495580","66140","-0.3","0.244","0.432","0.56","launch"
"occ_17_2112_00","Industrial Engineers","engineering","industrial engineer industrial engineers continuous improvement engineer district plant engineer documentation engineer efficiency analyst efficiency engineer efficiency expert engineer engineering inspector facilities engineer factory engineer factory expert factory lay out engineer factory lay-out engineer field engineer industrial engineering intern industrial methods consultant liaison engineer logistics engineer manufacturing engineer methods engineer metrologist operations engineer packaging engineer plant engineer process engineer process improvement manager production control expert production control planner production engineer production engineering tooling coordinator production expert production support engineer production tool engineer project engineer quality assurance engineer (qa engineer) quality control engineer (qc engineer) quality control expert (qc expert) quality control industrial engineer (qc industrial engineer) quality engineer research and development engineer (r and d engineer) salvage engineer standards engineer supplier quality engineer (sqe) systems engineer test inspection engineer time study engineer","350230","101140","11","0.419","0.589","0.56","launch"
"occ_41_3021_00","Insurance Sales Agents","sales","insurance agent insurance sales agents account representative account specialist auto insurance agent (automotive insurance agent) bilingual insurance sales agent bond writer burial agent commercial lines account manager compensation agent customer relations rep (customer relations representative) cyber insurance policy specialist debit agent district agent enrollment specialist estate planner field marketing representative field representative field service representative group insurance special agent group insurance specialist health insurance agent health insurance sales agent health insurance specialist inside sales representative insurance agent team member insurance broker insurance producer insurance representative insurance sales agent insurance sales representative (insurance sales rep) insurance salesman insurance salesperson insurance solicitor insurance special agent insurance specialist insurance verification specialist licensed health insurance agent licensed health insurance sales agent licensed insurance agent licensed life insurance agent licensed medicare insurance agent life insurance agent life insurance producer life insurance sales agent life insurance sales representative (life insurance sales rep) life insurance salesperson network contractor outside sales representative pension agent policy sales representative sales agent sales associate sales representative sales special agent sales specialist solicitor underwriting sales representative","469480","60370","3.7","0.265","0.551","0.56","launch"
"occ_11_2021_00","Marketing Managers","marketing","marketing manager marketing managers account supervisor brand manager business developer business development director business development manager category manager channel manager commercial director commercial lines manager demand generation manager digital marketing manager digital product manager fashion coordinator fashion marketer growth marketing manager internet marketing manager market analysis director market development executive market research manager marketing administrator marketing communications manager marketing coordinator marketing director marketing executive marketing operations director marketing product manager marketing sales supervisor media marketing director membership director pricing manager product line manager (plm) product management director product manager product marketing manager sales and marketing director sales and marketing manager sales and marketing vice president (sales and marketing vp) sales marketing director sustainable products marketing manager technical product manager world trade and maritime division manager","384980","161030","6.6","0.141","0.683","0.56","launch"
"occ_43_4171_00","Receptionists and Information Clerks","admin","receptionist receptionists and information clerks appointment clerk appointment scheduler appointment setter automobile club information clerk (auto club info clerk) bilingual receptionist call center agent call center operator call center representative (call center rep) call taker clerk specialist clinic receptionist customer care representative (ccr) dental receptionist er clerk (emergency room clerk) front desk associate front desk clerk front desk coordinator front desk officer front desk receptionist front office receptionist greeter guard entrance registrar hospital receptionist hospitality aide in file operator information assistant (info assistant) information clerk information receptionist (info receptionist) land leasing examiner land leasing information clerk (land leasing info clerk) legal receptionist medical office receptionist medical receptionist medical scheduler member services representative (member services rep) office assistant outpatient clerk pay station attendant people greeter policyholder information clerk (policyholder info clerk) quoter referral and information aide (referral and info aide) referral coordinator register clerk registrar registration clerk research clerk salon receptionist schedule announcer scheduler spa receptionist space scheduler telephone answerer telephone appointment clerk telephone clerk telephone information clerk (telephone info clerk) telephone operator telephone operator receptionist telephone quotation clerk tourist information assistant (tourist info assistant) utility clerk","964530","37230","0","0.121","0.305","0.56","launch"
"occ_15_1241_00","Computer Network Architects","software","network architect computer network architects cloud architect cloud network engineer computer network analyst computer network engineer computer network technologist data communications analyst enterprise architect enterprise network architect infrastructure architect internetworking technician (internetworking tech) it analyst (information technology analyst) it network engineer (information technology network engineer) network analyst network computer consultant network consultant network control analyst network control analyst assistant network designer network developer network operations analyst (network ops analyst) network operations specialist (network ops specialist) network security analyst network security systems analyst network specialist network systems analyst network systems consultant network systems engineer network systems integrator networking engineer networking specialist networking systems engineer noc engineer (network operations center engineer) pc network engineer (personal computer network engineer) platform architect principal network engineer server engineer solutions architect solutions engineer system programmer systems engineer target network analyst telecommunications analyst (telecom analyst) wan engineer (wide area network engineer) wireless engineer wireless network engineer","177010","130390","11.9","0.142","0.647","0.55","launch"
"occ_13_1051_00","Cost Estimators","operations","cost estimator cost estimators acquisition cost estimator analyst building construction estimator building estimator civil estimator commercial construction estimator commercial estimator commercial roofing estimator concrete estimator construction estimator construction job cost estimator cost analyst cost consultant cost engineer cost estimating analyst cost recovery technician (cost recovery tech) crating and moving estimator drywall estimator electrical estimator estimating analyst estimating specialist estimator flooring estimator heavy civil estimator industrial estimator investment recovery technician (investment recovery tech) job cost estimator job estimator mechanical estimator plumbing estimator print estimator printing estimator production cost estimator project estimator quantity surveyor sales estimator service advisor service writer structural steel estimator","219530","77070","-4.2","0.460","0.434","0.55","launch"
"occ_11_3121_00","Human Resources Managers","hr","hr manager human resources managers diversity and inclusion director diversity manager efficiency manager employee relations manager employee welfare manager employment manager hr admin director (human resources administration director) hr coordinator (human resources coordinator) hr department supervisor (human resources department supervisor) hr director (human resources director) hr manager (human resources manager) hr ops manager (human resources operations manager) hr supervisor (human resources supervisor) hr vp (human resources vice president) human resources manager human services manager industrial relations director industrial relations manager labor relations director labor relations manager people operations manager personnel director personnel generalist manager personnel manager placement director position description manager recruiting manager recruitment director recruitment manager staffing manager talent acquisition director talent acquisition manager workforce manager","215520","140030","5","0.285","0.549","0.55","launch"
"occ_15_1212_00","Information Security Analysts","software","security analyst information security analysts ai security specialist (artificial intelligence security specialist) all-source analyst application security analyst applications security analyst automatic data processing systems security specialist (adp systems security) blue team member certified information systems security professional (cissp) cloud security architect cloud security engineer computer security coordinator computer security information specialist computer security specialist computer systems security analyst counterespionage analyst cryptological technician cryptologist cyber defense analyst cyber defense forensics analyst cyber incident responder cyber information security analyst cyber intel planner cyber intelligence specialist cyber operations planner (cyber ops planner) cyber operations specialist cyber operator cyber policy and strategy planner cyber security analyst cyber security specialist cyber security support technician cybersecurity all-source analyst cybersecurity analyst cybersecurity engineer cybersecurity exploitation analyst cybersecurity incident response analyst cybersecurity multi-disciplined language analyst cybersecurity partner integration planner cybersecurity specialist cybersecurity target developer cybersecurity target network analyst cybersecurity threat analyst cybersecurity warning analyst data security analyst database security expert exploitation analyst incident responder incident response analyst incident response manager industrial internet of things security specialist (iiot security specialist) information assurance analyst information security analyst information security officer information security specialist information systems security analyst information systems security officer (isso) information systems security specialist information technology analyst (it analyst) information technology consultant (it consultant) information technology security analyst (it security analyst) information technology security architect (it security architect) international affairs specialist internet of things security specialist (iot security specialist) internet security specialist intrusion detection analyst it auditor (information technology auditor) it risk specialist (information technology risk specialist) mission assessment specialist network security analyst network security officer network security systems analyst red team member security auditor security consultant security control assessor security operations analyst security operations center analyst (soc analyst) security specialist source code auditor supervisory control and data acquisition security analyst (scada security analyst) systems analyst systems security analyst systems security specialist technology analyst threat hunter threat monitoring analyst virus technician warning analyst","179430","124910","28.5","0.134","0.468","0.55","launch"
"occ_43_4131_00","Loan Interviewers and Clerks","finance","loan clerk loan interviewers and clerks closer closing agent closing coordinator commercial loan processor consumer loan processor credit clerk disbursement clerk document coordinator document processor financial services specialist financial solutions specialist financial specialist investigator lending clerk licensed loan officer assistant loan analyst loan assistant loan close and funder loan closer loan documentation specialist loan expeditor loan inspector loan interviewer loan operations specialist loan originator loan processor loan representative loan secretary mortgage broker mortgage clerk mortgage closing clerk mortgage loan assistant mortgage loan closer mortgage loan interviewer mortgage loan processing clerk mortgage loan processor mortgage processing clerk mortgage processor post closer post closing specialist","173100","48950","-2.3","0.198","0.453","0.55","launch"
"occ_13_2052_00","Personal Financial Advisors","finance","financial advisor personal financial advisors account manager asset analyst asset manager budget counselor certified financial planner (cfp) chartered financial analyst (cfa) client advisor credit counselor debt counselor estate planner estate planning counselor estate trustee finance consultant financial advisor associate financial agent financial consultant financial coordinator financial counselor financial investment adviser financial investment advisor financial life planner financial planner financial relationship consultant financial retirement plan specialist financial solutions advisor fiscal specialist individual pension adviser individual pension consultant insurance advisor insurance consultant investment advisor investment consultant investment counselor investment representative (investment rep) money manager patient financial counselor pension advisor pension consultant personal banker personal financial advisor personal financial counselor personal financial planner personal investment advisor portfolio manager private client advisor private wealth management associate (pwm associate) securities consultant securities counselor socially responsible investment advisor (sri advisor) strategist wealth advisor wealth management advisor wealth management associate wealth manager","270480","102140","9.6","0.130","0.654","0.55","launch"
"occ_41_3031_00","Securities, Commodities, and Financial Services Sales Agents","sales","financial services sales agent securities, commodities, and financial services sales agents account administrator account manager account specialist bank and savings securities trader banker banker associate block trader bond broker bond trader branch banker branch relationship banker branch sales representative branch service representative broker business banker business banking relationship manager buyer chartered financial analyst (cfa) client administrator client service associate commodities broker commodities trader customer agent day trader dealer energy trader equities trader equity trader field marketing representative finance specialist financial advisor financial consultant financial report service sales agent financial representative financial sales advisor financial services agent financial services associate financial services representative financial services sales representative financial specialist fiscal specialist floor broker floor trader flow trader foreign exchange trader (forex trader) futures trader grain broker hedge fund trader hybrid derivatives trader inside sales representative insurance and financial services agent investment banker investment consultant investment officer investment representative investments advisor investments manager investments specialist loan broker market maker market operator money manager municipal bonds trader mutual funds agent mutual funds sales agent online trader options trader outside sales representative personal banker personal banker associate premier banker private banker private client banker proprietary trader quantitative trader real-time energy trader real-time trader registered representative relationship banker retail personal banker sales advisor sales associate sales consultant sales professional sales representative securities adviser securities lending trader securities sales representative securities trader select banker services investment specialist speculator stock associate stock broker stock speculator stock trader trader trading specialist trust officer wholesale account executive","472300","78140","3.3","0.090","0.602","0.55","launch"
"occ_43_9041_00","Insurance Claims and Policy Processing Clerks","operations","claims processing clerk insurance claims and policy processing clerks agency service representative (agency service rep) auto claims rep (automotive claims representative) auto liability claims rep (automotive liability claims representative) billing and insurance coordinator bodily injury claims representative (bodily injury claims rep) cancellation clerk claim representative (claims rep) claims adjudicator claims analyst claims assistant claims associate claims clerk claims coordinator claims customer service representative (claims csr) claims processing specialist (cps) claims processor claims representative (claims rep) claims service representative (claims service rep) claims sorter claims taker claims technician (claims tech) client process specialist commercial lines underwriting assistant cyber insurance policy specialist dental insurance coordinator document processor document reviewer enrollment representative field claims representative insurance analyst insurance assistant insurance associate insurance authorization specialist insurance biller insurance checker insurance claims clerk insurance claims processor insurance clerk insurance coordinator insurance customer service representative (insurance csr) insurance examining clerk insurance policy issue clerk insurance processing clerk insurance processor insurance specialist insurance verification specialist liability claims representative medical claims processor medical insurance claims processor medical insurance specialist open claims representative (ocr) personal lines insurance customer service representative (personal lines insurance csr) policy analyst policy change clerk policy checker policy issue clerk policy processing clerk policy title typist premium representative processing clerk reimbursement counselor reinsurance clerk reviewer revival clerk underwriting assistant underwriting associate underwriting clerk workers' compensation claims assistant","229070","48450","-3.7","0.243","0.337","0.54","launch"
"occ_41_4011_00","Sales Representatives, Wholesale and Manufacturing, Technical and Scientific Products","sales","technical sales representative sales representatives, wholesale and manufacturing, technical and scientific products abrasives sales representative agricultural sales representative aircraft equipment and parts sales representative aircraft sales representative animal feed products sales representative authorized retailer auto sales consultant (automotive sales consultant) building equipment and supplies sales representative chemical and pharmaceutical sales representative chemical sales representative chemicals and drugs sales representative commercial solar sales consultant communication equipment sales representative computer sales representative construction machinery sales representative dairy supplies sales representative dental and medical equipment and supplies sales representative dental detail representative edp systems sales representative (electronic data processing systems sales representative) electrical sales representative electronic sales representative electronics parts sales representative electroplating sales representative elevators, escalators, and dumbwaiters sales representative enterprise salesperson farm and garden equipment and supplies sales representative field marketing representative field sales representative (field sales rep) field service representative foundry and machine shop products sales representative green building materials distributor healthcare sales representative industrial machinery sales representative inside sales representative instruments sales representative lubricating equipment sales representative marketing representative material handling equipment sales representative mechanical equipment sales representative medical detail representative medical device sales representative (medical device sales rep) medical field representative medical sales representative medical service representative metals sales representative milking machines sales service representative oil field supplies and equipment sales representative outside sales consultant outside sales executive outside sales representative pharmaceutical detailer pharmaceutical representative pharmaceutical sales representative pharmaceutical sales specialist pharmaceutical salesperson pharmaceutical service representative pharmacy sales representative poultry equipment and supplies sales representative precision instruments sales representative primary care pharmaceutical sales representative (primary care pharma sales rep) radiographic inspection equipment and services sales representative railroad equipment and supplies sales representative recyclable materials distributor retail merchandiser route sales representative (route sales rep) sales agronomist sales consultant sales engineer sales representative sales specialist scientific sales representative surgical appliances salesperson surgical instruments sales representative sustainable products sales representative technical account executive technical sales specialist technical service representative territory sales representative (territory sales rep) textile machinery sales representative ultrasonic equipment sales representative utility sales representative veterinarian supplies sales representative water treatment chemicals sales representative weighing and force measurement instruments sales representative welding equipment sales representative wholesale ultrasonic equipment salesperson wire rope sales representative wireless sales representative (wireless sales rep)","293930","100070","1.9","0.171","0.655","0.54","launch"
"occ_11_9141_00","Property, Real Estate, and Community Association Managers","operations","property manager property, real estate, and community association managers apartment community manager apartment house manager apartment manager apartment property manager building rental manager building rental superintendent building superintendent cemetery manager commercial property manager community association manager community director community manager condominium association manager condominium manager cooperative manager district manager facility manager homeowner association manager housing director housing manager housing project manager land acquisition manager land commissioner land development manager land leases and rentals manager landlady landlord landman lease administration supervisor lease administrator lease buyer lease operator leaser leasing manager leasing property manager mall manager market manager market master market superintendent mobile home park manager multifamily project manager municipal entity and venture institution entity and founder occupancy director oil lease buyer oil lease operator on-site manager property administrator public events facilities rental manager public housing manager real estate administrator real estate firm manager real estate manager real estate office manager regional property manager rent control office manager rental coordinator rental manager renting superintendent resident manager residential manager right-of-way supervisor (row supervisor) territory manager trailer park manager","296640","66700","3.6","0.138","0.612","0.53","launch"
"occ_11_3071_00","Transportation, Storage, and Distribution Managers","operations","distribution manager transportation, storage, and distribution managers aerial planting and cultivation manager air export logistics manager airport manager ammunition storage superintendent area manager auto fleet manager automotive services manager bridges supervisor building supervisor bulk plant manager bus transportation manager canal superintendent car inspection and repair manager cargo and ramp services manager chief wharfinger cold storage supervisor communications and signals supervisor compressor stations superintendent contract manager corporate logistics manager corporate traffic manager customer logistics manager delivery manager dispatch manager distribution center manager distribution center operations manager distribution center supervisor distribution coordinator distribution superintendent division road supervisor division roadmaster dock superintendent dockmaster driver manager fleet manager flight control manager flight operations manager flight reservations manager flight superintendent freight coordinator fulfillment manager general car yard supervisor general road foreman general road supervisor global logistics manager global transportation manager harbor department manager import coordinator import export manager import manager integrated logistics programs director integrated logistics support manager (ils manager) international logistics manager inventory control manager load out supervisor logistics analytics manager logistics and planning manager logistics coordinator logistics director logistics management specialist logistics manager logistics operations director logistics operations manager logistics solution manager logistics supervisor logistics supply officer logistics team leader logistics vice president marine oil terminal superintendent marine superintendent measurement superintendent operations director pipelines superintendent port traffic manager print traffic manager railroad car inspection and repair regional superintendent receiving manager schedule planning manager service delivery manager sewer system supervisor shipping coordinator shipping manager shipping receiving manager shipping supervisor station manager station master station supervisor stations superintendent storage and distribution manager storage manager substation manager supply chain logistics manager supply chain manager telegraph office manager terminal manager terminal operations supervisor terminal superintendent traffic director traffic manager traffic superintendent traffic supervisor train master train operations manager train operations supervisor trainmaster transportation coordinator transportation director transportation maintenance supervisor transportation manager transportation program director transportation project manager transportation specialist transportation superintendent transportation supervisor truck terminal manager warehouse foreman warehouse manager warehouse operations manager warehouse shift supervisor warehouse supervisor water and sewer systems superintendent waterworks supervisor wharfinger wharfmaster","213000","102010","6.1","0.294","0.583","0.53","launch"
"occ_17_2071_00","Electrical Engineers","engineering","electrical engineer electrical engineers automation engineer cable engineer circuits engineer controls engineer design engineer design verification engineer distribution engineer distribution field engineer district plant engineer division engineer division plant engineer electrical controls engineer electrical design engineer electrical designer electrical engineering intern electrical integrator electrical power engineer electrical products engineer electrical project engineer electrical prospecting engineer electrical research engineer electrical systems engineer electrical test engineer electrolysis and corrosion control engineer electrolysis engineer electrolysis investigator engineer field engineer geothermal electrical engineer hydroelectric plant electrical engineer illuminating engineer induction coordination engineer induction coordination power engineer instrumentation and electrical reliability engineer (i&e reliability engineer) instrumentation engineer laser engineer lighting engineer line construction engineer meter engineer outside plant engineer photovoltaic power systems engineer (pv power systems engineer) photovoltaic solar cell designer (pv solar cell designer) plant engineer power distribution engineer power generation engineer power systems electrical engineer power systems engineer power transmission engineer project engineer protection engineer radio frequency engineer (rf engineer) results engineer rural electrification engineer scada engineer (supervisory control and data acquisition engineer) service engineer smart grid engineer substation electrical engineer substation engineer systems development engineer test engineer testing engineer transmission engineer transmission line engineer utility engineer wind farm electrical systems designer wind turbine electrical engineer wire communications engineer","188790","111910","7.2","0.139","0.635","0.50","launch"
"occ_43_4031_00","Court, Municipal, and License Clerks","legal","license clerk court, municipal, and license clerks agent licensing clerk animal control licensing worker appeals clerk appellate court clerk basic traffic minute clerk birth certification clerk calendar clerk case clerk circuit clerk circuit court clerk city clerk city recorder city secretary civil clerk county clerk court assistant court attendant court clerk court coordinator court crier court office assistant court operations clerk court specialist courtroom calendar clerk courtroom clerk courtroom deputy clerk crier criminal records clerk deeds recorder deeds register district clerk docket clerk docketing specialist dog licenser driver's license examiner felony clerk judicial specialist law clerk license distributor license issuer license specialist licensing clerk licensing coordinator licensing services clerk licensing specialist minute clerk motor vehicle clerk motor vehicle field representative (mvfr) motor vehicle licensing clerk motor vehicle representative municipal clerk municipal court clerk permit coordinator permit specialist permit technician (permit tech) permits specialist permitting coordinator permitting specialist probation clerk process server recorder register registrar sessions clerk subpoena server summons server superior court clerk tag clerk tax clerk town clerk town treasurer township clerk traffic clerk utility clerk village clerk warrant clerk wills register","170010","47700","3","0.219","0.280","0.49","launch"
