"occupation_id","onet_task_id","task_cluster_id","membership_weight","mapping_method","mapping_confidence","notes"
"occ_11_1021_00","19501","cluster_oversight_strategy","1.00","keyword_inference","0.57","onet_keyword_inference"
"occ_11_1021_00","20699","cluster_qa_review","1.00","keyword_inference","0.47","onet_keyword_inference"
"occ_11_1021_00","20700","cluster_oversight_strategy","1.00","keyword_inference","0.45","onet_keyword_inference"
"occ_11_1021_00","20701","cluster_workflow_admin","1.00","keyword_inference","0.45","onet_keyword_inference"
"occ_11_1021_00","20702","cluster_coordination","1.00","keyword_inference","0.36","onet_keyword_inference"
"occ_11_1021_00","20703","cluster_coordination","1.00","keyword_inference","0.48","onet_keyword_inference"
"occ_11_1021_00","20704","cluster_coordination","1.00","keyword_inference","0.36","onet_keyword_inference"
"occ_11_1021_00","20705","cluster_coordination","1.00","keyword_inference","0.36","onet_keyword_inference"
"occ_11_1021_00","20706","cluster_oversight_strategy","1.00","keyword_inference","0.55","onet_keyword_inference"
"occ_11_1021_00","20707","cluster_client_interaction","1.00","keyword_inference","0.48","onet_keyword_inference"
"occ_11_1021_00","20708","cluster_oversight_strategy","1.00","keyword_inference","0.45","onet_keyword_inference"
"occ_11_1021_00","933","cluster_coordination","1.00","keyword_inference","0.48","onet_keyword_inference"
"occ_11_1021_00","944","cluster_client_interaction","1.00","keyword_inference","0.48","onet_keyword_inference"
"occ_11_1021_00","945","cluster_drafting","1.00","keyword_inference","0.46","onet_keyword_inference"
"occ_11_1021_00","947","cluster_oversight_strategy","1.00","keyword_inference","0.45","onet_keyword_inference"
"occ_11_1021_00","948","cluster_decision_support","1.00","keyword_inference","0.56","onet_keyword_inference"
"occ_11_1021_00","949","cluster_drafting","1.00","keyword_inference","0.45","onet_keyword_inference"
"occ_11_2021_00","19502","cluster_research_synthesis","1.00","keyword_inference","0.36","onet_keyword_inference"
"occ_11_2021_00","19503","cluster_drafting","1.00","keyword_inference","0.46","onet_keyword_inference"
"occ_11_2021_00","19504","cluster_research_synthesis","1.00","keyword_inference","0.36","onet_keyword_inference"
"occ_11_2021_00","19505","cluster_decision_support","1.00","keyword_inference","0.47","onet_keyword_inference"
"occ_11_2021_00","20709","cluster_oversight_strategy","1.00","keyword_inference","0.54","onet_keyword_inference"
"occ_11_2021_00","950","cluster_client_interaction","1.00","keyword_inference","0.48","onet_keyword_inference"
"occ_11_2021_00","951","cluster_drafting","1.00","keyword_inference","0.46","onet_keyword_inference"
"occ_11_2021_00","952","cluster_research_synthesis","1.00","keyword_inference","0.48","onet_keyword_inference"
"occ_11_2021_00","954","cluster_oversight_strategy","1.00","keyword_inference","0.57","onet_keyword_inference"
"occ_11_2021_00","955","cluster_drafting","1.00","keyword_inference","0.46","onet_keyword_inference"
"occ_11_2021_00","956","cluster_drafting","1.00","keyword_inference","0.56","onet_keyword_inference"
"occ_11_2021_00","957","cluster_research_synthesis","1.00","keyword_inference","0.43","onet_keyword_inference"
"occ_11_2021_00","958","cluster_decision_support","1.00","keyword_inference","0.51","onet_keyword_inference"
"occ_11_2021_00","959","cluster_research_synthesis","1.00","keyword_inference","0.36","onet_keyword_inference"
"occ_11_2021_00","960","cluster_relationship_management","1.00","keyword_inference","0.40","onet_keyword_inference"
"occ_11_2021_00","961","cluster_coordination","1.00","keyword_inference","0.48","onet_keyword_inference"
"occ_11_2021_00","962","cluster_client_interaction","1.00","keyword_inference","0.40","onet_keyword_inference"
"occ_11_2021_00","963","cluster_research_synthesis","1.00","keyword_inference","0.48","onet_keyword_inference"
"occ_11_2021_00","964","cluster_research_synthesis","1.00","keyword_inference","0.36","onet_keyword_inference"
"occ_11_2021_00","965","cluster_research_synthesis","1.00","keyword_inference","0.36","onet_keyword_inference"
"occ_11_2022_00","1","cluster_client_interaction","1.00","keyword_inference","0.48","onet_keyword_inference"
"occ_11_2022_00","10","cluster_client_interaction","1.00","keyword_inference","0.42","onet_keyword_inference"
"occ_11_2022_00","11","cluster_drafting","1.00","keyword_inference","0.46","onet_keyword_inference"
"occ_11_2022_00","12","cluster_relationship_management","1.00","keyword_inference","0.36","onet_keyword_inference"
"occ_11_2022_00","13","cluster_client_interaction","1.00","keyword_inference","0.53","onet_keyword_inference"
"occ_11_2022_00","14","cluster_oversight_strategy","1.00","keyword_inference","0.57","onet_keyword_inference"
"occ_11_2022_00","15","cluster_documentation","1.00","keyword_inference","0.45","onet_keyword_inference"
"occ_11_2022_00","16","cluster_oversight_strategy","1.00","keyword_inference","0.45","onet_keyword_inference"
"occ_11_2022_00","17","cluster_analysis","1.00","keyword_inference","0.45","onet_keyword_inference"
"occ_11_2022_00","2","cluster_client_interaction","1.00","keyword_inference","0.48","onet_keyword_inference"
"occ_11_2022_00","3","cluster_coordination","1.00","keyword_inference","0.48","onet_keyword_inference"
"occ_11_2022_00","4","cluster_coordination","1.00","keyword_inference","0.44","onet_keyword_inference"
"occ_11_2022_00","5","cluster_documentation","1.00","keyword_inference","0.55","onet_keyword_inference"
"occ_11_2022_00","6","cluster_coordination","1.00","keyword_inference","0.48","onet_keyword_inference"
"occ_11_2022_00","7","cluster_client_interaction","1.00","keyword_inference","0.48","onet_keyword_inference"
"occ_11_2022_00","8","cluster_client_interaction","1.00","keyword_inference","0.41","onet_keyword_inference"
"occ_11_2022_00","9","cluster_drafting","1.00","keyword_inference","0.41","onet_keyword_inference"
"occ_11_3021_00","15198","cluster_drafting","1.00","keyword_inference","0.36","onet_keyword_inference"
"occ_11_3021_00","966","cluster_oversight_strategy","1.00","keyword_inference","0.45","onet_keyword_inference"
"occ_11_3021_00","967","cluster_oversight_strategy","1.00","keyword_inference","0.45","onet_keyword_inference"
"occ_11_3021_00","968","cluster_analysis","1.00","keyword_inference","0.48","onet_keyword_inference"
"occ_11_3021_00","969","cluster_qa_review","1.00","keyword_inference","0.48","onet_keyword_inference"
"occ_11_3021_00","970","cluster_drafting","1.00","keyword_inference","0.36","onet_keyword_inference"
"occ_11_3021_00","971","cluster_drafting","1.00","keyword_inference","0.47","onet_keyword_inference"
"occ_11_3021_00","972","cluster_qa_review","1.00","keyword_inference","0.48","onet_keyword_inference"
"occ_11_3021_00","973","cluster_decision_support","1.00","keyword_inference","0.47","onet_keyword_inference"
"occ_11_3021_00","974","cluster_drafting","1.00","keyword_inference","0.36","onet_keyword_inference"
"occ_11_3021_00","975","cluster_oversight_strategy","1.00","keyword_inference","0.45","onet_keyword_inference"
"occ_11_3021_00","976","cluster_drafting","1.00","keyword_inference","0.47","onet_keyword_inference"
"occ_11_3021_00","977","cluster_relationship_management","1.00","keyword_inference","0.47","onet_keyword_inference"
"occ_11_3021_00","978","cluster_qa_review","1.00","keyword_inference","0.48","onet_keyword_inference"
"occ_11_3021_00","979","cluster_analysis","1.00","keyword_inference","0.55","onet_keyword_inference"
"occ_11_3021_00","980","cluster_qa_review","1.00","keyword_inference","0.48","onet_keyword_inference"
"occ_11_3021_00","981","cluster_drafting","1.00","keyword_inference","0.36","onet_keyword_inference"
"occ_11_3031_00","21311","cluster_client_interaction","1.00","keyword_inference","0.48","onet_keyword_inference"
"occ_11_3031_00","21312","cluster_coordination","1.00","keyword_inference","0.47","onet_keyword_inference"
"occ_11_3031_00","21313","cluster_relationship_management","1.00","keyword_inference","0.47","onet_keyword_inference"
"occ_11_3031_00","21314","cluster_analysis","1.00","keyword_inference","0.48","onet_keyword_inference"
"occ_11_3031_00","21315","cluster_analysis","1.00","keyword_inference","0.46","onet_keyword_inference"
"occ_11_3031_00","21316","cluster_oversight_strategy","1.00","keyword_inference","0.47","onet_keyword_inference"
"occ_11_3031_00","21317","cluster_analysis","1.00","keyword_inference","0.54","onet_keyword_inference"
"occ_11_3031_00","21318","cluster_coordination","1.00","keyword_inference","0.47","onet_keyword_inference"
"occ_11_3031_00","21319","cluster_oversight_strategy","1.00","keyword_inference","0.47","onet_keyword_inference"
"occ_11_3031_00","21320","cluster_documentation","1.00","keyword_inference","0.45","onet_keyword_inference"
"occ_11_3031_00","21321","cluster_analysis","1.00","keyword_inference","0.58","onet_keyword_inference"
"occ_11_3031_00","21322","cluster_coordination","1.00","keyword_inference","0.40","onet_keyword_inference"
"occ_11_3031_00","21323","cluster_decision_support","1.00","keyword_inference","0.48","onet_keyword_inference"
"occ_11_3031_00","21325","cluster_analysis","1.00","keyword_inference","0.36","onet_keyword_inference"
"occ_11_3031_00","21326","cluster_qa_review","1.00","keyword_inference","0.48","onet_keyword_inference"
"occ_11_3031_00","21327","cluster_documentation","1.00","keyword_inference","0.45","onet_keyword_inference"
"occ_11_3031_00","21329","cluster_analysis","1.00","keyword_inference","0.48","onet_keyword_inference"
"occ_11_3071_00","21340","cluster_qa_review","1.00","keyword_inference","0.46","onet_keyword_inference"
"occ_11_3071_00","21341","cluster_drafting","1.00","keyword_inference","0.46","onet_keyword_inference"
"occ_11_3071_00","21342","cluster_qa_review","1.00","keyword_inference","0.55","onet_keyword_inference"
"occ_11_3071_00","21343","cluster_oversight_strategy","1.00","keyword_inference","0.45","onet_keyword_inference"
"occ_11_3071_00","21344","cluster_execution_routine","1.00","keyword_inference","0.48","onet_keyword_inference"
"occ_11_3071_00","21345","cluster_analysis","1.00","keyword_inference","0.47","onet_keyword_inference"
"occ_11_3071_00","21346","cluster_client_interaction","1.00","keyword_inference","0.47","onet_keyword_inference"
"occ_11_3071_00","21347","cluster_documentation","1.00","keyword_inference","0.48","onet_keyword_inference"
"occ_11_3071_00","21348","cluster_coordination","1.00","keyword_inference","0.36","onet_keyword_inference"
"occ_11_3071_00","21349","cluster_analysis","1.00","keyword_inference","0.47","onet_keyword_inference"
"occ_11_3071_00","21350","cluster_coordination","1.00","keyword_inference","0.36","onet_keyword_inference"
"occ_11_3071_00","21351","cluster_coordination","1.00","keyword_inference","0.36","onet_keyword_inference"
"occ_11_3071_00","21352","cluster_oversight_strategy","1.00","keyword_inference","0.45","onet_keyword_inference"
"occ_11_3071_00","21353","cluster_execution_routine","1.00","keyword_inference","0.48","onet_keyword_inference"
"occ_11_3071_00","21354","cluster_decision_support","1.00","keyword_inference","0.47","onet_keyword_inference"
"occ_11_3071_00","21355","cluster_coordination","1.00","keyword_inference","0.36","onet_keyword_inference"
"occ_11_3071_00","21356","cluster_client_interaction","1.00","keyword_inference","0.52","onet_keyword_inference"
"occ_11_3071_00","21357","cluster_analysis","1.00","keyword_inference","0.47","onet_keyword_inference"
"occ_11_3071_00","21358","cluster_coordination","1.00","keyword_inference","0.48","onet_keyword_inference"
"occ_11_3071_00","21359","cluster_client_interaction","1.00","keyword_inference","0.47","onet_keyword_inference"
"occ_11_3071_00","21360","cluster_documentation","1.00","keyword_inference","0.67","onet_keyword_inference"
"occ_11_3071_00","21361","cluster_analysis","1.00","keyword_inference","0.43","onet_keyword_inference"
"occ_11_3071_00","21362","cluster_workflow_admin","1.00","keyword_inference","0.44","onet_keyword_inference"
"occ_11_3071_00","21363","cluster_documentation","1.00","keyword_inference","0.45","onet_keyword_inference"
"occ_11_3071_00","21364","cluster_relationship_management","1.00","keyword_inference","0.45","onet_keyword_inference"
"occ_11_3071_00","21365","cluster_drafting","1.00","keyword_inference","0.55","onet_keyword_inference"
"occ_11_3071_00","21366","cluster_oversight_strategy","1.00","keyword_inference","0.54","onet_keyword_inference"
"occ_11_3071_00","21367","cluster_execution_routine","1.00","keyword_inference","0.48","onet_keyword_inference"
"occ_11_3071_00","21368","cluster_decision_support","1.00","keyword_inference","0.47","onet_keyword_inference"
"occ_11_3071_00","21369","cluster_decision_support","1.00","keyword_inference","0.52","onet_keyword_inference"
"occ_11_3121_00","1000","cluster_decision_support","1.00","keyword_inference","0.45","onet_keyword_inference"
"occ_11_3121_00","1001","cluster_drafting","1.00","keyword_inference","0.41","onet_keyword_inference"
"occ_11_3121_00","1002","cluster_qa_review","1.00","keyword_inference","0.46","onet_keyword_inference"
"occ_11_3121_00","1003","cluster_oversight_strategy","1.00","keyword_inference","0.47","onet_keyword_inference"
"occ_11_3121_00","1004","cluster_analysis","1.00","keyword_inference","0.45","onet_keyword_inference"
"occ_11_3121_00","1005","cluster_drafting","1.00","keyword_inference","0.46","onet_keyword_inference"
"occ_11_3121_00","1006","cluster_relationship_management","1.00","keyword_inference","0.36","onet_keyword_inference"
"occ_11_3121_00","1007","cluster_relationship_management","1.00","keyword_inference","0.36","onet_keyword_inference"
"occ_11_3121_00","982","cluster_workflow_admin","1.00","keyword_inference","0.45","onet_keyword_inference"
"occ_11_3121_00","983","cluster_relationship_management","1.00","keyword_inference","0.48","onet_keyword_inference"
"occ_11_3121_00","984","cluster_relationship_management","1.00","keyword_inference","0.36","onet_keyword_inference"
"occ_11_3121_00","985","cluster_relationship_management","1.00","keyword_inference","0.36","onet_keyword_inference"
"occ_11_3121_00","986","cluster_workflow_admin","1.00","keyword_inference","0.45","onet_keyword_inference"
"occ_11_3121_00","987","cluster_oversight_strategy","1.00","keyword_inference","0.54","onet_keyword_inference"
"occ_11_3121_00","988","cluster_analysis","1.00","keyword_inference","0.47","onet_keyword_inference"
"occ_11_3121_00","989","cluster_decision_support","1.00","keyword_inference","0.41","onet_keyword_inference"
"occ_11_3121_00","990","cluster_workflow_admin","1.00","keyword_inference","0.45","onet_keyword_inference"
"occ_11_3121_00","991","cluster_coordination","1.00","keyword_inference","0.48","onet_keyword_inference"
"occ_11_3121_00","992","cluster_drafting","1.00","keyword_inference","0.55","onet_keyword_inference"
"occ_11_3121_00","993","cluster_documentation","1.00","keyword_inference","0.66","onet_keyword_inference"
"occ_11_3121_00","994","cluster_decision_support","1.00","keyword_inference","0.47","onet_keyword_inference"
"occ_11_3121_00","995","cluster_coordination","1.00","keyword_inference","0.55","onet_keyword_inference"
"occ_11_3121_00","996","cluster_relationship_management","1.00","keyword_inference","0.36","onet_keyword_inference"
"occ_11_3121_00","997","cluster_research_synthesis","1.00","keyword_inference","0.46","onet_keyword_inference"
"occ_11_3121_00","998","cluster_research_synthesis","1.00","keyword_inference","0.46","onet_keyword_inference"
"occ_11_3121_00","999","cluster_relationship_management","1.00","keyword_inference","0.45","onet_keyword_inference"
"occ_11_9041_00","1060","cluster_oversight_strategy","1.00","keyword_inference","0.45","onet_keyword_inference"
"occ_11_9041_00","1063","cluster_qa_review","1.00","keyword_inference","0.47","onet_keyword_inference"
"occ_11_9041_00","1070","cluster_client_interaction","1.00","keyword_inference","0.53","onet_keyword_inference"
"occ_11_9041_00","1071","cluster_client_interaction","1.00","keyword_inference","0.47","onet_keyword_inference"
"occ_11_9041_00","19525","cluster_drafting","1.00","keyword_inference","0.46","onet_keyword_inference"
"occ_11_9041_00","19526","cluster_analysis","1.00","keyword_inference","0.46","onet_keyword_inference"
"occ_11_9041_00","19527","cluster_research_synthesis","1.00","keyword_inference","0.47","onet_keyword_inference"
"occ_11_9041_00","19528","cluster_drafting","1.00","keyword_inference","0.46","onet_keyword_inference"
"occ_11_9041_00","20170","cluster_coordination","1.00","keyword_inference","0.48","onet_keyword_inference"
"occ_11_9041_00","20171","cluster_qa_review","1.00","keyword_inference","0.48","onet_keyword_inference"
"occ_11_9041_00","20172","cluster_drafting","1.00","keyword_inference","0.41","onet_keyword_inference"
"occ_11_9041_00","20173","cluster_analysis","1.00","keyword_inference","0.58","onet_keyword_inference"
"occ_11_9041_00","20174","cluster_relationship_management","1.00","keyword_inference","0.47","onet_keyword_inference"
"occ_11_9041_00","20175","cluster_decision_support","1.00","keyword_inference","0.55","onet_keyword_inference"
"occ_11_9041_00","20176","cluster_drafting","1.00","keyword_inference","0.46","onet_keyword_inference"
"occ_11_9041_00","20177","cluster_qa_review","1.00","keyword_inference","0.48","onet_keyword_inference"
"occ_11_9041_00","20178","cluster_oversight_strategy","1.00","keyword_inference","0.45","onet_keyword_inference"
"occ_11_9041_00","20179","cluster_analysis","1.00","keyword_inference","0.36","onet_keyword_inference"
"occ_11_9041_00","20180","cluster_coordination","1.00","keyword_inference","0.48","onet_keyword_inference"
"occ_11_9141_00","7219","cluster_coordination","1.00","keyword_inference","0.36","onet_keyword_inference"
"occ_11_9141_00","7220","cluster_oversight_strategy","1.00","keyword_inference","0.45","onet_keyword_inference"
"occ_11_9141_00","7221","cluster_qa_review","1.00","keyword_inference","0.45","onet_keyword_inference"
"occ_11_9141_00","7222","cluster_research_synthesis","1.00","keyword_inference","0.46","onet_keyword_inference"
"occ_11_9141_00","7223","cluster_coordination","1.00","keyword_inference","0.56","onet_keyword_inference"
"occ_11_9141_00","7224","cluster_oversight_strategy","1.00","keyword_inference","0.57","onet_keyword_inference"
"occ_11_9141_00","7225","cluster_documentation","1.00","keyword_inference","0.48","onet_keyword_inference"
"occ_11_9141_00","7226","cluster_documentation","1.00","keyword_inference","0.56","onet_keyword_inference"
"occ_11_9141_00","7227","cluster_coordination","1.00","keyword_inference","0.36","onet_keyword_inference"
"occ_11_9141_00","7228","cluster_documentation","1.00","keyword_inference","0.45","onet_keyword_inference"
"occ_11_9141_00","7229","cluster_coordination","1.00","keyword_inference","0.48","onet_keyword_inference"
"occ_11_9141_00","7230","cluster_coordination","1.00","keyword_inference","0.36","onet_keyword_inference"
"occ_11_9141_00","7231","cluster_coordination","1.00","keyword_inference","0.36","onet_keyword_inference"
"occ_11_9141_00","7232","cluster_analysis","1.00","keyword_inference","0.47","onet_keyword_inference"
"occ_11_9141_00","7233","cluster_qa_review","1.00","keyword_inference","0.47","onet_keyword_inference"
"occ_11_9141_00","7234","cluster_workflow_admin","1.00","keyword_inference","0.45","onet_keyword_inference"
"occ_11_9141_00","7235","cluster_coordination","1.00","keyword_inference","0.36","onet_keyword_inference"
"occ_11_9141_00","7236","cluster_coordination","1.00","keyword_inference","0.46","onet_keyword_inference"
"occ_11_9141_00","7237","cluster_coordination","1.00","keyword_inference","0.36","onet_keyword_inference"
"occ_11_9141_00","7238","cluster_oversight_strategy","1.00","keyword_inference","0.45","onet_keyword_inference"
"occ_11_9141_00","7239","cluster_coordination","1.00","keyword_inference","0.36","onet_keyword_inference"
"occ_11_9141_00","7240","cluster_coordination","1.00","keyword_inference","0.36","onet_keyword_inference"
"occ_11_9141_00","7241","cluster_client_interaction","1.00","keyword_inference","0.47","onet_keyword_inference"
"occ_11_9141_00","7242","cluster_relationship_management","1.00","keyword_inference","0.45","onet_keyword_inference"
"occ_11_9141_00","7243","cluster_decision_support","1.00","keyword_inference","0.41","onet_keyword_inference"
"occ_11_9141_00","7244","cluster_oversight_strategy","1.00","keyword_inference","0.45","onet_keyword_inference"
"occ_11_9141_00","7245","cluster_analysis","1.00","keyword_inference","0.47","onet_keyword_inference"
"occ_13_1023_00","1142","cluster_coordination","1.00","keyword_inference","0.36","onet_keyword_inference"
"occ_13_1023_00","1143","cluster_qa_review","1.00","keyword_inference","0.47","onet_keyword_inference"
"occ_13_1023_00","1144","cluster_research_synthesis","1.00","keyword_inference","0.47","onet_keyword_inference"
"occ_13_1023_00","1145","cluster_analysis","1.00","keyword_inference","0.47","onet_keyword_inference"
"occ_13_1023_00","1146","cluster_coordination","1.00","keyword_inference","0.36","onet_keyword_inference"
"occ_13_1023_00","1147","cluster_workflow_admin","1.00","keyword_inference","0.45","onet_keyword_inference"
"occ_13_1023_00","1148","cluster_relationship_management","1.00","keyword_inference","0.40","onet_keyword_inference"
"occ_13_1023_00","1149","cluster_coordination","1.00","keyword_inference","0.36","onet_keyword_inference"
"occ_13_1023_00","1150","cluster_analysis","1.00","keyword_inference","0.45","onet_keyword_inference"
"occ_13_1023_00","1151","cluster_qa_review","1.00","keyword_inference","0.47","onet_keyword_inference"
"occ_13_1023_00","1152","cluster_qa_review","1.00","keyword_inference","0.47","onet_keyword_inference"
"occ_13_1023_00","1153","cluster_drafting","1.00","keyword_inference","0.46","onet_keyword_inference"
"occ_13_1023_00","1154","cluster_execution_routine","1.00","keyword_inference","0.46","onet_keyword_inference"
"occ_13_1023_00","1155","cluster_coordination","1.00","keyword_inference","0.36","onet_keyword_inference"
"occ_13_1023_00","1156","cluster_coordination","1.00","keyword_inference","0.36","onet_keyword_inference"
"occ_13_1023_00","1157","cluster_qa_review","1.00","keyword_inference","0.47","onet_keyword_inference"
"occ_13_1023_00","1158","cluster_workflow_admin","1.00","keyword_inference","0.45","onet_keyword_inference"
"occ_13_1023_00","1159","cluster_coordination","1.00","keyword_inference","0.36","onet_keyword_inference"
"occ_13_1023_00","1160","cluster_coordination","1.00","keyword_inference","0.36","onet_keyword_inference"
"occ_13_1031_00","21417","cluster_documentation","1.00","keyword_inference","0.45","onet_keyword_inference"
"occ_13_1031_00","21418","cluster_research_synthesis","1.00","keyword_inference","0.53","onet_keyword_inference"
"occ_13_1031_00","21419","cluster_documentation","1.00","keyword_inference","0.55","onet_keyword_inference"
"occ_13_1031_00","21420","cluster_qa_review","1.00","keyword_inference","0.47","onet_keyword_inference"
"occ_13_1031_00","21421","cluster_research_synthesis","1.00","keyword_inference","0.46","onet_keyword_inference"
"occ_13_1031_00","21422","cluster_qa_review","1.00","keyword_inference","0.47","onet_keyword_inference"
"occ_13_1031_00","21423","cluster_research_synthesis","1.00","keyword_inference","0.46","onet_keyword_inference"
"occ_13_1031_00","21424","cluster_decision_support","1.00","keyword_inference","0.47","onet_keyword_inference"
"occ_13_1031_00","21425","cluster_execution_routine","1.00","keyword_inference","0.43","onet_keyword_inference"
"occ_13_1031_00","21426","cluster_execution_routine","1.00","keyword_inference","0.48","onet_keyword_inference"
"occ_13_1031_00","21427","cluster_research_synthesis","1.00","keyword_inference","0.46","onet_keyword_inference"
"occ_13_1031_00","21428","cluster_analysis","1.00","keyword_inference","0.47","onet_keyword_inference"
"occ_13_1031_00","21429","cluster_execution_routine","1.00","keyword_inference","0.53","onet_keyword_inference"
"occ_13_1031_00","21430","cluster_research_synthesis","1.00","keyword_inference","0.46","onet_keyword_inference"
"occ_13_1031_00","21431","cluster_qa_review","1.00","keyword_inference","0.46","onet_keyword_inference"
"occ_13_1031_00","21432","cluster_coordination","1.00","keyword_inference","0.36","onet_keyword_inference"
"occ_13_1031_00","21433","cluster_coordination","1.00","keyword_inference","0.36","onet_keyword_inference"
"occ_13_1031_00","21434","cluster_analysis","1.00","keyword_inference","0.47","onet_keyword_inference"
"occ_13_1031_00","21435","cluster_client_interaction","1.00","keyword_inference","0.41","onet_keyword_inference"
"occ_13_1031_00","21436","cluster_coordination","1.00","keyword_inference","0.36","onet_keyword_inference"
"occ_13_1031_00","21437","cluster_qa_review","1.00","keyword_inference","0.47","onet_keyword_inference"
"occ_13_1031_00","21438","cluster_analysis","1.00","keyword_inference","0.43","onet_keyword_inference"
"occ_13_1031_00","21439","cluster_documentation","1.00","keyword_inference","0.45","onet_keyword_inference"
"occ_13_1031_00","21440","cluster_execution_routine","1.00","keyword_inference","0.48","onet_keyword_inference"
"occ_13_1031_00","21441","cluster_execution_routine","1.00","keyword_inference","0.48","onet_keyword_inference"
"occ_13_1031_00","21442","cluster_coordination","1.00","keyword_inference","0.36","onet_keyword_inference"
"occ_13_1031_00","21443","cluster_coordination","1.00","keyword_inference","0.36","onet_keyword_inference"
"occ_13_1031_00","21444","cluster_documentation","1.00","keyword_inference","0.45","onet_keyword_inference"
"occ_13_1031_00","21445","cluster_decision_support","1.00","keyword_inference","0.47","onet_keyword_inference"
"occ_13_1041_00","21446","cluster_coordination","1.00","keyword_inference","0.36","onet_keyword_inference"
"occ_13_1041_00","21447","cluster_documentation","1.00","keyword_inference","0.57","onet_keyword_inference"
"occ_13_1041_00","21448","cluster_client_interaction","1.00","keyword_inference","0.40","onet_keyword_inference"
"occ_13_1041_00","21449","cluster_decision_support","1.00","keyword_inference","0.47","onet_keyword_inference"
"occ_13_1041_00","21450","cluster_documentation","1.00","keyword_inference","0.45","onet_keyword_inference"
"occ_13_1041_00","21451","cluster_coordination","1.00","keyword_inference","0.36","onet_keyword_inference"
"occ_13_1041_00","21452","cluster_coordination","1.00","keyword_inference","0.36","onet_keyword_inference"
"occ_13_1041_00","21453","cluster_research_synthesis","1.00","keyword_inference","0.42","onet_keyword_inference"
"occ_13_1041_00","21454","cluster_qa_review","1.00","keyword_inference","0.46","onet_keyword_inference"
"occ_13_1041_00","21455","cluster_qa_review","1.00","keyword_inference","0.45","onet_keyword_inference"
"occ_13_1041_00","21456","cluster_qa_review","1.00","keyword_inference","0.46","onet_keyword_inference"
"occ_13_1041_00","21457","cluster_execution_routine","1.00","keyword_inference","0.48","onet_keyword_inference"
"occ_13_1041_00","21458","cluster_research_synthesis","1.00","keyword_inference","0.46","onet_keyword_inference"
"occ_13_1041_00","21459","cluster_coordination","1.00","keyword_inference","0.36","onet_keyword_inference"
"occ_13_1041_00","21460","cluster_qa_review","1.00","keyword_inference","0.59","onet_keyword_inference"
"occ_13_1041_00","21461","cluster_documentation","1.00","keyword_inference","0.48","onet_keyword_inference"
"occ_13_1051_00","20846","cluster_decision_support","1.00","keyword_inference","0.43","onet_keyword_inference"
"occ_13_1051_00","80","cluster_documentation","1.00","keyword_inference","0.48","onet_keyword_inference"
"occ_13_1051_00","81","cluster_drafting","1.00","keyword_inference","0.46","onet_keyword_inference"
"occ_13_1051_00","82","cluster_client_interaction","1.00","keyword_inference","0.47","onet_keyword_inference"
"occ_13_1051_00","83","cluster_decision_support","1.00","keyword_inference","0.43","onet_keyword_inference"
"occ_13_1051_00","84","cluster_decision_support","1.00","keyword_inference","0.49","onet_keyword_inference"
"occ_13_1051_00","85","cluster_decision_support","1.00","keyword_inference","0.43","onet_keyword_inference"
"occ_13_1051_00","86","cluster_qa_review","1.00","keyword_inference","0.47","onet_keyword_inference"
"occ_13_1051_00","87","cluster_documentation","1.00","keyword_inference","0.48","onet_keyword_inference"
"occ_13_1051_00","88","cluster_oversight_strategy","1.00","keyword_inference","0.45","onet_keyword_inference"
"occ_13_1051_00","89","cluster_documentation","1.00","keyword_inference","0.45","onet_keyword_inference"
"occ_13_1051_00","90","cluster_execution_routine","1.00","keyword_inference","0.48","onet_keyword_inference"
"occ_13_1051_00","91","cluster_drafting","1.00","keyword_inference","0.46","onet_keyword_inference"
"occ_13_1051_00","92","cluster_documentation","1.00","keyword_inference","0.45","onet_keyword_inference"
"occ_13_1071_00","18852","cluster_relationship_management","1.00","manual_review","0.92","manual_review_hr_specialists"
"occ_13_1071_00","18853","cluster_analysis","1.00","manual_review","0.92","manual_review_hr_specialists"
"occ_13_1071_00","18854","cluster_relationship_management","1.00","manual_review","0.92","manual_review_hr_specialists"
"occ_13_1071_00","18855","cluster_qa_review","1.00","manual_review","0.92","manual_review_hr_specialists"
"occ_13_1071_00","18856","cluster_oversight_strategy","1.00","manual_review","0.92","manual_review_hr_specialists"
"occ_13_1071_00","18857","cluster_relationship_management","1.00","manual_review","0.92","manual_review_hr_specialists"
"occ_13_1071_00","18858","cluster_oversight_strategy","1.00","manual_review","0.92","manual_review_hr_specialists"
"occ_13_1071_00","18859","cluster_execution_routine","1.00","manual_review","0.92","manual_review_hr_specialists"
"occ_13_1071_00","18860","cluster_relationship_management","1.00","manual_review","0.92","manual_review_hr_specialists"
"occ_13_1071_00","18861","cluster_decision_support","1.00","manual_review","0.92","manual_review_hr_specialists"
"occ_13_1071_00","18862","cluster_relationship_management","1.00","manual_review","0.92","manual_review_hr_specialists"
"occ_13_1071_00","18863","cluster_documentation","1.00","manual_review","0.92","manual_review_hr_specialists"
"occ_13_1071_00","18864","cluster_research_synthesis","1.00","manual_review","0.92","manual_review_hr_specialists"
"occ_13_1071_00","18865","cluster_research_synthesis","1.00","manual_review","0.92","manual_review_hr_specialists"
"occ_13_1071_00","18866","cluster_documentation","1.00","manual_review","0.92","manual_review_hr_specialists"
"occ_13_1071_00","18867","cluster_decision_support","1.00","manual_review","0.92","manual_review_hr_specialists"
"occ_13_1071_00","18868","cluster_qa_review","1.00","manual_review","0.92","manual_review_hr_specialists"
"occ_13_1071_00","18869","cluster_workflow_admin","1.00","manual_review","0.92","manual_review_hr_specialists"
"occ_13_1071_00","18870","cluster_coordination","1.00","manual_review","0.92","manual_review_hr_specialists"
"occ_13_1071_00","18871","cluster_decision_support","1.00","manual_review","0.92","manual_review_hr_specialists"
"occ_13_1071_00","18872","cluster_decision_support","1.00","manual_review","0.92","manual_review_hr_specialists"
"occ_13_1071_00","18873","cluster_coordination","1.00","manual_review","0.92","manual_review_hr_specialists"
"occ_13_1071_00","18874","cluster_qa_review","1.00","manual_review","0.92","manual_review_hr_specialists"
"occ_13_1071_00","18875","cluster_qa_review","1.00","manual_review","0.92","manual_review_hr_specialists"
"occ_13_1071_00","18876","cluster_qa_review","1.00","manual_review","0.92","manual_review_hr_specialists"
"occ_13_1071_00","21097","cluster_workflow_admin","1.00","manual_review","0.92","manual_review_hr_specialists"
"occ_13_1081_00","20847","cluster_oversight_strategy","1.00","keyword_inference","0.57","onet_keyword_inference"
"occ_13_1081_00","8932","cluster_client_interaction","1.00","keyword_inference","0.47","onet_keyword_inference"
"occ_13_1081_00","8933","cluster_client_interaction","1.00","keyword_inference","0.47","onet_keyword_inference"
"occ_13_1081_00","8934","cluster_oversight_strategy","1.00","keyword_inference","0.45","onet_keyword_inference"
"occ_13_1081_00","8935","cluster_client_interaction","1.00","keyword_inference","0.47","onet_keyword_inference"
"occ_13_1081_00","8936","cluster_coordination","1.00","keyword_inference","0.36","onet_keyword_inference"
"occ_13_1081_00","8937","cluster_client_interaction","1.00","keyword_inference","0.47","onet_keyword_inference"
"occ_13_1081_00","8938","cluster_drafting","1.00","keyword_inference","0.46","onet_keyword_inference"
"occ_13_1081_00","8939","cluster_workflow_admin","1.00","keyword_inference","0.55","onet_keyword_inference"
"occ_13_1081_00","8940","cluster_documentation","1.00","keyword_inference","0.45","onet_keyword_inference"
"occ_13_1081_00","8941","cluster_analysis","1.00","keyword_inference","0.47","onet_keyword_inference"
"occ_13_1081_00","8942","cluster_client_interaction","1.00","keyword_inference","0.53","onet_keyword_inference"
"occ_13_1081_00","8943","cluster_documentation","1.00","keyword_inference","0.48","onet_keyword_inference"
"occ_13_1081_00","8944","cluster_decision_support","1.00","keyword_inference","0.53","onet_keyword_inference"
"occ_13_1081_00","8945","cluster_analysis","1.00","keyword_inference","0.47","onet_keyword_inference"
"occ_13_1081_00","8946","cluster_qa_review","1.00","keyword_inference","0.47","onet_keyword_inference"
"occ_13_1081_00","8947","cluster_drafting","1.00","keyword_inference","0.46","onet_keyword_inference"
"occ_13_1081_00","8948","cluster_execution_routine","1.00","keyword_inference","0.48","onet_keyword_inference"
"occ_13_1081_00","8949","cluster_drafting","1.00","keyword_inference","0.45","onet_keyword_inference"
"occ_13_1081_00","8950","cluster_qa_review","1.00","keyword_inference","0.47","onet_keyword_inference"
"occ_13_1081_00","8951","cluster_coordination","1.00","keyword_inference","0.48","onet_keyword_inference"
"occ_13_1081_00","8952","cluster_analysis","1.00","keyword_inference","0.47","onet_keyword_inference"
"occ_13_1082_00","21462","cluster_workflow_admin","1.00","keyword_inference","0.45","onet_keyword_inference"
"occ_13_1082_00","21463","cluster_client_interaction","1.00","keyword_inference","0.45","onet_keyword_inference"
"occ_13_1082_00","21464","cluster_relationship_management","1.00","keyword_inference","0.40","onet_keyword_inference"
"occ_13_1082_00","21465","cluster_client_interaction","1.00","keyword_inference","0.54","onet_keyword_inference"
"occ_13_1082_00","21466","cluster_drafting","1.00","keyword_inference","0.46","onet_keyword_inference"
"occ_13_1082_00","21467","cluster_qa_review","1.00","keyword_inference","0.47","onet_keyword_inference"
"occ_13_1082_00","21468","cluster_qa_review","1.00","keyword_inference","0.47","onet_keyword_inference"
"occ_13_1082_00","21469","cluster_coordination","1.00","keyword_inference","0.36","onet_keyword_inference"
"occ_13_1082_00","21470","cluster_coordination","1.00","keyword_inference","0.36","onet_keyword_inference"
"occ_13_1082_00","21471","cluster_coordination","1.00","keyword_inference","0.36","onet_keyword_inference"
"occ_13_1082_00","21472","cluster_client_interaction","1.00","keyword_inference","0.45","onet_keyword_inference"
"occ_13_1082_00","21473","cluster_coordination","1.00","keyword_inference","0.56","onet_keyword_inference"
"occ_13_1082_00","21474","cluster_documentation","1.00","keyword_inference","0.45","onet_keyword_inference"
"occ_13_1082_00","21475","cluster_documentation","1.00","keyword_inference","0.47","onet_keyword_inference"
"occ_13_1082_00","21476","cluster_qa_review","1.00","keyword_inference","0.47","onet_keyword_inference"
"occ_13_1082_00","21477","cluster_relationship_management","1.00","keyword_inference","0.47","onet_keyword_inference"
"occ_13_1082_00","21478","cluster_client_interaction","1.00","keyword_inference","0.48","onet_keyword_inference"
"occ_13_1082_00","21479","cluster_qa_review","1.00","keyword_inference","0.47","onet_keyword_inference"
"occ_13_1082_00","21480","cluster_coordination","1.00","keyword_inference","0.44","onet_keyword_inference"
"occ_13_1082_00","21481","cluster_client_interaction","1.00","keyword_inference","0.48","onet_keyword_inference"
"occ_13_1111_00","7276","cluster_research_synthesis","1.00","manual_review","0.92","manual_review_management_analysts"
"occ_13_1111_00","7277","cluster_analysis","1.00","manual_review","0.92","manual_review_management_analysts"
"occ_13_1111_00","7278","cluster_coordination","1.00","manual_review","0.92","manual_review_management_analysts"
"occ_13_1111_00","7279","cluster_workflow_admin","1.00","manual_review","0.92","manual_review_management_analysts"
"occ_13_1111_00","7280","cluster_qa_review","1.00","manual_review","0.92","manual_review_management_analysts"
"occ_13_1111_00","7281","cluster_research_synthesis","1.00","manual_review","0.92","manual_review_management_analysts"
"occ_13_1111_00","7282","cluster_decision_support","1.00","manual_review","0.92","manual_review_management_analysts"
"occ_13_1111_00","7283","cluster_coordination","1.00","manual_review","0.92","manual_review_management_analysts"
"occ_13_1111_00","7284","cluster_decision_support","1.00","manual_review","0.92","manual_review_management_analysts"
"occ_13_1111_00","7285","cluster_analysis","1.00","manual_review","0.92","manual_review_management_analysts"
"occ_13_1111_00","7286","cluster_decision_support","1.00","manual_review","0.92","manual_review_management_analysts"
"occ_13_1151_00","100","cluster_relationship_management","1.00","keyword_inference","0.48","onet_keyword_inference"
"occ_13_1151_00","101","cluster_analysis","1.00","keyword_inference","0.45","onet_keyword_inference"
"occ_13_1151_00","102","cluster_drafting","1.00","keyword_inference","0.46","onet_keyword_inference"
"occ_13_1151_00","103","cluster_client_interaction","1.00","keyword_inference","0.54","onet_keyword_inference"
"occ_13_1151_00","105","cluster_workflow_admin","1.00","keyword_inference","0.45","onet_keyword_inference"
"occ_13_1151_00","106","cluster_drafting","1.00","keyword_inference","0.46","onet_keyword_inference"
"occ_13_1151_00","108","cluster_client_interaction","1.00","keyword_inference","0.48","onet_keyword_inference"
"occ_13_1151_00","111","cluster_client_interaction","1.00","keyword_inference","0.42","onet_keyword_inference"
"occ_13_1151_00","19558","cluster_drafting","1.00","keyword_inference","0.46","onet_keyword_inference"
"occ_13_1151_00","19559","cluster_analysis","1.00","keyword_inference","0.45","onet_keyword_inference"
"occ_13_1151_00","20474","cluster_client_interaction","1.00","keyword_inference","0.48","onet_keyword_inference"
"occ_13_1151_00","20475","cluster_drafting","1.00","keyword_inference","0.46","onet_keyword_inference"
"occ_13_1151_00","20476","cluster_documentation","1.00","keyword_inference","0.45","onet_keyword_inference"
"occ_13_1151_00","20477","cluster_drafting","1.00","keyword_inference","0.46","onet_keyword_inference"
"occ_13_1151_00","93","cluster_drafting","1.00","keyword_inference","0.46","onet_keyword_inference"
"occ_13_1151_00","94","cluster_client_interaction","1.00","keyword_inference","0.42","onet_keyword_inference"
"occ_13_1151_00","95","cluster_coordination","1.00","keyword_inference","0.44","onet_keyword_inference"
"occ_13_1151_00","97","cluster_relationship_management","1.00","keyword_inference","0.36","onet_keyword_inference"
"occ_13_1151_00","98","cluster_documentation","1.00","keyword_inference","0.45","onet_keyword_inference"
"occ_13_1151_00","99","cluster_oversight_strategy","1.00","keyword_inference","0.45","onet_keyword_inference"
"occ_13_1161_00","5433","cluster_analysis","1.00","manual_review","0.92","manual_review_market_research"
"occ_13_1161_00","5434","cluster_documentation","1.00","manual_review","0.92","manual_review_market_research"
"occ_13_1161_00","5435","cluster_analysis","1.00","manual_review","0.92","manual_review_market_research"
"occ_13_1161_00","5436","cluster_analysis","1.00","manual_review","0.92","manual_review_market_research"
"occ_13_1161_00","5437","cluster_research_synthesis","1.00","manual_review","0.92","manual_review_market_research"
"occ_13_1161_00","5438","cluster_analysis","1.00","manual_review","0.92","manual_review_market_research"
"occ_13_1161_00","5439","cluster_research_synthesis","1.00","manual_review","0.92","manual_review_market_research"
"occ_13_1161_00","5440","cluster_decision_support","1.00","manual_review","0.92","manual_review_market_research"
"occ_13_1161_00","5441","cluster_analysis","1.00","manual_review","0.92","manual_review_market_research"
"occ_13_1161_00","5442","cluster_research_synthesis","1.00","manual_review","0.92","manual_review_market_research"
"occ_13_1161_00","5443","cluster_qa_review","1.00","manual_review","0.92","manual_review_market_research"
"occ_13_1161_00","5444","cluster_oversight_strategy","1.00","manual_review","0.92","manual_review_market_research"
"occ_13_1161_00","5445","cluster_oversight_strategy","1.00","manual_review","0.92","manual_review_market_research"
"occ_13_2011_00","21505","cluster_documentation","1.00","manual_review","0.92","manual_review_accountants"
"occ_13_2011_00","21506","cluster_decision_support","1.00","manual_review","0.92","manual_review_accountants"
"occ_13_2011_00","21507","cluster_analysis","1.00","manual_review","0.92","manual_review_accountants"
"occ_13_2011_00","21508","cluster_qa_review","1.00","manual_review","0.92","manual_review_accountants"
"occ_13_2011_00","21509","cluster_oversight_strategy","1.00","manual_review","0.92","manual_review_accountants"
"occ_13_2011_00","21510","cluster_client_interaction","1.00","manual_review","0.92","manual_review_accountants"
"occ_13_2011_00","21511","cluster_decision_support","1.00","manual_review","0.92","manual_review_accountants"
"occ_13_2011_00","21512","cluster_qa_review","1.00","manual_review","0.92","manual_review_accountants"
"occ_13_2011_00","21513","cluster_qa_review","1.00","manual_review","0.92","manual_review_accountants"
"occ_13_2011_00","21514","cluster_analysis","1.00","manual_review","0.92","manual_review_accountants"
"occ_13_2011_00","21515","cluster_execution_routine","1.00","manual_review","0.92","manual_review_accountants"
"occ_13_2011_00","21516","cluster_qa_review","1.00","manual_review","0.92","manual_review_accountants"
"occ_13_2011_00","21517","cluster_workflow_admin","1.00","manual_review","0.92","manual_review_accountants"
"occ_13_2011_00","21518","cluster_qa_review","1.00","manual_review","0.92","manual_review_accountants"
"occ_13_2011_00","21519","cluster_decision_support","1.00","manual_review","0.92","manual_review_accountants"
"occ_13_2011_00","21520","cluster_decision_support","1.00","manual_review","0.92","manual_review_accountants"
"occ_13_2011_00","21521","cluster_workflow_admin","1.00","manual_review","0.92","manual_review_accountants"
"occ_13_2011_00","21522","cluster_analysis","1.00","manual_review","0.92","manual_review_accountants"
"occ_13_2011_00","21523","cluster_qa_review","1.00","manual_review","0.92","manual_review_accountants"
"occ_13_2011_00","21524","cluster_qa_review","1.00","manual_review","0.92","manual_review_accountants"
"occ_13_2011_00","21525","cluster_qa_review","1.00","manual_review","0.92","manual_review_accountants"
"occ_13_2011_00","21526","cluster_execution_routine","1.00","manual_review","0.92","manual_review_accountants"
"occ_13_2011_00","21527","cluster_client_interaction","1.00","manual_review","0.92","manual_review_accountants"
"occ_13_2011_00","21529","cluster_oversight_strategy","1.00","manual_review","0.92","manual_review_accountants"
"occ_13_2011_00","21530","cluster_qa_review","1.00","manual_review","0.92","manual_review_accountants"
"occ_13_2011_00","21531","cluster_analysis","1.00","manual_review","0.92","manual_review_accountants"
"occ_13_2011_00","21532","cluster_documentation","1.00","manual_review","0.92","manual_review_accountants"
"occ_13_2011_00","21533","cluster_execution_routine","1.00","manual_review","0.92","manual_review_accountants"
"occ_13_2011_00","21534","cluster_analysis","1.00","manual_review","0.92","manual_review_accountants"
"occ_13_2051_00","21579","cluster_client_interaction","1.00","keyword_inference","0.52","onet_keyword_inference"
"occ_13_2051_00","21580","cluster_analysis","1.00","keyword_inference","0.48","onet_keyword_inference"
"occ_13_2051_00","21581","cluster_client_interaction","1.00","keyword_inference","0.48","onet_keyword_inference"
"occ_13_2051_00","21582","cluster_analysis","1.00","keyword_inference","0.36","onet_keyword_inference"
"occ_13_2051_00","21583","cluster_client_interaction","1.00","keyword_inference","0.48","onet_keyword_inference"
"occ_13_2051_00","21584","cluster_analysis","1.00","keyword_inference","0.48","onet_keyword_inference"
"occ_13_2051_00","21585","cluster_client_interaction","1.00","keyword_inference","0.48","onet_keyword_inference"
"occ_13_2051_00","21586","cluster_client_interaction","1.00","keyword_inference","0.54","onet_keyword_inference"
"occ_13_2051_00","21587","cluster_analysis","1.00","keyword_inference","0.36","onet_keyword_inference"
"occ_13_2051_00","21588","cluster_client_interaction","1.00","keyword_inference","0.48","onet_keyword_inference"
"occ_13_2051_00","21589","cluster_documentation","1.00","keyword_inference","0.45","onet_keyword_inference"
"occ_13_2051_00","21590","cluster_drafting","1.00","keyword_inference","0.46","onet_keyword_inference"
"occ_13_2051_00","21591","cluster_analysis","1.00","keyword_inference","0.46","onet_keyword_inference"
"occ_13_2051_00","21592","cluster_analysis","1.00","keyword_inference","0.55","onet_keyword_inference"
"occ_13_2051_00","21593","cluster_analysis","1.00","keyword_inference","0.48","onet_keyword_inference"
"occ_13_2051_00","21594","cluster_analysis","1.00","keyword_inference","0.44","onet_keyword_inference"
"occ_13_2051_00","21595","cluster_drafting","1.00","keyword_inference","0.46","onet_keyword_inference"
"occ_13_2051_00","21596","cluster_analysis","1.00","keyword_inference","0.48","onet_keyword_inference"
"occ_13_2051_00","21597","cluster_analysis","1.00","keyword_inference","0.36","onet_keyword_inference"
"occ_13_2051_00","21598","cluster_drafting","1.00","keyword_inference","0.41","onet_keyword_inference"
"occ_13_2051_00","21599","cluster_analysis","1.00","keyword_inference","0.48","onet_keyword_inference"
"occ_13_2051_00","21600","cluster_documentation","1.00","keyword_inference","0.45","onet_keyword_inference"
"occ_13_2051_00","21601","cluster_oversight_strategy","1.00","keyword_inference","0.45","onet_keyword_inference"
"occ_13_2051_00","21602","cluster_decision_support","1.00","keyword_inference","0.48","onet_keyword_inference"
"occ_13_2051_00","21603","cluster_analysis","1.00","keyword_inference","0.36","onet_keyword_inference"
"occ_13_2051_00","21604","cluster_analysis","1.00","keyword_inference","0.36","onet_keyword_inference"
"occ_13_2052_00","12904","cluster_analysis","1.00","keyword_inference","0.48","onet_keyword_inference"
"occ_13_2052_00","12905","cluster_client_interaction","1.00","keyword_inference","0.48","onet_keyword_inference"
"occ_13_2052_00","12907","cluster_client_interaction","1.00","keyword_inference","0.48","onet_keyword_inference"
"occ_13_2052_00","12909","cluster_decision_support","1.00","keyword_inference","0.54","onet_keyword_inference"
"occ_13_2052_00","12913","cluster_documentation","1.00","keyword_inference","0.57","onet_keyword_inference"
"occ_13_2052_00","12914","cluster_client_interaction","1.00","keyword_inference","0.48","onet_keyword_inference"
"occ_13_2052_00","12915","cluster_client_interaction","1.00","keyword_inference","0.48","onet_keyword_inference"
"occ_13_2052_00","12916","cluster_client_interaction","1.00","keyword_inference","0.48","onet_keyword_inference"
"occ_13_2052_00","12917","cluster_decision_support","1.00","keyword_inference","0.42","onet_keyword_inference"
"occ_13_2052_00","12918","cluster_client_interaction","1.00","keyword_inference","0.48","onet_keyword_inference"
"occ_13_2052_00","12919","cluster_decision_support","1.00","keyword_inference","0.42","onet_keyword_inference"
"occ_13_2052_00","19570","cluster_client_interaction","1.00","keyword_inference","0.48","onet_keyword_inference"
"occ_13_2052_00","19571","cluster_decision_support","1.00","keyword_inference","0.48","onet_keyword_inference"
"occ_13_2052_00","20182","cluster_decision_support","1.00","keyword_inference","0.54","onet_keyword_inference"
"occ_13_2052_00","20183","cluster_qa_review","1.00","keyword_inference","0.48","onet_keyword_inference"
"occ_13_2052_00","20184","cluster_client_interaction","1.00","keyword_inference","0.48","onet_keyword_inference"
"occ_13_2052_00","20185","cluster_client_interaction","1.00","keyword_inference","0.48","onet_keyword_inference"
"occ_13_2052_00","20186","cluster_client_interaction","1.00","keyword_inference","0.48","onet_keyword_inference"
"occ_13_2052_00","20187","cluster_client_interaction","1.00","keyword_inference","0.48","onet_keyword_inference"
"occ_13_2052_00","20188","cluster_client_interaction","1.00","keyword_inference","0.48","onet_keyword_inference"
"occ_13_2052_00","20189","cluster_decision_support","1.00","keyword_inference","0.48","onet_keyword_inference"
"occ_13_2072_00","21635","cluster_analysis","1.00","keyword_inference","0.36","onet_keyword_inference"
"occ_13_2072_00","21636","cluster_research_synthesis","1.00","keyword_inference","0.42","onet_keyword_inference"
"occ_13_2072_00","21637","cluster_decision_support","1.00","keyword_inference","0.49","onet_keyword_inference"
"occ_13_2072_00","21638","cluster_drafting","1.00","keyword_inference","0.46","onet_keyword_inference"
"occ_13_2072_00","21639","cluster_relationship_management","1.00","keyword_inference","0.40","onet_keyword_inference"
"occ_13_2072_00","21640","cluster_relationship_management","1.00","keyword_inference","0.45","onet_keyword_inference"
"occ_13_2072_00","21641","cluster_client_interaction","1.00","keyword_inference","0.48","onet_keyword_inference"
"occ_13_2072_00","21642","cluster_client_interaction","1.00","keyword_inference","0.48","onet_keyword_inference"
"occ_13_2072_00","21643","cluster_analysis","1.00","keyword_inference","0.36","onet_keyword_inference"
"occ_13_2072_00","21644","cluster_qa_review","1.00","keyword_inference","0.48","onet_keyword_inference"
"occ_13_2072_00","21645","cluster_decision_support","1.00","keyword_inference","0.48","onet_keyword_inference"
"occ_13_2072_00","21646","cluster_qa_review","1.00","keyword_inference","0.48","onet_keyword_inference"
"occ_13_2072_00","21647","cluster_qa_review","1.00","keyword_inference","0.48","onet_keyword_inference"
"occ_13_2072_00","3407","cluster_oversight_strategy","1.00","keyword_inference","0.45","onet_keyword_inference"
"occ_13_2072_00","3408","cluster_execution_routine","1.00","keyword_inference","0.48","onet_keyword_inference"
"occ_13_2072_00","3409","cluster_analysis","1.00","keyword_inference","0.48","onet_keyword_inference"
"occ_13_2072_00","3410","cluster_client_interaction","1.00","keyword_inference","0.48","onet_keyword_inference"
"occ_13_2072_00","3411","cluster_research_synthesis","1.00","keyword_inference","0.42","onet_keyword_inference"
"occ_13_2072_00","3412","cluster_execution_routine","1.00","keyword_inference","0.49","onet_keyword_inference"
"occ_13_2072_00","3413","cluster_qa_review","1.00","keyword_inference","0.48","onet_keyword_inference"
"occ_13_2072_00","3414","cluster_coordination","1.00","keyword_inference","0.43","onet_keyword_inference"
"occ_13_2072_00","3415","cluster_client_interaction","1.00","keyword_inference","0.48","onet_keyword_inference"
"occ_13_2072_00","3416","cluster_analysis","1.00","keyword_inference","0.48","onet_keyword_inference"
"occ_13_2072_00","3417","cluster_client_interaction","1.00","keyword_inference","0.48","onet_keyword_inference"
"occ_13_2072_00","3418","cluster_client_interaction","1.00","keyword_inference","0.48","onet_keyword_inference"
"occ_13_2072_00","3421","cluster_client_interaction","1.00","keyword_inference","0.48","onet_keyword_inference"
"occ_13_2072_00","3422","cluster_analysis","1.00","keyword_inference","0.36","onet_keyword_inference"
"occ_13_2072_00","3423","cluster_oversight_strategy","1.00","keyword_inference","0.45","onet_keyword_inference"
"occ_13_2072_00","3425","cluster_analysis","1.00","keyword_inference","0.48","onet_keyword_inference"
"occ_13_2072_00","3426","cluster_client_interaction","1.00","keyword_inference","0.48","onet_keyword_inference"
"occ_15_1211_00","20950","cluster_drafting","1.00","keyword_inference","0.36","onet_keyword_inference"
"occ_15_1211_00","3464","cluster_drafting","1.00","keyword_inference","0.36","onet_keyword_inference"
"occ_15_1211_00","3465","cluster_coordination","1.00","keyword_inference","0.48","onet_keyword_inference"
"occ_15_1211_00","3466","cluster_execution_routine","1.00","keyword_inference","0.47","onet_keyword_inference"
"occ_15_1211_00","3467","cluster_execution_routine","1.00","keyword_inference","0.47","onet_keyword_inference"
"occ_15_1211_00","3468","cluster_coordination","1.00","keyword_inference","0.48","onet_keyword_inference"
"occ_15_1211_00","3469","cluster_oversight_strategy","1.00","keyword_inference","0.45","onet_keyword_inference"
"occ_15_1211_00","3470","cluster_drafting","1.00","keyword_inference","0.36","onet_keyword_inference"
"occ_15_1211_00","3471","cluster_execution_routine","1.00","keyword_inference","0.47","onet_keyword_inference"
"occ_15_1211_00","3472","cluster_drafting","1.00","keyword_inference","0.36","onet_keyword_inference"
"occ_15_1211_00","3473","cluster_drafting","1.00","keyword_inference","0.36","onet_keyword_inference"
"occ_15_1211_00","3474","cluster_decision_support","1.00","keyword_inference","0.49","onet_keyword_inference"
"occ_15_1211_00","3475","cluster_drafting","1.00","keyword_inference","0.47","onet_keyword_inference"
"occ_15_1211_00","3476","cluster_drafting","1.00","keyword_inference","0.36","onet_keyword_inference"
"occ_15_1211_00","3477","cluster_drafting","1.00","keyword_inference","0.56","onet_keyword_inference"
"occ_15_1211_00","3478","cluster_qa_review","1.00","keyword_inference","0.48","onet_keyword_inference"
"occ_15_1211_00","3479","cluster_decision_support","1.00","keyword_inference","0.47","onet_keyword_inference"
"occ_15_1211_00","3480","cluster_drafting","1.00","keyword_inference","0.47","onet_keyword_inference"
"occ_15_1211_00","3481","cluster_analysis","1.00","keyword_inference","0.48","onet_keyword_inference"
"occ_15_1211_00","3482","cluster_analysis","1.00","keyword_inference","0.48","onet_keyword_inference"
"occ_15_1211_00","3483","cluster_analysis","1.00","keyword_inference","0.48","onet_keyword_inference"
"occ_15_1211_00","3484","cluster_decision_support","1.00","keyword_inference","0.41","onet_keyword_inference"
"occ_15_1212_00","5313","cluster_drafting","1.00","keyword_inference","0.36","onet_keyword_inference"
"occ_15_1212_00","5314","cluster_execution_routine","1.00","keyword_inference","0.54","onet_keyword_inference"
"occ_15_1212_00","5315","cluster_drafting","1.00","keyword_inference","0.36","onet_keyword_inference"
"occ_15_1212_00","5316","cluster_documentation","1.00","keyword_inference","0.45","onet_keyword_inference"
"occ_15_1212_00","5317","cluster_execution_routine","1.00","keyword_inference","0.42","onet_keyword_inference"
"occ_15_1212_00","5318","cluster_coordination","1.00","keyword_inference","0.48","onet_keyword_inference"
"occ_15_1212_00","5319","cluster_execution_routine","1.00","keyword_inference","0.42","onet_keyword_inference"
"occ_15_1212_00","5320","cluster_execution_routine","1.00","keyword_inference","0.47","onet_keyword_inference"
"occ_15_1212_00","5321","cluster_drafting","1.00","keyword_inference","0.36","onet_keyword_inference"
"occ_15_1212_00","5322","cluster_documentation","1.00","keyword_inference","0.48","onet_keyword_inference"
"occ_15_1212_00","5323","cluster_qa_review","1.00","keyword_inference","0.48","onet_keyword_inference"
"occ_15_1232_00","1282","cluster_relationship_management","1.00","keyword_inference","0.40","onet_keyword_inference"
"occ_15_1232_00","1283","cluster_qa_review","1.00","keyword_inference","0.45","onet_keyword_inference"
"occ_15_1232_00","1284","cluster_drafting","1.00","keyword_inference","0.46","onet_keyword_inference"
"occ_15_1232_00","1285","cluster_oversight_strategy","1.00","keyword_inference","0.48","onet_keyword_inference"
"occ_15_1232_00","1286","cluster_drafting","1.00","keyword_inference","0.36","onet_keyword_inference"
"occ_15_1232_00","1287","cluster_documentation","1.00","keyword_inference","0.56","onet_keyword_inference"
"occ_15_1232_00","1288","cluster_research_synthesis","1.00","keyword_inference","0.46","onet_keyword_inference"
"occ_15_1232_00","1289","cluster_oversight_strategy","1.00","keyword_inference","0.45","onet_keyword_inference"
"occ_15_1232_00","1290","cluster_drafting","1.00","keyword_inference","0.47","onet_keyword_inference"
"occ_15_1232_00","1291","cluster_drafting","1.00","keyword_inference","0.36","onet_keyword_inference"
"occ_15_1232_00","1292","cluster_decision_support","1.00","keyword_inference","0.47","onet_keyword_inference"
"occ_15_1232_00","1293","cluster_drafting","1.00","keyword_inference","0.36","onet_keyword_inference"
"occ_15_1232_00","1295","cluster_qa_review","1.00","keyword_inference","0.45","onet_keyword_inference"
"occ_15_1232_00","1296","cluster_drafting","1.00","keyword_inference","0.36","onet_keyword_inference"
"occ_15_1232_00","1297","cluster_analysis","1.00","keyword_inference","0.48","onet_keyword_inference"
"occ_15_1232_00","15204","cluster_oversight_strategy","1.00","keyword_inference","0.45","onet_keyword_inference"
"occ_15_1241_00","18956","cluster_drafting","1.00","keyword_inference","0.36","onet_keyword_inference"
"occ_15_1241_00","18957","cluster_client_interaction","1.00","keyword_inference","0.47","onet_keyword_inference"
"occ_15_1241_00","18958","cluster_coordination","1.00","keyword_inference","0.40","onet_keyword_inference"
"occ_15_1241_00","18959","cluster_coordination","1.00","keyword_inference","0.48","onet_keyword_inference"
"occ_15_1241_00","18960","cluster_coordination","1.00","keyword_inference","0.48","onet_keyword_inference"
"occ_15_1241_00","18961","cluster_coordination","1.00","keyword_inference","0.48","onet_keyword_inference"
"occ_15_1241_00","18962","cluster_drafting","1.00","keyword_inference","0.46","onet_keyword_inference"
"occ_15_1241_00","18963","cluster_drafting","1.00","keyword_inference","0.46","onet_keyword_inference"
"occ_15_1241_00","18964","cluster_drafting","1.00","keyword_inference","0.36","onet_keyword_inference"
"occ_15_1241_00","18965","cluster_drafting","1.00","keyword_inference","0.47","onet_keyword_inference"
"occ_15_1241_00","18966","cluster_drafting","1.00","keyword_inference","0.58","onet_keyword_inference"
"occ_15_1241_00","18967","cluster_drafting","1.00","keyword_inference","0.56","onet_keyword_inference"
"occ_15_1241_00","18968","cluster_drafting","1.00","keyword_inference","0.47","onet_keyword_inference"
"occ_15_1241_00","18969","cluster_documentation","1.00","keyword_inference","0.48","onet_keyword_inference"
"occ_15_1241_00","18970","cluster_drafting","1.00","keyword_inference","0.47","onet_keyword_inference"
"occ_15_1241_00","18971","cluster_qa_review","1.00","keyword_inference","0.48","onet_keyword_inference"
"occ_15_1241_00","18972","cluster_drafting","1.00","keyword_inference","0.47","onet_keyword_inference"
"occ_15_1241_00","18973","cluster_drafting","1.00","keyword_inference","0.47","onet_keyword_inference"
"occ_15_1241_00","18974","cluster_decision_support","1.00","keyword_inference","0.42","onet_keyword_inference"
"occ_15_1241_00","18975","cluster_client_interaction","1.00","keyword_inference","0.47","onet_keyword_inference"
"occ_15_1241_00","18976","cluster_qa_review","1.00","keyword_inference","0.47","onet_keyword_inference"
"occ_15_1241_00","18977","cluster_execution_routine","1.00","keyword_inference","0.42","onet_keyword_inference"
"occ_15_1241_00","18978","cluster_coordination","1.00","keyword_inference","0.48","onet_keyword_inference"
"occ_15_1241_00","18979","cluster_analysis","1.00","keyword_inference","0.48","onet_keyword_inference"
"occ_15_1241_00","18980","cluster_qa_review","1.00","keyword_inference","0.47","onet_keyword_inference"
"occ_15_1241_00","18981","cluster_client_interaction","1.00","keyword_inference","0.53","onet_keyword_inference"
"occ_15_1241_00","18982","cluster_decision_support","1.00","keyword_inference","0.47","onet_keyword_inference"
"occ_15_1241_00","18983","cluster_coordination","1.00","keyword_inference","0.44","onet_keyword_inference"
"occ_15_1241_00","18984","cluster_research_synthesis","1.00","keyword_inference","0.47","onet_keyword_inference"
"occ_15_1241_00","18985","cluster_drafting","1.00","keyword_inference","0.46","onet_keyword_inference"
"occ_15_1241_00","18986","cluster_drafting","1.00","keyword_inference","0.46","onet_keyword_inference"
"occ_15_1241_00","18987","cluster_drafting","1.00","keyword_inference","0.36","onet_keyword_inference"
"occ_15_1241_00","18988","cluster_research_synthesis","1.00","keyword_inference","0.42","onet_keyword_inference"
"occ_15_1244_00","1317","cluster_drafting","1.00","keyword_inference","0.36","onet_keyword_inference"
"occ_15_1244_00","1318","cluster_workflow_admin","1.00","keyword_inference","0.45","onet_keyword_inference"
"occ_15_1244_00","1319","cluster_coordination","1.00","keyword_inference","0.48","onet_keyword_inference"
"occ_15_1244_00","1320","cluster_coordination","1.00","keyword_inference","0.48","onet_keyword_inference"
"occ_15_1244_00","1321","cluster_documentation","1.00","keyword_inference","0.45","onet_keyword_inference"
"occ_15_1244_00","1322","cluster_qa_review","1.00","keyword_inference","0.47","onet_keyword_inference"
"occ_15_1244_00","1323","cluster_decision_support","1.00","keyword_inference","0.47","onet_keyword_inference"
"occ_15_1244_00","1324","cluster_drafting","1.00","keyword_inference","0.36","onet_keyword_inference"
"occ_15_1244_00","1325","cluster_drafting","1.00","keyword_inference","0.36","onet_keyword_inference"
"occ_15_1244_00","1326","cluster_drafting","1.00","keyword_inference","0.36","onet_keyword_inference"
"occ_15_1244_00","1327","cluster_drafting","1.00","keyword_inference","0.36","onet_keyword_inference"
"occ_15_1244_00","1328","cluster_analysis","1.00","keyword_inference","0.54","onet_keyword_inference"
"occ_15_1244_00","1329","cluster_analysis","1.00","keyword_inference","0.48","onet_keyword_inference"
"occ_15_1244_00","1330","cluster_documentation","1.00","keyword_inference","0.45","onet_keyword_inference"
"occ_15_1244_00","1332","cluster_drafting","1.00","keyword_inference","0.36","onet_keyword_inference"
"occ_15_1244_00","1333","cluster_coordination","1.00","keyword_inference","0.48","onet_keyword_inference"
"occ_15_1244_00","15205","cluster_relationship_management","1.00","keyword_inference","0.40","onet_keyword_inference"
"occ_15_1244_00","15206","cluster_drafting","1.00","keyword_inference","0.36","onet_keyword_inference"
"occ_15_1244_00","15207","cluster_decision_support","1.00","keyword_inference","0.47","onet_keyword_inference"
"occ_15_1244_00","15208","cluster_drafting","1.00","keyword_inference","0.36","onet_keyword_inference"
"occ_15_1252_00","21661","cluster_decision_support","1.00","keyword_inference","0.53","onet_keyword_inference"
"occ_15_1252_00","21662","cluster_analysis","1.00","keyword_inference","0.48","onet_keyword_inference"
"occ_15_1252_00","21663","cluster_execution_routine","1.00","keyword_inference","0.47","onet_keyword_inference"
"occ_15_1252_00","21664","cluster_analysis","1.00","keyword_inference","0.48","onet_keyword_inference"
"occ_15_1252_00","21665","cluster_client_interaction","1.00","keyword_inference","0.47","onet_keyword_inference"
"occ_15_1252_00","21666","cluster_coordination","1.00","keyword_inference","0.48","onet_keyword_inference"
"occ_15_1252_00","21667","cluster_drafting","1.00","keyword_inference","0.56","onet_keyword_inference"
"occ_15_1252_00","21668","cluster_drafting","1.00","keyword_inference","0.36","onet_keyword_inference"
"occ_15_1252_00","21669","cluster_documentation","1.00","keyword_inference","0.48","onet_keyword_inference"
"occ_15_1252_00","21670","cluster_drafting","1.00","keyword_inference","0.36","onet_keyword_inference"
"occ_15_1252_00","21671","cluster_drafting","1.00","keyword_inference","0.36","onet_keyword_inference"
"occ_15_1252_00","21672","cluster_analysis","1.00","keyword_inference","0.45","onet_keyword_inference"
"occ_15_1252_00","21673","cluster_documentation","1.00","keyword_inference","0.45","onet_keyword_inference"
"occ_15_1252_00","21676","cluster_analysis","1.00","keyword_inference","0.48","onet_keyword_inference"
"occ_15_1252_00","21677","cluster_drafting","1.00","keyword_inference","0.46","onet_keyword_inference"
"occ_15_1252_00","21678","cluster_drafting","1.00","keyword_inference","0.36","onet_keyword_inference"
"occ_15_1252_00","21679","cluster_drafting","1.00","keyword_inference","0.36","onet_keyword_inference"
"occ_15_1253_00","14638","cluster_qa_review","1.00","keyword_inference","0.47","onet_keyword_inference"
"occ_15_1253_00","14639","cluster_qa_review","1.00","keyword_inference","0.47","onet_keyword_inference"
"occ_15_1253_00","14640","cluster_drafting","1.00","keyword_inference","0.47","onet_keyword_inference"
"occ_15_1253_00","14641","cluster_documentation","1.00","keyword_inference","0.57","onet_keyword_inference"
"occ_15_1253_00","14642","cluster_analysis","1.00","keyword_inference","0.48","onet_keyword_inference"
"occ_15_1253_00","14643","cluster_workflow_admin","1.00","keyword_inference","0.45","onet_keyword_inference"
"occ_15_1253_00","14644","cluster_qa_review","1.00","keyword_inference","0.47","onet_keyword_inference"
"occ_15_1253_00","14645","cluster_qa_review","1.00","keyword_inference","0.47","onet_keyword_inference"
"occ_15_1253_00","14646","cluster_qa_review","1.00","keyword_inference","0.48","onet_keyword_inference"
"occ_15_1253_00","14647","cluster_qa_review","1.00","keyword_inference","0.48","onet_keyword_inference"
"occ_15_1253_00","14648","cluster_documentation","1.00","keyword_inference","0.48","onet_keyword_inference"
"occ_15_1253_00","14649","cluster_drafting","1.00","keyword_inference","0.47","onet_keyword_inference"
"occ_15_1253_00","14650","cluster_qa_review","1.00","keyword_inference","0.47","onet_keyword_inference"
"occ_15_1253_00","14651","cluster_client_interaction","1.00","keyword_inference","0.47","onet_keyword_inference"
"occ_15_1253_00","14652","cluster_qa_review","1.00","keyword_inference","0.47","onet_keyword_inference"
"occ_15_1253_00","14653","cluster_decision_support","1.00","keyword_inference","0.47","onet_keyword_inference"
"occ_15_1253_00","14654","cluster_drafting","1.00","keyword_inference","0.36","onet_keyword_inference"
"occ_15_1253_00","14655","cluster_qa_review","1.00","keyword_inference","0.47","onet_keyword_inference"
"occ_15_1253_00","14656","cluster_qa_review","1.00","keyword_inference","0.47","onet_keyword_inference"
"occ_15_1253_00","14657","cluster_decision_support","1.00","keyword_inference","0.47","onet_keyword_inference"
"occ_15_1253_00","14658","cluster_drafting","1.00","keyword_inference","0.36","onet_keyword_inference"
"occ_15_1253_00","14659","cluster_drafting","1.00","keyword_inference","0.56","onet_keyword_inference"
"occ_15_1253_00","14660","cluster_coordination","1.00","keyword_inference","0.48","onet_keyword_inference"
"occ_15_1253_00","14661","cluster_qa_review","1.00","keyword_inference","0.48","onet_keyword_inference"
"occ_15_1253_00","14662","cluster_qa_review","1.00","keyword_inference","0.47","onet_keyword_inference"
"occ_15_1253_00","14663","cluster_decision_support","1.00","keyword_inference","0.47","onet_keyword_inference"
"occ_15_1253_00","14664","cluster_analysis","1.00","keyword_inference","0.48","onet_keyword_inference"
"occ_15_1253_00","21680","cluster_drafting","1.00","keyword_inference","0.36","onet_keyword_inference"
"occ_15_1253_00","21681","cluster_decision_support","1.00","keyword_inference","0.47","onet_keyword_inference"
"occ_15_1253_00","21682","cluster_analysis","1.00","keyword_inference","0.48","onet_keyword_inference"
"occ_15_1254_00","14694","cluster_drafting","1.00","keyword_inference","0.46","onet_keyword_inference"
"occ_15_1254_00","14695","cluster_oversight_strategy","1.00","keyword_inference","0.45","onet_keyword_inference"
"occ_15_1254_00","14697","cluster_drafting","1.00","keyword_inference","0.47","onet_keyword_inference"
"occ_15_1254_00","14698","cluster_oversight_strategy","1.00","keyword_inference","0.45","onet_keyword_inference"
"occ_15_1254_00","14700","cluster_analysis","1.00","keyword_inference","0.45","onet_keyword_inference"
"occ_15_1254_00","14701","cluster_drafting","1.00","keyword_inference","0.36","onet_keyword_inference"
"occ_15_1254_00","14702","cluster_analysis","1.00","keyword_inference","0.48","onet_keyword_inference"
"occ_15_1254_00","14704","cluster_drafting","1.00","keyword_inference","0.47","onet_keyword_inference"
"occ_15_1254_00","14705","cluster_drafting","1.00","keyword_inference","0.36","onet_keyword_inference"
"occ_15_1254_00","14706","cluster_drafting","1.00","keyword_inference","0.47","onet_keyword_inference"
"occ_15_1254_00","14707","cluster_drafting","1.00","keyword_inference","0.47","onet_keyword_inference"
"occ_15_1254_00","14708","cluster_coordination","1.00","keyword_inference","0.40","onet_keyword_inference"
"occ_15_1254_00","14710","cluster_qa_review","1.00","keyword_inference","0.47","onet_keyword_inference"
"occ_15_1254_00","14711","cluster_drafting","1.00","keyword_inference","0.46","onet_keyword_inference"
"occ_15_1254_00","14713","cluster_drafting","1.00","keyword_inference","0.36","onet_keyword_inference"
"occ_15_1254_00","14714","cluster_drafting","1.00","keyword_inference","0.47","onet_keyword_inference"
"occ_15_1254_00","14717","cluster_oversight_strategy","1.00","keyword_inference","0.45","onet_keyword_inference"
"occ_15_1254_00","14719","cluster_decision_support","1.00","keyword_inference","0.47","onet_keyword_inference"
"occ_15_1254_00","14722","cluster_coordination","1.00","keyword_inference","0.40","onet_keyword_inference"
"occ_15_1254_00","14723","cluster_drafting","1.00","keyword_inference","0.36","onet_keyword_inference"
"occ_15_1254_00","14724","cluster_drafting","1.00","keyword_inference","0.44","onet_keyword_inference"
"occ_15_1254_00","14725","cluster_decision_support","1.00","keyword_inference","0.47","onet_keyword_inference"
"occ_15_1254_00","14726","cluster_documentation","1.00","keyword_inference","0.48","onet_keyword_inference"
"occ_15_1254_00","14727","cluster_documentation","1.00","keyword_inference","0.48","onet_keyword_inference"
"occ_15_1254_00","14728","cluster_documentation","1.00","keyword_inference","0.48","onet_keyword_inference"
"occ_15_1254_00","14729","cluster_drafting","1.00","keyword_inference","0.36","onet_keyword_inference"
"occ_15_1254_00","14730","cluster_drafting","1.00","keyword_inference","0.47","onet_keyword_inference"
"occ_15_1254_00","21683","cluster_drafting","1.00","keyword_inference","0.46","onet_keyword_inference"
"occ_15_1254_00","21684","cluster_drafting","1.00","keyword_inference","0.46","onet_keyword_inference"
"occ_15_2031_00","20952","cluster_analysis","1.00","keyword_inference","0.48","onet_keyword_inference"
"occ_15_2031_00","20953","cluster_decision_support","1.00","keyword_inference","0.44","onet_keyword_inference"
"occ_15_2031_00","23986","cluster_research_synthesis","1.00","keyword_inference","0.48","onet_keyword_inference"
"occ_15_2031_00","7377","cluster_decision_support","1.00","keyword_inference","0.44","onet_keyword_inference"
"occ_15_2031_00","7378","cluster_analysis","1.00","keyword_inference","0.36","onet_keyword_inference"
"occ_15_2031_00","7379","cluster_analysis","1.00","keyword_inference","0.48","onet_keyword_inference"
"occ_15_2031_00","7380","cluster_qa_review","1.00","keyword_inference","0.46","onet_keyword_inference"
"occ_15_2031_00","7381","cluster_oversight_strategy","1.00","keyword_inference","0.45","onet_keyword_inference"
"occ_15_2031_00","7382","cluster_qa_review","1.00","keyword_inference","0.46","onet_keyword_inference"
"occ_15_2031_00","7383","cluster_analysis","1.00","keyword_inference","0.48","onet_keyword_inference"
"occ_15_2031_00","7384","cluster_decision_support","1.00","keyword_inference","0.48","onet_keyword_inference"
"occ_15_2031_00","7385","cluster_relationship_management","1.00","keyword_inference","0.47","onet_keyword_inference"
"occ_15_2031_00","7386","cluster_decision_support","1.00","keyword_inference","0.44","onet_keyword_inference"
"occ_15_2031_00","7387","cluster_analysis","1.00","keyword_inference","0.48","onet_keyword_inference"
"occ_15_2031_00","7388","cluster_drafting","1.00","keyword_inference","0.56","onet_keyword_inference"
"occ_15_2031_00","7389","cluster_qa_review","1.00","keyword_inference","0.48","onet_keyword_inference"
"occ_15_2031_00","7390","cluster_drafting","1.00","keyword_inference","0.46","onet_keyword_inference"
"occ_15_2051_00","21823","cluster_analysis","1.00","keyword_inference","0.48","onet_keyword_inference"
"occ_15_2051_00","21824","cluster_decision_support","1.00","keyword_inference","0.44","onet_keyword_inference"
"occ_15_2051_00","21825","cluster_analysis","1.00","keyword_inference","0.36","onet_keyword_inference"
"occ_15_2051_00","21826","cluster_analysis","1.00","keyword_inference","0.36","onet_keyword_inference"
"occ_15_2051_00","21827","cluster_decision_support","1.00","keyword_inference","0.44","onet_keyword_inference"
"occ_15_2051_00","21828","cluster_analysis","1.00","keyword_inference","0.48","onet_keyword_inference"
"occ_15_2051_00","21829","cluster_analysis","1.00","keyword_inference","0.48","onet_keyword_inference"
"occ_15_2051_00","21830","cluster_drafting","1.00","keyword_inference","0.45","onet_keyword_inference"
"occ_15_2051_00","21831","cluster_analysis","1.00","keyword_inference","0.48","onet_keyword_inference"
"occ_15_2051_00","21832","cluster_research_synthesis","1.00","keyword_inference","0.48","onet_keyword_inference"
"occ_15_2051_00","21833","cluster_analysis","1.00","keyword_inference","0.48","onet_keyword_inference"
"occ_15_2051_00","21834","cluster_analysis","1.00","keyword_inference","0.36","onet_keyword_inference"
"occ_15_2051_00","21835","cluster_analysis","1.00","keyword_inference","0.48","onet_keyword_inference"
"occ_15_2051_00","21836","cluster_decision_support","1.00","keyword_inference","0.48","onet_keyword_inference"
"occ_15_2051_00","21837","cluster_qa_review","1.00","keyword_inference","0.46","onet_keyword_inference"
"occ_15_2051_00","21838","cluster_analysis","1.00","keyword_inference","0.48","onet_keyword_inference"
"occ_17_2051_00","147","cluster_drafting","1.00","keyword_inference","0.45","onet_keyword_inference"
"occ_17_2051_00","148","cluster_qa_review","1.00","keyword_inference","0.45","onet_keyword_inference"
"occ_17_2051_00","150","cluster_oversight_strategy","1.00","keyword_inference","0.45","onet_keyword_inference"
"occ_17_2051_00","151","cluster_decision_support","1.00","keyword_inference","0.43","onet_keyword_inference"
"occ_17_2051_00","152","cluster_documentation","1.00","keyword_inference","0.45","onet_keyword_inference"
"occ_17_2051_00","153","cluster_qa_review","1.00","keyword_inference","0.47","onet_keyword_inference"
"occ_17_2051_00","155","cluster_analysis","1.00","keyword_inference","0.46","onet_keyword_inference"
"occ_17_2051_00","19607","cluster_drafting","1.00","keyword_inference","0.45","onet_keyword_inference"
"occ_17_2051_00","19608","cluster_drafting","1.00","keyword_inference","0.45","onet_keyword_inference"
"occ_17_2051_00","19609","cluster_drafting","1.00","keyword_inference","0.46","onet_keyword_inference"
"occ_17_2051_00","19610","cluster_oversight_strategy","1.00","keyword_inference","0.45","onet_keyword_inference"
"occ_17_2051_00","19611","cluster_drafting","1.00","keyword_inference","0.46","onet_keyword_inference"
"occ_17_2051_00","20489","cluster_oversight_strategy","1.00","keyword_inference","0.45","onet_keyword_inference"
"occ_17_2051_00","20490","cluster_oversight_strategy","1.00","keyword_inference","0.55","onet_keyword_inference"
"occ_17_2051_00","20491","cluster_drafting","1.00","keyword_inference","0.45","onet_keyword_inference"
"occ_17_2051_00","20492","cluster_analysis","1.00","keyword_inference","0.48","onet_keyword_inference"
"occ_17_2071_00","1347","cluster_client_interaction","1.00","keyword_inference","0.47","onet_keyword_inference"
"occ_17_2071_00","1348","cluster_drafting","1.00","keyword_inference","0.45","onet_keyword_inference"
"occ_17_2071_00","1349","cluster_drafting","1.00","keyword_inference","0.45","onet_keyword_inference"
"occ_17_2071_00","1350","cluster_documentation","1.00","keyword_inference","0.48","onet_keyword_inference"
"occ_17_2071_00","1351","cluster_analysis","1.00","keyword_inference","0.36","onet_keyword_inference"
"occ_17_2071_00","1353","cluster_research_synthesis","1.00","keyword_inference","0.47","onet_keyword_inference"
"occ_17_2071_00","1354","cluster_drafting","1.00","keyword_inference","0.41","onet_keyword_inference"
"occ_17_2071_00","1355","cluster_analysis","1.00","keyword_inference","0.36","onet_keyword_inference"
"occ_17_2071_00","1356","cluster_qa_review","1.00","keyword_inference","0.47","onet_keyword_inference"
"occ_17_2071_00","1357","cluster_oversight_strategy","1.00","keyword_inference","0.47","onet_keyword_inference"
"occ_17_2071_00","1358","cluster_client_interaction","1.00","keyword_inference","0.47","onet_keyword_inference"
"occ_17_2071_00","1361","cluster_drafting","1.00","keyword_inference","0.46","onet_keyword_inference"
"occ_17_2071_00","1363","cluster_drafting","1.00","keyword_inference","0.46","onet_keyword_inference"
"occ_17_2071_00","1364","cluster_drafting","1.00","keyword_inference","0.46","onet_keyword_inference"
"occ_17_2071_00","1365","cluster_analysis","1.00","keyword_inference","0.36","onet_keyword_inference"
"occ_17_2071_00","19617","cluster_drafting","1.00","keyword_inference","0.45","onet_keyword_inference"
"occ_17_2071_00","19618","cluster_drafting","1.00","keyword_inference","0.46","onet_keyword_inference"
"occ_17_2071_00","19619","cluster_analysis","1.00","keyword_inference","0.36","onet_keyword_inference"
"occ_17_2071_00","20729","cluster_decision_support","1.00","keyword_inference","0.43","onet_keyword_inference"
"occ_17_2071_00","20730","cluster_client_interaction","1.00","keyword_inference","0.47","onet_keyword_inference"
"occ_17_2071_00","20731","cluster_qa_review","1.00","keyword_inference","0.45","onet_keyword_inference"
"occ_17_2071_00","23956","cluster_drafting","1.00","keyword_inference","0.46","onet_keyword_inference"
"occ_17_2072_00","19621","cluster_research_synthesis","1.00","keyword_inference","0.46","onet_keyword_inference"
"occ_17_2072_00","19623","cluster_research_synthesis","1.00","keyword_inference","0.47","onet_keyword_inference"
"occ_17_2072_00","20493","cluster_analysis","1.00","keyword_inference","0.36","onet_keyword_inference"
"occ_17_2072_00","20494","cluster_analysis","1.00","keyword_inference","0.46","onet_keyword_inference"
"occ_17_2072_00","20495","cluster_analysis","1.00","keyword_inference","0.48","onet_keyword_inference"
"occ_17_2072_00","20496","cluster_client_interaction","1.00","keyword_inference","0.47","onet_keyword_inference"
"occ_17_2072_00","20497","cluster_drafting","1.00","keyword_inference","0.45","onet_keyword_inference"
"occ_17_2072_00","20498","cluster_decision_support","1.00","keyword_inference","0.48","onet_keyword_inference"
"occ_17_2072_00","20499","cluster_client_interaction","1.00","keyword_inference","0.47","onet_keyword_inference"
"occ_17_2072_00","20500","cluster_decision_support","1.00","keyword_inference","0.43","onet_keyword_inference"
"occ_17_2072_00","5339","cluster_drafting","1.00","keyword_inference","0.45","onet_keyword_inference"
"occ_17_2072_00","5346","cluster_qa_review","1.00","keyword_inference","0.45","onet_keyword_inference"
"occ_17_2072_00","5348","cluster_drafting","1.00","keyword_inference","0.52","onet_keyword_inference"
"occ_17_2072_00","5349","cluster_coordination","1.00","keyword_inference","0.48","onet_keyword_inference"
"occ_17_2072_00","5350","cluster_qa_review","1.00","keyword_inference","0.47","onet_keyword_inference"
"occ_17_2072_00","5351","cluster_drafting","1.00","keyword_inference","0.46","onet_keyword_inference"
"occ_17_2072_00","5352","cluster_drafting","1.00","keyword_inference","0.41","onet_keyword_inference"
"occ_17_2072_00","5354","cluster_documentation","1.00","keyword_inference","0.57","onet_keyword_inference"
"occ_17_2072_00","5355","cluster_qa_review","1.00","keyword_inference","0.47","onet_keyword_inference"
"occ_17_2072_00","5357","cluster_decision_support","1.00","keyword_inference","0.48","onet_keyword_inference"
"occ_17_2112_00","1391","cluster_analysis","1.00","keyword_inference","0.48","onet_keyword_inference"
"occ_17_2112_00","1392","cluster_analysis","1.00","keyword_inference","0.48","onet_keyword_inference"
"occ_17_2112_00","1393","cluster_decision_support","1.00","keyword_inference","0.48","onet_keyword_inference"
"occ_17_2112_00","1394","cluster_decision_support","1.00","keyword_inference","0.42","onet_keyword_inference"
"occ_17_2112_00","1395","cluster_execution_routine","1.00","keyword_inference","0.47","onet_keyword_inference"
"occ_17_2112_00","1398","cluster_drafting","1.00","keyword_inference","0.57","onet_keyword_inference"
"occ_17_2112_00","1399","cluster_qa_review","1.00","keyword_inference","0.48","onet_keyword_inference"
"occ_17_2112_00","1400","cluster_drafting","1.00","keyword_inference","0.55","onet_keyword_inference"
"occ_17_2112_00","1402","cluster_drafting","1.00","keyword_inference","0.55","onet_keyword_inference"
"occ_17_2112_00","1403","cluster_documentation","1.00","keyword_inference","0.57","onet_keyword_inference"
"occ_17_2112_00","1404","cluster_analysis","1.00","keyword_inference","0.36","onet_keyword_inference"
"occ_17_2112_00","1405","cluster_qa_review","1.00","keyword_inference","0.56","onet_keyword_inference"
"occ_17_2112_00","1406","cluster_analysis","1.00","keyword_inference","0.46","onet_keyword_inference"
"occ_17_2112_00","1407","cluster_qa_review","1.00","keyword_inference","0.47","onet_keyword_inference"
"occ_17_2112_00","1408","cluster_documentation","1.00","keyword_inference","0.45","onet_keyword_inference"
"occ_17_2112_00","1409","cluster_decision_support","1.00","keyword_inference","0.45","onet_keyword_inference"
"occ_17_2112_00","1410","cluster_oversight_strategy","1.00","keyword_inference","0.45","onet_keyword_inference"
"occ_17_2112_00","18607","cluster_qa_review","1.00","keyword_inference","0.48","onet_keyword_inference"
"occ_17_2112_00","18608","cluster_coordination","1.00","keyword_inference","0.48","onet_keyword_inference"
"occ_17_2112_00","18609","cluster_client_interaction","1.00","keyword_inference","0.47","onet_keyword_inference"
"occ_17_2141_00","1411","cluster_documentation","1.00","keyword_inference","0.45","onet_keyword_inference"
"occ_17_2141_00","1412","cluster_relationship_management","1.00","keyword_inference","0.40","onet_keyword_inference"
"occ_17_2141_00","1413","cluster_analysis","1.00","keyword_inference","0.58","onet_keyword_inference"
"occ_17_2141_00","1418","cluster_client_interaction","1.00","keyword_inference","0.47","onet_keyword_inference"
"occ_17_2141_00","1419","cluster_oversight_strategy","1.00","keyword_inference","0.47","onet_keyword_inference"
"occ_17_2141_00","1420","cluster_analysis","1.00","keyword_inference","0.48","onet_keyword_inference"
"occ_17_2141_00","1421","cluster_decision_support","1.00","keyword_inference","0.48","onet_keyword_inference"
"occ_17_2141_00","1423","cluster_drafting","1.00","keyword_inference","0.55","onet_keyword_inference"
"occ_17_2141_00","1427","cluster_coordination","1.00","keyword_inference","0.56","onet_keyword_inference"
"occ_17_2141_00","1429","cluster_drafting","1.00","keyword_inference","0.57","onet_keyword_inference"
"occ_17_2141_00","1430","cluster_oversight_strategy","1.00","keyword_inference","0.45","onet_keyword_inference"
"occ_17_2141_00","1431","cluster_drafting","1.00","keyword_inference","0.55","onet_keyword_inference"
"occ_17_2141_00","19627","cluster_analysis","1.00","keyword_inference","0.48","onet_keyword_inference"
"occ_17_2141_00","19628","cluster_drafting","1.00","keyword_inference","0.45","onet_keyword_inference"
"occ_17_2141_00","19629","cluster_oversight_strategy","1.00","keyword_inference","0.45","onet_keyword_inference"
"occ_17_2141_00","19630","cluster_analysis","1.00","keyword_inference","0.46","onet_keyword_inference"
"occ_17_2141_00","19631","cluster_decision_support","1.00","keyword_inference","0.48","onet_keyword_inference"
"occ_17_2141_00","19632","cluster_analysis","1.00","keyword_inference","0.36","onet_keyword_inference"
"occ_17_2141_00","20733","cluster_execution_routine","1.00","keyword_inference","0.47","onet_keyword_inference"
"occ_17_2141_00","20734","cluster_decision_support","1.00","keyword_inference","0.48","onet_keyword_inference"
"occ_17_2141_00","20735","cluster_drafting","1.00","keyword_inference","0.55","onet_keyword_inference"
"occ_17_2141_00","20736","cluster_oversight_strategy","1.00","keyword_inference","0.45","onet_keyword_inference"
"occ_17_2141_00","20737","cluster_drafting","1.00","keyword_inference","0.67","onet_keyword_inference"
"occ_17_2141_00","20738","cluster_decision_support","1.00","keyword_inference","0.43","onet_keyword_inference"
"occ_17_2141_00","20739","cluster_analysis","1.00","keyword_inference","0.36","onet_keyword_inference"
"occ_17_2141_00","20740","cluster_analysis","1.00","keyword_inference","0.36","onet_keyword_inference"
"occ_17_2141_00","20741","cluster_client_interaction","1.00","keyword_inference","0.47","onet_keyword_inference"
"occ_17_2141_00","20742","cluster_execution_routine","1.00","keyword_inference","0.47","onet_keyword_inference"
"occ_23_1011_00","20877","cluster_drafting","1.00","manual_review","0.92","manual_review_lawyers"
"occ_23_1011_00","23992","cluster_relationship_management","1.00","manual_review","0.92","manual_review_lawyers"
"occ_23_1011_00","3773","cluster_client_interaction","1.00","manual_review","0.92","manual_review_lawyers"
"occ_23_1011_00","3774","cluster_analysis","1.00","manual_review","0.92","manual_review_lawyers"
"occ_23_1011_00","3775","cluster_analysis","1.00","manual_review","0.92","manual_review_lawyers"
"occ_23_1011_00","3776","cluster_client_interaction","1.00","manual_review","0.92","manual_review_lawyers"
"occ_23_1011_00","3777","cluster_decision_support","1.00","manual_review","0.92","manual_review_lawyers"
"occ_23_1011_00","3778","cluster_research_synthesis","1.00","manual_review","0.92","manual_review_lawyers"
"occ_23_1011_00","3779","cluster_client_interaction","1.00","manual_review","0.92","manual_review_lawyers"
"occ_23_1011_00","3780","cluster_analysis","1.00","manual_review","0.92","manual_review_lawyers"
"occ_23_1011_00","3781","cluster_client_interaction","1.00","manual_review","0.92","manual_review_lawyers"
"occ_23_1011_00","3782","cluster_client_interaction","1.00","manual_review","0.92","manual_review_lawyers"
"occ_23_1011_00","3783","cluster_research_synthesis","1.00","manual_review","0.92","manual_review_lawyers"
"occ_23_1011_00","3785","cluster_drafting","1.00","manual_review","0.92","manual_review_lawyers"
"occ_23_1011_00","3786","cluster_relationship_management","1.00","manual_review","0.92","manual_review_lawyers"
"occ_23_1011_00","3787","cluster_coordination","1.00","manual_review","0.92","manual_review_lawyers"
"occ_23_1011_00","3788","cluster_research_synthesis","1.00","manual_review","0.92","manual_review_lawyers"
"occ_23_1011_00","3789","cluster_oversight_strategy","1.00","manual_review","0.92","manual_review_lawyers"
"occ_23_1011_00","3790","cluster_workflow_admin","1.00","manual_review","0.92","manual_review_lawyers"
"occ_23_1011_00","3791","cluster_relationship_management","1.00","manual_review","0.92","manual_review_lawyers"
"occ_23_1011_00","3792","cluster_client_interaction","1.00","manual_review","0.92","manual_review_lawyers"
"occ_23_1011_00","3793","cluster_oversight_strategy","1.00","manual_review","0.92","manual_review_lawyers"
"occ_23_2011_00","1636","cluster_research_synthesis","1.00","keyword_inference","0.55","onet_keyword_inference"
"occ_23_2011_00","1638","cluster_qa_review","1.00","keyword_inference","0.46","onet_keyword_inference"
"occ_23_2011_00","1639","cluster_coordination","1.00","keyword_inference","0.48","onet_keyword_inference"
"occ_23_2011_00","1641","cluster_documentation","1.00","keyword_inference","0.36","onet_keyword_inference"
"occ_23_2011_00","1642","cluster_decision_support","1.00","keyword_inference","0.42","onet_keyword_inference"
"occ_23_2011_00","18491","cluster_documentation","1.00","keyword_inference","0.48","onet_keyword_inference"
"occ_23_2011_00","18492","cluster_drafting","1.00","keyword_inference","0.41","onet_keyword_inference"
"occ_23_2011_00","18493","cluster_client_interaction","1.00","keyword_inference","0.47","onet_keyword_inference"
"occ_23_2011_00","18494","cluster_oversight_strategy","1.00","keyword_inference","0.45","onet_keyword_inference"
"occ_23_2011_00","18496","cluster_qa_review","1.00","keyword_inference","0.48","onet_keyword_inference"
"occ_23_2011_00","21062","cluster_research_synthesis","1.00","keyword_inference","0.47","onet_keyword_inference"
"occ_23_2011_00","23994","cluster_documentation","1.00","keyword_inference","0.48","onet_keyword_inference"
"occ_27_1024_00","15228","cluster_drafting","1.00","keyword_inference","0.36","onet_keyword_inference"
"occ_27_1024_00","15229","cluster_research_synthesis","1.00","keyword_inference","0.48","onet_keyword_inference"
"occ_27_1024_00","23970","cluster_drafting","1.00","keyword_inference","0.42","onet_keyword_inference"
"occ_27_1024_00","23971","cluster_research_synthesis","1.00","keyword_inference","0.48","onet_keyword_inference"
"occ_27_1024_00","23972","cluster_client_interaction","1.00","keyword_inference","0.47","onet_keyword_inference"
"occ_27_1024_00","299","cluster_drafting","1.00","keyword_inference","0.54","onet_keyword_inference"
"occ_27_1024_00","300","cluster_drafting","1.00","keyword_inference","0.36","onet_keyword_inference"
"occ_27_1024_00","301","cluster_drafting","1.00","keyword_inference","0.36","onet_keyword_inference"
"occ_27_1024_00","302","cluster_drafting","1.00","keyword_inference","0.42","onet_keyword_inference"
"occ_27_1024_00","303","cluster_drafting","1.00","keyword_inference","0.36","onet_keyword_inference"
"occ_27_1024_00","304","cluster_qa_review","1.00","keyword_inference","0.48","onet_keyword_inference"
"occ_27_1024_00","305","cluster_client_interaction","1.00","keyword_inference","0.47","onet_keyword_inference"
"occ_27_1024_00","306","cluster_drafting","1.00","keyword_inference","0.47","onet_keyword_inference"
"occ_27_1024_00","307","cluster_client_interaction","1.00","keyword_inference","0.47","onet_keyword_inference"
"occ_27_1024_00","308","cluster_client_interaction","1.00","keyword_inference","0.47","onet_keyword_inference"
"occ_27_1024_00","309","cluster_client_interaction","1.00","keyword_inference","0.41","onet_keyword_inference"
"occ_27_1024_00","310","cluster_drafting","1.00","keyword_inference","0.42","onet_keyword_inference"
"occ_27_1024_00","312","cluster_client_interaction","1.00","keyword_inference","0.47","onet_keyword_inference"
"occ_27_1024_00","313","cluster_drafting","1.00","keyword_inference","0.36","onet_keyword_inference"
"occ_27_3023_00","22623","cluster_drafting","1.00","keyword_inference","0.47","onet_keyword_inference"
"occ_27_3023_00","22624","cluster_coordination","1.00","keyword_inference","0.47","onet_keyword_inference"
"occ_27_3023_00","22625","cluster_workflow_admin","1.00","keyword_inference","0.45","onet_keyword_inference"
"occ_27_3023_00","22626","cluster_analysis","1.00","keyword_inference","0.55","onet_keyword_inference"
"occ_27_3023_00","22627","cluster_drafting","1.00","keyword_inference","0.47","onet_keyword_inference"
"occ_27_3023_00","22628","cluster_research_synthesis","1.00","keyword_inference","0.48","onet_keyword_inference"
"occ_27_3023_00","22629","cluster_drafting","1.00","keyword_inference","0.36","onet_keyword_inference"
"occ_27_3023_00","22630","cluster_research_synthesis","1.00","keyword_inference","0.55","onet_keyword_inference"
"occ_27_3023_00","22631","cluster_coordination","1.00","keyword_inference","0.43","onet_keyword_inference"
"occ_27_3023_00","22632","cluster_documentation","1.00","keyword_inference","0.45","onet_keyword_inference"
"occ_27_3023_00","22633","cluster_relationship_management","1.00","keyword_inference","0.47","onet_keyword_inference"
"occ_27_3023_00","22634","cluster_documentation","1.00","keyword_inference","0.45","onet_keyword_inference"
"occ_27_3023_00","22635","cluster_drafting","1.00","keyword_inference","0.36","onet_keyword_inference"
"occ_27_3023_00","22636","cluster_qa_review","1.00","keyword_inference","0.48","onet_keyword_inference"
"occ_27_3023_00","22637","cluster_drafting","1.00","keyword_inference","0.47","onet_keyword_inference"
"occ_27_3023_00","22638","cluster_qa_review","1.00","keyword_inference","0.48","onet_keyword_inference"
"occ_27_3023_00","22639","cluster_documentation","1.00","keyword_inference","0.45","onet_keyword_inference"
"occ_27_3023_00","22640","cluster_drafting","1.00","keyword_inference","0.36","onet_keyword_inference"
"occ_27_3023_00","22641","cluster_documentation","1.00","keyword_inference","0.45","onet_keyword_inference"
"occ_27_3023_00","22642","cluster_documentation","1.00","keyword_inference","0.45","onet_keyword_inference"
"occ_27_3023_00","22643","cluster_drafting","1.00","keyword_inference","0.36","onet_keyword_inference"
"occ_27_3023_00","22644","cluster_drafting","1.00","keyword_inference","0.36","onet_keyword_inference"
"occ_27_3023_00","22645","cluster_documentation","1.00","keyword_inference","0.45","onet_keyword_inference"
"occ_27_3023_00","22646","cluster_execution_routine","1.00","keyword_inference","0.47","onet_keyword_inference"
"occ_27_3023_00","22647","cluster_drafting","1.00","keyword_inference","0.36","onet_keyword_inference"
"occ_27_3023_00","22648","cluster_analysis","1.00","keyword_inference","0.55","onet_keyword_inference"
"occ_27_3023_00","22649","cluster_coordination","1.00","keyword_inference","0.40","onet_keyword_inference"
"occ_27_3023_00","22650","cluster_drafting","1.00","keyword_inference","0.58","onet_keyword_inference"
"occ_27_3023_00","22651","cluster_documentation","1.00","keyword_inference","0.45","onet_keyword_inference"
"occ_27_3023_00","22652","cluster_qa_review","1.00","keyword_inference","0.48","onet_keyword_inference"
"occ_27_3031_00","1764","cluster_drafting","1.00","keyword_inference","0.45","onet_keyword_inference"
"occ_27_3031_00","1765","cluster_relationship_management","1.00","keyword_inference","0.48","onet_keyword_inference"
"occ_27_3031_00","1767","cluster_coordination","1.00","keyword_inference","0.48","onet_keyword_inference"
"occ_27_3031_00","1768","cluster_client_interaction","1.00","keyword_inference","0.48","onet_keyword_inference"
"occ_27_3031_00","1769","cluster_drafting","1.00","keyword_inference","0.46","onet_keyword_inference"
"occ_27_3031_00","1770","cluster_oversight_strategy","1.00","keyword_inference","0.45","onet_keyword_inference"
"occ_27_3031_00","1771","cluster_client_interaction","1.00","keyword_inference","0.36","onet_keyword_inference"
"occ_27_3031_00","1772","cluster_client_interaction","1.00","keyword_inference","0.54","onet_keyword_inference"
"occ_27_3031_00","1773","cluster_drafting","1.00","keyword_inference","0.42","onet_keyword_inference"
"occ_27_3031_00","1774","cluster_client_interaction","1.00","keyword_inference","0.48","onet_keyword_inference"
"occ_27_3031_00","1775","cluster_client_interaction","1.00","keyword_inference","0.48","onet_keyword_inference"
"occ_27_3031_00","19809","cluster_coordination","1.00","keyword_inference","0.48","onet_keyword_inference"
"occ_27_3031_00","19810","cluster_drafting","1.00","keyword_inference","0.46","onet_keyword_inference"
"occ_27_3031_00","19811","cluster_drafting","1.00","keyword_inference","0.46","onet_keyword_inference"
"occ_27_3031_00","20554","cluster_client_interaction","1.00","keyword_inference","0.48","onet_keyword_inference"
"occ_27_3031_00","20555","cluster_drafting","1.00","keyword_inference","0.46","onet_keyword_inference"
"occ_27_3031_00","20557","cluster_documentation","1.00","keyword_inference","0.45","onet_keyword_inference"
"occ_27_3031_00","23951","cluster_execution_routine","1.00","keyword_inference","0.41","onet_keyword_inference"
"occ_27_3041_00","1776","cluster_drafting","1.00","keyword_inference","0.53","onet_keyword_inference"
"occ_27_3041_00","1777","cluster_drafting","1.00","keyword_inference","0.36","onet_keyword_inference"
"occ_27_3041_00","1778","cluster_drafting","1.00","keyword_inference","0.36","onet_keyword_inference"
"occ_27_3041_00","1779","cluster_oversight_strategy","1.00","keyword_inference","0.45","onet_keyword_inference"
"occ_27_3041_00","1780","cluster_qa_review","1.00","keyword_inference","0.45","onet_keyword_inference"
"occ_27_3041_00","1781","cluster_qa_review","1.00","keyword_inference","0.48","onet_keyword_inference"
"occ_27_3041_00","1782","cluster_drafting","1.00","keyword_inference","0.47","onet_keyword_inference"
"occ_27_3041_00","1783","cluster_oversight_strategy","1.00","keyword_inference","0.47","onet_keyword_inference"
"occ_27_3041_00","1784","cluster_drafting","1.00","keyword_inference","0.47","onet_keyword_inference"
"occ_27_3041_00","1785","cluster_drafting","1.00","keyword_inference","0.47","onet_keyword_inference"
"occ_27_3041_00","1786","cluster_analysis","1.00","keyword_inference","0.45","onet_keyword_inference"
"occ_27_3041_00","1787","cluster_documentation","1.00","keyword_inference","0.45","onet_keyword_inference"
"occ_27_3041_00","1788","cluster_oversight_strategy","1.00","keyword_inference","0.55","onet_keyword_inference"
"occ_27_3041_00","1789","cluster_coordination","1.00","keyword_inference","0.47","onet_keyword_inference"
"occ_27_3041_00","1790","cluster_decision_support","1.00","keyword_inference","0.47","onet_keyword_inference"
"occ_27_3041_00","1791","cluster_analysis","1.00","keyword_inference","0.45","onet_keyword_inference"
"occ_27_3041_00","1792","cluster_drafting","1.00","keyword_inference","0.47","onet_keyword_inference"
"occ_27_3041_00","1793","cluster_oversight_strategy","1.00","keyword_inference","0.45","onet_keyword_inference"
"occ_27_3041_00","1794","cluster_drafting","1.00","keyword_inference","0.36","onet_keyword_inference"
"occ_27_3041_00","1795","cluster_drafting","1.00","keyword_inference","0.36","onet_keyword_inference"
"occ_27_3041_00","21000","cluster_drafting","1.00","keyword_inference","0.47","onet_keyword_inference"
"occ_27_3042_00","20243","cluster_documentation","1.00","keyword_inference","0.48","onet_keyword_inference"
"occ_27_3042_00","3966","cluster_workflow_admin","1.00","keyword_inference","0.45","onet_keyword_inference"
"occ_27_3042_00","3967","cluster_documentation","1.00","keyword_inference","0.56","onet_keyword_inference"
"occ_27_3042_00","3968","cluster_drafting","1.00","keyword_inference","0.53","onet_keyword_inference"
"occ_27_3042_00","3969","cluster_client_interaction","1.00","keyword_inference","0.53","onet_keyword_inference"
"occ_27_3042_00","3970","cluster_qa_review","1.00","keyword_inference","0.48","onet_keyword_inference"
"occ_27_3042_00","3971","cluster_drafting","1.00","keyword_inference","0.36","onet_keyword_inference"
"occ_27_3042_00","3972","cluster_drafting","1.00","keyword_inference","0.36","onet_keyword_inference"
"occ_27_3042_00","3973","cluster_drafting","1.00","keyword_inference","0.36","onet_keyword_inference"
"occ_27_3042_00","3974","cluster_drafting","1.00","keyword_inference","0.47","onet_keyword_inference"
"occ_27_3042_00","3975","cluster_drafting","1.00","keyword_inference","0.36","onet_keyword_inference"
"occ_27_3042_00","3976","cluster_drafting","1.00","keyword_inference","0.36","onet_keyword_inference"
"occ_27_3042_00","3977","cluster_drafting","1.00","keyword_inference","0.47","onet_keyword_inference"
"occ_27_3042_00","3978","cluster_qa_review","1.00","keyword_inference","0.48","onet_keyword_inference"
"occ_27_3042_00","3979","cluster_drafting","1.00","keyword_inference","0.36","onet_keyword_inference"
"occ_27_3043_00","22653","cluster_client_interaction","1.00","keyword_inference","0.47","onet_keyword_inference"
"occ_27_3043_00","22654","cluster_client_interaction","1.00","keyword_inference","0.53","onet_keyword_inference"
"occ_27_3043_00","22655","cluster_drafting","1.00","keyword_inference","0.36","onet_keyword_inference"
"occ_27_3043_00","22656","cluster_client_interaction","1.00","keyword_inference","0.53","onet_keyword_inference"
"occ_27_3043_00","22657","cluster_drafting","1.00","keyword_inference","0.47","onet_keyword_inference"
"occ_27_3043_00","22658","cluster_research_synthesis","1.00","keyword_inference","0.48","onet_keyword_inference"
"occ_27_3043_00","22659","cluster_drafting","1.00","keyword_inference","0.47","onet_keyword_inference"
"occ_27_3043_00","22660","cluster_qa_review","1.00","keyword_inference","0.48","onet_keyword_inference"
"occ_27_3043_00","22661","cluster_drafting","1.00","keyword_inference","0.47","onet_keyword_inference"
"occ_27_3043_00","22662","cluster_research_synthesis","1.00","keyword_inference","0.48","onet_keyword_inference"
"occ_27_3043_00","22663","cluster_client_interaction","1.00","keyword_inference","0.41","onet_keyword_inference"
"occ_27_3043_00","22664","cluster_drafting","1.00","keyword_inference","0.47","onet_keyword_inference"
"occ_27_3043_00","22665","cluster_drafting","1.00","keyword_inference","0.36","onet_keyword_inference"
"occ_27_3043_00","22666","cluster_coordination","1.00","keyword_inference","0.43","onet_keyword_inference"
"occ_27_3043_00","22667","cluster_drafting","1.00","keyword_inference","0.42","onet_keyword_inference"
"occ_27_3043_00","22668","cluster_client_interaction","1.00","keyword_inference","0.47","onet_keyword_inference"
"occ_27_3043_00","22669","cluster_drafting","1.00","keyword_inference","0.47","onet_keyword_inference"
"occ_27_3043_00","22670","cluster_drafting","1.00","keyword_inference","0.47","onet_keyword_inference"
"occ_27_3043_00","22671","cluster_drafting","1.00","keyword_inference","0.47","onet_keyword_inference"
"occ_27_3043_00","22672","cluster_client_interaction","1.00","keyword_inference","0.47","onet_keyword_inference"
"occ_41_3011_00","4579","cluster_client_interaction","1.00","keyword_inference","0.54","onet_keyword_inference"
"occ_41_3011_00","4580","cluster_client_interaction","1.00","keyword_inference","0.48","onet_keyword_inference"
"occ_41_3011_00","4581","cluster_drafting","1.00","keyword_inference","0.46","onet_keyword_inference"
"occ_41_3011_00","4582","cluster_execution_routine","1.00","keyword_inference","0.47","onet_keyword_inference"
"occ_41_3011_00","4583","cluster_client_interaction","1.00","keyword_inference","0.48","onet_keyword_inference"
"occ_41_3011_00","4584","cluster_research_synthesis","1.00","keyword_inference","0.43","onet_keyword_inference"
"occ_41_3011_00","4585","cluster_client_interaction","1.00","keyword_inference","0.48","onet_keyword_inference"
"occ_41_3011_00","4586","cluster_client_interaction","1.00","keyword_inference","0.48","onet_keyword_inference"
"occ_41_3011_00","4587","cluster_decision_support","1.00","keyword_inference","0.47","onet_keyword_inference"
"occ_41_3011_00","4588","cluster_client_interaction","1.00","keyword_inference","0.48","onet_keyword_inference"
"occ_41_3011_00","4589","cluster_client_interaction","1.00","keyword_inference","0.54","onet_keyword_inference"
"occ_41_3011_00","4590","cluster_client_interaction","1.00","keyword_inference","0.54","onet_keyword_inference"
"occ_41_3011_00","4591","cluster_drafting","1.00","keyword_inference","0.46","onet_keyword_inference"
"occ_41_3011_00","4592","cluster_decision_support","1.00","keyword_inference","0.41","onet_keyword_inference"
"occ_41_3011_00","4593","cluster_relationship_management","1.00","keyword_inference","0.36","onet_keyword_inference"
"occ_41_3011_00","4594","cluster_drafting","1.00","keyword_inference","0.46","onet_keyword_inference"
"occ_41_3011_00","4595","cluster_research_synthesis","1.00","keyword_inference","0.43","onet_keyword_inference"
"occ_41_3011_00","4596","cluster_coordination","1.00","keyword_inference","0.48","onet_keyword_inference"
"occ_41_3011_00","4597","cluster_client_interaction","1.00","keyword_inference","0.48","onet_keyword_inference"
"occ_41_3011_00","4598","cluster_drafting","1.00","keyword_inference","0.46","onet_keyword_inference"
"occ_41_3021_00","718","cluster_analysis","1.00","keyword_inference","0.47","onet_keyword_inference"
"occ_41_3021_00","719","cluster_execution_routine","1.00","keyword_inference","0.41","onet_keyword_inference"
"occ_41_3021_00","720","cluster_client_interaction","1.00","keyword_inference","0.48","onet_keyword_inference"
"occ_41_3021_00","721","cluster_relationship_management","1.00","keyword_inference","0.36","onet_keyword_inference"
"occ_41_3021_00","722","cluster_client_interaction","1.00","keyword_inference","0.48","onet_keyword_inference"
"occ_41_3021_00","723","cluster_client_interaction","1.00","keyword_inference","0.60","onet_keyword_inference"
"occ_41_3021_00","724","cluster_decision_support","1.00","keyword_inference","0.41","onet_keyword_inference"
"occ_41_3021_00","725","cluster_drafting","1.00","keyword_inference","0.46","onet_keyword_inference"
"occ_41_3021_00","726","cluster_oversight_strategy","1.00","keyword_inference","0.45","onet_keyword_inference"
"occ_41_3021_00","727","cluster_client_interaction","1.00","keyword_inference","0.48","onet_keyword_inference"
"occ_41_3021_00","728","cluster_documentation","1.00","keyword_inference","0.45","onet_keyword_inference"
"occ_41_3021_00","729","cluster_client_interaction","1.00","keyword_inference","0.48","onet_keyword_inference"
"occ_41_3021_00","730","cluster_client_interaction","1.00","keyword_inference","0.48","onet_keyword_inference"
"occ_41_3021_00","731","cluster_drafting","1.00","keyword_inference","0.46","onet_keyword_inference"
"occ_41_3021_00","732","cluster_drafting","1.00","keyword_inference","0.46","onet_keyword_inference"
"occ_41_3021_00","733","cluster_qa_review","1.00","keyword_inference","0.45","onet_keyword_inference"
"occ_41_3021_00","734","cluster_relationship_management","1.00","keyword_inference","0.41","onet_keyword_inference"
"occ_41_3021_00","735","cluster_oversight_strategy","1.00","keyword_inference","0.47","onet_keyword_inference"
"occ_41_3021_00","736","cluster_client_interaction","1.00","keyword_inference","0.48","onet_keyword_inference"
"occ_41_3031_00","23192","cluster_relationship_management","1.00","keyword_inference","0.36","onet_keyword_inference"
"occ_41_3031_00","23193","cluster_relationship_management","1.00","keyword_inference","0.36","onet_keyword_inference"
"occ_41_3031_00","23194","cluster_client_interaction","1.00","keyword_inference","0.48","onet_keyword_inference"
"occ_41_3031_00","23195","cluster_documentation","1.00","keyword_inference","0.45","onet_keyword_inference"
"occ_41_3031_00","23196","cluster_relationship_management","1.00","keyword_inference","0.36","onet_keyword_inference"
"occ_41_3031_00","23197","cluster_client_interaction","1.00","keyword_inference","0.48","onet_keyword_inference"
"occ_41_3031_00","23198","cluster_documentation","1.00","keyword_inference","0.45","onet_keyword_inference"
"occ_41_3031_00","23199","cluster_client_interaction","1.00","keyword_inference","0.48","onet_keyword_inference"
"occ_41_3031_00","23200","cluster_client_interaction","1.00","keyword_inference","0.48","onet_keyword_inference"
"occ_41_3031_00","23201","cluster_client_interaction","1.00","keyword_inference","0.48","onet_keyword_inference"
"occ_41_3031_00","23202","cluster_execution_routine","1.00","keyword_inference","0.47","onet_keyword_inference"
"occ_41_3031_00","23203","cluster_drafting","1.00","keyword_inference","0.46","onet_keyword_inference"
"occ_41_3031_00","23204","cluster_client_interaction","1.00","keyword_inference","0.48","onet_keyword_inference"
"occ_41_3031_00","23205","cluster_qa_review","1.00","keyword_inference","0.47","onet_keyword_inference"
"occ_41_3031_00","23206","cluster_client_interaction","1.00","keyword_inference","0.54","onet_keyword_inference"
"occ_41_3031_00","23207","cluster_relationship_management","1.00","keyword_inference","0.36","onet_keyword_inference"
"occ_41_3031_00","23208","cluster_analysis","1.00","keyword_inference","0.47","onet_keyword_inference"
"occ_41_3031_00","23209","cluster_client_interaction","1.00","keyword_inference","0.48","onet_keyword_inference"
"occ_41_3031_00","23210","cluster_relationship_management","1.00","keyword_inference","0.36","onet_keyword_inference"
"occ_41_3031_00","23211","cluster_analysis","1.00","keyword_inference","0.45","onet_keyword_inference"
"occ_41_3031_00","23212","cluster_client_interaction","1.00","keyword_inference","0.48","onet_keyword_inference"
"occ_41_3031_00","23213","cluster_execution_routine","1.00","keyword_inference","0.41","onet_keyword_inference"
"occ_41_3031_00","23214","cluster_client_interaction","1.00","keyword_inference","0.48","onet_keyword_inference"
"occ_41_3031_00","23215","cluster_qa_review","1.00","keyword_inference","0.46","onet_keyword_inference"
"occ_41_3031_00","23216","cluster_relationship_management","1.00","keyword_inference","0.36","onet_keyword_inference"
"occ_41_3031_00","23217","cluster_relationship_management","1.00","keyword_inference","0.36","onet_keyword_inference"
"occ_41_3031_00","23218","cluster_relationship_management","1.00","keyword_inference","0.46","onet_keyword_inference"
"occ_41_3031_00","23219","cluster_drafting","1.00","keyword_inference","0.41","onet_keyword_inference"
"occ_41_3031_00","23220","cluster_relationship_management","1.00","keyword_inference","0.36","onet_keyword_inference"
"occ_41_3031_00","23221","cluster_client_interaction","1.00","keyword_inference","0.48","onet_keyword_inference"
"occ_41_3091_00","23222","cluster_client_interaction","1.00","keyword_inference","0.48","onet_keyword_inference"
"occ_41_3091_00","23223","cluster_drafting","1.00","keyword_inference","0.46","onet_keyword_inference"
"occ_41_3091_00","23224","cluster_relationship_management","1.00","keyword_inference","0.36","onet_keyword_inference"
"occ_41_3091_00","23225","cluster_client_interaction","1.00","keyword_inference","0.48","onet_keyword_inference"
"occ_41_3091_00","23226","cluster_client_interaction","1.00","keyword_inference","0.48","onet_keyword_inference"
"occ_41_3091_00","23227","cluster_drafting","1.00","keyword_inference","0.43","onet_keyword_inference"
"occ_41_3091_00","23228","cluster_drafting","1.00","keyword_inference","0.46","onet_keyword_inference"
"occ_41_3091_00","23229","cluster_relationship_management","1.00","keyword_inference","0.36","onet_keyword_inference"
"occ_41_3091_00","23230","cluster_client_interaction","1.00","keyword_inference","0.48","onet_keyword_inference"
"occ_41_3091_00","23231","cluster_client_interaction","1.00","keyword_inference","0.60","onet_keyword_inference"
"occ_41_3091_00","23232","cluster_client_interaction","1.00","keyword_inference","0.48","onet_keyword_inference"
"occ_41_3091_00","23233","cluster_client_interaction","1.00","keyword_inference","0.48","onet_keyword_inference"
"occ_41_3091_00","23234","cluster_relationship_management","1.00","keyword_inference","0.36","onet_keyword_inference"
"occ_41_3091_00","23235","cluster_relationship_management","1.00","keyword_inference","0.46","onet_keyword_inference"
"occ_41_3091_00","23236","cluster_relationship_management","1.00","keyword_inference","0.36","onet_keyword_inference"
"occ_41_4011_00","11237","cluster_client_interaction","1.00","keyword_inference","0.48","onet_keyword_inference"
"occ_41_4011_00","11238","cluster_relationship_management","1.00","keyword_inference","0.36","onet_keyword_inference"
"occ_41_4011_00","11239","cluster_client_interaction","1.00","keyword_inference","0.48","onet_keyword_inference"
"occ_41_4011_00","11240","cluster_relationship_management","1.00","keyword_inference","0.46","onet_keyword_inference"
"occ_41_4011_00","11241","cluster_client_interaction","1.00","keyword_inference","0.48","onet_keyword_inference"
"occ_41_4011_00","11245","cluster_relationship_management","1.00","keyword_inference","0.36","onet_keyword_inference"
"occ_41_4011_00","11246","cluster_client_interaction","1.00","keyword_inference","0.42","onet_keyword_inference"
"occ_41_4011_00","11248","cluster_client_interaction","1.00","keyword_inference","0.48","onet_keyword_inference"
"occ_41_4011_00","11249","cluster_client_interaction","1.00","keyword_inference","0.48","onet_keyword_inference"
"occ_41_4011_00","11251","cluster_analysis","1.00","keyword_inference","0.45","onet_keyword_inference"
"occ_41_4011_00","11252","cluster_documentation","1.00","keyword_inference","0.45","onet_keyword_inference"
"occ_41_4011_00","11256","cluster_client_interaction","1.00","keyword_inference","0.48","onet_keyword_inference"
"occ_41_4011_00","11257","cluster_qa_review","1.00","keyword_inference","0.46","onet_keyword_inference"
"occ_41_4011_00","11261","cluster_client_interaction","1.00","keyword_inference","0.48","onet_keyword_inference"
"occ_41_4011_00","11262","cluster_relationship_management","1.00","keyword_inference","0.36","onet_keyword_inference"
"occ_41_4011_00","11265","cluster_relationship_management","1.00","keyword_inference","0.36","onet_keyword_inference"
"occ_41_4011_00","11267","cluster_relationship_management","1.00","keyword_inference","0.36","onet_keyword_inference"
"occ_41_4011_00","19825","cluster_client_interaction","1.00","keyword_inference","0.48","onet_keyword_inference"
"occ_41_4011_00","19826","cluster_client_interaction","1.00","keyword_inference","0.54","onet_keyword_inference"
"occ_41_4011_00","19828","cluster_drafting","1.00","keyword_inference","0.45","onet_keyword_inference"
"occ_41_4011_00","20608","cluster_drafting","1.00","keyword_inference","0.41","onet_keyword_inference"
"occ_41_4011_00","20609","cluster_client_interaction","1.00","keyword_inference","0.48","onet_keyword_inference"
"occ_41_4011_00","20610","cluster_client_interaction","1.00","keyword_inference","0.48","onet_keyword_inference"
"occ_41_4011_00","20611","cluster_qa_review","1.00","keyword_inference","0.45","onet_keyword_inference"
"occ_41_4011_00","20612","cluster_client_interaction","1.00","keyword_inference","0.60","onet_keyword_inference"
"occ_41_4011_00","20613","cluster_client_interaction","1.00","keyword_inference","0.53","onet_keyword_inference"
"occ_41_4011_00","20614","cluster_documentation","1.00","keyword_inference","0.47","onet_keyword_inference"
"occ_41_4011_00","20615","cluster_drafting","1.00","keyword_inference","0.46","onet_keyword_inference"
"occ_41_4011_00","20616","cluster_relationship_management","1.00","keyword_inference","0.36","onet_keyword_inference"
"occ_41_4011_00","20617","cluster_relationship_management","1.00","keyword_inference","0.36","onet_keyword_inference"
"occ_41_4011_00","20618","cluster_relationship_management","1.00","keyword_inference","0.36","onet_keyword_inference"
"occ_41_4011_00","20619","cluster_qa_review","1.00","keyword_inference","0.45","onet_keyword_inference"
"occ_41_4011_00","20620","cluster_client_interaction","1.00","keyword_inference","0.48","onet_keyword_inference"
"occ_43_1011_00","9703","cluster_client_interaction","1.00","keyword_inference","0.47","onet_keyword_inference"
"occ_43_1011_00","9704","cluster_client_interaction","1.00","keyword_inference","0.47","onet_keyword_inference"
"occ_43_1011_00","9705","cluster_workflow_admin","1.00","keyword_inference","0.36","onet_keyword_inference"
"occ_43_1011_00","9706","cluster_oversight_strategy","1.00","keyword_inference","0.45","onet_keyword_inference"
"occ_43_1011_00","9707","cluster_workflow_admin","1.00","keyword_inference","0.36","onet_keyword_inference"
"occ_43_1011_00","9708","cluster_workflow_admin","1.00","keyword_inference","0.36","onet_keyword_inference"
"occ_43_1011_00","9709","cluster_decision_support","1.00","keyword_inference","0.47","onet_keyword_inference"
"occ_43_1011_00","9710","cluster_qa_review","1.00","keyword_inference","0.57","onet_keyword_inference"
"occ_43_1011_00","9711","cluster_relationship_management","1.00","keyword_inference","0.47","onet_keyword_inference"
"occ_43_1011_00","9712","cluster_analysis","1.00","keyword_inference","0.43","onet_keyword_inference"
"occ_43_1011_00","9713","cluster_workflow_admin","1.00","keyword_inference","0.46","onet_keyword_inference"
"occ_43_1011_00","9714","cluster_documentation","1.00","keyword_inference","0.56","onet_keyword_inference"
"occ_43_1011_00","9715","cluster_workflow_admin","1.00","keyword_inference","0.36","onet_keyword_inference"
"occ_43_1011_00","9716","cluster_research_synthesis","1.00","keyword_inference","0.54","onet_keyword_inference"
"occ_43_1011_00","9717","cluster_coordination","1.00","keyword_inference","0.48","onet_keyword_inference"
"occ_43_1011_00","9718","cluster_execution_routine","1.00","keyword_inference","0.48","onet_keyword_inference"
"occ_43_1011_00","9719","cluster_drafting","1.00","keyword_inference","0.46","onet_keyword_inference"
"occ_43_1011_00","9720","cluster_decision_support","1.00","keyword_inference","0.47","onet_keyword_inference"
"occ_43_1011_00","9721","cluster_oversight_strategy","1.00","keyword_inference","0.45","onet_keyword_inference"
"occ_43_1011_00","9722","cluster_workflow_admin","1.00","keyword_inference","0.36","onet_keyword_inference"
"occ_43_1011_00","9723","cluster_drafting","1.00","keyword_inference","0.55","onet_keyword_inference"
"occ_43_1011_00","9724","cluster_drafting","1.00","keyword_inference","0.46","onet_keyword_inference"
"occ_43_1011_00","9725","cluster_workflow_admin","1.00","keyword_inference","0.36","onet_keyword_inference"
"occ_43_1011_00","9727","cluster_coordination","1.00","keyword_inference","0.48","onet_keyword_inference"
"occ_43_1011_00","9728","cluster_workflow_admin","1.00","keyword_inference","0.36","onet_keyword_inference"
"occ_43_1011_00","9729","cluster_oversight_strategy","1.00","keyword_inference","0.45","onet_keyword_inference"
"occ_43_1011_00","9730","cluster_coordination","1.00","keyword_inference","0.48","onet_keyword_inference"
"occ_43_1011_00","9731","cluster_decision_support","1.00","keyword_inference","0.41","onet_keyword_inference"
"occ_43_3021_00","23237","cluster_qa_review","1.00","keyword_inference","0.46","onet_keyword_inference"
"occ_43_3021_00","23238","cluster_qa_review","1.00","keyword_inference","0.45","onet_keyword_inference"
"occ_43_3021_00","23239","cluster_qa_review","1.00","keyword_inference","0.45","onet_keyword_inference"
"occ_43_3021_00","23240","cluster_documentation","1.00","keyword_inference","0.45","onet_keyword_inference"
"occ_43_3021_00","23241","cluster_documentation","1.00","keyword_inference","0.45","onet_keyword_inference"
"occ_43_3021_00","23242","cluster_analysis","1.00","keyword_inference","0.36","onet_keyword_inference"
"occ_43_3021_00","23243","cluster_documentation","1.00","keyword_inference","0.45","onet_keyword_inference"
"occ_43_3021_00","23244","cluster_client_interaction","1.00","keyword_inference","0.48","onet_keyword_inference"
"occ_43_3021_00","23245","cluster_documentation","1.00","keyword_inference","0.57","onet_keyword_inference"
"occ_43_3021_00","23246","cluster_documentation","1.00","keyword_inference","0.57","onet_keyword_inference"
"occ_43_3021_00","23247","cluster_client_interaction","1.00","keyword_inference","0.48","onet_keyword_inference"
"occ_43_3021_00","23248","cluster_analysis","1.00","keyword_inference","0.36","onet_keyword_inference"
"occ_43_3021_00","23249","cluster_analysis","1.00","keyword_inference","0.36","onet_keyword_inference"
"occ_43_3021_00","23250","cluster_analysis","1.00","keyword_inference","0.36","onet_keyword_inference"
"occ_43_3021_00","23251","cluster_execution_routine","1.00","keyword_inference","0.45","onet_keyword_inference"
"occ_43_3021_00","23253","cluster_analysis","1.00","keyword_inference","0.36","onet_keyword_inference"
"occ_43_3021_00","23254","cluster_analysis","1.00","keyword_inference","0.36","onet_keyword_inference"
"occ_43_3021_00","23255","cluster_client_interaction","1.00","keyword_inference","0.42","onet_keyword_inference"
"occ_43_3021_00","23256","cluster_client_interaction","1.00","keyword_inference","0.48","onet_keyword_inference"
"occ_43_3021_00","23257","cluster_execution_routine","1.00","keyword_inference","0.42","onet_keyword_inference"
"occ_43_3021_00","23258","cluster_documentation","1.00","keyword_inference","0.48","onet_keyword_inference"
"occ_43_3021_00","23259","cluster_client_interaction","1.00","keyword_inference","0.48","onet_keyword_inference"
"occ_43_3021_00","23260","cluster_qa_review","1.00","keyword_inference","0.48","onet_keyword_inference"
"occ_43_3021_00","23262","cluster_analysis","1.00","keyword_inference","0.36","onet_keyword_inference"
"occ_43_3021_00","23263","cluster_documentation","1.00","keyword_inference","0.45","onet_keyword_inference"
"occ_43_3021_00","23264","cluster_documentation","1.00","keyword_inference","0.48","onet_keyword_inference"
"occ_43_3021_00","23265","cluster_coordination","1.00","keyword_inference","0.43","onet_keyword_inference"
"occ_43_3021_00","23266","cluster_client_interaction","1.00","keyword_inference","0.48","onet_keyword_inference"
"occ_43_3031_00","18561","cluster_execution_routine","1.00","keyword_inference","0.48","onet_keyword_inference"
"occ_43_3031_00","2486","cluster_documentation","1.00","keyword_inference","0.48","onet_keyword_inference"
"occ_43_3031_00","2487","cluster_analysis","1.00","keyword_inference","0.48","onet_keyword_inference"
"occ_43_3031_00","2488","cluster_analysis","1.00","keyword_inference","0.36","onet_keyword_inference"
"occ_43_3031_00","2489","cluster_analysis","1.00","keyword_inference","0.36","onet_keyword_inference"
"occ_43_3031_00","2490","cluster_documentation","1.00","keyword_inference","0.54","onet_keyword_inference"
"occ_43_3031_00","2491","cluster_execution_routine","1.00","keyword_inference","0.42","onet_keyword_inference"
"occ_43_3031_00","2492","cluster_qa_review","1.00","keyword_inference","0.48","onet_keyword_inference"
"occ_43_3031_00","2493","cluster_documentation","1.00","keyword_inference","0.48","onet_keyword_inference"
"occ_43_3031_00","2494","cluster_analysis","1.00","keyword_inference","0.36","onet_keyword_inference"
"occ_43_3031_00","2495","cluster_documentation","1.00","keyword_inference","0.48","onet_keyword_inference"
"occ_43_3031_00","2496","cluster_documentation","1.00","keyword_inference","0.55","onet_keyword_inference"
"occ_43_3031_00","2497","cluster_analysis","1.00","keyword_inference","0.36","onet_keyword_inference"
"occ_43_3031_00","2498","cluster_analysis","1.00","keyword_inference","0.36","onet_keyword_inference"
"occ_43_3031_00","2499","cluster_qa_review","1.00","keyword_inference","0.45","onet_keyword_inference"
"occ_43_3031_00","2500","cluster_documentation","1.00","keyword_inference","0.45","onet_keyword_inference"
"occ_43_3031_00","2501","cluster_execution_routine","1.00","keyword_inference","0.42","onet_keyword_inference"
"occ_43_3031_00","2502","cluster_analysis","1.00","keyword_inference","0.36","onet_keyword_inference"
"occ_43_3031_00","2503","cluster_execution_routine","1.00","keyword_inference","0.45","onet_keyword_inference"
"occ_43_3031_00","2504","cluster_drafting","1.00","keyword_inference","0.41","onet_keyword_inference"
"occ_43_3031_00","2505","cluster_analysis","1.00","keyword_inference","0.36","onet_keyword_inference"
"occ_43_3031_00","2506","cluster_execution_routine","1.00","keyword_inference","0.48","onet_keyword_inference"
"occ_43_3031_00","2507","cluster_documentation","1.00","keyword_inference","0.48","onet_keyword_inference"
"occ_43_3031_00","2508","cluster_decision_support","1.00","keyword_inference","0.43","onet_keyword_inference"
"occ_43_3031_00","2509","cluster_documentation","1.00","keyword_inference","0.45","onet_keyword_inference"
"occ_43_3031_00","2510","cluster_documentation","1.00","keyword_inference","0.48","onet_keyword_inference"
"occ_43_3031_00","2511","cluster_documentation","1.00","keyword_inference","0.45","onet_keyword_inference"
"occ_43_3031_00","2514","cluster_documentation","1.00","keyword_inference","0.45","onet_keyword_inference"
"occ_43_4031_00","23267","cluster_qa_review","1.00","keyword_inference","0.45","onet_keyword_inference"
"occ_43_4031_00","23268","cluster_documentation","1.00","keyword_inference","0.48","onet_keyword_inference"
"occ_43_4031_00","23269","cluster_documentation","1.00","keyword_inference","0.45","onet_keyword_inference"
"occ_43_4031_00","23270","cluster_documentation","1.00","keyword_inference","0.45","onet_keyword_inference"
"occ_43_4031_00","23271","cluster_documentation","1.00","keyword_inference","0.36","onet_keyword_inference"
"occ_43_4031_00","23272","cluster_documentation","1.00","keyword_inference","0.45","onet_keyword_inference"
"occ_43_4031_00","23273","cluster_documentation","1.00","keyword_inference","0.36","onet_keyword_inference"
"occ_43_4031_00","23274","cluster_drafting","1.00","keyword_inference","0.41","onet_keyword_inference"
"occ_43_4031_00","23275","cluster_documentation","1.00","keyword_inference","0.48","onet_keyword_inference"
"occ_43_4031_00","23276","cluster_documentation","1.00","keyword_inference","0.45","onet_keyword_inference"
"occ_43_4031_00","23277","cluster_documentation","1.00","keyword_inference","0.36","onet_keyword_inference"
"occ_43_4031_00","23278","cluster_documentation","1.00","keyword_inference","0.45","onet_keyword_inference"
"occ_43_4031_00","23279","cluster_qa_review","1.00","keyword_inference","0.48","onet_keyword_inference"
"occ_43_4031_00","23280","cluster_research_synthesis","1.00","keyword_inference","0.47","onet_keyword_inference"
"occ_43_4031_00","23281","cluster_documentation","1.00","keyword_inference","0.57","onet_keyword_inference"
"occ_43_4031_00","23282","cluster_documentation","1.00","keyword_inference","0.48","onet_keyword_inference"
"occ_43_4031_00","23283","cluster_qa_review","1.00","keyword_inference","0.45","onet_keyword_inference"
"occ_43_4031_00","23284","cluster_documentation","1.00","keyword_inference","0.48","onet_keyword_inference"
"occ_43_4031_00","23285","cluster_documentation","1.00","keyword_inference","0.36","onet_keyword_inference"
"occ_43_4031_00","23286","cluster_execution_routine","1.00","keyword_inference","0.42","onet_keyword_inference"
"occ_43_4031_00","23287","cluster_coordination","1.00","keyword_inference","0.48","onet_keyword_inference"
"occ_43_4031_00","23288","cluster_documentation","1.00","keyword_inference","0.36","onet_keyword_inference"
"occ_43_4031_00","23289","cluster_coordination","1.00","keyword_inference","0.48","onet_keyword_inference"
"occ_43_4031_00","23290","cluster_documentation","1.00","keyword_inference","0.36","onet_keyword_inference"
"occ_43_4031_00","23291","cluster_research_synthesis","1.00","keyword_inference","0.48","onet_keyword_inference"
"occ_43_4031_00","23292","cluster_documentation","1.00","keyword_inference","0.36","onet_keyword_inference"
"occ_43_4031_00","23293","cluster_documentation","1.00","keyword_inference","0.36","onet_keyword_inference"
"occ_43_4031_00","23294","cluster_research_synthesis","1.00","keyword_inference","0.43","onet_keyword_inference"
"occ_43_4031_00","23295","cluster_documentation","1.00","keyword_inference","0.48","onet_keyword_inference"
"occ_43_4031_00","23296","cluster_workflow_admin","1.00","keyword_inference","0.46","onet_keyword_inference"
"occ_43_4051_00","18565","cluster_client_interaction","1.00","keyword_inference","0.47","onet_keyword_inference"
"occ_43_4051_00","2578","cluster_client_interaction","1.00","keyword_inference","0.47","onet_keyword_inference"
"occ_43_4051_00","2579","cluster_client_interaction","1.00","keyword_inference","0.47","onet_keyword_inference"
"occ_43_4051_00","2580","cluster_client_interaction","1.00","keyword_inference","0.47","onet_keyword_inference"
"occ_43_4051_00","2581","cluster_client_interaction","1.00","keyword_inference","0.47","onet_keyword_inference"
"occ_43_4051_00","2582","cluster_client_interaction","1.00","keyword_inference","0.47","onet_keyword_inference"
"occ_43_4051_00","2583","cluster_research_synthesis","1.00","keyword_inference","0.42","onet_keyword_inference"
"occ_43_4051_00","2584","cluster_documentation","1.00","keyword_inference","0.45","onet_keyword_inference"
"occ_43_4051_00","2585","cluster_analysis","1.00","keyword_inference","0.53","onet_keyword_inference"
"occ_43_4051_00","2586","cluster_coordination","1.00","keyword_inference","0.36","onet_keyword_inference"
"occ_43_4051_00","2587","cluster_qa_review","1.00","keyword_inference","0.47","onet_keyword_inference"
"occ_43_4051_00","2589","cluster_drafting","1.00","keyword_inference","0.41","onet_keyword_inference"
"occ_43_4051_00","2591","cluster_decision_support","1.00","keyword_inference","0.47","onet_keyword_inference"
"occ_43_4131_00","11291","cluster_documentation","1.00","keyword_inference","0.48","onet_keyword_inference"
"occ_43_4131_00","11292","cluster_analysis","1.00","keyword_inference","0.36","onet_keyword_inference"
"occ_43_4131_00","11293","cluster_documentation","1.00","keyword_inference","0.48","onet_keyword_inference"
"occ_43_4131_00","11294","cluster_client_interaction","1.00","keyword_inference","0.52","onet_keyword_inference"
"occ_43_4131_00","11295","cluster_client_interaction","1.00","keyword_inference","0.48","onet_keyword_inference"
"occ_43_4131_00","11296","cluster_documentation","1.00","keyword_inference","0.45","onet_keyword_inference"
"occ_43_4131_00","11297","cluster_documentation","1.00","keyword_inference","0.48","onet_keyword_inference"
"occ_43_4131_00","11298","cluster_client_interaction","1.00","keyword_inference","0.54","onet_keyword_inference"
"occ_43_4131_00","11299","cluster_qa_review","1.00","keyword_inference","0.48","onet_keyword_inference"
"occ_43_4131_00","11300","cluster_client_interaction","1.00","keyword_inference","0.48","onet_keyword_inference"
"occ_43_4131_00","11301","cluster_analysis","1.00","keyword_inference","0.36","onet_keyword_inference"
"occ_43_4131_00","11302","cluster_documentation","1.00","keyword_inference","0.45","onet_keyword_inference"
"occ_43_4131_00","11303","cluster_coordination","1.00","keyword_inference","0.43","onet_keyword_inference"
"occ_43_4131_00","11304","cluster_analysis","1.00","keyword_inference","0.36","onet_keyword_inference"
"occ_43_4131_00","11305","cluster_decision_support","1.00","keyword_inference","0.48","onet_keyword_inference"
"occ_43_4131_00","11306","cluster_analysis","1.00","keyword_inference","0.36","onet_keyword_inference"
"occ_43_4131_00","11307","cluster_qa_review","1.00","keyword_inference","0.48","onet_keyword_inference"
"occ_43_4131_00","11308","cluster_analysis","1.00","keyword_inference","0.36","onet_keyword_inference"
"occ_43_4171_00","744","cluster_coordination","1.00","keyword_inference","0.44","onet_keyword_inference"
"occ_43_4171_00","745","cluster_documentation","1.00","keyword_inference","0.45","onet_keyword_inference"
"occ_43_4171_00","746","cluster_documentation","1.00","keyword_inference","0.57","onet_keyword_inference"
"occ_43_4171_00","747","cluster_execution_routine","1.00","keyword_inference","0.45","onet_keyword_inference"
"occ_43_4171_00","748","cluster_client_interaction","1.00","keyword_inference","0.47","onet_keyword_inference"
"occ_43_4171_00","749","cluster_documentation","1.00","keyword_inference","0.56","onet_keyword_inference"
"occ_43_4171_00","750","cluster_documentation","1.00","keyword_inference","0.48","onet_keyword_inference"
"occ_43_4171_00","751","cluster_workflow_admin","1.00","keyword_inference","0.47","onet_keyword_inference"
"occ_43_4171_00","752","cluster_client_interaction","1.00","keyword_inference","0.47","onet_keyword_inference"
"occ_43_4171_00","753","cluster_workflow_admin","1.00","keyword_inference","0.36","onet_keyword_inference"
"occ_43_4171_00","754","cluster_documentation","1.00","keyword_inference","0.45","onet_keyword_inference"
"occ_43_4171_00","755","cluster_research_synthesis","1.00","keyword_inference","0.42","onet_keyword_inference"
"occ_43_4171_00","756","cluster_execution_routine","1.00","keyword_inference","0.42","onet_keyword_inference"
"occ_43_4171_00","757","cluster_workflow_admin","1.00","keyword_inference","0.36","onet_keyword_inference"
"occ_43_4171_00","758","cluster_execution_routine","1.00","keyword_inference","0.48","onet_keyword_inference"
"occ_43_4171_00","759","cluster_coordination","1.00","keyword_inference","0.44","onet_keyword_inference"
"occ_43_4171_00","760","cluster_workflow_admin","1.00","keyword_inference","0.36","onet_keyword_inference"
"occ_43_4171_00","762","cluster_decision_support","1.00","keyword_inference","0.41","onet_keyword_inference"
"occ_43_6011_00","18573","cluster_oversight_strategy","1.00","keyword_inference","0.45","onet_keyword_inference"
"occ_43_6011_00","18574","cluster_documentation","1.00","keyword_inference","0.45","onet_keyword_inference"
"occ_43_6011_00","18575","cluster_coordination","1.00","keyword_inference","0.48","onet_keyword_inference"
"occ_43_6011_00","18576","cluster_coordination","1.00","keyword_inference","0.48","onet_keyword_inference"
"occ_43_6011_00","18577","cluster_workflow_admin","1.00","keyword_inference","0.36","onet_keyword_inference"
"occ_43_6011_00","18578","cluster_execution_routine","1.00","keyword_inference","0.48","onet_keyword_inference"
"occ_43_6011_00","18579","cluster_coordination","1.00","keyword_inference","0.44","onet_keyword_inference"
"occ_43_6011_00","2770","cluster_oversight_strategy","1.00","keyword_inference","0.45","onet_keyword_inference"
"occ_43_6011_00","2771","cluster_documentation","1.00","keyword_inference","0.57","onet_keyword_inference"
"occ_43_6011_00","2772","cluster_analysis","1.00","keyword_inference","0.47","onet_keyword_inference"
"occ_43_6011_00","2773","cluster_workflow_admin","1.00","keyword_inference","0.36","onet_keyword_inference"
"occ_43_6011_00","2774","cluster_documentation","1.00","keyword_inference","0.67","onet_keyword_inference"
"occ_43_6011_00","2775","cluster_workflow_admin","1.00","keyword_inference","0.36","onet_keyword_inference"
"occ_43_6011_00","2776","cluster_drafting","1.00","keyword_inference","0.41","onet_keyword_inference"
"occ_43_6011_00","2779","cluster_workflow_admin","1.00","keyword_inference","0.36","onet_keyword_inference"
"occ_43_6011_00","2780","cluster_research_synthesis","1.00","keyword_inference","0.54","onet_keyword_inference"
"occ_43_6011_00","2781","cluster_research_synthesis","1.00","keyword_inference","0.42","onet_keyword_inference"
"occ_43_6011_00","2782","cluster_documentation","1.00","keyword_inference","0.45","onet_keyword_inference"
"occ_43_6011_00","2784","cluster_oversight_strategy","1.00","keyword_inference","0.45","onet_keyword_inference"
"occ_43_6011_00","2785","cluster_oversight_strategy","1.00","keyword_inference","0.47","onet_keyword_inference"
"occ_43_6011_00","2787","cluster_qa_review","1.00","keyword_inference","0.47","onet_keyword_inference"
"occ_43_6011_00","2788","cluster_analysis","1.00","keyword_inference","0.43","onet_keyword_inference"
"occ_43_6014_00","20280","cluster_execution_routine","1.00","keyword_inference","0.48","onet_keyword_inference"
"occ_43_6014_00","20281","cluster_execution_routine","1.00","keyword_inference","0.45","onet_keyword_inference"
"occ_43_6014_00","20282","cluster_documentation","1.00","keyword_inference","0.57","onet_keyword_inference"
"occ_43_6014_00","20283","cluster_workflow_admin","1.00","keyword_inference","0.36","onet_keyword_inference"
"occ_43_6014_00","20284","cluster_documentation","1.00","keyword_inference","0.45","onet_keyword_inference"
"occ_43_6014_00","20285","cluster_execution_routine","1.00","keyword_inference","0.48","onet_keyword_inference"
"occ_43_6014_00","20286","cluster_documentation","1.00","keyword_inference","0.45","onet_keyword_inference"
"occ_43_6014_00","20287","cluster_coordination","1.00","keyword_inference","0.48","onet_keyword_inference"
"occ_43_6014_00","20288","cluster_drafting","1.00","keyword_inference","0.46","onet_keyword_inference"
"occ_43_6014_00","20289","cluster_workflow_admin","1.00","keyword_inference","0.36","onet_keyword_inference"
"occ_43_6014_00","20290","cluster_drafting","1.00","keyword_inference","0.41","onet_keyword_inference"
"occ_43_6014_00","2790","cluster_workflow_admin","1.00","keyword_inference","0.36","onet_keyword_inference"
"occ_43_6014_00","2791","cluster_oversight_strategy","1.00","keyword_inference","0.45","onet_keyword_inference"
"occ_43_6014_00","2793","cluster_execution_routine","1.00","keyword_inference","0.43","onet_keyword_inference"
"occ_43_6014_00","2794","cluster_workflow_admin","1.00","keyword_inference","0.45","onet_keyword_inference"
"occ_43_6014_00","2795","cluster_workflow_admin","1.00","keyword_inference","0.36","onet_keyword_inference"
"occ_43_6014_00","2796","cluster_workflow_admin","1.00","keyword_inference","0.36","onet_keyword_inference"
"occ_43_6014_00","2797","cluster_qa_review","1.00","keyword_inference","0.47","onet_keyword_inference"
"occ_43_6014_00","2799","cluster_drafting","1.00","keyword_inference","0.46","onet_keyword_inference"
"occ_43_6014_00","2800","cluster_workflow_admin","1.00","keyword_inference","0.47","onet_keyword_inference"
"occ_43_6014_00","2801","cluster_client_interaction","1.00","keyword_inference","0.59","onet_keyword_inference"
"occ_43_6014_00","2802","cluster_oversight_strategy","1.00","keyword_inference","0.45","onet_keyword_inference"
"occ_43_6014_00","2803","cluster_workflow_admin","1.00","keyword_inference","0.36","onet_keyword_inference"
"occ_43_6014_00","2804","cluster_workflow_admin","1.00","keyword_inference","0.36","onet_keyword_inference"
"occ_43_6014_00","2805","cluster_workflow_admin","1.00","keyword_inference","0.36","onet_keyword_inference"
"occ_43_6014_00","2806","cluster_client_interaction","1.00","keyword_inference","0.47","onet_keyword_inference"
"occ_43_6014_00","2808","cluster_drafting","1.00","keyword_inference","0.41","onet_keyword_inference"
"occ_43_6014_00","2809","cluster_workflow_admin","1.00","keyword_inference","0.46","onet_keyword_inference"
"occ_43_6014_00","2812","cluster_workflow_admin","1.00","keyword_inference","0.36","onet_keyword_inference"
"occ_43_6014_00","2813","cluster_coordination","1.00","keyword_inference","0.48","onet_keyword_inference"
"occ_43_6014_00","2814","cluster_workflow_admin","1.00","keyword_inference","0.36","onet_keyword_inference"
"occ_43_9041_00","23313","cluster_documentation","1.00","keyword_inference","0.48","onet_keyword_inference"
"occ_43_9041_00","23314","cluster_execution_routine","1.00","keyword_inference","0.42","onet_keyword_inference"
"occ_43_9041_00","23315","cluster_execution_routine","1.00","keyword_inference","0.43","onet_keyword_inference"
"occ_43_9041_00","23316","cluster_research_synthesis","1.00","keyword_inference","0.46","onet_keyword_inference"
"occ_43_9041_00","23317","cluster_coordination","1.00","keyword_inference","0.36","onet_keyword_inference"
"occ_43_9041_00","23318","cluster_qa_review","1.00","keyword_inference","0.47","onet_keyword_inference"
"occ_43_9041_00","23319","cluster_execution_routine","1.00","keyword_inference","0.48","onet_keyword_inference"
"occ_43_9041_00","23320","cluster_execution_routine","1.00","keyword_inference","0.46","onet_keyword_inference"
"occ_43_9041_00","23321","cluster_client_interaction","1.00","keyword_inference","0.47","onet_keyword_inference"
"occ_43_9041_00","23322","cluster_coordination","1.00","keyword_inference","0.36","onet_keyword_inference"
"occ_43_9041_00","23323","cluster_qa_review","1.00","keyword_inference","0.57","onet_keyword_inference"
"occ_43_9041_00","23324","cluster_oversight_strategy","1.00","keyword_inference","0.45","onet_keyword_inference"
"occ_43_9041_00","23325","cluster_documentation","1.00","keyword_inference","0.48","onet_keyword_inference"
"occ_43_9041_00","23326","cluster_documentation","1.00","keyword_inference","0.48","onet_keyword_inference"
"occ_43_9041_00","23327","cluster_oversight_strategy","1.00","keyword_inference","0.45","onet_keyword_inference"
"occ_43_9041_00","23328","cluster_coordination","1.00","keyword_inference","0.36","onet_keyword_inference"
"occ_43_9041_00","23329","cluster_execution_routine","1.00","keyword_inference","0.48","onet_keyword_inference"
"occ_43_9041_00","23330","cluster_research_synthesis","1.00","keyword_inference","0.42","onet_keyword_inference"
"occ_43_9041_00","23332","cluster_client_interaction","1.00","keyword_inference","0.59","onet_keyword_inference"
"occ_43_9041_00","23333","cluster_oversight_strategy","1.00","keyword_inference","0.45","onet_keyword_inference"
"occ_43_9041_00","23334","cluster_oversight_strategy","1.00","keyword_inference","0.45","onet_keyword_inference"
"occ_43_9041_00","23336","cluster_execution_routine","1.00","keyword_inference","0.42","onet_keyword_inference"
"occ_43_9041_00","23337","cluster_execution_routine","1.00","keyword_inference","0.46","onet_keyword_inference"
"occ_43_9041_00","23338","cluster_execution_routine","1.00","keyword_inference","0.54","onet_keyword_inference"
"occ_43_9041_00","23339","cluster_documentation","1.00","keyword_inference","0.45","onet_keyword_inference"
"occ_43_9061_00","825","cluster_research_synthesis","1.00","keyword_inference","0.42","onet_keyword_inference"
"occ_43_9061_00","826","cluster_client_interaction","1.00","keyword_inference","0.47","onet_keyword_inference"
"occ_43_9061_00","827","cluster_oversight_strategy","1.00","keyword_inference","0.45","onet_keyword_inference"
"occ_43_9061_00","828","cluster_documentation","1.00","keyword_inference","0.45","onet_keyword_inference"
"occ_43_9061_00","829","cluster_workflow_admin","1.00","keyword_inference","0.36","onet_keyword_inference"
"occ_43_9061_00","830","cluster_workflow_admin","1.00","keyword_inference","0.36","onet_keyword_inference"
"occ_43_9061_00","831","cluster_documentation","1.00","keyword_inference","0.55","onet_keyword_inference"
"occ_43_9061_00","832","cluster_execution_routine","1.00","keyword_inference","0.42","onet_keyword_inference"
"occ_43_9061_00","833","cluster_workflow_admin","1.00","keyword_inference","0.45","onet_keyword_inference"
"occ_43_9061_00","834","cluster_documentation","1.00","keyword_inference","0.57","onet_keyword_inference"
"occ_43_9061_00","835","cluster_workflow_admin","1.00","keyword_inference","0.36","onet_keyword_inference"
"occ_43_9061_00","836","cluster_workflow_admin","1.00","keyword_inference","0.36","onet_keyword_inference"
"occ_43_9061_00","837","cluster_workflow_admin","1.00","keyword_inference","0.47","onet_keyword_inference"
"occ_43_9061_00","838","cluster_documentation","1.00","keyword_inference","0.57","onet_keyword_inference"
"occ_43_9061_00","839","cluster_oversight_strategy","1.00","keyword_inference","0.45","onet_keyword_inference"
"occ_43_9061_00","840","cluster_documentation","1.00","keyword_inference","0.48","onet_keyword_inference"
"occ_43_9061_00","841","cluster_coordination","1.00","keyword_inference","0.43","onet_keyword_inference"
"occ_43_9061_00","842","cluster_workflow_admin","1.00","keyword_inference","0.36","onet_keyword_inference"
"occ_43_9061_00","843","cluster_documentation","1.00","keyword_inference","0.45","onet_keyword_inference"
"occ_43_9061_00","844","cluster_workflow_admin","1.00","keyword_inference","0.36","onet_keyword_inference"
"occ_43_9111_00","9788","cluster_analysis","1.00","keyword_inference","0.48","onet_keyword_inference"
"occ_43_9111_00","9789","cluster_analysis","1.00","keyword_inference","0.48","onet_keyword_inference"
"occ_43_9111_00","9790","cluster_qa_review","1.00","keyword_inference","0.46","onet_keyword_inference"
"occ_43_9111_00","9791","cluster_analysis","1.00","keyword_inference","0.57","onet_keyword_inference"
"occ_43_9111_00","9792","cluster_qa_review","1.00","keyword_inference","0.45","onet_keyword_inference"
"occ_43_9111_00","9793","cluster_analysis","1.00","keyword_inference","0.36","onet_keyword_inference"
"occ_43_9111_00","9794","cluster_client_interaction","1.00","keyword_inference","0.53","onet_keyword_inference"
"occ_43_9111_00","9795","cluster_execution_routine","1.00","keyword_inference","0.48","onet_keyword_inference"
"occ_43_9111_00","9796","cluster_analysis","1.00","keyword_inference","0.48","onet_keyword_inference"
"occ_43_9111_00","9797","cluster_analysis","1.00","keyword_inference","0.48","onet_keyword_inference"
"occ_43_9111_00","9798","cluster_analysis","1.00","keyword_inference","0.36","onet_keyword_inference"
"occ_43_9111_00","9799","cluster_analysis","1.00","keyword_inference","0.36","onet_keyword_inference"
"occ_43_9111_00","9800","cluster_workflow_admin","1.00","keyword_inference","0.45","onet_keyword_inference"
"occ_43_9111_00","9801","cluster_analysis","1.00","keyword_inference","0.36","onet_keyword_inference"
