"occupation_id","task_id","function_id","edge_type","task_to_function_weight","accountability_weight","judgment_requirement","trust_requirement","regulatory_liability_weight","human_authority_requirement","source_mix","source_confidence","notes"
"occ_11_1021_00","task_occ_11_1021_00_19501","fn_occ_11_1021_00_people_resource_leadership","directly_supports","0.5486","0.7163","0.6187","0.6473","0.4199","0.7089","src_role_function_seed_2026_03|src_role_function_expansion_2026_03","0.7035","reviewed_multi_anchor_task_function_edge"
"occ_11_1021_00","task_occ_11_1021_00_19501","fn_occ_11_1021_00_primary","directly_supports","0.4514","0.6683","0.5883","0.6353","0.4101","0.6505","src_role_function_seed_2026_03|src_manual_role_graph_review_2026_03","0.7125","reviewed_primary_task_function_edge"
"occ_11_1021_00","task_occ_11_1021_00_20699","fn_occ_11_1021_00_people_resource_leadership","supports","0.4574","0.6408","0.5687","0.6137","0.4107","0.6177","src_role_function_seed_2026_03|src_role_function_expansion_2026_03","0.6007","reviewed_multi_anchor_task_function_edge"
"occ_11_1021_00","task_occ_11_1021_00_20699","fn_occ_11_1021_00_primary","supports","0.5426","0.6567","0.5747","0.6017","0.4193","0.5931","src_role_function_seed_2026_03|src_manual_role_graph_review_2026_03","0.6097","reviewed_primary_task_function_edge"
"occ_11_1021_00","task_occ_11_1021_00_20700","fn_occ_11_1021_00_people_resource_leadership","directly_supports","0.5000","0.7440","0.6817","0.6920","0.4150","0.7044","src_role_function_seed_2026_03|src_role_function_expansion_2026_03","0.6958","reviewed_multi_anchor_task_function_edge"
"occ_11_1021_00","task_occ_11_1021_00_20700","fn_occ_11_1021_00_primary","directly_supports","0.5000","0.7300","0.6707","0.6800","0.4150","0.6640","src_role_function_seed_2026_03|src_manual_role_graph_review_2026_03","0.7048","reviewed_primary_task_function_edge"
"occ_11_1021_00","task_occ_11_1021_00_20701","fn_occ_11_1021_00_people_resource_leadership","supports","0.4477","0.4938","0.5349","0.5501","0.3298","0.5715","src_role_function_seed_2026_03|src_role_function_expansion_2026_03","0.6593","reviewed_multi_anchor_task_function_edge"
"occ_11_1021_00","task_occ_11_1021_00_20701","fn_occ_11_1021_00_primary","supports","0.5523","0.5164","0.5448","0.5381","0.3402","0.5505","src_role_function_seed_2026_03|src_manual_role_graph_review_2026_03","0.6683","reviewed_primary_task_function_edge"
"occ_11_1021_00","task_occ_11_1021_00_20702","fn_occ_11_1021_00_people_resource_leadership","supports","0.5578","0.6111","0.5406","0.5589","0.3408","0.5998","src_role_function_seed_2026_03|src_role_function_expansion_2026_03","0.7063","reviewed_multi_anchor_task_function_edge"
"occ_11_1021_00","task_occ_11_1021_00_20702","fn_occ_11_1021_00_primary","supports","0.4422","0.5567","0.5064","0.5469","0.3292","0.5380","src_role_function_seed_2026_03|src_manual_role_graph_review_2026_03","0.7153","reviewed_primary_task_function_edge"
"occ_11_1021_00","task_occ_11_1021_00_20703","fn_occ_11_1021_00_people_resource_leadership","directly_supports","0.5496","0.6200","0.5389","0.5707","0.3400","0.5994","src_role_function_seed_2026_03|src_role_function_expansion_2026_03","0.7360","reviewed_multi_anchor_task_function_edge"
"occ_11_1021_00","task_occ_11_1021_00_20703","fn_occ_11_1021_00_primary","directly_supports","0.4504","0.5713","0.5081","0.5587","0.3300","0.5407","src_role_function_seed_2026_03|src_manual_role_graph_review_2026_03","0.7450","reviewed_primary_task_function_edge"
"occ_11_1021_00","task_occ_11_1021_00_20704","fn_occ_11_1021_00_people_resource_leadership","directly_supports","0.5513","0.6146","0.5393","0.5646","0.3401","0.5992","src_role_function_seed_2026_03|src_role_function_expansion_2026_03","0.7063","reviewed_multi_anchor_task_function_edge"
"occ_11_1021_00","task_occ_11_1021_00_20704","fn_occ_11_1021_00_primary","directly_supports","0.4487","0.5646","0.5077","0.5526","0.3299","0.5398","src_role_function_seed_2026_03|src_manual_role_graph_review_2026_03","0.7153","reviewed_primary_task_function_edge"
"occ_11_1021_00","task_occ_11_1021_00_20705","fn_occ_11_1021_00_people_resource_leadership","directly_supports","0.5511","0.6152","0.5392","0.5653","0.3401","0.5992","src_role_function_seed_2026_03|src_role_function_expansion_2026_03","0.7063","reviewed_multi_anchor_task_function_edge"
"occ_11_1021_00","task_occ_11_1021_00_20705","fn_occ_11_1021_00_primary","directly_supports","0.4489","0.5654","0.5078","0.5533","0.3299","0.5399","src_role_function_seed_2026_03|src_manual_role_graph_review_2026_03","0.7153","reviewed_primary_task_function_edge"
"occ_11_1021_00","task_occ_11_1021_00_20706","fn_occ_11_1021_00_people_resource_leadership","directly_supports","0.5000","0.7440","0.6454","0.6920","0.4150","0.7044","src_role_function_seed_2026_03|src_role_function_expansion_2026_03","0.7206","reviewed_multi_anchor_task_function_edge"
"occ_11_1021_00","task_occ_11_1021_00_20706","fn_occ_11_1021_00_primary","directly_supports","0.5000","0.7300","0.6344","0.6800","0.4150","0.6640","src_role_function_seed_2026_03|src_manual_role_graph_review_2026_03","0.7296","reviewed_primary_task_function_edge"
"occ_11_1021_00","task_occ_11_1021_00_20707","fn_occ_11_1021_00_people_resource_leadership","directly_supports","0.5451","0.7072","0.6789","0.6894","0.3395","0.6575","src_role_function_seed_2026_03|src_role_function_expansion_2026_03","0.6716","reviewed_multi_anchor_task_function_edge"
"occ_11_1021_00","task_occ_11_1021_00_20707","fn_occ_11_1021_00_primary","directly_supports","0.4549","0.6616","0.6499","0.6774","0.3305","0.6004","src_role_function_seed_2026_03|src_manual_role_graph_review_2026_03","0.6806","reviewed_primary_task_function_edge"
"occ_11_1021_00","task_occ_11_1021_00_20708","fn_occ_11_1021_00_people_resource_leadership","directly_supports","0.5095","0.7345","0.6473","0.6792","0.4159","0.7049","src_role_function_seed_2026_03|src_role_function_expansion_2026_03","0.6738","reviewed_multi_anchor_task_function_edge"
"occ_11_1021_00","task_occ_11_1021_00_20708","fn_occ_11_1021_00_primary","directly_supports","0.4905","0.7139","0.6325","0.6672","0.4141","0.6610","src_role_function_seed_2026_03|src_manual_role_graph_review_2026_03","0.6828","reviewed_primary_task_function_edge"
"occ_11_1021_00","task_occ_11_1021_00_933","fn_occ_11_1021_00_people_resource_leadership","directly_supports","0.5115","0.6257","0.6222","0.5897","0.3361","0.5943","src_role_function_seed_2026_03|src_role_function_expansion_2026_03","0.7360","reviewed_multi_anchor_task_function_edge"
"occ_11_1021_00","task_occ_11_1021_00_933","fn_occ_11_1021_00_primary","directly_supports","0.4885","0.6036","0.6066","0.5777","0.3339","0.5496","src_role_function_seed_2026_03|src_manual_role_graph_review_2026_03","0.7450","reviewed_primary_task_function_edge"
"occ_11_1021_00","task_occ_11_1021_00_944","fn_occ_11_1021_00_people_resource_leadership","directly_supports","0.5424","0.7096","0.6784","0.6928","0.3392","0.6573","src_role_function_seed_2026_03|src_role_function_expansion_2026_03","0.6716","reviewed_multi_anchor_task_function_edge"
"occ_11_1021_00","task_occ_11_1021_00_944","fn_occ_11_1021_00_primary","directly_supports","0.4576","0.6659","0.6504","0.6808","0.3308","0.6012","src_role_function_seed_2026_03|src_manual_role_graph_review_2026_03","0.6806","reviewed_primary_task_function_edge"
"occ_11_1021_00","task_occ_11_1021_00_945","fn_occ_11_1021_00_people_resource_leadership","supports","0.4222","0.4887","0.5771","0.5339","0.3272","0.5672","src_role_function_seed_2026_03|src_role_function_expansion_2026_03","0.5743","reviewed_multi_anchor_task_function_edge"
"occ_11_1021_00","task_occ_11_1021_00_945","fn_occ_11_1021_00_primary","supports","0.5778","0.5291","0.5972","0.5219","0.3428","0.5556","src_role_function_seed_2026_03|src_manual_role_graph_review_2026_03","0.5833","reviewed_primary_task_function_edge"
"occ_11_1021_00","task_occ_11_1021_00_947","fn_occ_11_1021_00_people_resource_leadership","directly_supports","0.5451","0.7287","0.6180","0.6610","0.4195","0.7096","src_role_function_seed_2026_03|src_role_function_expansion_2026_03","0.6738","reviewed_multi_anchor_task_function_edge"
"occ_11_1021_00","task_occ_11_1021_00_947","fn_occ_11_1021_00_primary","directly_supports","0.4549","0.6832","0.5890","0.6490","0.4105","0.6526","src_role_function_seed_2026_03|src_manual_role_graph_review_2026_03","0.6828","reviewed_primary_task_function_edge"
"occ_11_1021_00","task_occ_11_1021_00_948","fn_occ_11_1021_00_people_resource_leadership","supports","0.4664","0.6486","0.6932","0.6184","0.3716","0.6498","src_role_function_seed_2026_03|src_role_function_expansion_2026_03","0.7087","reviewed_multi_anchor_task_function_edge"
"occ_11_1021_00","task_occ_11_1021_00_948","fn_occ_11_1021_00_primary","supports","0.5336","0.6581","0.6956","0.6064","0.3784","0.6219","src_role_function_seed_2026_03|src_manual_role_graph_review_2026_03","0.7177","reviewed_primary_task_function_edge"
"occ_11_1021_00","task_occ_11_1021_00_949","fn_occ_11_1021_00_people_resource_leadership","supports","0.4049","0.4711","0.5736","0.5224","0.3255","0.5628","src_role_function_seed_2026_03|src_role_function_expansion_2026_03","0.5718","reviewed_multi_anchor_task_function_edge"
"occ_11_1021_00","task_occ_11_1021_00_949","fn_occ_11_1021_00_primary","supports","0.5951","0.5237","0.6007","0.5104","0.3445","0.5576","src_role_function_seed_2026_03|src_manual_role_graph_review_2026_03","0.5808","reviewed_primary_task_function_edge"
"occ_11_1021_00","task_occ_11_1021_00_jd_gm_01","fn_occ_11_1021_00_people_resource_leadership","directly_supports","0.5153","0.6228","0.6321","0.5855","0.3365","0.5946","src_role_function_seed_2026_03|src_role_function_expansion_2026_03","0.8449","reviewed_multi_anchor_task_function_edge"
"occ_11_1021_00","task_occ_11_1021_00_jd_gm_01","fn_occ_11_1021_00_primary","directly_supports","0.4847","0.5981","0.6149","0.5735","0.3335","0.5485","src_role_function_seed_2026_03|src_manual_role_graph_review_2026_03","0.8539","reviewed_primary_task_function_edge"
"occ_11_1021_00","task_occ_11_1021_00_jd_gm_02","fn_occ_11_1021_00_people_resource_leadership","directly_supports","0.5000","0.7440","0.6272","0.6920","0.4150","0.7044","src_role_function_seed_2026_03|src_role_function_expansion_2026_03","0.8122","reviewed_multi_anchor_task_function_edge"
"occ_11_1021_00","task_occ_11_1021_00_jd_gm_02","fn_occ_11_1021_00_primary","directly_supports","0.5000","0.7300","0.6162","0.6800","0.4150","0.6640","src_role_function_seed_2026_03|src_manual_role_graph_review_2026_03","0.8212","reviewed_primary_task_function_edge"
"occ_11_1021_00","task_occ_11_1021_00_jd_gm_03","fn_occ_11_1021_00_people_resource_leadership","supports","0.4471","0.4890","0.5530","0.5456","0.3297","0.5710","src_role_function_seed_2026_03|src_role_function_expansion_2026_03","0.7756","reviewed_multi_anchor_task_function_edge"
"occ_11_1021_00","task_occ_11_1021_00_jd_gm_03","fn_occ_11_1021_00_primary","supports","0.5529","0.5121","0.5631","0.5336","0.3403","0.5501","src_role_function_seed_2026_03|src_manual_role_graph_review_2026_03","0.7846","reviewed_primary_task_function_edge"
"occ_11_1021_00","task_occ_11_1021_00_jd_gm_04","fn_occ_11_1021_00_people_resource_leadership","directly_supports","0.4857","0.7047","0.7061","0.6677","0.3736","0.6583","src_role_function_seed_2026_03|src_role_function_expansion_2026_03","0.8199","reviewed_multi_anchor_task_function_edge"
"occ_11_1021_00","task_occ_11_1021_00_jd_gm_04","fn_occ_11_1021_00_primary","directly_supports","0.5143","0.7007","0.7009","0.6557","0.3764","0.6232","src_role_function_seed_2026_03|src_manual_role_graph_review_2026_03","0.8289","reviewed_primary_task_function_edge"
"occ_11_2021_00","task_occ_11_2021_00_19502","fn_occ_11_2021_00_primary","delivers","0.9800","0.6681","0.6310","0.4771","0.3080","0.5258","src_role_function_seed_2026_03","0.6226","reviewed_primary_task_function_edge"
"occ_11_2021_00","task_occ_11_2021_00_19503","fn_occ_11_2021_00_primary","delivers","0.9800","0.5989","0.5810","0.4579","0.3080","0.5189","src_role_function_seed_2026_03","0.5222","reviewed_primary_task_function_edge"
"occ_11_2021_00","task_occ_11_2021_00_19504","fn_occ_11_2021_00_primary","delivers","0.9800","0.6537","0.6310","0.4627","0.3080","0.5244","src_role_function_seed_2026_03","0.6226","reviewed_primary_task_function_edge"
"occ_11_2021_00","task_occ_11_2021_00_19505","fn_occ_11_2021_00_primary","delivers","0.9800","0.7606","0.7610","0.5596","0.3480","0.5951","src_role_function_seed_2026_03","0.6383","reviewed_primary_task_function_edge"
"occ_11_2021_00","task_occ_11_2021_00_20709","fn_occ_11_2021_00_primary","delivers","0.9800","0.8430","0.7225","0.6320","0.3880","0.6433","src_role_function_seed_2026_03","0.5640","reviewed_primary_task_function_edge"
"occ_11_2021_00","task_occ_11_2021_00_950","fn_occ_11_2021_00_primary","delivers","0.9800","0.7939","0.7002","0.6329","0.3080","0.5884","src_role_function_seed_2026_03","0.6492","reviewed_primary_task_function_edge"
"occ_11_2021_00","task_occ_11_2021_00_951","fn_occ_11_2021_00_primary","delivers","0.9800","0.6635","0.6272","0.5225","0.3080","0.5254","src_role_function_seed_2026_03","0.5442","reviewed_primary_task_function_edge"
"occ_11_2021_00","task_occ_11_2021_00_952","fn_occ_11_2021_00_primary","delivers","0.9800","0.6986","0.6541","0.5076","0.3080","0.5289","src_role_function_seed_2026_03","0.6743","reviewed_primary_task_function_edge"
"occ_11_2021_00","task_occ_11_2021_00_954","fn_occ_11_2021_00_primary","delivers","0.9800","0.8430","0.7225","0.6320","0.3880","0.6433","src_role_function_seed_2026_03","0.5714","reviewed_primary_task_function_edge"
"occ_11_2021_00","task_occ_11_2021_00_955","fn_occ_11_2021_00_primary","delivers","0.9800","0.6337","0.5810","0.4927","0.3080","0.5224","src_role_function_seed_2026_03","0.5442","reviewed_primary_task_function_edge"
"occ_11_2021_00","task_occ_11_2021_00_956","fn_occ_11_2021_00_primary","delivers","0.9800","0.6359","0.5810","0.4949","0.3080","0.5226","src_role_function_seed_2026_03","0.5690","reviewed_primary_task_function_edge"
"occ_11_2021_00","task_occ_11_2021_00_957","fn_occ_11_2021_00_primary","delivers","0.9800","0.6935","0.6541","0.5025","0.3080","0.5284","src_role_function_seed_2026_03","0.6619","reviewed_primary_task_function_edge"
"occ_11_2021_00","task_occ_11_2021_00_958","fn_occ_11_2021_00_primary","delivers","0.9800","0.7883","0.7610","0.5873","0.3480","0.5978","src_role_function_seed_2026_03","0.6702","reviewed_primary_task_function_edge"
"occ_11_2021_00","task_occ_11_2021_00_959","fn_occ_11_2021_00_primary","delivers","0.9800","0.6558","0.6310","0.4648","0.3080","0.5246","src_role_function_seed_2026_03","0.6226","reviewed_primary_task_function_edge"
"occ_11_2021_00","task_occ_11_2021_00_960","fn_occ_11_2021_00_primary","delivers","0.9800","0.7721","0.6518","0.6311","0.3080","0.5862","src_role_function_seed_2026_03","0.6237","reviewed_primary_task_function_edge"
"occ_11_2021_00","task_occ_11_2021_00_961","fn_occ_11_2021_00_primary","delivers","0.9800","0.7235","0.6502","0.5325","0.3080","0.5313","src_role_function_seed_2026_03","0.6281","reviewed_primary_task_function_edge"
"occ_11_2021_00","task_occ_11_2021_00_962","fn_occ_11_2021_00_primary","delivers","0.9800","0.7598","0.7002","0.5988","0.3080","0.5850","src_role_function_seed_2026_03","0.6075","reviewed_primary_task_function_edge"
"occ_11_2021_00","task_occ_11_2021_00_963","fn_occ_11_2021_00_primary","delivers","0.9800","0.6880","0.6310","0.4970","0.3080","0.5278","src_role_function_seed_2026_03","0.6743","reviewed_primary_task_function_edge"
"occ_11_2021_00","task_occ_11_2021_00_964","fn_occ_11_2021_00_primary","delivers","0.9800","0.6681","0.6310","0.4771","0.3080","0.5258","src_role_function_seed_2026_03","0.6226","reviewed_primary_task_function_edge"
"occ_11_2021_00","task_occ_11_2021_00_965","fn_occ_11_2021_00_primary","delivers","0.9800","0.6638","0.6310","0.4728","0.3080","0.5254","src_role_function_seed_2026_03","0.6226","reviewed_primary_task_function_edge"
"occ_11_2021_00","task_occ_11_2021_00_jd_mmgr_01","fn_occ_11_2021_00_primary","delivers","0.9800","0.8430","0.6610","0.6320","0.3880","0.6433","src_role_function_seed_2026_03","0.6581","reviewed_primary_task_function_edge"
"occ_11_2021_00","task_occ_11_2021_00_jd_mmgr_02","fn_occ_11_2021_00_primary","delivers","0.9800","0.7490","0.6502","0.5580","0.3080","0.5339","src_role_function_seed_2026_03","0.7370","reviewed_primary_task_function_edge"
"occ_11_2021_00","task_occ_11_2021_00_jd_mmgr_03","fn_occ_11_2021_00_primary","delivers","0.9800","0.7175","0.6518","0.5365","0.3080","0.5308","src_role_function_seed_2026_03","0.7216","reviewed_primary_task_function_edge"
"occ_11_2021_00","task_occ_11_2021_00_jd_mmgr_04","fn_occ_11_2021_00_primary","delivers","0.9800","0.6556","0.6272","0.5146","0.3080","0.5246","src_role_function_seed_2026_03","0.6581","reviewed_primary_task_function_edge"
"occ_11_2022_00","task_occ_11_2022_00_1","fn_occ_11_2022_00_primary","delivers","0.9800","0.8430","0.7003","0.7550","0.2930","0.6583","src_role_function_seed_2026_03","0.6724","reviewed_primary_task_function_edge"
"occ_11_2022_00","task_occ_11_2022_00_10","fn_occ_11_2022_00_primary","delivers","0.9800","0.8058","0.6420","0.7178","0.2930","0.6546","src_role_function_seed_2026_03","0.6575","reviewed_primary_task_function_edge"
"occ_11_2022_00","task_occ_11_2022_00_11","fn_occ_11_2022_00_primary","delivers","0.9800","0.6720","0.6337","0.6040","0.2930","0.5912","src_role_function_seed_2026_03","0.6077","reviewed_primary_task_function_edge"
"occ_11_2022_00","task_occ_11_2022_00_12","fn_occ_11_2022_00_primary","delivers","0.9800","0.8062","0.6653","0.7382","0.2930","0.6546","src_role_function_seed_2026_03","0.5830","reviewed_primary_task_function_edge"
"occ_11_2022_00","task_occ_11_2022_00_13","fn_occ_11_2022_00_primary","delivers","0.9800","0.8365","0.7003","0.7485","0.2930","0.6576","src_role_function_seed_2026_03","0.6847","reviewed_primary_task_function_edge"
"occ_11_2022_00","task_occ_11_2022_00_14","fn_occ_11_2022_00_primary","delivers","0.9800","0.8719","0.7220","0.7339","0.3730","0.7112","src_role_function_seed_2026_03","0.6350","reviewed_primary_task_function_edge"
"occ_11_2022_00","task_occ_11_2022_00_15","fn_occ_11_2022_00_primary","delivers","0.9800","0.6218","0.6253","0.5738","0.3230","0.5862","src_role_function_seed_2026_03","0.6341","reviewed_primary_task_function_edge"
"occ_11_2022_00","task_occ_11_2022_00_16","fn_occ_11_2022_00_primary","delivers","0.9800","0.8217","0.6720","0.6837","0.3730","0.7062","src_role_function_seed_2026_03","0.5833","reviewed_primary_task_function_edge"
"occ_11_2022_00","task_occ_11_2022_00_17","fn_occ_11_2022_00_primary","delivers","0.9800","0.7026","0.6570","0.5946","0.2930","0.5943","src_role_function_seed_2026_03","0.5833","reviewed_primary_task_function_edge"
"occ_11_2022_00","task_occ_11_2022_00_2","fn_occ_11_2022_00_primary","delivers","0.9800","0.8348","0.6420","0.7468","0.2930","0.6575","src_role_function_seed_2026_03","0.6724","reviewed_primary_task_function_edge"
"occ_11_2022_00","task_occ_11_2022_00_3","fn_occ_11_2022_00_primary","delivers","0.9800","0.7704","0.6837","0.6524","0.2930","0.6010","src_role_function_seed_2026_03","0.6396","reviewed_primary_task_function_edge"
"occ_11_2022_00","task_occ_11_2022_00_4","fn_occ_11_2022_00_primary","delivers","0.9800","0.7697","0.5920","0.6517","0.2930","0.6010","src_role_function_seed_2026_03","0.6297","reviewed_primary_task_function_edge"
"occ_11_2022_00","task_occ_11_2022_00_5","fn_occ_11_2022_00_primary","delivers","0.9800","0.6433","0.6253","0.5953","0.3230","0.5883","src_role_function_seed_2026_03","0.6589","reviewed_primary_task_function_edge"
"occ_11_2022_00","task_occ_11_2022_00_6","fn_occ_11_2022_00_primary","delivers","0.9800","0.7538","0.5920","0.6358","0.2930","0.5994","src_role_function_seed_2026_03","0.6396","reviewed_primary_task_function_edge"
"occ_11_2022_00","task_occ_11_2022_00_7","fn_occ_11_2022_00_primary","delivers","0.9800","0.8094","0.6420","0.7214","0.2930","0.6549","src_role_function_seed_2026_03","0.6724","reviewed_primary_task_function_edge"
"occ_11_2022_00","task_occ_11_2022_00_8","fn_occ_11_2022_00_primary","delivers","0.9800","0.8044","0.6420","0.7164","0.2930","0.6544","src_role_function_seed_2026_03","0.6550","reviewed_primary_task_function_edge"
"occ_11_2022_00","task_occ_11_2022_00_9","fn_occ_11_2022_00_primary","delivers","0.9800","0.6633","0.6337","0.5953","0.2930","0.5903","src_role_function_seed_2026_03","0.5954","reviewed_primary_task_function_edge"
"occ_11_2022_00","task_occ_11_2022_00_jd_sm_01","fn_occ_11_2022_00_primary","delivers","0.9800","0.8719","0.7220","0.7339","0.3730","0.7112","src_role_function_seed_2026_03","0.7216","reviewed_primary_task_function_edge"
"occ_11_2022_00","task_occ_11_2022_00_jd_sm_02","fn_occ_11_2022_00_primary","delivers","0.9800","0.7503","0.6570","0.6423","0.2930","0.5990","src_role_function_seed_2026_03","0.7216","reviewed_primary_task_function_edge"
"occ_11_2022_00","task_occ_11_2022_00_jd_sm_03","fn_occ_11_2022_00_primary","delivers","0.9800","0.8367","0.7720","0.7087","0.3330","0.6677","src_role_function_seed_2026_03","0.7216","reviewed_primary_task_function_edge"
"occ_11_2022_00","task_occ_11_2022_00_jd_sm_04","fn_occ_11_2022_00_primary","delivers","0.9800","0.7797","0.6837","0.6617","0.2930","0.6020","src_role_function_seed_2026_03","0.7485","reviewed_primary_task_function_edge"
"occ_11_3021_00","task_occ_11_3021_00_15198","fn_occ_11_3021_00_primary","delivers","0.9800","0.6825","0.6860","0.4925","0.3530","0.5923","src_role_function_seed_2026_03","0.6138","reviewed_primary_task_function_edge"
"occ_11_3021_00","task_occ_11_3021_00_966","fn_occ_11_3021_00_primary","delivers","0.9800","0.8623","0.7660","0.6023","0.4330","0.7102","src_role_function_seed_2026_03","0.5217","reviewed_primary_task_function_edge"
"occ_11_3021_00","task_occ_11_3021_00_967","fn_occ_11_3021_00_primary","delivers","0.9800","0.8569","0.7160","0.5969","0.4330","0.7097","src_role_function_seed_2026_03","0.5437","reviewed_primary_task_function_edge"
"occ_11_3021_00","task_occ_11_3021_00_968","fn_occ_11_3021_00_primary","delivers","0.9800","0.7130","0.7135","0.4830","0.3530","0.5953","src_role_function_seed_2026_03","0.6685","reviewed_primary_task_function_edge"
"occ_11_3021_00","task_occ_11_3021_00_969","fn_occ_11_3021_00_primary","delivers","0.9800","0.7571","0.7160","0.5071","0.4330","0.6297","src_role_function_seed_2026_03","0.6762","reviewed_primary_task_function_edge"
"occ_11_3021_00","task_occ_11_3021_00_970","fn_occ_11_3021_00_primary","delivers","0.9800","0.6618","0.6360","0.4718","0.3530","0.5902","src_role_function_seed_2026_03","0.6138","reviewed_primary_task_function_edge"
"occ_11_3021_00","task_occ_11_3021_00_971","fn_occ_11_3021_00_primary","delivers","0.9800","0.6625","0.6860","0.4725","0.3530","0.5903","src_role_function_seed_2026_03","0.6410","reviewed_primary_task_function_edge"
"occ_11_3021_00","task_occ_11_3021_00_972","fn_occ_11_3021_00_primary","delivers","0.9800","0.7495","0.6660","0.4995","0.4330","0.6290","src_role_function_seed_2026_03","0.6762","reviewed_primary_task_function_edge"
"occ_11_3021_00","task_occ_11_3021_00_973","fn_occ_11_3021_00_primary","delivers","0.9800","0.8195","0.8160","0.5695","0.3930","0.6660","src_role_function_seed_2026_03","0.5467","reviewed_primary_task_function_edge"
"occ_11_3021_00","task_occ_11_3021_00_974","fn_occ_11_3021_00_primary","delivers","0.9800","0.6553","0.6360","0.4653","0.3530","0.5895","src_role_function_seed_2026_03","0.6138","reviewed_primary_task_function_edge"
"occ_11_3021_00","task_occ_11_3021_00_975","fn_occ_11_3021_00_primary","delivers","0.9800","0.8613","0.7160","0.6013","0.4330","0.7101","src_role_function_seed_2026_03","0.5437","reviewed_primary_task_function_edge"
"occ_11_3021_00","task_occ_11_3021_00_976","fn_occ_11_3021_00_primary","delivers","0.9800","0.6610","0.6360","0.4710","0.3530","0.5901","src_role_function_seed_2026_03","0.6410","reviewed_primary_task_function_edge"
"occ_11_3021_00","task_occ_11_3021_00_977","fn_occ_11_3021_00_primary","delivers","0.9800","0.8044","0.6885","0.6144","0.3530","0.6544","src_role_function_seed_2026_03","0.6102","reviewed_primary_task_function_edge"
"occ_11_3021_00","task_occ_11_3021_00_978","fn_occ_11_3021_00_primary","delivers","0.9800","0.7567","0.6660","0.5067","0.4330","0.6297","src_role_function_seed_2026_03","0.6762","reviewed_primary_task_function_edge"
"occ_11_3021_00","task_occ_11_3021_00_979","fn_occ_11_3021_00_primary","delivers","0.9800","0.6973","0.7135","0.4673","0.3530","0.5937","src_role_function_seed_2026_03","0.6858","reviewed_primary_task_function_edge"
"occ_11_3021_00","task_occ_11_3021_00_980","fn_occ_11_3021_00_primary","delivers","0.9800","0.7488","0.6660","0.4988","0.4330","0.6289","src_role_function_seed_2026_03","0.6762","reviewed_primary_task_function_edge"
"occ_11_3021_00","task_occ_11_3021_00_981","fn_occ_11_3021_00_primary","delivers","0.9800","0.6532","0.6360","0.4632","0.3530","0.5893","src_role_function_seed_2026_03","0.6138","reviewed_primary_task_function_edge"
"occ_11_3021_00","task_occ_11_3021_00_jd_itm_01","fn_occ_11_3021_00_primary","delivers","0.9800","0.8680","0.7660","0.6080","0.4330","0.7108","src_role_function_seed_2026_03","0.6600","reviewed_primary_task_function_edge"
"occ_11_3021_00","task_occ_11_3021_00_jd_itm_02","fn_occ_11_3021_00_primary","delivers","0.9800","0.7674","0.7360","0.5274","0.3530","0.6007","src_role_function_seed_2026_03","0.7216","reviewed_primary_task_function_edge"
"occ_11_3021_00","task_occ_11_3021_00_jd_itm_03","fn_occ_11_3021_00_primary","delivers","0.9800","0.6341","0.6285","0.4641","0.3530","0.5874","src_role_function_seed_2026_03","0.7216","reviewed_primary_task_function_edge"
"occ_11_3021_00","task_occ_11_3021_00_jd_itm_04","fn_occ_11_3021_00_primary","delivers","0.9800","0.7692","0.7160","0.5192","0.4330","0.6309","src_role_function_seed_2026_03","0.7851","reviewed_primary_task_function_edge"
"occ_11_3031_00","task_occ_11_3031_00_21311","fn_occ_11_3031_00_primary","delivers","0.9800","0.8995","0.7405","0.6975","0.5630","0.6640","src_role_function_seed_2026_03","0.5472","reviewed_primary_task_function_edge"
"occ_11_3031_00","task_occ_11_3031_00_21312","fn_occ_11_3031_00_primary","delivers","0.9800","0.8250","0.7030","0.5930","0.5630","0.6065","src_role_function_seed_2026_03","0.6102","reviewed_primary_task_function_edge"
"occ_11_3031_00","task_occ_11_3031_00_21313","fn_occ_11_3031_00_primary","delivers","0.9800","0.8313","0.6805","0.6493","0.5630","0.6571","src_role_function_seed_2026_03","0.6795","reviewed_primary_task_function_edge"
"occ_11_3031_00","task_occ_11_3031_00_21314","fn_occ_11_3031_00_primary","delivers","0.9800","0.7257","0.6430","0.5037","0.5630","0.5966","src_role_function_seed_2026_03","0.6503","reviewed_primary_task_function_edge"
"occ_11_3031_00","task_occ_11_3031_00_21315","fn_occ_11_3031_00_primary","delivers","0.9800","0.7632","0.6430","0.5412","0.5630","0.6003","src_role_function_seed_2026_03","0.6674","reviewed_primary_task_function_edge"
"occ_11_3031_00","task_occ_11_3031_00_21316","fn_occ_11_3031_00_primary","delivers","0.9800","0.9009","0.7830","0.6489","0.6430","0.7141","src_role_function_seed_2026_03","0.6622","reviewed_primary_task_function_edge"
"occ_11_3031_00","task_occ_11_3031_00_21317","fn_occ_11_3031_00_primary","delivers","0.9800","0.7487","0.7180","0.5267","0.5630","0.5989","src_role_function_seed_2026_03","0.6652","reviewed_primary_task_function_edge"
"occ_11_3031_00","task_occ_11_3031_00_21318","fn_occ_11_3031_00_primary","delivers","0.9800","0.7863","0.6030","0.5543","0.5630","0.6026","src_role_function_seed_2026_03","0.5882","reviewed_primary_task_function_edge"
"occ_11_3031_00","task_occ_11_3031_00_21319","fn_occ_11_3031_00_primary","delivers","0.9800","0.9200","0.7830","0.6680","0.6430","0.7160","src_role_function_seed_2026_03","0.6622","reviewed_primary_task_function_edge"
"occ_11_3031_00","task_occ_11_3031_00_21320","fn_occ_11_3031_00_primary","delivers","0.9800","0.6741","0.6780","0.5121","0.5930","0.5914","src_role_function_seed_2026_03","0.5833","reviewed_primary_task_function_edge"
"occ_11_3031_00","task_occ_11_3031_00_21321","fn_occ_11_3031_00_primary","delivers","0.9800","0.7529","0.7180","0.5309","0.5630","0.5993","src_role_function_seed_2026_03","0.6751","reviewed_primary_task_function_edge"
"occ_11_3031_00","task_occ_11_3031_00_21322","fn_occ_11_3031_00_primary","delivers","0.9800","0.7892","0.6030","0.5572","0.5630","0.6029","src_role_function_seed_2026_03","0.5709","reviewed_primary_task_function_edge"
"occ_11_3031_00","task_occ_11_3031_00_21323","fn_occ_11_3031_00_primary","delivers","0.9800","0.8700","0.7830","0.6280","0.6030","0.6710","src_role_function_seed_2026_03","0.6484","reviewed_primary_task_function_edge"
"occ_11_3031_00","task_occ_11_3031_00_21325","fn_occ_11_3031_00_primary","delivers","0.9800","0.7278","0.6430","0.5058","0.5630","0.5968","src_role_function_seed_2026_03","0.6207","reviewed_primary_task_function_edge"
"occ_11_3031_00","task_occ_11_3031_00_21326","fn_occ_11_3031_00_primary","delivers","0.9800","0.7694","0.6830","0.5274","0.6430","0.6309","src_role_function_seed_2026_03","0.6581","reviewed_primary_task_function_edge"
"occ_11_3031_00","task_occ_11_3031_00_21327","fn_occ_11_3031_00_primary","delivers","0.9800","0.6701","0.6780","0.5081","0.5930","0.5910","src_role_function_seed_2026_03","0.5833","reviewed_primary_task_function_edge"
"occ_11_3031_00","task_occ_11_3031_00_21329","fn_occ_11_3031_00_primary","delivers","0.9800","0.7178","0.6430","0.4958","0.5630","0.5958","src_role_function_seed_2026_03","0.6503","reviewed_primary_task_function_edge"
"occ_11_3031_00","task_occ_11_3031_00_jd_fm_01","fn_occ_11_3031_00_primary","delivers","0.9800","0.8909","0.7830","0.6489","0.6030","0.6731","src_role_function_seed_2026_03","0.7793","reviewed_primary_task_function_edge"
"occ_11_3031_00","task_occ_11_3031_00_jd_fm_02","fn_occ_11_3031_00_primary","delivers","0.9800","0.7677","0.6430","0.5457","0.5630","0.6008","src_role_function_seed_2026_03","0.7812","reviewed_primary_task_function_edge"
"occ_11_3031_00","task_occ_11_3031_00_jd_fm_03","fn_occ_11_3031_00_primary","delivers","0.9800","0.8172","0.7030","0.5852","0.5630","0.6057","src_role_function_seed_2026_03","0.7216","reviewed_primary_task_function_edge"
"occ_11_3031_00","task_occ_11_3031_00_jd_fm_04","fn_occ_11_3031_00_primary","delivers","0.9800","0.8100","0.6830","0.5680","0.6430","0.6350","src_role_function_seed_2026_03","0.7890","reviewed_primary_task_function_edge"
"occ_11_3071_00","task_occ_11_3071_00_21340","fn_occ_11_3071_00_primary","delivers","0.9800","0.8050","0.6337","0.5700","0.5380","0.5825","src_role_function_seed_2026_03","0.6077","reviewed_primary_task_function_edge"
"occ_11_3071_00","task_occ_11_3071_00_21341","fn_occ_11_3071_00_primary","delivers","0.9800","0.6731","0.6037","0.4981","0.4580","0.5393","src_role_function_seed_2026_03","0.6077","reviewed_primary_task_function_edge"
"occ_11_3071_00","task_occ_11_3071_00_21342","fn_occ_11_3071_00_primary","delivers","0.9800","0.7923","0.6337","0.5573","0.5380","0.5812","src_role_function_seed_2026_03","0.6300","reviewed_primary_task_function_edge"
"occ_11_3071_00","task_occ_11_3071_00_21343","fn_occ_11_3071_00_primary","delivers","0.9800","0.8709","0.6837","0.6259","0.5380","0.6591","src_role_function_seed_2026_03","0.6053","reviewed_primary_task_function_edge"
"occ_11_3071_00","task_occ_11_3071_00_21344","fn_occ_11_3071_00_primary","delivers","0.9800","0.6019","0.5120","0.4369","0.4380","0.4922","src_role_function_seed_2026_03","0.6127","reviewed_primary_task_function_edge"
"occ_11_3071_00","task_occ_11_3071_00_21345","fn_occ_11_3071_00_primary","delivers","0.9800","0.7243","0.6270","0.5093","0.4580","0.5444","src_role_function_seed_2026_03","0.6776","reviewed_primary_task_function_edge"
"occ_11_3071_00","task_occ_11_3071_00_21346","fn_occ_11_3071_00_primary","delivers","0.9800","0.8418","0.6703","0.6468","0.4580","0.6062","src_role_function_seed_2026_03","0.5448","reviewed_primary_task_function_edge"
"occ_11_3071_00","task_occ_11_3071_00_21347","fn_occ_11_3071_00_primary","delivers","0.9800","0.6323","0.5870","0.4773","0.4880","0.5352","src_role_function_seed_2026_03","0.6127","reviewed_primary_task_function_edge"
"occ_11_3071_00","task_occ_11_3071_00_21348","fn_occ_11_3071_00_primary","delivers","0.9800","0.7897","0.6370","0.5647","0.4580","0.5510","src_role_function_seed_2026_03","0.5195","reviewed_primary_task_function_edge"
"occ_11_3071_00","task_occ_11_3071_00_21349","fn_occ_11_3071_00_primary","delivers","0.9800","0.7229","0.5770","0.5079","0.4580","0.5443","src_role_function_seed_2026_03","0.6776","reviewed_primary_task_function_edge"
"occ_11_3071_00","task_occ_11_3071_00_21350","fn_occ_11_3071_00_primary","delivers","0.9800","0.7704","0.5370","0.5454","0.4580","0.5490","src_role_function_seed_2026_03","0.5195","reviewed_primary_task_function_edge"
"occ_11_3071_00","task_occ_11_3071_00_21351","fn_occ_11_3071_00_primary","delivers","0.9800","0.7689","0.5370","0.5439","0.4580","0.5489","src_role_function_seed_2026_03","0.5195","reviewed_primary_task_function_edge"
"occ_11_3071_00","task_occ_11_3071_00_21352","fn_occ_11_3071_00_primary","delivers","0.9800","0.8577","0.6170","0.6127","0.5380","0.6578","src_role_function_seed_2026_03","0.6053","reviewed_primary_task_function_edge"
"occ_11_3071_00","task_occ_11_3071_00_21353","fn_occ_11_3071_00_primary","delivers","0.9800","0.5969","0.4870","0.4319","0.4380","0.4917","src_role_function_seed_2026_03","0.6127","reviewed_primary_task_function_edge"
"occ_11_3071_00","task_occ_11_3071_00_21354","fn_occ_11_3071_00_primary","delivers","0.9800","0.8403","0.7170","0.6053","0.4980","0.6160","src_role_function_seed_2026_03","0.6102","reviewed_primary_task_function_edge"
"occ_11_3071_00","task_occ_11_3071_00_21355","fn_occ_11_3071_00_primary","delivers","0.9800","0.7661","0.5370","0.5411","0.4580","0.5486","src_role_function_seed_2026_03","0.5195","reviewed_primary_task_function_edge"
"occ_11_3071_00","task_occ_11_3071_00_21356","fn_occ_11_3071_00_primary","delivers","0.9800","0.8288","0.6703","0.6338","0.4580","0.6049","src_role_function_seed_2026_03","0.5571","reviewed_primary_task_function_edge"
"occ_11_3071_00","task_occ_11_3071_00_21357","fn_occ_11_3071_00_primary","delivers","0.9800","0.7186","0.5770","0.5036","0.4580","0.5439","src_role_function_seed_2026_03","0.6776","reviewed_primary_task_function_edge"
"occ_11_3071_00","task_occ_11_3071_00_21358","fn_occ_11_3071_00_primary","delivers","0.9800","0.7763","0.5370","0.5513","0.4580","0.5496","src_role_function_seed_2026_03","0.5492","reviewed_primary_task_function_edge"
"occ_11_3071_00","task_occ_11_3071_00_21359","fn_occ_11_3071_00_primary","delivers","0.9800","0.8281","0.5870","0.6331","0.4580","0.6048","src_role_function_seed_2026_03","0.5448","reviewed_primary_task_function_edge"
"occ_11_3071_00","task_occ_11_3071_00_21360","fn_occ_11_3071_00_primary","delivers","0.9800","0.6342","0.5870","0.4792","0.4880","0.5354","src_role_function_seed_2026_03","0.6597","reviewed_primary_task_function_edge"
"occ_11_3071_00","task_occ_11_3071_00_21361","fn_occ_11_3071_00_primary","delivers","0.9800","0.7171","0.5770","0.5021","0.4580","0.5437","src_role_function_seed_2026_03","0.6677","reviewed_primary_task_function_edge"
"occ_11_3071_00","task_occ_11_3071_00_21362","fn_occ_11_3071_00_primary","delivers","0.9800","0.6252","0.5670","0.4702","0.4580","0.5345","src_role_function_seed_2026_03","0.6028","reviewed_primary_task_function_edge"
"occ_11_3071_00","task_occ_11_3071_00_21363","fn_occ_11_3071_00_primary","delivers","0.9800","0.6244","0.5370","0.4694","0.4880","0.5344","src_role_function_seed_2026_03","0.6053","reviewed_primary_task_function_edge"
"occ_11_3071_00","task_occ_11_3071_00_21364","fn_occ_11_3071_00_primary","delivers","0.9800","0.8067","0.6103","0.6317","0.4580","0.6027","src_role_function_seed_2026_03","0.6053","reviewed_primary_task_function_edge"
"occ_11_3071_00","task_occ_11_3071_00_21365","fn_occ_11_3071_00_primary","delivers","0.9800","0.6595","0.6037","0.4845","0.4580","0.5379","src_role_function_seed_2026_03","0.6300","reviewed_primary_task_function_edge"
"occ_11_3071_00","task_occ_11_3071_00_21366","fn_occ_11_3071_00_primary","delivers","0.9800","0.8444","0.6170","0.5994","0.5380","0.6564","src_role_function_seed_2026_03","0.6055","reviewed_primary_task_function_edge"
"occ_11_3071_00","task_occ_11_3071_00_21367","fn_occ_11_3071_00_primary","delivers","0.9800","0.5844","0.5120","0.4194","0.4380","0.4904","src_role_function_seed_2026_03","0.5907","reviewed_primary_task_function_edge"
"occ_11_3071_00","task_occ_11_3071_00_21368","fn_occ_11_3071_00_primary","delivers","0.9800","0.8092","0.6170","0.5742","0.4980","0.6129","src_role_function_seed_2026_03","0.5882","reviewed_primary_task_function_edge"
"occ_11_3071_00","task_occ_11_3071_00_21369","fn_occ_11_3071_00_primary","delivers","0.9800","0.8092","0.6170","0.5742","0.4980","0.6129","src_role_function_seed_2026_03","0.6006","reviewed_primary_task_function_edge"
"occ_11_3071_00","task_occ_11_3071_00_jd_tsdm_01","fn_occ_11_3071_00_primary","delivers","0.9800","0.8709","0.6837","0.6259","0.5380","0.6591","src_role_function_seed_2026_03","0.7216","reviewed_primary_task_function_edge"
"occ_11_3071_00","task_occ_11_3071_00_jd_tsdm_02","fn_occ_11_3071_00_primary","delivers","0.9800","0.8375","0.7170","0.6025","0.4980","0.6158","src_role_function_seed_2026_03","0.7216","reviewed_primary_task_function_edge"
"occ_11_3071_00","task_occ_11_3071_00_jd_tsdm_03","fn_occ_11_3071_00_primary","delivers","0.9800","0.7840","0.6370","0.5590","0.4580","0.5504","src_role_function_seed_2026_03","0.6581","reviewed_primary_task_function_edge"
"occ_11_3071_00","task_occ_11_3071_00_jd_tsdm_04","fn_occ_11_3071_00_primary","delivers","0.9800","0.7376","0.6270","0.5226","0.4580","0.5458","src_role_function_seed_2026_03","0.7890","reviewed_primary_task_function_edge"
"occ_11_3121_00","task_occ_11_3121_00_1000","fn_occ_11_3121_00_primary","delivers","0.9800","0.8200","0.6500","0.6240","0.5430","0.6530","src_role_function_seed_2026_03","0.6669","reviewed_primary_task_function_edge"
"occ_11_3121_00","task_occ_11_3121_00_1001","fn_occ_11_3121_00_primary","delivers","0.9800","0.6742","0.6245","0.5382","0.5030","0.5784","src_role_function_seed_2026_03","0.6608","reviewed_primary_task_function_edge"
"occ_11_3121_00","task_occ_11_3121_00_1002","fn_occ_11_3121_00_primary","delivers","0.9800","0.7911","0.6636","0.5951","0.5830","0.6201","src_role_function_seed_2026_03","0.5203","reviewed_primary_task_function_edge"
"occ_11_3121_00","task_occ_11_3121_00_1003","fn_occ_11_3121_00_primary","delivers","0.9800","0.8911","0.6500","0.6851","0.5830","0.7001","src_role_function_seed_2026_03","0.6718","reviewed_primary_task_function_edge"
"occ_11_3121_00","task_occ_11_3121_00_1004","fn_occ_11_3121_00_primary","delivers","0.9800","0.7496","0.6736","0.5736","0.5030","0.5860","src_role_function_seed_2026_03","0.6784","reviewed_primary_task_function_edge"
"occ_11_3121_00","task_occ_11_3121_00_1005","fn_occ_11_3121_00_primary","delivers","0.9800","0.6620","0.5700","0.5260","0.5030","0.5772","src_role_function_seed_2026_03","0.6732","reviewed_primary_task_function_edge"
"occ_11_3121_00","task_occ_11_3121_00_1006","fn_occ_11_3121_00_primary","delivers","0.9800","0.8016","0.6100","0.6656","0.5030","0.6412","src_role_function_seed_2026_03","0.6187","reviewed_primary_task_function_edge"
"occ_11_3121_00","task_occ_11_3121_00_1007","fn_occ_11_3121_00_primary","delivers","0.9800","0.8059","0.6100","0.6699","0.5030","0.6416","src_role_function_seed_2026_03","0.6187","reviewed_primary_task_function_edge"
"occ_11_3121_00","task_occ_11_3121_00_982","fn_occ_11_3121_00_primary","delivers","0.9800","0.6452","0.5500","0.5292","0.5030","0.5755","src_role_function_seed_2026_03","0.6669","reviewed_primary_task_function_edge"
"occ_11_3121_00","task_occ_11_3121_00_983","fn_occ_11_3121_00_primary","delivers","0.9800","0.8544","0.6100","0.7184","0.5030","0.6464","src_role_function_seed_2026_03","0.6704","reviewed_primary_task_function_edge"
"occ_11_3121_00","task_occ_11_3121_00_984","fn_occ_11_3121_00_primary","delivers","0.9800","0.8458","0.6100","0.7098","0.5030","0.6456","src_role_function_seed_2026_03","0.6407","reviewed_primary_task_function_edge"
"occ_11_3121_00","task_occ_11_3121_00_985","fn_occ_11_3121_00_primary","delivers","0.9800","0.8479","0.6100","0.7119","0.5030","0.6458","src_role_function_seed_2026_03","0.6407","reviewed_primary_task_function_edge"
"occ_11_3121_00","task_occ_11_3121_00_986","fn_occ_11_3121_00_primary","delivers","0.9800","0.6669","0.5682","0.5509","0.5030","0.5777","src_role_function_seed_2026_03","0.6669","reviewed_primary_task_function_edge"
"occ_11_3121_00","task_occ_11_3121_00_987","fn_occ_11_3121_00_primary","delivers","0.9800","0.9047","0.7227","0.6987","0.5830","0.7015","src_role_function_seed_2026_03","0.6891","reviewed_primary_task_function_edge"
"occ_11_3121_00","task_occ_11_3121_00_988","fn_occ_11_3121_00_primary","delivers","0.9800","0.7618","0.6736","0.5858","0.5030","0.5872","src_role_function_seed_2026_03","0.6834","reviewed_primary_task_function_edge"
"occ_11_3121_00","task_occ_11_3121_00_989","fn_occ_11_3121_00_primary","delivers","0.9800","0.8308","0.7409","0.6348","0.5430","0.6541","src_role_function_seed_2026_03","0.6570","reviewed_primary_task_function_edge"
"occ_11_3121_00","task_occ_11_3121_00_990","fn_occ_11_3121_00_primary","delivers","0.9800","0.6774","0.5682","0.5614","0.5030","0.5787","src_role_function_seed_2026_03","0.6669","reviewed_primary_task_function_edge"
"occ_11_3121_00","task_occ_11_3121_00_991","fn_occ_11_3121_00_primary","delivers","0.9800","0.8219","0.6700","0.6359","0.5030","0.5932","src_role_function_seed_2026_03","0.6127","reviewed_primary_task_function_edge"
"occ_11_3121_00","task_occ_11_3121_00_992","fn_occ_11_3121_00_primary","delivers","0.9800","0.6684","0.6245","0.5324","0.5030","0.5778","src_role_function_seed_2026_03","0.6955","reviewed_primary_task_function_edge"
"occ_11_3121_00","task_occ_11_3121_00_993","fn_occ_11_3121_00_primary","delivers","0.9800","0.6373","0.6245","0.5213","0.5330","0.5747","src_role_function_seed_2026_03","0.7265","reviewed_primary_task_function_edge"
"occ_11_3121_00","task_occ_11_3121_00_994","fn_occ_11_3121_00_primary","delivers","0.9800","0.8294","0.7409","0.6334","0.5430","0.6539","src_role_function_seed_2026_03","0.6718","reviewed_primary_task_function_edge"
"occ_11_3121_00","task_occ_11_3121_00_995","fn_occ_11_3121_00_primary","delivers","0.9800","0.7881","0.5700","0.6021","0.5030","0.5898","src_role_function_seed_2026_03","0.6300","reviewed_primary_task_function_edge"
"occ_11_3121_00","task_occ_11_3121_00_996","fn_occ_11_3121_00_primary","delivers","0.9800","0.8472","0.6100","0.7112","0.5030","0.6457","src_role_function_seed_2026_03","0.6407","reviewed_primary_task_function_edge"
"occ_11_3121_00","task_occ_11_3121_00_997","fn_occ_11_3121_00_primary","delivers","0.9800","0.7777","0.6745","0.5917","0.5030","0.5888","src_role_function_seed_2026_03","0.6077","reviewed_primary_task_function_edge"
"occ_11_3121_00","task_occ_11_3121_00_998","fn_occ_11_3121_00_primary","delivers","0.9800","0.7849","0.6745","0.5989","0.5030","0.5895","src_role_function_seed_2026_03","0.6077","reviewed_primary_task_function_edge"
"occ_11_3121_00","task_occ_11_3121_00_999","fn_occ_11_3121_00_primary","delivers","0.9800","0.8595","0.6282","0.7235","0.5030","0.6469","src_role_function_seed_2026_03","0.6630","reviewed_primary_task_function_edge"
"occ_11_3121_00","task_occ_11_3121_00_jd_hrm_01","fn_occ_11_3121_00_primary","delivers","0.9800","0.9100","0.7227","0.7040","0.5830","0.7020","src_role_function_seed_2026_03","0.7832","reviewed_primary_task_function_edge"
"occ_11_3121_00","task_occ_11_3121_00_jd_hrm_02","fn_occ_11_3121_00_primary","delivers","0.9800","0.8623","0.6282","0.7263","0.5030","0.6472","src_role_function_seed_2026_03","0.7793","reviewed_primary_task_function_edge"
"occ_11_3121_00","task_occ_11_3121_00_jd_hrm_03","fn_occ_11_3121_00_primary","delivers","0.9800","0.8307","0.6636","0.6347","0.5830","0.6241","src_role_function_seed_2026_03","0.6561","reviewed_primary_task_function_edge"
"occ_11_3121_00","task_occ_11_3121_00_jd_hrm_04","fn_occ_11_3121_00_primary","delivers","0.9800","0.8007","0.6700","0.6147","0.5030","0.5911","src_role_function_seed_2026_03","0.7216","reviewed_primary_task_function_edge"
"occ_11_9041_00","task_occ_11_9041_00_1060","fn_occ_11_9041_00_primary","delivers","0.9800","0.9042","0.7665","0.6112","0.5980","0.7794","src_role_function_seed_2026_03","0.6303","reviewed_primary_task_function_edge"
"occ_11_9041_00","task_occ_11_9041_00_1063","fn_occ_11_9041_00_primary","delivers","0.9800","0.8095","0.6550","0.5265","0.5980","0.7000","src_role_function_seed_2026_03","0.5882","reviewed_primary_task_function_edge"
"occ_11_9041_00","task_occ_11_9041_00_1070","fn_occ_11_9041_00_primary","delivers","0.9800","0.8685","0.7442","0.6255","0.5180","0.7259","src_role_function_seed_2026_03","0.6559","reviewed_primary_task_function_edge"
"occ_11_9041_00","task_occ_11_9041_00_1071","fn_occ_11_9041_00_primary","delivers","0.9800","0.8757","0.7442","0.6327","0.5180","0.7266","src_role_function_seed_2026_03","0.6410","reviewed_primary_task_function_edge"
"occ_11_9041_00","task_occ_11_9041_00_19525","fn_occ_11_9041_00_primary","delivers","0.9800","0.7067","0.6250","0.4837","0.5180","0.6597","src_role_function_seed_2026_03","0.6674","reviewed_primary_task_function_edge"
"occ_11_9041_00","task_occ_11_9041_00_19526","fn_occ_11_9041_00_primary","delivers","0.9800","0.7438","0.7035","0.4808","0.5180","0.6634","src_role_function_seed_2026_03","0.5857","reviewed_primary_task_function_edge"
"occ_11_9041_00","task_occ_11_9041_00_19527","fn_occ_11_9041_00_primary","delivers","0.9800","0.7821","0.7212","0.5091","0.5180","0.6672","src_role_function_seed_2026_03","0.6102","reviewed_primary_task_function_edge"
"occ_11_9041_00","task_occ_11_9041_00_19528","fn_occ_11_9041_00_primary","delivers","0.9800","0.6892","0.6250","0.4662","0.5180","0.6579","src_role_function_seed_2026_03","0.6454","reviewed_primary_task_function_edge"
"occ_11_9041_00","task_occ_11_9041_00_20170","fn_occ_11_9041_00_primary","delivers","0.9800","0.8325","0.6942","0.5595","0.5180","0.6723","src_role_function_seed_2026_03","0.6127","reviewed_primary_task_function_edge"
"occ_11_9041_00","task_occ_11_9041_00_20171","fn_occ_11_9041_00_primary","delivers","0.9800","0.8429","0.6935","0.5599","0.5980","0.7033","src_role_function_seed_2026_03","0.6127","reviewed_primary_task_function_edge"
"occ_11_9041_00","task_occ_11_9041_00_20172","fn_occ_11_9041_00_primary","delivers","0.9800","0.7132","0.6865","0.4902","0.5180","0.6603","src_role_function_seed_2026_03","0.6550","reviewed_primary_task_function_edge"
"occ_11_9041_00","task_occ_11_9041_00_20173","fn_occ_11_9041_00_primary","delivers","0.9800","0.7722","0.7035","0.5092","0.5180","0.6662","src_role_function_seed_2026_03","0.6374","reviewed_primary_task_function_edge"
"occ_11_9041_00","task_occ_11_9041_00_20174","fn_occ_11_9041_00_primary","delivers","0.9800","0.8475","0.6958","0.6245","0.5180","0.7237","src_role_function_seed_2026_03","0.6102","reviewed_primary_task_function_edge"
"occ_11_9041_00","task_occ_11_9041_00_20175","fn_occ_11_9041_00_primary","delivers","0.9800","0.8677","0.8050","0.5847","0.5580","0.7358","src_role_function_seed_2026_03","0.6897","reviewed_primary_task_function_edge"
"occ_11_9041_00","task_occ_11_9041_00_20176","fn_occ_11_9041_00_primary","delivers","0.9800","0.7218","0.6865","0.4988","0.5180","0.6612","src_role_function_seed_2026_03","0.6674","reviewed_primary_task_function_edge"
"occ_11_9041_00","task_occ_11_9041_00_20177","fn_occ_11_9041_00_primary","delivers","0.9800","0.8092","0.6550","0.5262","0.5980","0.6999","src_role_function_seed_2026_03","0.6127","reviewed_primary_task_function_edge"
"occ_11_9041_00","task_occ_11_9041_00_20178","fn_occ_11_9041_00_primary","delivers","0.9800","0.8999","0.7050","0.6069","0.5980","0.7790","src_role_function_seed_2026_03","0.6303","reviewed_primary_task_function_edge"
"occ_11_9041_00","task_occ_11_9041_00_20179","fn_occ_11_9041_00_primary","delivers","0.9800","0.7424","0.6650","0.4794","0.5180","0.6632","src_role_function_seed_2026_03","0.5610","reviewed_primary_task_function_edge"
"occ_11_9041_00","task_occ_11_9041_00_20180","fn_occ_11_9041_00_primary","delivers","0.9800","0.7748","0.6250","0.5018","0.5180","0.6665","src_role_function_seed_2026_03","0.5907","reviewed_primary_task_function_edge"
"occ_11_9041_00","task_occ_11_9041_00_jd_aem_01","fn_occ_11_9041_00_primary","delivers","0.9800","0.9250","0.7665","0.6320","0.5980","0.7815","src_role_function_seed_2026_03","0.7466","reviewed_primary_task_function_edge"
"occ_11_9041_00","task_occ_11_9041_00_jd_aem_02","fn_occ_11_9041_00_primary","delivers","0.9800","0.8946","0.8050","0.6116","0.5580","0.7385","src_role_function_seed_2026_03","0.7812","reviewed_primary_task_function_edge"
"occ_11_9041_00","task_occ_11_9041_00_jd_aem_03","fn_occ_11_9041_00_primary","delivers","0.9800","0.8244","0.6942","0.5514","0.5180","0.6714","src_role_function_seed_2026_03","0.7216","reviewed_primary_task_function_edge"
"occ_11_9041_00","task_occ_11_9041_00_jd_aem_04","fn_occ_11_9041_00_primary","delivers","0.9800","0.8401","0.6935","0.5571","0.5980","0.7030","src_role_function_seed_2026_03","0.7216","reviewed_primary_task_function_edge"
"occ_11_9141_00","task_occ_11_9141_00_7219","fn_occ_11_9141_00_primary","delivers","0.9800","0.7238","0.5370","0.4988","0.4580","0.5444","src_role_function_seed_2026_03","0.6207","reviewed_primary_task_function_edge"
"occ_11_9141_00","task_occ_11_9141_00_7220","fn_occ_11_9141_00_primary","delivers","0.9800","0.8762","0.6170","0.6312","0.5380","0.6596","src_role_function_seed_2026_03","0.5398","reviewed_primary_task_function_edge"
"occ_11_9141_00","task_occ_11_9141_00_7221","fn_occ_11_9141_00_primary","delivers","0.9800","0.7497","0.6125","0.5147","0.5380","0.5770","src_role_function_seed_2026_03","0.6707","reviewed_primary_task_function_edge"
"occ_11_9141_00","task_occ_11_9141_00_7222","fn_occ_11_9141_00_primary","delivers","0.9800","0.7454","0.6325","0.5204","0.4580","0.5465","src_role_function_seed_2026_03","0.6077","reviewed_primary_task_function_edge"
"occ_11_9141_00","task_occ_11_9141_00_7223","fn_occ_11_9141_00_primary","delivers","0.9800","0.7736","0.6370","0.5486","0.4580","0.5494","src_role_function_seed_2026_03","0.6922","reviewed_primary_task_function_edge"
"occ_11_9141_00","task_occ_11_9141_00_7224","fn_occ_11_9141_00_primary","delivers","0.9800","0.8770","0.6715","0.6320","0.5380","0.6597","src_role_function_seed_2026_03","0.5695","reviewed_primary_task_function_edge"
"occ_11_9141_00","task_occ_11_9141_00_7225","fn_occ_11_9141_00_primary","delivers","0.9800","0.6127","0.5370","0.4577","0.4880","0.5333","src_role_function_seed_2026_03","0.5272","reviewed_primary_task_function_edge"
"occ_11_9141_00","task_occ_11_9141_00_7226","fn_occ_11_9141_00_primary","delivers","0.9800","0.6382","0.5915","0.4832","0.4880","0.5358","src_role_function_seed_2026_03","0.5690","reviewed_primary_task_function_edge"
"occ_11_9141_00","task_occ_11_9141_00_7227","fn_occ_11_9141_00_primary","delivers","0.9800","0.7267","0.5370","0.5017","0.4580","0.5447","src_role_function_seed_2026_03","0.6207","reviewed_primary_task_function_edge"
"occ_11_9141_00","task_occ_11_9141_00_7228","fn_occ_11_9141_00_primary","delivers","0.9800","0.6518","0.5915","0.4968","0.4880","0.5372","src_role_function_seed_2026_03","0.5417","reviewed_primary_task_function_edge"
"occ_11_9141_00","task_occ_11_9141_00_7229","fn_occ_11_9141_00_primary","delivers","0.9800","0.7660","0.5915","0.5410","0.4580","0.5486","src_role_function_seed_2026_03","0.6724","reviewed_primary_task_function_edge"
"occ_11_9141_00","task_occ_11_9141_00_7230","fn_occ_11_9141_00_primary","delivers","0.9800","0.7421","0.5370","0.5171","0.4580","0.5462","src_role_function_seed_2026_03","0.6426","reviewed_primary_task_function_edge"
"occ_11_9141_00","task_occ_11_9141_00_7231","fn_occ_11_9141_00_primary","delivers","0.9800","0.7500","0.5370","0.5250","0.4580","0.5470","src_role_function_seed_2026_03","0.6426","reviewed_primary_task_function_edge"
"occ_11_9141_00","task_occ_11_9141_00_7232","fn_occ_11_9141_00_primary","delivers","0.9800","0.7321","0.6315","0.5171","0.4580","0.5452","src_role_function_seed_2026_03","0.6102","reviewed_primary_task_function_edge"
"occ_11_9141_00","task_occ_11_9141_00_7233","fn_occ_11_9141_00_primary","delivers","0.9800","0.7379","0.6125","0.5029","0.5380","0.5758","src_role_function_seed_2026_03","0.6537","reviewed_primary_task_function_edge"
"occ_11_9141_00","task_occ_11_9141_00_7234","fn_occ_11_9141_00_primary","delivers","0.9800","0.6330","0.5443","0.4780","0.4580","0.5353","src_role_function_seed_2026_03","0.6053","reviewed_primary_task_function_edge"
"occ_11_9141_00","task_occ_11_9141_00_7235","fn_occ_11_9141_00_primary","delivers","0.9800","0.7328","0.5370","0.5078","0.4580","0.5453","src_role_function_seed_2026_03","0.6426","reviewed_primary_task_function_edge"
"occ_11_9141_00","task_occ_11_9141_00_7236","fn_occ_11_9141_00_primary","delivers","0.9800","0.7471","0.5370","0.5221","0.4580","0.5467","src_role_function_seed_2026_03","0.6674","reviewed_primary_task_function_edge"
"occ_11_9141_00","task_occ_11_9141_00_7237","fn_occ_11_9141_00_primary","delivers","0.9800","0.7267","0.5370","0.5017","0.4580","0.5447","src_role_function_seed_2026_03","0.6207","reviewed_primary_task_function_edge"
"occ_11_9141_00","task_occ_11_9141_00_7238","fn_occ_11_9141_00_primary","delivers","0.9800","0.8669","0.6170","0.6219","0.5380","0.6587","src_role_function_seed_2026_03","0.5398","reviewed_primary_task_function_edge"
"occ_11_9141_00","task_occ_11_9141_00_7239","fn_occ_11_9141_00_primary","delivers","0.9800","0.7392","0.5370","0.5142","0.4580","0.5459","src_role_function_seed_2026_03","0.6426","reviewed_primary_task_function_edge"
"occ_11_9141_00","task_occ_11_9141_00_7240","fn_occ_11_9141_00_primary","delivers","0.9800","0.7467","0.5825","0.5217","0.4580","0.5467","src_role_function_seed_2026_03","0.6207","reviewed_primary_task_function_edge"
"occ_11_9141_00","task_occ_11_9141_00_7241","fn_occ_11_9141_00_primary","delivers","0.9800","0.8311","0.6597","0.6361","0.4580","0.6051","src_role_function_seed_2026_03","0.6102","reviewed_primary_task_function_edge"
"occ_11_9141_00","task_occ_11_9141_00_7242","fn_occ_11_9141_00_primary","delivers","0.9800","0.7819","0.6043","0.6069","0.4580","0.6002","src_role_function_seed_2026_03","0.5833","reviewed_primary_task_function_edge"
"occ_11_9141_00","task_occ_11_9141_00_7243","fn_occ_11_9141_00_primary","delivers","0.9800","0.7955","0.6988","0.5605","0.4980","0.6116","src_role_function_seed_2026_03","0.5734","reviewed_primary_task_function_edge"
"occ_11_9141_00","task_occ_11_9141_00_7244","fn_occ_11_9141_00_primary","delivers","0.9800","0.8313","0.6170","0.5863","0.5380","0.6551","src_role_function_seed_2026_03","0.5178","reviewed_primary_task_function_edge"
"occ_11_9141_00","task_occ_11_9141_00_7245","fn_occ_11_9141_00_primary","delivers","0.9800","0.7109","0.6315","0.4959","0.4580","0.5431","src_role_function_seed_2026_03","0.5882","reviewed_primary_task_function_edge"
"occ_11_9141_00","task_occ_11_9141_00_jd_prop_01","fn_occ_11_9141_00_primary","delivers","0.9800","0.8770","0.6715","0.6320","0.5380","0.6597","src_role_function_seed_2026_03","0.6561","reviewed_primary_task_function_edge"
"occ_11_9141_00","task_occ_11_9141_00_jd_prop_02","fn_occ_11_9141_00_primary","delivers","0.9800","0.8261","0.6043","0.6511","0.4580","0.6046","src_role_function_seed_2026_03","0.7216","reviewed_primary_task_function_edge"
"occ_11_9141_00","task_occ_11_9141_00_jd_prop_03","fn_occ_11_9141_00_primary","delivers","0.9800","0.6424","0.5443","0.4874","0.4580","0.5362","src_role_function_seed_2026_03","0.7216","reviewed_primary_task_function_edge"
"occ_11_9141_00","task_occ_11_9141_00_jd_prop_04","fn_occ_11_9141_00_primary","delivers","0.9800","0.7597","0.5370","0.5347","0.4580","0.5480","src_role_function_seed_2026_03","0.7812","reviewed_primary_task_function_edge"
"occ_13_1023_00","task_occ_13_1023_00_1142","fn_occ_13_1023_00_primary","delivers","0.9800","0.7945","0.6170","0.5695","0.4580","0.5514","src_role_function_seed_2026_03","0.6407","reviewed_primary_task_function_edge"
"occ_13_1023_00","task_occ_13_1023_00_1143","fn_occ_13_1023_00_primary","delivers","0.9800","0.7805","0.6670","0.5455","0.5380","0.5800","src_role_function_seed_2026_03","0.6853","reviewed_primary_task_function_edge"
"occ_13_1023_00","task_occ_13_1023_00_1144","fn_occ_13_1023_00_primary","delivers","0.9800","0.7475","0.6870","0.5225","0.4580","0.5468","src_role_function_seed_2026_03","0.6102","reviewed_primary_task_function_edge"
"occ_13_1023_00","task_occ_13_1023_00_1145","fn_occ_13_1023_00_primary","delivers","0.9800","0.7388","0.6570","0.5238","0.4580","0.5459","src_role_function_seed_2026_03","0.6757","reviewed_primary_task_function_edge"
"occ_13_1023_00","task_occ_13_1023_00_1146","fn_occ_13_1023_00_primary","delivers","0.9800","0.7945","0.6170","0.5695","0.4580","0.5514","src_role_function_seed_2026_03","0.6407","reviewed_primary_task_function_edge"
"occ_13_1023_00","task_occ_13_1023_00_1147","fn_occ_13_1023_00_primary","delivers","0.9800","0.6206","0.5770","0.4656","0.4580","0.5341","src_role_function_seed_2026_03","0.6707","reviewed_primary_task_function_edge"
"occ_13_1023_00","task_occ_13_1023_00_1148","fn_occ_13_1023_00_primary","delivers","0.9800","0.8074","0.6170","0.6324","0.4580","0.6027","src_role_function_seed_2026_03","0.5929","reviewed_primary_task_function_edge"
"occ_13_1023_00","task_occ_13_1023_00_1149","fn_occ_13_1023_00_primary","delivers","0.9800","0.7629","0.5370","0.5379","0.4580","0.5483","src_role_function_seed_2026_03","0.6407","reviewed_primary_task_function_edge"
"occ_13_1023_00","task_occ_13_1023_00_1150","fn_occ_13_1023_00_primary","delivers","0.9800","0.7174","0.5770","0.5024","0.4580","0.5437","src_role_function_seed_2026_03","0.6707","reviewed_primary_task_function_edge"
"occ_13_1023_00","task_occ_13_1023_00_1151","fn_occ_13_1023_00_primary","delivers","0.9800","0.7699","0.6670","0.5349","0.5380","0.5790","src_role_function_seed_2026_03","0.6853","reviewed_primary_task_function_edge"
"occ_13_1023_00","task_occ_13_1023_00_1152","fn_occ_13_1023_00_primary","delivers","0.9800","0.7500","0.5670","0.5150","0.5380","0.5770","src_role_function_seed_2026_03","0.6853","reviewed_primary_task_function_edge"
"occ_13_1023_00","task_occ_13_1023_00_1153","fn_occ_13_1023_00_primary","delivers","0.9800","0.6645","0.6370","0.4895","0.4580","0.5384","src_role_function_seed_2026_03","0.6077","reviewed_primary_task_function_edge"
"occ_13_1023_00","task_occ_13_1023_00_1154","fn_occ_13_1023_00_primary","delivers","0.9800","0.5606","0.5670","0.3956","0.4380","0.4881","src_role_function_seed_2026_03","0.5857","reviewed_primary_task_function_edge"
"occ_13_1023_00","task_occ_13_1023_00_1155","fn_occ_13_1023_00_primary","delivers","0.9800","0.7481","0.5370","0.5231","0.4580","0.5468","src_role_function_seed_2026_03","0.6187","reviewed_primary_task_function_edge"
"occ_13_1023_00","task_occ_13_1023_00_1156","fn_occ_13_1023_00_primary","delivers","0.9800","0.7701","0.5370","0.5451","0.4580","0.5490","src_role_function_seed_2026_03","0.6407","reviewed_primary_task_function_edge"
"occ_13_1023_00","task_occ_13_1023_00_1157","fn_occ_13_1023_00_primary","delivers","0.9800","0.7644","0.5670","0.5294","0.5380","0.5784","src_role_function_seed_2026_03","0.6853","reviewed_primary_task_function_edge"
"occ_13_1023_00","task_occ_13_1023_00_1158","fn_occ_13_1023_00_primary","delivers","0.9800","0.6141","0.5170","0.4591","0.4580","0.5334","src_role_function_seed_2026_03","0.6707","reviewed_primary_task_function_edge"
"occ_13_1023_00","task_occ_13_1023_00_1159","fn_occ_13_1023_00_primary","delivers","0.9800","0.7744","0.5370","0.5494","0.4580","0.5494","src_role_function_seed_2026_03","0.6407","reviewed_primary_task_function_edge"
"occ_13_1023_00","task_occ_13_1023_00_1160","fn_occ_13_1023_00_primary","delivers","0.9800","0.7572","0.5370","0.5322","0.4580","0.5477","src_role_function_seed_2026_03","0.6407","reviewed_primary_task_function_edge"
"occ_13_1023_00","task_occ_13_1023_00_jd_proc_01","fn_occ_13_1023_00_primary","delivers","0.9800","0.8408","0.6970","0.6058","0.4980","0.6161","src_role_function_seed_2026_03","0.7216","reviewed_primary_task_function_edge"
"occ_13_1023_00","task_occ_13_1023_00_jd_proc_02","fn_occ_13_1023_00_primary","delivers","0.9800","0.6353","0.5770","0.4803","0.4580","0.5355","src_role_function_seed_2026_03","0.7870","reviewed_primary_task_function_edge"
"occ_13_1023_00","task_occ_13_1023_00_jd_proc_03","fn_occ_13_1023_00_primary","delivers","0.9800","0.7801","0.5370","0.5551","0.4580","0.5500","src_role_function_seed_2026_03","0.7793","reviewed_primary_task_function_edge"
"occ_13_1023_00","task_occ_13_1023_00_jd_proc_04","fn_occ_13_1023_00_primary","delivers","0.9800","0.7306","0.6570","0.5156","0.4580","0.5451","src_role_function_seed_2026_03","0.7870","reviewed_primary_task_function_edge"
"occ_13_1031_00","task_occ_13_1031_00_21417","fn_occ_13_1031_00_primary","delivers","0.9800","0.6735","0.6120","0.5185","0.4880","0.5393","src_role_function_seed_2026_03","0.5417","reviewed_primary_task_function_edge"
"occ_13_1031_00","task_occ_13_1031_00_21418","fn_occ_13_1031_00_primary","delivers","0.9800","0.7742","0.6620","0.5492","0.4580","0.5494","src_role_function_seed_2026_03","0.6809","reviewed_primary_task_function_edge"
"occ_13_1031_00","task_occ_13_1031_00_21419","fn_occ_13_1031_00_primary","delivers","0.9800","0.6713","0.6120","0.5163","0.4880","0.5391","src_role_function_seed_2026_03","0.5665","reviewed_primary_task_function_edge"
"occ_13_1031_00","task_occ_13_1031_00_21420","fn_occ_13_1031_00_primary","delivers","0.9800","0.8142","0.6670","0.5792","0.5380","0.5834","src_role_function_seed_2026_03","0.6641","reviewed_primary_task_function_edge"
"occ_13_1031_00","task_occ_13_1031_00_21421","fn_occ_13_1031_00_primary","delivers","0.9800","0.7720","0.5870","0.5470","0.4580","0.5492","src_role_function_seed_2026_03","0.6636","reviewed_primary_task_function_edge"
"occ_13_1031_00","task_occ_13_1031_00_21422","fn_occ_13_1031_00_primary","delivers","0.9800","0.8134","0.6670","0.5784","0.5380","0.5833","src_role_function_seed_2026_03","0.6641","reviewed_primary_task_function_edge"
"occ_13_1031_00","task_occ_13_1031_00_21423","fn_occ_13_1031_00_primary","delivers","0.9800","0.7742","0.6620","0.5492","0.4580","0.5494","src_role_function_seed_2026_03","0.6636","reviewed_primary_task_function_edge"
"occ_13_1031_00","task_occ_13_1031_00_21424","fn_occ_13_1031_00_primary","delivers","0.9800","0.8449","0.6920","0.6099","0.4980","0.6165","src_role_function_seed_2026_03","0.6102","reviewed_primary_task_function_edge"
"occ_13_1031_00","task_occ_13_1031_00_21425","fn_occ_13_1031_00_primary","delivers","0.9800","0.6359","0.4870","0.4709","0.4380","0.4956","src_role_function_seed_2026_03","0.5349","reviewed_primary_task_function_edge"
"occ_13_1031_00","task_occ_13_1031_00_21426","fn_occ_13_1031_00_primary","delivers","0.9800","0.6410","0.5120","0.4760","0.4380","0.4961","src_role_function_seed_2026_03","0.5472","reviewed_primary_task_function_edge"
"occ_13_1031_00","task_occ_13_1031_00_21427","fn_occ_13_1031_00_primary","delivers","0.9800","0.7677","0.5870","0.5427","0.4580","0.5488","src_role_function_seed_2026_03","0.6636","reviewed_primary_task_function_edge"
"occ_13_1031_00","task_occ_13_1031_00_21428","fn_occ_13_1031_00_primary","delivers","0.9800","0.7428","0.6770","0.5278","0.4580","0.5463","src_role_function_seed_2026_03","0.6853","reviewed_primary_task_function_edge"
"occ_13_1031_00","task_occ_13_1031_00_21429","fn_occ_13_1031_00_primary","delivers","0.9800","0.6374","0.5120","0.4724","0.4380","0.4957","src_role_function_seed_2026_03","0.5596","reviewed_primary_task_function_edge"
"occ_13_1031_00","task_occ_13_1031_00_21430","fn_occ_13_1031_00_primary","delivers","0.9800","0.7514","0.5870","0.5264","0.4580","0.5471","src_role_function_seed_2026_03","0.6636","reviewed_primary_task_function_edge"
"occ_13_1031_00","task_occ_13_1031_00_21431","fn_occ_13_1031_00_primary","delivers","0.9800","0.8044","0.5670","0.5694","0.5380","0.5824","src_role_function_seed_2026_03","0.6616","reviewed_primary_task_function_edge"
"occ_13_1031_00","task_occ_13_1031_00_21432","fn_occ_13_1031_00_primary","delivers","0.9800","0.7623","0.5620","0.5373","0.4580","0.5482","src_role_function_seed_2026_03","0.6484","reviewed_primary_task_function_edge"
"occ_13_1031_00","task_occ_13_1031_00_21433","fn_occ_13_1031_00_primary","delivers","0.9800","0.7615","0.5745","0.5365","0.4580","0.5482","src_role_function_seed_2026_03","0.6484","reviewed_primary_task_function_edge"
"occ_13_1031_00","task_occ_13_1031_00_21434","fn_occ_13_1031_00_primary","delivers","0.9800","0.7356","0.6770","0.5206","0.4580","0.5456","src_role_function_seed_2026_03","0.6853","reviewed_primary_task_function_edge"
"occ_13_1031_00","task_occ_13_1031_00_21435","fn_occ_13_1031_00_primary","delivers","0.9800","0.8373","0.6620","0.6423","0.4580","0.6057","src_role_function_seed_2026_03","0.5954","reviewed_primary_task_function_edge"
"occ_13_1031_00","task_occ_13_1031_00_21436","fn_occ_13_1031_00_primary","delivers","0.9800","0.7440","0.5495","0.5190","0.4580","0.5464","src_role_function_seed_2026_03","0.6264","reviewed_primary_task_function_edge"
"occ_13_1031_00","task_occ_13_1031_00_21437","fn_occ_13_1031_00_primary","delivers","0.9800","0.7644","0.5670","0.5294","0.5380","0.5784","src_role_function_seed_2026_03","0.6421","reviewed_primary_task_function_edge"
"occ_13_1031_00","task_occ_13_1031_00_21438","fn_occ_13_1031_00_primary","delivers","0.9800","0.6924","0.5770","0.4774","0.4580","0.5412","src_role_function_seed_2026_03","0.6534","reviewed_primary_task_function_edge"
"occ_13_1031_00","task_occ_13_1031_00_21439","fn_occ_13_1031_00_primary","delivers","0.9800","0.6408","0.5370","0.4858","0.4880","0.5361","src_role_function_seed_2026_03","0.5417","reviewed_primary_task_function_edge"
"occ_13_1031_00","task_occ_13_1031_00_21440","fn_occ_13_1031_00_primary","delivers","0.9800","0.5883","0.4870","0.4233","0.4380","0.4908","src_role_function_seed_2026_03","0.5252","reviewed_primary_task_function_edge"
"occ_13_1031_00","task_occ_13_1031_00_21441","fn_occ_13_1031_00_primary","delivers","0.9800","0.5916","0.4870","0.4266","0.4380","0.4912","src_role_function_seed_2026_03","0.5252","reviewed_primary_task_function_edge"
"occ_13_1031_00","task_occ_13_1031_00_21442","fn_occ_13_1031_00_primary","delivers","0.9800","0.7076","0.5370","0.4826","0.4580","0.5428","src_role_function_seed_2026_03","0.6264","reviewed_primary_task_function_edge"
"occ_13_1031_00","task_occ_13_1031_00_21443","fn_occ_13_1031_00_primary","delivers","0.9800","0.7506","0.5370","0.5256","0.4580","0.5471","src_role_function_seed_2026_03","0.6484","reviewed_primary_task_function_edge"
"occ_13_1031_00","task_occ_13_1031_00_21444","fn_occ_13_1031_00_primary","delivers","0.9800","0.6251","0.5370","0.4701","0.4880","0.5345","src_role_function_seed_2026_03","0.5197","reviewed_primary_task_function_edge"
"occ_13_1031_00","task_occ_13_1031_00_21445","fn_occ_13_1031_00_primary","delivers","0.9800","0.8092","0.6170","0.5742","0.4980","0.6129","src_role_function_seed_2026_03","0.5882","reviewed_primary_task_function_edge"
"occ_13_1031_00","task_occ_13_1031_00_jd_clm_01","fn_occ_13_1031_00_primary","delivers","0.9800","0.7570","0.5870","0.5320","0.4580","0.5477","src_role_function_seed_2026_03","0.7774","reviewed_primary_task_function_edge"
"occ_13_1031_00","task_occ_13_1031_00_jd_clm_02","fn_occ_13_1031_00_primary","delivers","0.9800","0.8371","0.6920","0.6021","0.4980","0.6157","src_role_function_seed_2026_03","0.7216","reviewed_primary_task_function_edge"
"occ_13_1031_00","task_occ_13_1031_00_jd_clm_03","fn_occ_13_1031_00_primary","delivers","0.9800","0.7530","0.5370","0.5280","0.4580","0.5473","src_role_function_seed_2026_03","0.7870","reviewed_primary_task_function_edge"
"occ_13_1031_00","task_occ_13_1031_00_jd_clm_04","fn_occ_13_1031_00_primary","delivers","0.9800","0.6538","0.5370","0.4988","0.4880","0.5374","src_role_function_seed_2026_03","0.6581","reviewed_primary_task_function_edge"
"occ_13_1041_00","task_occ_13_1041_00_21446","fn_occ_13_1041_00_control_enablement","directly_supports","0.5047","0.6807","0.5967","0.6230","0.5755","0.5208","src_role_function_seed_2026_03|src_role_function_expansion_2026_03","0.6774","reviewed_multi_anchor_task_function_edge"
"occ_13_1041_00","task_occ_13_1041_00_21446","fn_occ_13_1041_00_primary","directly_supports","0.4953","0.7194","0.6388","0.6590","0.6345","0.6012","src_role_function_seed_2026_03|src_manual_role_graph_review_2026_03","0.6864","reviewed_primary_task_function_edge"
"occ_13_1041_00","task_occ_13_1041_00_21447","fn_occ_13_1041_00_control_enablement","directly_supports","0.5594","0.5568","0.5743","0.5501","0.6109","0.5166","src_role_function_seed_2026_03|src_role_function_expansion_2026_03","0.7679","reviewed_multi_anchor_task_function_edge"
"occ_13_1041_00","task_occ_13_1041_00_21447","fn_occ_13_1041_00_primary","directly_supports","0.4406","0.5573","0.5946","0.5861","0.6591","0.5768","src_role_function_seed_2026_03|src_manual_role_graph_review_2026_03","0.7769","reviewed_primary_task_function_edge"
"occ_13_1041_00","task_occ_13_1041_00_21448","fn_occ_13_1041_00_control_enablement","directly_supports","0.5157","0.7531","0.6378","0.7216","0.5766","0.5797","src_role_function_seed_2026_03|src_role_function_expansion_2026_03","0.6854","reviewed_multi_anchor_task_function_edge"
"occ_13_1041_00","task_occ_13_1041_00_21448","fn_occ_13_1041_00_primary","directly_supports","0.4843","0.7842","0.6755","0.7576","0.6334","0.6561","src_role_function_seed_2026_03|src_manual_role_graph_review_2026_03","0.6944","reviewed_primary_task_function_edge"
"occ_13_1041_00","task_occ_13_1041_00_21449","fn_occ_13_1041_00_control_enablement","directly_supports","0.4755","0.7363","0.6820","0.6788","0.6126","0.5820","src_role_function_seed_2026_03|src_role_function_expansion_2026_03","0.5988","reviewed_multi_anchor_task_function_edge"
"occ_13_1041_00","task_occ_13_1041_00_21449","fn_occ_13_1041_00_primary","directly_supports","0.5245","0.7954","0.7358","0.7148","0.6774","0.6732","src_role_function_seed_2026_03|src_manual_role_graph_review_2026_03","0.6078","reviewed_primary_task_function_edge"
"occ_13_1041_00","task_occ_13_1041_00_21450","fn_occ_13_1041_00_control_enablement","directly_supports","0.5609","0.5538","0.5746","0.5465","0.6111","0.5165","src_role_function_seed_2026_03|src_role_function_expansion_2026_03","0.7382","reviewed_multi_anchor_task_function_edge"
"occ_13_1041_00","task_occ_13_1041_00_21450","fn_occ_13_1041_00_primary","directly_supports","0.4391","0.5531","0.5943","0.5825","0.6589","0.5762","src_role_function_seed_2026_03|src_manual_role_graph_review_2026_03","0.7472","reviewed_primary_task_function_edge"
"occ_13_1041_00","task_occ_13_1041_00_21451","fn_occ_13_1041_00_control_enablement","directly_supports","0.5237","0.6808","0.5672","0.6165","0.5774","0.5236","src_role_function_seed_2026_03|src_role_function_expansion_2026_03","0.6774","reviewed_multi_anchor_task_function_edge"
"occ_13_1041_00","task_occ_13_1041_00_21451","fn_occ_13_1041_00_primary","directly_supports","0.4763","0.7062","0.6017","0.6525","0.6326","0.5971","src_role_function_seed_2026_03|src_manual_role_graph_review_2026_03","0.6864","reviewed_primary_task_function_edge"
"occ_13_1041_00","task_occ_13_1041_00_21452","fn_occ_13_1041_00_control_enablement","directly_supports","0.5416","0.6760","0.5597","0.6054","0.5792","0.5258","src_role_function_seed_2026_03|src_role_function_expansion_2026_03","0.6554","reviewed_multi_anchor_task_function_edge"
"occ_13_1041_00","task_occ_13_1041_00_21452","fn_occ_13_1041_00_primary","directly_supports","0.4584","0.6889","0.5870","0.6414","0.6308","0.5926","src_role_function_seed_2026_03|src_manual_role_graph_review_2026_03","0.6644","reviewed_primary_task_function_edge"
"occ_13_1041_00","task_occ_13_1041_00_21453","fn_occ_13_1041_00_control_enablement","directly_supports","0.4648","0.6076","0.6054","0.5639","0.5715","0.5075","src_role_function_seed_2026_03|src_role_function_expansion_2026_03","0.6857","reviewed_multi_anchor_task_function_edge"
"occ_13_1041_00","task_occ_13_1041_00_21453","fn_occ_13_1041_00_primary","directly_supports","0.5352","0.6743","0.6635","0.5999","0.6385","0.6027","src_role_function_seed_2026_03|src_manual_role_graph_review_2026_03","0.6946","reviewed_primary_task_function_edge"
"occ_13_1041_00","task_occ_13_1041_00_21454","fn_occ_13_1041_00_control_enablement","directly_supports","0.4651","0.6612","0.5966","0.6074","0.6515","0.5429","src_role_function_seed_2026_03|src_role_function_expansion_2026_03","0.6397","reviewed_multi_anchor_task_function_edge"
"occ_13_1041_00","task_occ_13_1041_00_21454","fn_occ_13_1041_00_primary","directly_supports","0.5349","0.7276","0.6545","0.6434","0.7185","0.6380","src_role_function_seed_2026_03|src_manual_role_graph_review_2026_03","0.6487","reviewed_primary_task_function_edge"
"occ_13_1041_00","task_occ_13_1041_00_21455","fn_occ_13_1041_00_control_enablement","supports","0.4466","0.6354","0.5373","0.5881","0.6497","0.5375","src_role_function_seed_2026_03|src_role_function_expansion_2026_03","0.6373","reviewed_multi_anchor_task_function_edge"
"occ_13_1041_00","task_occ_13_1041_00_21455","fn_occ_13_1041_00_primary","supports","0.5534","0.7148","0.6027","0.6241","0.7203","0.6395","src_role_function_seed_2026_03|src_manual_role_graph_review_2026_03","0.6462","reviewed_primary_task_function_edge"
"occ_13_1041_00","task_occ_13_1041_00_21456","fn_occ_13_1041_00_control_enablement","supports","0.4556","0.6557","0.5391","0.6052","0.6506","0.5409","src_role_function_seed_2026_03|src_role_function_expansion_2026_03","0.6397","reviewed_multi_anchor_task_function_edge"
"occ_13_1041_00","task_occ_13_1041_00_21456","fn_occ_13_1041_00_primary","supports","0.5444","0.7287","0.6009","0.6412","0.7194","0.6395","src_role_function_seed_2026_03|src_manual_role_graph_review_2026_03","0.6487","reviewed_primary_task_function_edge"
"occ_13_1041_00","task_occ_13_1041_00_21457","fn_occ_13_1041_00_control_enablement","supports","0.4192","0.4522","0.4741","0.4845","0.5469","0.4451","src_role_function_seed_2026_03|src_role_function_expansion_2026_03","0.7198","reviewed_multi_anchor_task_function_edge"
"occ_13_1041_00","task_occ_13_1041_00_21457","fn_occ_13_1041_00_primary","supports","0.5808","0.5508","0.5504","0.5205","0.6231","0.5572","src_role_function_seed_2026_03|src_manual_role_graph_review_2026_03","0.7288","reviewed_primary_task_function_edge"
"occ_13_1041_00","task_occ_13_1041_00_21458","fn_occ_13_1041_00_control_enablement","supports","0.4523","0.5811","0.6029","0.5418","0.5702","0.5030","src_role_function_seed_2026_03|src_role_function_expansion_2026_03","0.6956","reviewed_multi_anchor_task_function_edge"
"occ_13_1041_00","task_occ_13_1041_00_21458","fn_occ_13_1041_00_primary","supports","0.5477","0.6564","0.6660","0.5778","0.6398","0.6028","src_role_function_seed_2026_03|src_manual_role_graph_review_2026_03","0.7046","reviewed_primary_task_function_edge"
"occ_13_1041_00","task_occ_13_1041_00_21459","fn_occ_13_1041_00_control_enablement","supports","0.5576","0.6580","0.5295","0.5818","0.5808","0.5264","src_role_function_seed_2026_03|src_role_function_expansion_2026_03","0.6554","reviewed_multi_anchor_task_function_edge"
"occ_13_1041_00","task_occ_13_1041_00_21459","fn_occ_13_1041_00_primary","supports","0.4424","0.6597","0.5505","0.6178","0.6292","0.5873","src_role_function_seed_2026_03|src_manual_role_graph_review_2026_03","0.6644","reviewed_primary_task_function_edge"
"occ_13_1041_00","task_occ_13_1041_00_21460","fn_occ_13_1041_00_control_enablement","supports","0.4455","0.6329","0.5371","0.5859","0.6496","0.5371","src_role_function_seed_2026_03|src_role_function_expansion_2026_03","0.6719","reviewed_multi_anchor_task_function_edge"
"occ_13_1041_00","task_occ_13_1041_00_21460","fn_occ_13_1041_00_primary","supports","0.5545","0.7130","0.6029","0.6219","0.7204","0.6395","src_role_function_seed_2026_03|src_manual_role_graph_review_2026_03","0.6809","reviewed_primary_task_function_edge"
"occ_13_1041_00","task_occ_13_1041_00_21461","fn_occ_13_1041_00_control_enablement","supports","0.6081","0.5334","0.5396","0.5096","0.6158","0.5215","src_role_function_seed_2026_03|src_role_function_expansion_2026_03","0.7236","reviewed_multi_anchor_task_function_edge"
"occ_13_1041_00","task_occ_13_1041_00_21461","fn_occ_13_1041_00_primary","supports","0.3919","0.4998","0.5404","0.5456","0.6542","0.5638","src_role_function_seed_2026_03|src_manual_role_graph_review_2026_03","0.7326","reviewed_primary_task_function_edge"
"occ_13_1041_00","task_occ_13_1041_00_jd_co_01","fn_occ_13_1041_00_control_enablement","directly_supports","0.4949","0.7601","0.6970","0.6859","0.6545","0.6272","src_role_function_seed_2026_03|src_role_function_expansion_2026_03","0.7756","reviewed_multi_anchor_task_function_edge"
"occ_13_1041_00","task_occ_13_1041_00_jd_co_01","fn_occ_13_1041_00_primary","directly_supports","0.5051","0.8057","0.7430","0.7219","0.7155","0.7113","src_role_function_seed_2026_03|src_manual_role_graph_review_2026_03","0.7846","reviewed_primary_task_function_edge"
"occ_13_1041_00","task_occ_13_1041_00_jd_co_02","fn_occ_13_1041_00_control_enablement","directly_supports","0.4679","0.6701","0.6194","0.6153","0.6518","0.5442","src_role_function_seed_2026_03|src_role_function_expansion_2026_03","0.7756","reviewed_multi_anchor_task_function_edge"
"occ_13_1041_00","task_occ_13_1041_00_jd_co_02","fn_occ_13_1041_00_primary","directly_supports","0.5321","0.7345","0.6762","0.6513","0.7182","0.6383","src_role_function_seed_2026_03|src_manual_role_graph_review_2026_03","0.7846","reviewed_primary_task_function_edge"
"occ_13_1041_00","task_occ_13_1041_00_jd_co_03","fn_occ_13_1041_00_control_enablement","directly_supports","0.4742","0.7298","0.6706","0.6729","0.6124","0.5811","src_role_function_seed_2026_03|src_role_function_expansion_2026_03","0.7101","reviewed_multi_anchor_task_function_edge"
"occ_13_1041_00","task_occ_13_1041_00_jd_co_03","fn_occ_13_1041_00_primary","directly_supports","0.5258","0.7899","0.7249","0.7089","0.6776","0.6729","src_role_function_seed_2026_03|src_manual_role_graph_review_2026_03","0.7191","reviewed_primary_task_function_edge"
"occ_13_1041_00","task_occ_13_1041_00_jd_co_04","fn_occ_13_1041_00_control_enablement","directly_supports","0.5450","0.6801","0.5381","0.6083","0.5795","0.5268","src_role_function_seed_2026_03|src_role_function_expansion_2026_03","0.8160","reviewed_multi_anchor_task_function_edge"
"occ_13_1041_00","task_occ_13_1041_00_jd_co_04","fn_occ_13_1041_00_primary","directly_supports","0.4550","0.6906","0.5641","0.6443","0.6305","0.5923","src_role_function_seed_2026_03|src_manual_role_graph_review_2026_03","0.8250","reviewed_primary_task_function_edge"
"occ_13_1041_00","task_occ_13_1041_00_jd_co2_01","fn_occ_13_1041_00_control_enablement","supports","0.5799","0.5519","0.5340","0.5379","0.6130","0.5192","src_role_function_seed_2026_03|src_role_function_expansion_2026_03","0.8545","reviewed_multi_anchor_task_function_edge"
"occ_13_1041_00","task_occ_13_1041_00_jd_co2_01","fn_occ_13_1041_00_primary","supports","0.4201","0.5380","0.5460","0.5739","0.6570","0.5718","src_role_function_seed_2026_03|src_manual_role_graph_review_2026_03","0.8635","reviewed_primary_task_function_edge"
"occ_13_1041_00","task_occ_13_1041_00_jd_co2_02","fn_occ_13_1041_00_control_enablement","directly_supports","0.4720","0.7252","0.6257","0.6690","0.6122","0.5803","src_role_function_seed_2026_03|src_role_function_expansion_2026_03","0.7101","reviewed_multi_anchor_task_function_edge"
"occ_13_1041_00","task_occ_13_1041_00_jd_co2_02","fn_occ_13_1041_00_primary","directly_supports","0.5280","0.7868","0.6809","0.7050","0.6778","0.6729","src_role_function_seed_2026_03|src_manual_role_graph_review_2026_03","0.7191","reviewed_primary_task_function_edge"
"occ_13_1041_00","task_occ_13_1041_00_jd_co2_03","fn_occ_13_1041_00_control_enablement","directly_supports","0.5462","0.6780","0.5272","0.6059","0.5796","0.5267","src_role_function_seed_2026_03|src_role_function_expansion_2026_03","0.8160","reviewed_multi_anchor_task_function_edge"
"occ_13_1041_00","task_occ_13_1041_00_jd_co2_03","fn_occ_13_1041_00_primary","directly_supports","0.4538","0.6877","0.5528","0.6419","0.6304","0.5918","src_role_function_seed_2026_03|src_manual_role_graph_review_2026_03","0.8250","reviewed_primary_task_function_edge"
"occ_13_1041_00","task_occ_13_1041_00_jd_co2_04","fn_occ_13_1041_00_control_enablement","directly_supports","0.4825","0.7487","0.6834","0.6788","0.6532","0.6242","src_role_function_seed_2026_03|src_role_function_expansion_2026_03","0.7756","reviewed_multi_anchor_task_function_edge"
"occ_13_1041_00","task_occ_13_1041_00_jd_co2_04","fn_occ_13_1041_00_primary","directly_supports","0.5175","0.8029","0.7344","0.7148","0.7168","0.7129","src_role_function_seed_2026_03|src_manual_role_graph_review_2026_03","0.7846","reviewed_primary_task_function_edge"
"occ_13_1051_00","task_occ_13_1051_00_20846","fn_occ_13_1051_00_primary","delivers","0.9800","0.8275","0.6170","0.5925","0.4980","0.6147","src_role_function_seed_2026_03","0.6003","reviewed_primary_task_function_edge"
"occ_13_1051_00","task_occ_13_1051_00_80","fn_occ_13_1051_00_primary","delivers","0.9800","0.6552","0.5870","0.5002","0.4880","0.5375","src_role_function_seed_2026_03","0.6127","reviewed_primary_task_function_edge"
"occ_13_1051_00","task_occ_13_1051_00_81","fn_occ_13_1051_00_primary","delivers","0.9800","0.6760","0.6120","0.5010","0.4580","0.5396","src_role_function_seed_2026_03","0.6636","reviewed_primary_task_function_edge"
"occ_13_1051_00","task_occ_13_1051_00_82","fn_occ_13_1051_00_primary","delivers","0.9800","0.8329","0.6870","0.6379","0.4580","0.6053","src_role_function_seed_2026_03","0.5448","reviewed_primary_task_function_edge"
"occ_13_1051_00","task_occ_13_1051_00_83","fn_occ_13_1051_00_primary","delivers","0.9800","0.8282","0.6170","0.5932","0.4980","0.6148","src_role_function_seed_2026_03","0.6003","reviewed_primary_task_function_edge"
"occ_13_1051_00","task_occ_13_1051_00_84","fn_occ_13_1051_00_primary","delivers","0.9800","0.8246","0.6170","0.5896","0.4980","0.6145","src_role_function_seed_2026_03","0.6152","reviewed_primary_task_function_edge"
"occ_13_1051_00","task_occ_13_1051_00_85","fn_occ_13_1051_00_primary","delivers","0.9800","0.8246","0.6170","0.5896","0.4980","0.6145","src_role_function_seed_2026_03","0.6003","reviewed_primary_task_function_edge"
"occ_13_1051_00","task_occ_13_1051_00_86","fn_occ_13_1051_00_primary","delivers","0.9800","0.7720","0.6420","0.5370","0.5380","0.5792","src_role_function_seed_2026_03","0.6102","reviewed_primary_task_function_edge"
"occ_13_1051_00","task_occ_13_1051_00_87","fn_occ_13_1051_00_primary","delivers","0.9800","0.6265","0.5370","0.4715","0.4880","0.5347","src_role_function_seed_2026_03","0.6127","reviewed_primary_task_function_edge"
"occ_13_1051_00","task_occ_13_1051_00_88","fn_occ_13_1051_00_primary","delivers","0.9800","0.8207","0.6920","0.5757","0.5380","0.6541","src_role_function_seed_2026_03","0.6784","reviewed_primary_task_function_edge"
"occ_13_1051_00","task_occ_13_1051_00_89","fn_occ_13_1051_00_primary","delivers","0.9800","0.6309","0.5370","0.4759","0.4880","0.5351","src_role_function_seed_2026_03","0.6053","reviewed_primary_task_function_edge"
"occ_13_1051_00","task_occ_13_1051_00_90","fn_occ_13_1051_00_primary","delivers","0.9800","0.5998","0.5245","0.4348","0.4380","0.4920","src_role_function_seed_2026_03","0.6127","reviewed_primary_task_function_edge"
"occ_13_1051_00","task_occ_13_1051_00_91","fn_occ_13_1051_00_primary","delivers","0.9800","0.6659","0.6120","0.4909","0.4580","0.5386","src_role_function_seed_2026_03","0.6636","reviewed_primary_task_function_edge"
"occ_13_1051_00","task_occ_13_1051_00_92","fn_occ_13_1051_00_primary","delivers","0.9800","0.6194","0.5370","0.4644","0.4880","0.5339","src_role_function_seed_2026_03","0.6053","reviewed_primary_task_function_edge"
"occ_13_1051_00","task_occ_13_1051_00_jd_est_01","fn_occ_13_1051_00_primary","delivers","0.9800","0.7537","0.6520","0.5387","0.4580","0.5474","src_role_function_seed_2026_03","0.7216","reviewed_primary_task_function_edge"
"occ_13_1051_00","task_occ_13_1051_00_jd_est_02","fn_occ_13_1051_00_primary","delivers","0.9800","0.8393","0.7045","0.6043","0.4980","0.6159","src_role_function_seed_2026_03","0.7216","reviewed_primary_task_function_edge"
"occ_13_1051_00","task_occ_13_1051_00_jd_est_03","fn_occ_13_1051_00_primary","delivers","0.9800","0.6445","0.5370","0.4895","0.4880","0.5364","src_role_function_seed_2026_03","0.7216","reviewed_primary_task_function_edge"
"occ_13_1051_00","task_occ_13_1051_00_jd_est_04","fn_occ_13_1051_00_primary","delivers","0.9800","0.7727","0.6370","0.5477","0.4580","0.5493","src_role_function_seed_2026_03","0.7216","reviewed_primary_task_function_edge"
"occ_13_1051_00","task_occ_13_1051_00_jd_est2_01","fn_occ_13_1051_00_primary","delivers","0.9800","0.6463","0.5870","0.4913","0.4880","0.5366","src_role_function_seed_2026_03","0.7216","reviewed_primary_task_function_edge"
"occ_13_1051_00","task_occ_13_1051_00_jd_est2_02","fn_occ_13_1051_00_primary","delivers","0.9800","0.8389","0.7045","0.6039","0.4980","0.6159","src_role_function_seed_2026_03","0.7216","reviewed_primary_task_function_edge"
"occ_13_1051_00","task_occ_13_1051_00_jd_est2_03","fn_occ_13_1051_00_primary","delivers","0.9800","0.7933","0.6420","0.5583","0.5380","0.5813","src_role_function_seed_2026_03","0.7216","reviewed_primary_task_function_edge"
"occ_13_1051_00","task_occ_13_1051_00_jd_est2_04","fn_occ_13_1051_00_primary","delivers","0.9800","0.6402","0.5545","0.4852","0.4580","0.5360","src_role_function_seed_2026_03","0.7216","reviewed_primary_task_function_edge"
"occ_13_1071_00","task_occ_13_1071_00_18852","fn_occ_13_1071_00_people_advisory","directly_supports","0.5471","0.7044","0.5894","0.7349","0.4147","0.5795","src_role_function_seed_2026_03|src_role_function_expansion_2026_03","0.8353","reviewed_multi_anchor_task_function_edge"
"occ_13_1071_00","task_occ_13_1071_00_18852","fn_occ_13_1071_00_primary","directly_supports","0.4529","0.6745","0.5046","0.7229","0.4503","0.5494","src_role_function_seed_2026_03","0.7812","reviewed_primary_task_function_edge"
"occ_13_1071_00","task_occ_13_1071_00_18853","fn_occ_13_1071_00_people_advisory","directly_supports","0.4676","0.5716","0.6535","0.5900","0.4068","0.5043","src_role_function_seed_2026_03|src_role_function_expansion_2026_03","0.8487","reviewed_multi_anchor_task_function_edge"
"occ_13_1071_00","task_occ_13_1071_00_18853","fn_occ_13_1071_00_primary","directly_supports","0.5324","0.5973","0.6005","0.5780","0.4582","0.5036","src_role_function_seed_2026_03","0.7947","reviewed_primary_task_function_edge"
"occ_13_1071_00","task_occ_13_1071_00_18854","fn_occ_13_1071_00_people_advisory","directly_supports","0.5492","0.6972","0.5898","0.7270","0.4149","0.5791","src_role_function_seed_2026_03|src_role_function_expansion_2026_03","0.8353","reviewed_multi_anchor_task_function_edge"
"occ_13_1071_00","task_occ_13_1071_00_18854","fn_occ_13_1071_00_primary","directly_supports","0.4508","0.6658","0.5042","0.7150","0.4501","0.5482","src_role_function_seed_2026_03","0.7812","reviewed_primary_task_function_edge"
"occ_13_1071_00","task_occ_13_1071_00_18855","fn_occ_13_1071_00_people_advisory","supports","0.4432","0.5829","0.5586","0.5897","0.4843","0.5318","src_role_function_seed_2026_03|src_role_function_expansion_2026_03","0.8229","reviewed_multi_anchor_task_function_edge"
"occ_13_1071_00","task_occ_13_1071_00_18855","fn_occ_13_1071_00_primary","supports","0.5568","0.6256","0.5154","0.5777","0.5407","0.5401","src_role_function_seed_2026_03","0.7689","reviewed_primary_task_function_edge"
"occ_13_1071_00","task_occ_13_1071_00_18856","fn_occ_13_1071_00_people_advisory","directly_supports","0.4708","0.7117","0.6142","0.6989","0.4871","0.6188","src_role_function_seed_2026_03|src_role_function_expansion_2026_03","0.7756","reviewed_multi_anchor_task_function_edge"
"occ_13_1071_00","task_occ_13_1071_00_18856","fn_occ_13_1071_00_primary","directly_supports","0.5292","0.7351","0.5598","0.6869","0.5379","0.6169","src_role_function_seed_2026_03","0.7216","reviewed_primary_task_function_edge"
"occ_13_1071_00","task_occ_13_1071_00_18857","fn_occ_13_1071_00_people_advisory","directly_supports","0.5348","0.7112","0.6070","0.7460","0.4135","0.5783","src_role_function_seed_2026_03|src_role_function_expansion_2026_03","0.8353","reviewed_multi_anchor_task_function_edge"
"occ_13_1071_00","task_occ_13_1071_00_18857","fn_occ_13_1071_00_primary","directly_supports","0.4652","0.6898","0.5270","0.7340","0.4515","0.5528","src_role_function_seed_2026_03","0.7812","reviewed_primary_task_function_edge"
"occ_13_1071_00","task_occ_13_1071_00_18858","fn_occ_13_1071_00_people_advisory","directly_supports","0.4751","0.7204","0.6950","0.7061","0.4875","0.6203","src_role_function_seed_2026_03|src_role_function_expansion_2026_03","0.7756","reviewed_multi_anchor_task_function_edge"
"occ_13_1071_00","task_occ_13_1071_00_18858","fn_occ_13_1071_00_primary","directly_supports","0.5249","0.7408","0.6390","0.6941","0.5375","0.6168","src_role_function_seed_2026_03","0.7216","reviewed_primary_task_function_edge"
"occ_13_1071_00","task_occ_13_1071_00_18859","fn_occ_13_1071_00_people_advisory","directly_supports","0.4547","0.4738","0.5209","0.5467","0.3855","0.4526","src_role_function_seed_2026_03|src_role_function_expansion_2026_03","0.7756","reviewed_multi_anchor_task_function_edge"
"occ_13_1071_00","task_occ_13_1071_00_18859","fn_occ_13_1071_00_primary","directly_supports","0.5453","0.5085","0.4731","0.5347","0.4395","0.4567","src_role_function_seed_2026_03","0.7216","reviewed_primary_task_function_edge"
"occ_13_1071_00","task_occ_13_1071_00_18860","fn_occ_13_1071_00_people_advisory","directly_supports","0.5474","0.7035","0.5895","0.7339","0.4147","0.5795","src_role_function_seed_2026_03|src_role_function_expansion_2026_03","0.8353","reviewed_multi_anchor_task_function_edge"
"occ_13_1071_00","task_occ_13_1071_00_18860","fn_occ_13_1071_00_primary","directly_supports","0.4526","0.6733","0.5045","0.7219","0.4503","0.5492","src_role_function_seed_2026_03","0.7812","reviewed_primary_task_function_edge"
"occ_13_1071_00","task_occ_13_1071_00_18861","fn_occ_13_1071_00_people_advisory","directly_supports","0.5183","0.7194","0.6737","0.7000","0.4518","0.5867","src_role_function_seed_2026_03|src_role_function_expansion_2026_03","0.8410","reviewed_multi_anchor_task_function_edge"
"occ_13_1071_00","task_occ_13_1071_00_18861","fn_occ_13_1071_00_primary","directly_supports","0.4817","0.7096","0.6003","0.6880","0.4932","0.5672","src_role_function_seed_2026_03","0.7870","reviewed_primary_task_function_edge"
"occ_13_1071_00","task_occ_13_1071_00_18862","fn_occ_13_1071_00_people_advisory","directly_supports","0.5357","0.7111","0.6071","0.7456","0.4136","0.5785","src_role_function_seed_2026_03|src_role_function_expansion_2026_03","0.8353","reviewed_multi_anchor_task_function_edge"
"occ_13_1071_00","task_occ_13_1071_00_18862","fn_occ_13_1071_00_primary","directly_supports","0.4643","0.6891","0.5269","0.7336","0.4514","0.5526","src_role_function_seed_2026_03","0.7812","reviewed_primary_task_function_edge"
"occ_13_1071_00","task_occ_13_1071_00_18863","fn_occ_13_1071_00_people_advisory","supports","0.4425","0.4824","0.5785","0.5695","0.4343","0.4916","src_role_function_seed_2026_03|src_role_function_expansion_2026_03","0.7121","reviewed_multi_anchor_task_function_edge"
"occ_13_1071_00","task_occ_13_1071_00_18863","fn_occ_13_1071_00_primary","supports","0.5575","0.5257","0.5355","0.5575","0.4907","0.5002","src_role_function_seed_2026_03","0.6581","reviewed_primary_task_function_edge"
"occ_13_1071_00","task_occ_13_1071_00_18864","fn_occ_13_1071_00_people_advisory","directly_supports","0.4668","0.6111","0.6334","0.6197","0.4067","0.5081","src_role_function_seed_2026_03|src_role_function_expansion_2026_03","0.8025","reviewed_multi_anchor_task_function_edge"
"occ_13_1071_00","task_occ_13_1071_00_18864","fn_occ_13_1071_00_primary","directly_supports","0.5332","0.6374","0.5806","0.6077","0.4583","0.5077","src_role_function_seed_2026_03","0.7485","reviewed_primary_task_function_edge"
"occ_13_1071_00","task_occ_13_1071_00_18865","fn_occ_13_1071_00_people_advisory","directly_supports","0.4684","0.6174","0.6337","0.6255","0.4068","0.5090","src_role_function_seed_2026_03|src_role_function_expansion_2026_03","0.8025","reviewed_multi_anchor_task_function_edge"
"occ_13_1071_00","task_occ_13_1071_00_18865","fn_occ_13_1071_00_primary","directly_supports","0.5316","0.6425","0.5803","0.6135","0.4582","0.5080","src_role_function_seed_2026_03","0.7485","reviewed_primary_task_function_edge"
"occ_13_1071_00","task_occ_13_1071_00_18866","fn_occ_13_1071_00_people_advisory","supports","0.4487","0.4948","0.5797","0.5797","0.4349","0.4938","src_role_function_seed_2026_03|src_role_function_expansion_2026_03","0.7121","reviewed_multi_anchor_task_function_edge"
"occ_13_1071_00","task_occ_13_1071_00_18866","fn_occ_13_1071_00_primary","supports","0.5513","0.5337","0.5343","0.5677","0.4901","0.5001","src_role_function_seed_2026_03","0.6581","reviewed_primary_task_function_edge"
"occ_13_1071_00","task_occ_13_1071_00_18867","fn_occ_13_1071_00_people_advisory","directly_supports","0.5487","0.7069","0.6297","0.6768","0.4549","0.5900","src_role_function_seed_2026_03|src_role_function_expansion_2026_03","0.8410","reviewed_multi_anchor_task_function_edge"
"occ_13_1071_00","task_occ_13_1071_00_18867","fn_occ_13_1071_00_primary","directly_supports","0.4513","0.6758","0.5443","0.6648","0.4901","0.5593","src_role_function_seed_2026_03","0.7870","reviewed_primary_task_function_edge"
"occ_13_1071_00","task_occ_13_1071_00_18868","fn_occ_13_1071_00_people_advisory","directly_supports","0.4679","0.6276","0.6236","0.6259","0.4868","0.5399","src_role_function_seed_2026_03|src_role_function_expansion_2026_03","0.8449","reviewed_multi_anchor_task_function_edge"
"occ_13_1071_00","task_occ_13_1071_00_18868","fn_occ_13_1071_00_primary","directly_supports","0.5321","0.6531","0.5704","0.6139","0.5382","0.5391","src_role_function_seed_2026_03","0.7909","reviewed_primary_task_function_edge"
"occ_13_1071_00","task_occ_13_1071_00_18869","fn_occ_13_1071_00_people_advisory","supports","0.4305","0.4584","0.5361","0.5497","0.4031","0.4874","src_role_function_seed_2026_03|src_role_function_expansion_2026_03","0.7921","reviewed_multi_anchor_task_function_edge"
"occ_13_1071_00","task_occ_13_1071_00_18869","fn_occ_13_1071_00_primary","supports","0.5695","0.5100","0.4979","0.5377","0.4619","0.5004","src_role_function_seed_2026_03","0.7381","reviewed_primary_task_function_edge"
"occ_13_1071_00","task_occ_13_1071_00_18870","fn_occ_13_1071_00_people_advisory","directly_supports","0.5467","0.6563","0.6093","0.6369","0.4147","0.5246","src_role_function_seed_2026_03|src_role_function_expansion_2026_03","0.7313","reviewed_multi_anchor_task_function_edge"
"occ_13_1071_00","task_occ_13_1071_00_18870","fn_occ_13_1071_00_primary","directly_supports","0.4533","0.6266","0.5247","0.6249","0.4503","0.4946","src_role_function_seed_2026_03","0.6773","reviewed_primary_task_function_edge"
"occ_13_1071_00","task_occ_13_1071_00_18871","fn_occ_13_1071_00_people_advisory","directly_supports","0.5106","0.7167","0.6921","0.7000","0.4511","0.5853","src_role_function_seed_2026_03|src_role_function_expansion_2026_03","0.8410","reviewed_multi_anchor_task_function_edge"
"occ_13_1071_00","task_occ_13_1071_00_18871","fn_occ_13_1071_00_primary","directly_supports","0.4894","0.7123","0.6219","0.6880","0.4939","0.5686","src_role_function_seed_2026_03","0.7870","reviewed_primary_task_function_edge"
"occ_13_1071_00","task_occ_13_1071_00_18872","fn_occ_13_1071_00_people_advisory","directly_supports","0.5363","0.7189","0.6473","0.6932","0.4536","0.5893","src_role_function_seed_2026_03|src_role_function_expansion_2026_03","0.8410","reviewed_multi_anchor_task_function_edge"
"occ_13_1071_00","task_occ_13_1071_00_18872","fn_occ_13_1071_00_primary","directly_supports","0.4637","0.6965","0.5667","0.6812","0.4914","0.5632","src_role_function_seed_2026_03","0.7870","reviewed_primary_task_function_edge"
"occ_13_1071_00","task_occ_13_1071_00_18873","fn_occ_13_1071_00_people_advisory","supports","0.5614","0.6346","0.5923","0.6101","0.4161","0.5247","src_role_function_seed_2026_03|src_role_function_expansion_2026_03","0.7093","reviewed_multi_anchor_task_function_edge"
"occ_13_1071_00","task_occ_13_1071_00_18873","fn_occ_13_1071_00_primary","supports","0.4386","0.5946","0.5017","0.5981","0.4489","0.4893","src_role_function_seed_2026_03","0.6553","reviewed_primary_task_function_edge"
"occ_13_1071_00","task_occ_13_1071_00_18874","fn_occ_13_1071_00_people_advisory","supports","0.4480","0.5916","0.5596","0.5968","0.4848","0.5334","src_role_function_seed_2026_03|src_role_function_expansion_2026_03","0.8229","reviewed_multi_anchor_task_function_edge"
"occ_13_1071_00","task_occ_13_1071_00_18874","fn_occ_13_1071_00_primary","supports","0.5520","0.6310","0.5144","0.5848","0.5402","0.5399","src_role_function_seed_2026_03","0.7689","reviewed_primary_task_function_edge"
"occ_13_1071_00","task_occ_13_1071_00_18875","fn_occ_13_1071_00_people_advisory","supports","0.4064","0.5556","0.5513","0.5754","0.4806","0.5235","src_role_function_seed_2026_03|src_role_function_expansion_2026_03","0.8229","reviewed_multi_anchor_task_function_edge"
"occ_13_1071_00","task_occ_13_1071_00_18875","fn_occ_13_1071_00_primary","supports","0.5936","0.6241","0.5227","0.5634","0.5444","0.5455","src_role_function_seed_2026_03","0.7689","reviewed_primary_task_function_edge"
"occ_13_1071_00","task_occ_13_1071_00_18876","fn_occ_13_1071_00_people_advisory","supports","0.4589","0.6040","0.6218","0.6054","0.4859","0.5362","src_role_function_seed_2026_03|src_role_function_expansion_2026_03","0.8229","reviewed_multi_anchor_task_function_edge"
"occ_13_1071_00","task_occ_13_1071_00_18876","fn_occ_13_1071_00_primary","supports","0.5411","0.6358","0.5722","0.5934","0.5391","0.5387","src_role_function_seed_2026_03","0.7689","reviewed_primary_task_function_edge"
"occ_13_1071_00","task_occ_13_1071_00_21097","fn_occ_13_1071_00_people_advisory","supports","0.4195","0.4532","0.5039","0.5483","0.4020","0.4852","src_role_function_seed_2026_03|src_role_function_expansion_2026_03","0.7921","reviewed_multi_anchor_task_function_edge"
"occ_13_1071_00","task_occ_13_1071_00_21097","fn_occ_13_1071_00_primary","supports","0.5805","0.5125","0.4701","0.5363","0.4630","0.5023","src_role_function_seed_2026_03","0.7381","reviewed_primary_task_function_edge"
"occ_13_1071_00","task_occ_13_1071_00_jd_hr_01","fn_occ_13_1071_00_people_advisory","directly_supports","0.5336","0.7206","0.6467","0.6959","0.4534","0.5891","src_role_function_seed_2026_03|src_role_function_expansion_2026_03","0.8410","reviewed_multi_anchor_task_function_edge"
"occ_13_1071_00","task_occ_13_1071_00_jd_hr_01","fn_occ_13_1071_00_primary","directly_supports","0.4664","0.7001","0.5673","0.6839","0.4916","0.5640","src_role_function_seed_2026_03","0.7870","reviewed_primary_task_function_edge"
"occ_13_1071_00","task_occ_13_1071_00_jd_hr_02","fn_occ_13_1071_00_people_advisory","supports","0.4453","0.4803","0.5491","0.5665","0.4045","0.4918","src_role_function_seed_2026_03|src_role_function_expansion_2026_03","0.8141","reviewed_multi_anchor_task_function_edge"
"occ_13_1071_00","task_occ_13_1071_00_jd_hr_02","fn_occ_13_1071_00_primary","supports","0.5547","0.5217","0.5049","0.5545","0.4605","0.4994","src_role_function_seed_2026_03","0.7601","reviewed_primary_task_function_edge"
"occ_13_1071_00","task_occ_13_1071_00_jd_hr_03","fn_occ_13_1071_00_people_advisory","directly_supports","0.5346","0.6578","0.6469","0.6427","0.4135","0.5230","src_role_function_seed_2026_03|src_role_function_expansion_2026_03","0.7313","reviewed_multi_anchor_task_function_edge"
"occ_13_1071_00","task_occ_13_1071_00_jd_hr_03","fn_occ_13_1071_00_primary","directly_supports","0.4654","0.6366","0.5671","0.6307","0.4515","0.4975","src_role_function_seed_2026_03","0.6773","reviewed_primary_task_function_edge"
"occ_13_1071_00","task_occ_13_1071_00_jd_hr_04","fn_occ_13_1071_00_people_advisory","directly_supports","0.4759","0.7244","0.7052","0.7099","0.4876","0.6208","src_role_function_seed_2026_03|src_role_function_expansion_2026_03","0.7756","reviewed_multi_anchor_task_function_edge"
"occ_13_1071_00","task_occ_13_1071_00_jd_hr_04","fn_occ_13_1071_00_primary","directly_supports","0.5241","0.7443","0.6488","0.6979","0.5374","0.6170","src_role_function_seed_2026_03","0.7216","reviewed_primary_task_function_edge"
"occ_13_1081_00","task_occ_13_1081_00_20847","fn_occ_13_1081_00_primary","delivers","0.9800","0.8708","0.6170","0.6258","0.5380","0.6591","src_role_function_seed_2026_03","0.6350","reviewed_primary_task_function_edge"
"occ_13_1081_00","task_occ_13_1081_00_8932","fn_occ_13_1081_00_primary","delivers","0.9800","0.8570","0.6620","0.6620","0.4580","0.6077","src_role_function_seed_2026_03","0.5448","reviewed_primary_task_function_edge"
"occ_13_1081_00","task_occ_13_1081_00_8933","fn_occ_13_1081_00_primary","delivers","0.9800","0.8570","0.6620","0.6620","0.4580","0.6077","src_role_function_seed_2026_03","0.5448","reviewed_primary_task_function_edge"
"occ_13_1081_00","task_occ_13_1081_00_8934","fn_occ_13_1081_00_primary","delivers","0.9800","0.8709","0.6837","0.6259","0.5380","0.6591","src_role_function_seed_2026_03","0.6053","reviewed_primary_task_function_edge"
"occ_13_1081_00","task_occ_13_1081_00_8935","fn_occ_13_1081_00_primary","delivers","0.9800","0.8324","0.5870","0.6374","0.4580","0.6052","src_role_function_seed_2026_03","0.5448","reviewed_primary_task_function_edge"
"occ_13_1081_00","task_occ_13_1081_00_8936","fn_occ_13_1081_00_primary","delivers","0.9800","0.7578","0.6287","0.5328","0.4580","0.5478","src_role_function_seed_2026_03","0.6273","reviewed_primary_task_function_edge"
"occ_13_1081_00","task_occ_13_1081_00_8937","fn_occ_13_1081_00_primary","delivers","0.9800","0.8353","0.5870","0.6403","0.4580","0.6055","src_role_function_seed_2026_03","0.5448","reviewed_primary_task_function_edge"
"occ_13_1081_00","task_occ_13_1081_00_8938","fn_occ_13_1081_00_primary","delivers","0.9800","0.6608","0.6037","0.4858","0.4580","0.5381","src_role_function_seed_2026_03","0.6770","reviewed_primary_task_function_edge"
"occ_13_1081_00","task_occ_13_1081_00_8939","fn_occ_13_1081_00_primary","delivers","0.9800","0.6258","0.5587","0.4708","0.4580","0.5346","src_role_function_seed_2026_03","0.6685","reviewed_primary_task_function_edge"
"occ_13_1081_00","task_occ_13_1081_00_8940","fn_occ_13_1081_00_primary","delivers","0.9800","0.6373","0.5870","0.4823","0.4880","0.5357","src_role_function_seed_2026_03","0.6592","reviewed_primary_task_function_edge"
"occ_13_1081_00","task_occ_13_1081_00_8941","fn_occ_13_1081_00_primary","delivers","0.9800","0.7392","0.6270","0.5242","0.4580","0.5459","src_role_function_seed_2026_03","0.6391","reviewed_primary_task_function_edge"
"occ_13_1081_00","task_occ_13_1081_00_8942","fn_occ_13_1081_00_primary","delivers","0.9800","0.8442","0.5870","0.6492","0.4580","0.6064","src_role_function_seed_2026_03","0.5596","reviewed_primary_task_function_edge"
"occ_13_1081_00","task_occ_13_1081_00_8943","fn_occ_13_1081_00_primary","delivers","0.9800","0.6409","0.5870","0.4859","0.4880","0.5361","src_role_function_seed_2026_03","0.6666","reviewed_primary_task_function_edge"
"occ_13_1081_00","task_occ_13_1081_00_8944","fn_occ_13_1081_00_primary","delivers","0.9800","0.8251","0.7170","0.5901","0.4980","0.6145","src_role_function_seed_2026_03","0.6501","reviewed_primary_task_function_edge"
"occ_13_1081_00","task_occ_13_1081_00_8945","fn_occ_13_1081_00_primary","delivers","0.9800","0.7339","0.5770","0.5189","0.4580","0.5454","src_role_function_seed_2026_03","0.6391","reviewed_primary_task_function_edge"
"occ_13_1081_00","task_occ_13_1081_00_8946","fn_occ_13_1081_00_primary","delivers","0.9800","0.7634","0.6253","0.5284","0.5380","0.5783","src_role_function_seed_2026_03","0.6102","reviewed_primary_task_function_edge"
"occ_13_1081_00","task_occ_13_1081_00_8947","fn_occ_13_1081_00_primary","delivers","0.9800","0.6493","0.5370","0.4743","0.4580","0.5369","src_role_function_seed_2026_03","0.6770","reviewed_primary_task_function_edge"
"occ_13_1081_00","task_occ_13_1081_00_8948","fn_occ_13_1081_00_primary","delivers","0.9800","0.6137","0.5120","0.4487","0.4380","0.4934","src_role_function_seed_2026_03","0.5838","reviewed_primary_task_function_edge"
"occ_13_1081_00","task_occ_13_1081_00_8949","fn_occ_13_1081_00_primary","delivers","0.9800","0.6680","0.6037","0.4930","0.4580","0.5388","src_role_function_seed_2026_03","0.6745","reviewed_primary_task_function_edge"
"occ_13_1081_00","task_occ_13_1081_00_8950","fn_occ_13_1081_00_primary","delivers","0.9800","0.7792","0.6253","0.5442","0.5380","0.5799","src_role_function_seed_2026_03","0.6102","reviewed_primary_task_function_edge"
"occ_13_1081_00","task_occ_13_1081_00_8951","fn_occ_13_1081_00_primary","delivers","0.9800","0.7395","0.5370","0.5145","0.4580","0.5459","src_role_function_seed_2026_03","0.6570","reviewed_primary_task_function_edge"
"occ_13_1081_00","task_occ_13_1081_00_8952","fn_occ_13_1081_00_primary","delivers","0.9800","0.7400","0.5770","0.5250","0.4580","0.5460","src_role_function_seed_2026_03","0.6391","reviewed_primary_task_function_edge"
"occ_13_1081_00","task_occ_13_1081_00_jd_log_01","fn_occ_13_1081_00_primary","delivers","0.9800","0.7661","0.6370","0.5411","0.4580","0.5486","src_role_function_seed_2026_03","0.7659","reviewed_primary_task_function_edge"
"occ_13_1081_00","task_occ_13_1081_00_jd_log_02","fn_occ_13_1081_00_primary","delivers","0.9800","0.8709","0.6837","0.6259","0.5380","0.6591","src_role_function_seed_2026_03","0.7216","reviewed_primary_task_function_edge"
"occ_13_1081_00","task_occ_13_1081_00_jd_log_03","fn_occ_13_1081_00_primary","delivers","0.9800","0.7547","0.6353","0.5397","0.4580","0.5475","src_role_function_seed_2026_03","0.7505","reviewed_primary_task_function_edge"
"occ_13_1081_00","task_occ_13_1081_00_jd_log_04","fn_occ_13_1081_00_primary","delivers","0.9800","0.8371","0.7170","0.6021","0.4980","0.6157","src_role_function_seed_2026_03","0.7466","reviewed_primary_task_function_edge"
"occ_13_1082_00","task_occ_13_1082_00_21462","fn_occ_13_1082_00_primary","delivers","0.9800","0.6288","0.6524","0.5168","0.3530","0.6259","src_role_function_seed_2026_03|src_manual_role_graph_review_2026_03","0.6462","reviewed_primary_task_function_edge"
"occ_13_1082_00","task_occ_13_1082_00_21463","fn_occ_13_1082_00_primary","directly_supports","0.4519","0.6482","0.6622","0.6811","0.3002","0.5986","src_role_function_seed_2026_03|src_manual_role_graph_review_2026_03","0.6809","reviewed_primary_task_function_edge"
"occ_13_1082_00","task_occ_13_1082_00_21463","fn_occ_13_1082_00_stakeholder_alignment","directly_supports","0.5481","0.6629","0.6704","0.6931","0.2648","0.5755","src_role_function_seed_2026_03|src_role_function_expansion_2026_03","0.6719","reviewed_multi_anchor_task_function_edge"
"occ_13_1082_00","task_occ_13_1082_00_21464","fn_occ_13_1082_00_primary","supports","0.4443","0.6072","0.6052","0.6627","0.2994","0.5934","src_role_function_seed_2026_03|src_manual_role_graph_review_2026_03","0.7013","reviewed_primary_task_function_edge"
"occ_13_1082_00","task_occ_13_1082_00_21464","fn_occ_13_1082_00_stakeholder_alignment","supports","0.5557","0.6272","0.6165","0.6747","0.2656","0.5731","src_role_function_seed_2026_03|src_role_function_expansion_2026_03","0.6923","reviewed_multi_anchor_task_function_edge"
"occ_13_1082_00","task_occ_13_1082_00_21465","fn_occ_13_1082_00_primary","directly_supports","0.4519","0.6482","0.6622","0.6811","0.3002","0.5986","src_role_function_seed_2026_03|src_manual_role_graph_review_2026_03","0.7032","reviewed_primary_task_function_edge"
"occ_13_1082_00","task_occ_13_1082_00_21465","fn_occ_13_1082_00_stakeholder_alignment","directly_supports","0.5481","0.6629","0.6704","0.6931","0.2648","0.5755","src_role_function_seed_2026_03|src_role_function_expansion_2026_03","0.6942","reviewed_multi_anchor_task_function_edge"
"occ_13_1082_00","task_occ_13_1082_00_21466","fn_occ_13_1082_00_primary","supports","0.5523","0.5193","0.6141","0.5370","0.3102","0.5508","src_role_function_seed_2026_03|src_manual_role_graph_review_2026_03","0.6487","reviewed_primary_task_function_edge"
"occ_13_1082_00","task_occ_13_1082_00_21466","fn_occ_13_1082_00_stakeholder_alignment","supports","0.4477","0.4636","0.5822","0.5490","0.2548","0.4905","src_role_function_seed_2026_03|src_role_function_expansion_2026_03","0.6397","reviewed_multi_anchor_task_function_edge"
"occ_13_1082_00","task_occ_13_1082_00_21467","fn_occ_13_1082_00_primary","supports","0.5529","0.6023","0.6079","0.5598","0.3903","0.5892","src_role_function_seed_2026_03|src_manual_role_graph_review_2026_03","0.7205","reviewed_primary_task_function_edge"
"occ_13_1082_00","task_occ_13_1082_00_21467","fn_occ_13_1082_00_stakeholder_alignment","supports","0.4471","0.5463","0.5757","0.5718","0.3347","0.5287","src_role_function_seed_2026_03|src_role_function_expansion_2026_03","0.7115","reviewed_multi_anchor_task_function_edge"
"occ_13_1082_00","task_occ_13_1082_00_21468","fn_occ_13_1082_00_primary","supports","0.5529","0.6023","0.6079","0.5598","0.3903","0.5892","src_role_function_seed_2026_03|src_manual_role_graph_review_2026_03","0.7205","reviewed_primary_task_function_edge"
"occ_13_1082_00","task_occ_13_1082_00_21468","fn_occ_13_1082_00_stakeholder_alignment","supports","0.4471","0.5463","0.5757","0.5718","0.3347","0.5287","src_role_function_seed_2026_03|src_role_function_expansion_2026_03","0.7115","reviewed_multi_anchor_task_function_edge"
"occ_13_1082_00","task_occ_13_1082_00_21469","fn_occ_13_1082_00_primary","supports","0.4514","0.5850","0.6303","0.5880","0.3001","0.5422","src_role_function_seed_2026_03|src_manual_role_graph_review_2026_03","0.6663","reviewed_primary_task_function_edge"
"occ_13_1082_00","task_occ_13_1082_00_21469","fn_occ_13_1082_00_stakeholder_alignment","supports","0.5486","0.6000","0.6387","0.6000","0.2649","0.5193","src_role_function_seed_2026_03|src_role_function_expansion_2026_03","0.6573","reviewed_multi_anchor_task_function_edge"
"occ_13_1082_00","task_occ_13_1082_00_21470","fn_occ_13_1082_00_primary","supports","0.4431","0.5821","0.5286","0.5880","0.2993","0.5407","src_role_function_seed_2026_03|src_manual_role_graph_review_2026_03","0.6663","reviewed_primary_task_function_edge"
"occ_13_1082_00","task_occ_13_1082_00_21470","fn_occ_13_1082_00_stakeholder_alignment","supports","0.5569","0.6029","0.5404","0.6000","0.2657","0.5208","src_role_function_seed_2026_03|src_role_function_expansion_2026_03","0.6573","reviewed_multi_anchor_task_function_edge"
"occ_13_1082_00","task_occ_13_1082_00_21471","fn_occ_13_1082_00_primary","supports","0.4431","0.5821","0.5286","0.5880","0.2993","0.5407","src_role_function_seed_2026_03|src_manual_role_graph_review_2026_03","0.6663","reviewed_primary_task_function_edge"
"occ_13_1082_00","task_occ_13_1082_00_21471","fn_occ_13_1082_00_stakeholder_alignment","supports","0.5569","0.6029","0.5404","0.6000","0.2657","0.5208","src_role_function_seed_2026_03|src_role_function_expansion_2026_03","0.6573","reviewed_multi_anchor_task_function_edge"
"occ_13_1082_00","task_occ_13_1082_00_21472","fn_occ_13_1082_00_primary","directly_supports","0.4455","0.6460","0.5791","0.6811","0.2995","0.5974","src_role_function_seed_2026_03|src_manual_role_graph_review_2026_03","0.6809","reviewed_primary_task_function_edge"
"occ_13_1082_00","task_occ_13_1082_00_21472","fn_occ_13_1082_00_stakeholder_alignment","directly_supports","0.5545","0.6652","0.5899","0.6931","0.2655","0.5767","src_role_function_seed_2026_03|src_role_function_expansion_2026_03","0.6719","reviewed_multi_anchor_task_function_edge"
"occ_13_1082_00","task_occ_13_1082_00_21473","fn_occ_13_1082_00_primary","supports","0.4431","0.5821","0.5286","0.5880","0.2993","0.5407","src_role_function_seed_2026_03|src_manual_role_graph_review_2026_03","0.7158","reviewed_primary_task_function_edge"
"occ_13_1082_00","task_occ_13_1082_00_21473","fn_occ_13_1082_00_stakeholder_alignment","supports","0.5569","0.6029","0.5404","0.6000","0.2657","0.5208","src_role_function_seed_2026_03|src_role_function_expansion_2026_03","0.7068","reviewed_multi_anchor_task_function_edge"
"occ_13_1082_00","task_occ_13_1082_00_21474","fn_occ_13_1082_00_primary","supports","0.5730","0.4974","0.5910","0.5278","0.3423","0.5517","src_role_function_seed_2026_03|src_manual_role_graph_review_2026_03","0.6982","reviewed_primary_task_function_edge"
"occ_13_1082_00","task_occ_13_1082_00_21474","fn_occ_13_1082_00_stakeholder_alignment","supports","0.4270","0.4272","0.5508","0.5398","0.2827","0.4838","src_role_function_seed_2026_03|src_role_function_expansion_2026_03","0.6892","reviewed_multi_anchor_task_function_edge"
"occ_13_1082_00","task_occ_13_1082_00_21475","fn_occ_13_1082_00_primary","supports","0.5730","0.4974","0.5910","0.5278","0.3423","0.5517","src_role_function_seed_2026_03|src_manual_role_graph_review_2026_03","0.7032","reviewed_primary_task_function_edge"
"occ_13_1082_00","task_occ_13_1082_00_21475","fn_occ_13_1082_00_stakeholder_alignment","supports","0.4270","0.4272","0.5508","0.5398","0.2827","0.4838","src_role_function_seed_2026_03|src_role_function_expansion_2026_03","0.6942","reviewed_multi_anchor_task_function_edge"
"occ_13_1082_00","task_occ_13_1082_00_21476","fn_occ_13_1082_00_primary","supports","0.5573","0.6039","0.5815","0.5598","0.3907","0.5900","src_role_function_seed_2026_03|src_manual_role_graph_review_2026_03","0.7205","reviewed_primary_task_function_edge"
"occ_13_1082_00","task_occ_13_1082_00_21476","fn_occ_13_1082_00_stakeholder_alignment","supports","0.4427","0.5447","0.5475","0.5718","0.3343","0.5279","src_role_function_seed_2026_03|src_role_function_expansion_2026_03","0.7115","reviewed_multi_anchor_task_function_edge"
"occ_13_1082_00","task_occ_13_1082_00_21477","fn_occ_13_1082_00_primary","supports","0.4443","0.6072","0.6052","0.6627","0.2994","0.5934","src_role_function_seed_2026_03|src_manual_role_graph_review_2026_03","0.7186","reviewed_primary_task_function_edge"
"occ_13_1082_00","task_occ_13_1082_00_21477","fn_occ_13_1082_00_stakeholder_alignment","supports","0.5557","0.6272","0.6165","0.6747","0.2656","0.5731","src_role_function_seed_2026_03|src_role_function_expansion_2026_03","0.7096","reviewed_multi_anchor_task_function_edge"
"occ_13_1082_00","task_occ_13_1082_00_21478","fn_occ_13_1082_00_primary","directly_supports","0.4455","0.6460","0.5791","0.6811","0.2995","0.5974","src_role_function_seed_2026_03|src_manual_role_graph_review_2026_03","0.6883","reviewed_primary_task_function_edge"
"occ_13_1082_00","task_occ_13_1082_00_21478","fn_occ_13_1082_00_stakeholder_alignment","directly_supports","0.5545","0.6652","0.5899","0.6931","0.2655","0.5767","src_role_function_seed_2026_03|src_role_function_expansion_2026_03","0.6793","reviewed_multi_anchor_task_function_edge"
"occ_13_1082_00","task_occ_13_1082_00_21479","fn_occ_13_1082_00_primary","supports","0.5573","0.6039","0.5815","0.5598","0.3907","0.5900","src_role_function_seed_2026_03|src_manual_role_graph_review_2026_03","0.7205","reviewed_primary_task_function_edge"
"occ_13_1082_00","task_occ_13_1082_00_21479","fn_occ_13_1082_00_stakeholder_alignment","supports","0.4427","0.5447","0.5475","0.5718","0.3343","0.5279","src_role_function_seed_2026_03|src_role_function_expansion_2026_03","0.7115","reviewed_multi_anchor_task_function_edge"
"occ_13_1082_00","task_occ_13_1082_00_21480","fn_occ_13_1082_00_primary","supports","0.4431","0.5821","0.5286","0.5880","0.2993","0.5407","src_role_function_seed_2026_03|src_manual_role_graph_review_2026_03","0.6861","reviewed_primary_task_function_edge"
"occ_13_1082_00","task_occ_13_1082_00_21480","fn_occ_13_1082_00_stakeholder_alignment","supports","0.5569","0.6029","0.5404","0.6000","0.2657","0.5208","src_role_function_seed_2026_03|src_role_function_expansion_2026_03","0.6771","reviewed_multi_anchor_task_function_edge"
"occ_13_1082_00","task_occ_13_1082_00_21481","fn_occ_13_1082_00_primary","directly_supports","0.4455","0.6460","0.5791","0.6811","0.2995","0.5974","src_role_function_seed_2026_03|src_manual_role_graph_review_2026_03","0.6883","reviewed_primary_task_function_edge"
"occ_13_1082_00","task_occ_13_1082_00_21481","fn_occ_13_1082_00_stakeholder_alignment","directly_supports","0.5545","0.6652","0.5899","0.6931","0.2655","0.5767","src_role_function_seed_2026_03|src_role_function_expansion_2026_03","0.6793","reviewed_multi_anchor_task_function_edge"
"occ_13_1082_00","task_occ_13_1082_00_jd_pm_01","fn_occ_13_1082_00_primary","directly_supports","0.4935","0.6320","0.6387","0.6203","0.3043","0.5532","src_role_function_seed_2026_03|src_manual_role_graph_review_2026_03","0.8269","reviewed_primary_task_function_edge"
"occ_13_1082_00","task_occ_13_1082_00_jd_pm_01","fn_occ_13_1082_00_stakeholder_alignment","directly_supports","0.5065","0.6176","0.6303","0.6323","0.2607","0.5147","src_role_function_seed_2026_03|src_role_function_expansion_2026_03","0.8179","reviewed_multi_anchor_task_function_edge"
"occ_13_1082_00","task_occ_13_1082_00_jd_pm_02","fn_occ_13_1082_00_primary","directly_supports","0.5000","0.7260","0.6745","0.6920","0.3850","0.6636","src_role_function_seed_2026_03|src_manual_role_graph_review_2026_03","0.8212","reviewed_primary_task_function_edge"
"occ_13_1082_00","task_occ_13_1082_00_jd_pm_02","fn_occ_13_1082_00_stakeholder_alignment","directly_supports","0.5000","0.7070","0.6635","0.7040","0.3400","0.6227","src_role_function_seed_2026_03|src_role_function_expansion_2026_03","0.8122","reviewed_multi_anchor_task_function_edge"
"occ_13_1082_00","task_occ_13_1082_00_jd_pm_03","fn_occ_13_1082_00_primary","supports","0.5549","0.5077","0.5764","0.5445","0.3105","0.5500","src_role_function_seed_2026_03|src_manual_role_graph_review_2026_03","0.7846","reviewed_primary_task_function_edge"
"occ_13_1082_00","task_occ_13_1082_00_jd_pm_03","fn_occ_13_1082_00_stakeholder_alignment","supports","0.4451","0.4503","0.5435","0.5565","0.2545","0.4888","src_role_function_seed_2026_03|src_role_function_expansion_2026_03","0.7756","reviewed_multi_anchor_task_function_edge"
"occ_13_1082_00","task_occ_13_1082_00_jd_pm_04","fn_occ_13_1082_00_primary","directly_supports","0.5222","0.7003","0.6972","0.6685","0.3472","0.6244","src_role_function_seed_2026_03|src_manual_role_graph_review_2026_03","0.8289","reviewed_primary_task_function_edge"
"occ_13_1082_00","task_occ_13_1082_00_jd_pm_04","fn_occ_13_1082_00_stakeholder_alignment","directly_supports","0.4778","0.6657","0.6773","0.6805","0.2978","0.5752","src_role_function_seed_2026_03|src_role_function_expansion_2026_03","0.8199","reviewed_multi_anchor_task_function_edge"
"occ_13_1111_00","task_occ_13_1111_00_7276","fn_occ_13_1111_00_change_enablement","directly_supports","0.4683","0.5548","0.6382","0.5859","0.2418","0.5027","src_role_function_seed_2026_03|src_role_function_expansion_2026_03","0.8410","reviewed_multi_anchor_task_function_edge"
"occ_13_1111_00","task_occ_13_1111_00_7276","fn_occ_13_1111_00_primary","directly_supports","0.5317","0.5999","0.6619","0.5739","0.2932","0.5687","src_role_function_seed_2026_03|src_manual_role_graph_review_2026_03","0.8500","reviewed_primary_task_function_edge"
"occ_13_1111_00","task_occ_13_1111_00_7277","fn_occ_13_1111_00_change_enablement","directly_supports","0.4636","0.5633","0.5727","0.6060","0.2414","0.5029","src_role_function_seed_2026_03|src_role_function_expansion_2026_03","0.8333","reviewed_multi_anchor_task_function_edge"
"occ_13_1111_00","task_occ_13_1111_00_7277","fn_occ_13_1111_00_primary","directly_supports","0.5364","0.6118","0.5983","0.5940","0.2936","0.5706","src_role_function_seed_2026_03|src_manual_role_graph_review_2026_03","0.8423","reviewed_primary_task_function_edge"
"occ_13_1111_00","task_occ_13_1111_00_7278","fn_occ_13_1111_00_change_enablement","directly_supports","0.5476","0.5878","0.5495","0.5911","0.2498","0.5179","src_role_function_seed_2026_03|src_role_function_expansion_2026_03","0.8410","reviewed_multi_anchor_task_function_edge"
"occ_13_1111_00","task_occ_13_1111_00_7278","fn_occ_13_1111_00_primary","directly_supports","0.4524","0.5775","0.5415","0.5791","0.2852","0.5546","src_role_function_seed_2026_03|src_manual_role_graph_review_2026_03","0.8500","reviewed_primary_task_function_edge"
"occ_13_1111_00","task_occ_13_1111_00_7279","fn_occ_13_1111_00_change_enablement","supports","0.4200","0.4191","0.5222","0.5371","0.2370","0.4819","src_role_function_seed_2026_03|src_role_function_expansion_2026_03","0.7756","reviewed_multi_anchor_task_function_edge"
"occ_13_1111_00","task_occ_13_1111_00_7279","fn_occ_13_1111_00_primary","supports","0.5800","0.4981","0.5652","0.5251","0.2980","0.5658","src_role_function_seed_2026_03|src_manual_role_graph_review_2026_03","0.7846","reviewed_primary_task_function_edge"
"occ_13_1111_00","task_occ_13_1111_00_7280","fn_occ_13_1111_00_change_enablement","supports","0.4555","0.5835","0.5975","0.6090","0.3206","0.5337","src_role_function_seed_2026_03|src_role_function_expansion_2026_03","0.7756","reviewed_multi_anchor_task_function_edge"
"occ_13_1111_00","task_occ_13_1111_00_7280","fn_occ_13_1111_00_primary","supports","0.5445","0.6376","0.6263","0.5970","0.3744","0.6044","src_role_function_seed_2026_03|src_manual_role_graph_review_2026_03","0.7846","reviewed_primary_task_function_edge"
"occ_13_1111_00","task_occ_13_1111_00_7281","fn_occ_13_1111_00_change_enablement","supports","0.4596","0.5328","0.6365","0.5670","0.2410","0.4992","src_role_function_seed_2026_03|src_role_function_expansion_2026_03","0.8410","reviewed_multi_anchor_task_function_edge"
"occ_13_1111_00","task_occ_13_1111_00_7281","fn_occ_13_1111_00_primary","supports","0.5404","0.5841","0.6636","0.5550","0.2940","0.5685","src_role_function_seed_2026_03|src_manual_role_graph_review_2026_03","0.8500","reviewed_primary_task_function_edge"
"occ_13_1111_00","task_occ_13_1111_00_7282","fn_occ_13_1111_00_change_enablement","directly_supports","0.5342","0.6729","0.6268","0.6710","0.2884","0.5844","src_role_function_seed_2026_03|src_role_function_expansion_2026_03","0.8314","reviewed_multi_anchor_task_function_edge"
"occ_13_1111_00","task_occ_13_1111_00_7282","fn_occ_13_1111_00_primary","directly_supports","0.4658","0.6720","0.6242","0.6590","0.3266","0.6261","src_role_function_seed_2026_03|src_manual_role_graph_review_2026_03","0.8404","reviewed_primary_task_function_edge"
"occ_13_1111_00","task_occ_13_1111_00_7283","fn_occ_13_1111_00_change_enablement","directly_supports","0.5508","0.5774","0.5502","0.5796","0.2501","0.5174","src_role_function_seed_2026_03|src_role_function_expansion_2026_03","0.8410","reviewed_multi_anchor_task_function_edge"
"occ_13_1111_00","task_occ_13_1111_00_7283","fn_occ_13_1111_00_primary","directly_supports","0.4492","0.5648","0.5408","0.5676","0.2849","0.5529","src_role_function_seed_2026_03|src_manual_role_graph_review_2026_03","0.8500","reviewed_primary_task_function_edge"
"occ_13_1111_00","task_occ_13_1111_00_7284","fn_occ_13_1111_00_change_enablement","directly_supports","0.5471","0.6588","0.6294","0.6523","0.2897","0.5849","src_role_function_seed_2026_03|src_role_function_expansion_2026_03","0.8314","reviewed_multi_anchor_task_function_edge"
"occ_13_1111_00","task_occ_13_1111_00_7284","fn_occ_13_1111_00_primary","directly_supports","0.4529","0.6488","0.6216","0.6403","0.3253","0.6218","src_role_function_seed_2026_03|src_manual_role_graph_review_2026_03","0.8404","reviewed_primary_task_function_edge"
"occ_13_1111_00","task_occ_13_1111_00_7285","fn_occ_13_1111_00_change_enablement","directly_supports","0.4618","0.5562","0.5724","0.5995","0.2412","0.5019","src_role_function_seed_2026_03|src_role_function_expansion_2026_03","0.8333","reviewed_multi_anchor_task_function_edge"
"occ_13_1111_00","task_occ_13_1111_00_7285","fn_occ_13_1111_00_primary","directly_supports","0.5382","0.6059","0.5986","0.5875","0.2938","0.5703","src_role_function_seed_2026_03|src_manual_role_graph_review_2026_03","0.8423","reviewed_primary_task_function_edge"
"occ_13_1111_00","task_occ_13_1111_00_7286","fn_occ_13_1111_00_change_enablement","directly_supports","0.5457","0.6571","0.6473","0.6511","0.2896","0.5846","src_role_function_seed_2026_03|src_role_function_expansion_2026_03","0.8094","reviewed_multi_anchor_task_function_edge"
"occ_13_1111_00","task_occ_13_1111_00_7286","fn_occ_13_1111_00_primary","directly_supports","0.4543","0.6481","0.6400","0.6391","0.3254","0.6220","src_role_function_seed_2026_03|src_manual_role_graph_review_2026_03","0.8184","reviewed_primary_task_function_edge"
"occ_13_1111_00","task_occ_13_1111_00_jd_ma_01","fn_occ_13_1111_00_change_enablement","directly_supports","0.5000","0.6725","0.6836","0.6825","0.2850","0.5792","src_role_function_seed_2026_03|src_role_function_expansion_2026_03","0.8314","reviewed_multi_anchor_task_function_edge"
"occ_13_1111_00","task_occ_13_1111_00_jd_ma_01","fn_occ_13_1111_00_primary","directly_supports","0.5000","0.6955","0.6946","0.6705","0.3300","0.6335","src_role_function_seed_2026_03|src_manual_role_graph_review_2026_03","0.8404","reviewed_primary_task_function_edge"
"occ_13_1111_00","task_occ_13_1111_00_jd_ma_02","fn_occ_13_1111_00_change_enablement","directly_supports","0.4657","0.6009","0.6177","0.6230","0.3216","0.5369","src_role_function_seed_2026_03|src_role_function_expansion_2026_03","0.7756","reviewed_multi_anchor_task_function_edge"
"occ_13_1111_00","task_occ_13_1111_00_jd_ma_02","fn_occ_13_1111_00_primary","directly_supports","0.5343","0.6480","0.6424","0.6110","0.3734","0.6039","src_role_function_seed_2026_03|src_manual_role_graph_review_2026_03","0.7846","reviewed_primary_task_function_edge"
"occ_13_1111_00","task_occ_13_1111_00_jd_ma_03","fn_occ_13_1111_00_change_enablement","directly_supports","0.5329","0.5888","0.6011","0.5972","0.2483","0.5158","src_role_function_seed_2026_03|src_role_function_expansion_2026_03","0.8410","reviewed_multi_anchor_task_function_edge"
"occ_13_1111_00","task_occ_13_1111_00_jd_ma_03","fn_occ_13_1111_00_primary","directly_supports","0.4671","0.5887","0.5990","0.5852","0.2867","0.5579","src_role_function_seed_2026_03|src_manual_role_graph_review_2026_03","0.8500","reviewed_primary_task_function_edge"
"occ_13_1111_00","task_occ_13_1111_00_jd_ma_04","fn_occ_13_1111_00_change_enablement","directly_supports","0.5000","0.7040","0.6564","0.7040","0.3250","0.6224","src_role_function_seed_2026_03|src_role_function_expansion_2026_03","0.7448","reviewed_multi_anchor_task_function_edge"
"occ_13_1111_00","task_occ_13_1111_00_jd_ma_04","fn_occ_13_1111_00_primary","directly_supports","0.5000","0.7270","0.6674","0.6920","0.3700","0.6767","src_role_function_seed_2026_03|src_manual_role_graph_review_2026_03","0.7538","reviewed_primary_task_function_edge"
"occ_13_1111_00","task_occ_13_1111_00_jd_ma2_01","fn_occ_13_1111_00_change_enablement","directly_supports","0.4693","0.5743","0.6284","0.6150","0.2419","0.5048","src_role_function_seed_2026_03|src_role_function_expansion_2026_03","0.8333","reviewed_multi_anchor_task_function_edge"
"occ_13_1111_00","task_occ_13_1111_00_jd_ma2_01","fn_occ_13_1111_00_primary","directly_supports","0.5307","0.6188","0.6517","0.6030","0.2931","0.5705","src_role_function_seed_2026_03|src_manual_role_graph_review_2026_03","0.8423","reviewed_primary_task_function_edge"
"occ_13_1111_00","task_occ_13_1111_00_jd_ma2_02","fn_occ_13_1111_00_change_enablement","directly_supports","0.5208","0.6772","0.6242","0.6800","0.2871","0.5828","src_role_function_seed_2026_03|src_role_function_expansion_2026_03","0.8314","reviewed_multi_anchor_task_function_edge"
"occ_13_1111_00","task_occ_13_1111_00_jd_ma2_02","fn_occ_13_1111_00_primary","directly_supports","0.4792","0.6857","0.6268","0.6680","0.3279","0.6295","src_role_function_seed_2026_03|src_manual_role_graph_review_2026_03","0.8404","reviewed_primary_task_function_edge"
"occ_13_1111_00","task_occ_13_1111_00_jd_ma2_03","fn_occ_13_1111_00_change_enablement","directly_supports","0.5395","0.5885","0.5933","0.5947","0.2489","0.5168","src_role_function_seed_2026_03|src_role_function_expansion_2026_03","0.8410","reviewed_multi_anchor_task_function_edge"
"occ_13_1111_00","task_occ_13_1111_00_jd_ma2_03","fn_occ_13_1111_00_primary","directly_supports","0.4605","0.5839","0.5886","0.5827","0.2861","0.5565","src_role_function_seed_2026_03|src_manual_role_graph_review_2026_03","0.8500","reviewed_primary_task_function_edge"
"occ_13_1111_00","task_occ_13_1111_00_jd_ma2_04","fn_occ_13_1111_00_change_enablement","directly_supports","0.5000","0.7040","0.6564","0.7040","0.3250","0.6224","src_role_function_seed_2026_03|src_role_function_expansion_2026_03","0.7448","reviewed_multi_anchor_task_function_edge"
"occ_13_1111_00","task_occ_13_1111_00_jd_ma2_04","fn_occ_13_1111_00_primary","directly_supports","0.5000","0.7270","0.6674","0.6920","0.3700","0.6767","src_role_function_seed_2026_03|src_manual_role_graph_review_2026_03","0.7538","reviewed_primary_task_function_edge"
"occ_13_1111_00","task_occ_13_1111_00_manual_ma_01","fn_occ_13_1111_00_change_enablement","directly_supports","0.5000","0.6751","0.7018","0.6851","0.2850","0.5795","src_role_function_seed_2026_03|src_role_function_expansion_2026_03","0.8314","reviewed_multi_anchor_task_function_edge"
"occ_13_1111_00","task_occ_13_1111_00_manual_ma_01","fn_occ_13_1111_00_primary","directly_supports","0.5000","0.6981","0.7128","0.6731","0.3300","0.6338","src_role_function_seed_2026_03|src_manual_role_graph_review_2026_03","0.8404","reviewed_primary_task_function_edge"
"occ_13_1111_00","task_occ_13_1111_00_manual_ma_02","fn_occ_13_1111_00_change_enablement","directly_supports","0.4700","0.5738","0.6467","0.6143","0.2420","0.5049","src_role_function_seed_2026_03|src_role_function_expansion_2026_03","0.8333","reviewed_multi_anchor_task_function_edge"
"occ_13_1111_00","task_occ_13_1111_00_manual_ma_02","fn_occ_13_1111_00_primary","directly_supports","0.5300","0.6178","0.6697","0.6023","0.2930","0.5703","src_role_function_seed_2026_03|src_manual_role_graph_review_2026_03","0.8423","reviewed_primary_task_function_edge"
"occ_13_1111_00","task_occ_13_1111_00_manual_ma_03","fn_occ_13_1111_00_change_enablement","directly_supports","0.5000","0.7040","0.7200","0.7040","0.3250","0.6224","src_role_function_seed_2026_03|src_role_function_expansion_2026_03","0.7448","reviewed_multi_anchor_task_function_edge"
"occ_13_1111_00","task_occ_13_1111_00_manual_ma_03","fn_occ_13_1111_00_primary","directly_supports","0.5000","0.7270","0.7310","0.6920","0.3700","0.6767","src_role_function_seed_2026_03|src_manual_role_graph_review_2026_03","0.7538","reviewed_primary_task_function_edge"
"occ_13_1111_00","task_occ_13_1111_00_manual_ma_04","fn_occ_13_1111_00_change_enablement","directly_supports","0.5462","0.5894","0.5583","0.5933","0.2496","0.5179","src_role_function_seed_2026_03|src_role_function_expansion_2026_03","0.8410","reviewed_multi_anchor_task_function_edge"
"occ_13_1111_00","task_occ_13_1111_00_manual_ma_04","fn_occ_13_1111_00_primary","directly_supports","0.4538","0.5801","0.5509","0.5813","0.2854","0.5551","src_role_function_seed_2026_03|src_manual_role_graph_review_2026_03","0.8500","reviewed_primary_task_function_edge"
"occ_13_1111_00","task_occ_13_1111_00_manual_ma_05","fn_occ_13_1111_00_change_enablement","directly_supports","0.5466","0.5881","0.5584","0.5918","0.2497","0.5178","src_role_function_seed_2026_03|src_role_function_expansion_2026_03","0.8410","reviewed_multi_anchor_task_function_edge"
"occ_13_1111_00","task_occ_13_1111_00_manual_ma_05","fn_occ_13_1111_00_primary","directly_supports","0.4534","0.5785","0.5508","0.5798","0.2853","0.5549","src_role_function_seed_2026_03|src_manual_role_graph_review_2026_03","0.8500","reviewed_primary_task_function_edge"
"occ_13_1151_00","task_occ_13_1151_00_100","fn_occ_13_1151_00_primary","delivers","0.9800","0.8161","0.6433","0.6801","0.5030","0.6426","src_role_function_seed_2026_03","0.6820","reviewed_primary_task_function_edge"
"occ_13_1151_00","task_occ_13_1151_00_101","fn_occ_13_1151_00_primary","delivers","0.9800","0.7771","0.6100","0.6011","0.5030","0.5887","src_role_function_seed_2026_03","0.5398","reviewed_primary_task_function_edge"
"occ_13_1151_00","task_occ_13_1151_00_102","fn_occ_13_1151_00_primary","delivers","0.9800","0.7110","0.5700","0.5750","0.5030","0.5821","src_role_function_seed_2026_03","0.5423","reviewed_primary_task_function_edge"
"occ_13_1151_00","task_occ_13_1151_00_103","fn_occ_13_1151_00_primary","delivers","0.9800","0.8497","0.6783","0.6937","0.5030","0.6460","src_role_function_seed_2026_03","0.7007","reviewed_primary_task_function_edge"
"occ_13_1151_00","task_occ_13_1151_00_105","fn_occ_13_1151_00_primary","delivers","0.9800","0.6453","0.5833","0.5293","0.5030","0.5755","src_role_function_seed_2026_03","0.6438","reviewed_primary_task_function_edge"
"occ_13_1151_00","task_occ_13_1151_00_106","fn_occ_13_1151_00_primary","delivers","0.9800","0.7059","0.5700","0.5699","0.5030","0.5816","src_role_function_seed_2026_03","0.5423","reviewed_primary_task_function_edge"
"occ_13_1151_00","task_occ_13_1151_00_108","fn_occ_13_1151_00_primary","delivers","0.9800","0.8324","0.6200","0.6764","0.5030","0.6442","src_role_function_seed_2026_03","0.6858","reviewed_primary_task_function_edge"
"occ_13_1151_00","task_occ_13_1151_00_111","fn_occ_13_1151_00_primary","delivers","0.9800","0.8012","0.6200","0.6452","0.5030","0.6411","src_role_function_seed_2026_03","0.6490","reviewed_primary_task_function_edge"
"occ_13_1151_00","task_occ_13_1151_00_19558","fn_occ_13_1151_00_primary","delivers","0.9800","0.6646","0.5700","0.5286","0.5030","0.5775","src_role_function_seed_2026_03","0.5203","reviewed_primary_task_function_edge"
"occ_13_1151_00","task_occ_13_1151_00_19559","fn_occ_13_1151_00_primary","delivers","0.9800","0.7960","0.6267","0.6200","0.5030","0.5906","src_role_function_seed_2026_03","0.5398","reviewed_primary_task_function_edge"
"occ_13_1151_00","task_occ_13_1151_00_20474","fn_occ_13_1151_00_primary","delivers","0.9800","0.8475","0.6200","0.6915","0.5030","0.6458","src_role_function_seed_2026_03","0.6858","reviewed_primary_task_function_edge"
"occ_13_1151_00","task_occ_13_1151_00_20475","fn_occ_13_1151_00_primary","delivers","0.9800","0.7210","0.6033","0.5850","0.5030","0.5831","src_role_function_seed_2026_03","0.5423","reviewed_primary_task_function_edge"
"occ_13_1151_00","task_occ_13_1151_00_20476","fn_occ_13_1151_00_primary","delivers","0.9800","0.6701","0.5700","0.5541","0.5330","0.5780","src_role_function_seed_2026_03","0.5610","reviewed_primary_task_function_edge"
"occ_13_1151_00","task_occ_13_1151_00_20477","fn_occ_13_1151_00_primary","delivers","0.9800","0.6988","0.5700","0.5628","0.5030","0.5809","src_role_function_seed_2026_03","0.5423","reviewed_primary_task_function_edge"
"occ_13_1151_00","task_occ_13_1151_00_93","fn_occ_13_1151_00_primary","delivers","0.9800","0.7045","0.5700","0.5685","0.5030","0.5815","src_role_function_seed_2026_03","0.5423","reviewed_primary_task_function_edge"
"occ_13_1151_00","task_occ_13_1151_00_94","fn_occ_13_1151_00_primary","delivers","0.9800","0.8642","0.6783","0.7082","0.5030","0.6474","src_role_function_seed_2026_03","0.6710","reviewed_primary_task_function_edge"
"occ_13_1151_00","task_occ_13_1151_00_95","fn_occ_13_1151_00_primary","delivers","0.9800","0.7875","0.6617","0.6015","0.5030","0.5898","src_role_function_seed_2026_03","0.6413","reviewed_primary_task_function_edge"
"occ_13_1151_00","task_occ_13_1151_00_97","fn_occ_13_1151_00_primary","delivers","0.9800","0.8320","0.6433","0.6960","0.5030","0.6442","src_role_function_seed_2026_03","0.6523","reviewed_primary_task_function_edge"
"occ_13_1151_00","task_occ_13_1151_00_98","fn_occ_13_1151_00_primary","delivers","0.9800","0.6809","0.6033","0.5649","0.5330","0.5791","src_role_function_seed_2026_03","0.5610","reviewed_primary_task_function_edge"
"occ_13_1151_00","task_occ_13_1151_00_99","fn_occ_13_1151_00_primary","delivers","0.9800","0.8871","0.6833","0.6811","0.5830","0.6997","src_role_function_seed_2026_03","0.6053","reviewed_primary_task_function_edge"
"occ_13_1151_00","task_occ_13_1151_00_jd_td_01","fn_occ_13_1151_00_primary","delivers","0.9800","0.7239","0.6117","0.5879","0.5030","0.5834","src_role_function_seed_2026_03","0.6561","reviewed_primary_task_function_edge"
"occ_13_1151_00","task_occ_13_1151_00_jd_td_02","fn_occ_13_1151_00_primary","delivers","0.9800","0.6863","0.6117","0.5703","0.5330","0.5796","src_role_function_seed_2026_03","0.6773","reviewed_primary_task_function_edge"
"occ_13_1151_00","task_occ_13_1151_00_jd_td_03","fn_occ_13_1151_00_primary","delivers","0.9800","0.8119","0.6700","0.6259","0.5030","0.5922","src_role_function_seed_2026_03","0.7601","reviewed_primary_task_function_edge"
"occ_13_1151_00","task_occ_13_1151_00_jd_td_04","fn_occ_13_1151_00_primary","delivers","0.9800","0.7853","0.6350","0.6093","0.5030","0.5895","src_role_function_seed_2026_03","0.6561","reviewed_primary_task_function_edge"
"occ_13_1161_00","task_occ_13_1161_00_5433","fn_occ_13_1161_00_marketing_ops","directly_supports","0.5544","0.5345","0.5139","0.5065","0.2054","0.4096","src_role_function_seed_2026_03|src_role_function_expansion_2026_03","0.7486","reviewed_multi_anchor_task_function_edge"
"occ_13_1161_00","task_occ_13_1161_00_5433","fn_occ_13_1161_00_primary","directly_supports","0.4456","0.5245","0.5141","0.5305","0.2546","0.4313","src_role_function_seed_2026_03","0.6946","reviewed_primary_task_function_edge"
"occ_13_1161_00","task_occ_13_1161_00_5434","fn_occ_13_1161_00_marketing_ops","directly_supports","0.4590","0.4179","0.4948","0.4833","0.2259","0.3836","src_role_function_seed_2026_03|src_role_function_expansion_2026_03","0.7121","reviewed_multi_anchor_task_function_edge"
"occ_13_1161_00","task_occ_13_1161_00_5434","fn_occ_13_1161_00_primary","directly_supports","0.5410","0.4746","0.5332","0.5073","0.2941","0.4406","src_role_function_seed_2026_03","0.6581","reviewed_primary_task_function_edge"
"occ_13_1161_00","task_occ_13_1161_00_5435","fn_occ_13_1161_00_marketing_ops","directly_supports","0.5546","0.5339","0.5139","0.5058","0.2055","0.4096","src_role_function_seed_2026_03|src_role_function_expansion_2026_03","0.7486","reviewed_multi_anchor_task_function_edge"
"occ_13_1161_00","task_occ_13_1161_00_5435","fn_occ_13_1161_00_primary","directly_supports","0.4454","0.5237","0.5141","0.5298","0.2545","0.4312","src_role_function_seed_2026_03","0.6946","reviewed_primary_task_function_edge"
"occ_13_1161_00","task_occ_13_1161_00_5436","fn_occ_13_1161_00_marketing_ops","supports","0.5623","0.5301","0.5155","0.4993","0.2062","0.4103","src_role_function_seed_2026_03|src_role_function_expansion_2026_03","0.7486","reviewed_multi_anchor_task_function_edge"
"occ_13_1161_00","task_occ_13_1161_00_5436","fn_occ_13_1161_00_primary","supports","0.4377","0.5145","0.5125","0.5233","0.2538","0.4291","src_role_function_seed_2026_03","0.6946","reviewed_primary_task_function_edge"
"occ_13_1161_00","task_occ_13_1161_00_5437","fn_occ_13_1161_00_marketing_ops","supports","0.4605","0.5052","0.5551","0.5000","0.1961","0.3926","src_role_function_seed_2026_03|src_role_function_expansion_2026_03","0.8083","reviewed_multi_anchor_task_function_edge"
"occ_13_1161_00","task_occ_13_1161_00_5437","fn_occ_13_1161_00_primary","supports","0.5395","0.5608","0.5929","0.5240","0.2639","0.4490","src_role_function_seed_2026_03","0.7543","reviewed_primary_task_function_edge"
"occ_13_1161_00","task_occ_13_1161_00_5438","fn_occ_13_1161_00_marketing_ops","directly_supports","0.5561","0.5301","0.5142","0.5015","0.2056","0.4094","src_role_function_seed_2026_03|src_role_function_expansion_2026_03","0.7486","reviewed_multi_anchor_task_function_edge"
"occ_13_1161_00","task_occ_13_1161_00_5438","fn_occ_13_1161_00_primary","directly_supports","0.4439","0.5188","0.5138","0.5255","0.2544","0.4305","src_role_function_seed_2026_03","0.6946","reviewed_primary_task_function_edge"
"occ_13_1161_00","task_occ_13_1161_00_5439","fn_occ_13_1161_00_marketing_ops","directly_supports","0.4705","0.5345","0.5571","0.5258","0.1971","0.3970","src_role_function_seed_2026_03|src_role_function_expansion_2026_03","0.8083","reviewed_multi_anchor_task_function_edge"
"occ_13_1161_00","task_occ_13_1161_00_5439","fn_occ_13_1161_00_primary","directly_supports","0.5295","0.5831","0.5909","0.5498","0.2629","0.4497","src_role_function_seed_2026_03","0.7543","reviewed_primary_task_function_edge"
"occ_13_1161_00","task_occ_13_1161_00_5440","fn_occ_13_1161_00_marketing_ops","directly_supports","0.5499","0.6056","0.5530","0.5591","0.2450","0.4760","src_role_function_seed_2026_03|src_role_function_expansion_2026_03","0.7756","reviewed_multi_anchor_task_function_edge"
"occ_13_1161_00","task_occ_13_1161_00_5440","fn_occ_13_1161_00_primary","directly_supports","0.4501","0.5986","0.5550","0.5831","0.2950","0.4994","src_role_function_seed_2026_03","0.7216","reviewed_primary_task_function_edge"
"occ_13_1161_00","task_occ_13_1161_00_5441","fn_occ_13_1161_00_marketing_ops","supports","0.5623","0.5301","0.5155","0.4993","0.2062","0.4103","src_role_function_seed_2026_03|src_role_function_expansion_2026_03","0.7486","reviewed_multi_anchor_task_function_edge"
"occ_13_1161_00","task_occ_13_1161_00_5441","fn_occ_13_1161_00_primary","supports","0.4377","0.5145","0.5125","0.5233","0.2538","0.4291","src_role_function_seed_2026_03","0.6946","reviewed_primary_task_function_edge"
"occ_13_1161_00","task_occ_13_1161_00_5442","fn_occ_13_1161_00_marketing_ops","supports","0.4544","0.4995","0.5039","0.4964","0.1954","0.3911","src_role_function_seed_2026_03|src_role_function_expansion_2026_03","0.8083","reviewed_multi_anchor_task_function_edge"
"occ_13_1161_00","task_occ_13_1161_00_5442","fn_occ_13_1161_00_primary","supports","0.5456","0.5594","0.5441","0.5204","0.2646","0.4498","src_role_function_seed_2026_03","0.7543","reviewed_primary_task_function_edge"
"occ_13_1161_00","task_occ_13_1161_00_5443","fn_occ_13_1161_00_marketing_ops","directly_supports","0.4691","0.5486","0.5468","0.5304","0.2769","0.4282","src_role_function_seed_2026_03|src_role_function_expansion_2026_03","0.8430","reviewed_multi_anchor_task_function_edge"
"occ_13_1161_00","task_occ_13_1161_00_5443","fn_occ_13_1161_00_primary","directly_supports","0.5309","0.5982","0.5812","0.5544","0.3431","0.4815","src_role_function_seed_2026_03","0.7890","reviewed_primary_task_function_edge"
"occ_13_1161_00","task_occ_13_1161_00_5444","fn_occ_13_1161_00_marketing_ops","directly_supports","0.4708","0.6031","0.5972","0.5743","0.2771","0.5039","src_role_function_seed_2026_03|src_role_function_expansion_2026_03","0.7756","reviewed_multi_anchor_task_function_edge"
"occ_13_1161_00","task_occ_13_1161_00_5444","fn_occ_13_1161_00_primary","directly_supports","0.5292","0.6516","0.6308","0.5983","0.3429","0.5565","src_role_function_seed_2026_03","0.7216","reviewed_primary_task_function_edge"
"occ_13_1161_00","task_occ_13_1161_00_5445","fn_occ_13_1161_00_marketing_ops","directly_supports","0.4720","0.6107","0.5974","0.5815","0.2772","0.5049","src_role_function_seed_2026_03|src_role_function_expansion_2026_03","0.7756","reviewed_multi_anchor_task_function_edge"
"occ_13_1161_00","task_occ_13_1161_00_5445","fn_occ_13_1161_00_primary","directly_supports","0.5280","0.6583","0.6306","0.6055","0.3428","0.5570","src_role_function_seed_2026_03","0.7216","reviewed_primary_task_function_edge"
"occ_13_1161_00","task_occ_13_1161_00_jd_mk_01","fn_occ_13_1161_00_marketing_ops","directly_supports","0.5453","0.5411","0.5921","0.5162","0.2045","0.4089","src_role_function_seed_2026_03|src_role_function_expansion_2026_03","0.7486","reviewed_multi_anchor_task_function_edge"
"occ_13_1161_00","task_occ_13_1161_00_jd_mk_01","fn_occ_13_1161_00_primary","directly_supports","0.4547","0.5373","0.5959","0.5402","0.2555","0.4339","src_role_function_seed_2026_03","0.6946","reviewed_primary_task_function_edge"
"occ_13_1161_00","task_occ_13_1161_00_jd_mk_02","fn_occ_13_1161_00_marketing_ops","supports","0.5778","0.4388","0.4786","0.4626","0.2078","0.4035","src_role_function_seed_2026_03|src_role_function_expansion_2026_03","0.7756","reviewed_multi_anchor_task_function_edge"
"occ_13_1161_00","task_occ_13_1161_00_jd_mk_02","fn_occ_13_1161_00_primary","supports","0.4222","0.4124","0.4694","0.4866","0.2522","0.4166","src_role_function_seed_2026_03","0.7216","reviewed_primary_task_function_edge"
"occ_13_1161_00","task_occ_13_1161_00_jd_mk_03","fn_occ_13_1161_00_marketing_ops","directly_supports","0.5410","0.5671","0.5512","0.5337","0.2041","0.4109","src_role_function_seed_2026_03|src_role_function_expansion_2026_03","0.7159","reviewed_multi_anchor_task_function_edge"
"occ_13_1161_00","task_occ_13_1161_00_jd_mk_03","fn_occ_13_1161_00_primary","directly_supports","0.4590","0.5664","0.5568","0.5577","0.2559","0.4375","src_role_function_seed_2026_03","0.6619","reviewed_primary_task_function_edge"
"occ_13_1161_00","task_occ_13_1161_00_jd_mk_04","fn_occ_13_1161_00_marketing_ops","directly_supports","0.5407","0.6203","0.5711","0.5770","0.2441","0.4761","src_role_function_seed_2026_03|src_role_function_expansion_2026_03","0.7756","reviewed_multi_anchor_task_function_edge"
"occ_13_1161_00","task_occ_13_1161_00_jd_mk_04","fn_occ_13_1161_00_primary","directly_supports","0.4593","0.6198","0.5769","0.6010","0.2959","0.5029","src_role_function_seed_2026_03","0.7216","reviewed_primary_task_function_edge"
"occ_13_1161_00","task_occ_13_1161_00_manual_mr_01","fn_occ_13_1161_00_marketing_ops","directly_supports","0.5095","0.6123","0.6449","0.5799","0.2410","0.4707","src_role_function_seed_2026_03|src_role_function_expansion_2026_03","0.7756","reviewed_multi_anchor_task_function_edge"
"occ_13_1161_00","task_occ_13_1161_00_manual_mr_01","fn_occ_13_1161_00_primary","directly_supports","0.4905","0.6336","0.6631","0.6039","0.2990","0.5089","src_role_function_seed_2026_03","0.7216","reviewed_primary_task_function_edge"
"occ_13_1161_00","task_occ_13_1161_00_manual_mr_02","fn_occ_13_1161_00_marketing_ops","directly_supports","0.4628","0.4256","0.5156","0.4696","0.1963","0.3850","src_role_function_seed_2026_03|src_role_function_expansion_2026_03","0.8179","reviewed_multi_anchor_task_function_edge"
"occ_13_1161_00","task_occ_13_1161_00_manual_mr_02","fn_occ_13_1161_00_primary","directly_supports","0.5372","0.4796","0.5524","0.4936","0.2637","0.4405","src_role_function_seed_2026_03","0.7639","reviewed_primary_task_function_edge"
"occ_13_1161_00","task_occ_13_1161_00_manual_mr_03","fn_occ_13_1161_00_marketing_ops","directly_supports","0.5454","0.5429","0.5821","0.5180","0.2045","0.4091","src_role_function_seed_2026_03|src_role_function_expansion_2026_03","0.7486","reviewed_multi_anchor_task_function_edge"
"occ_13_1161_00","task_occ_13_1161_00_manual_mr_03","fn_occ_13_1161_00_primary","directly_supports","0.4546","0.5392","0.5859","0.5420","0.2555","0.4341","src_role_function_seed_2026_03","0.6946","reviewed_primary_task_function_edge"
"occ_13_1161_00","task_occ_13_1161_00_manual_mr_04","fn_occ_13_1161_00_marketing_ops","directly_supports","0.5131","0.6132","0.6356","0.5796","0.2413","0.4713","src_role_function_seed_2026_03|src_role_function_expansion_2026_03","0.7756","reviewed_multi_anchor_task_function_edge"
"occ_13_1161_00","task_occ_13_1161_00_manual_mr_04","fn_occ_13_1161_00_primary","directly_supports","0.4869","0.6320","0.6524","0.6036","0.2987","0.5082","src_role_function_seed_2026_03","0.7216","reviewed_primary_task_function_edge"
"occ_13_1199_00","task_occ_13_1199_00_jd_bo_01","fn_occ_13_1199_00_primary","delivers","0.9800","0.8486","0.7386","0.6416","0.4080","0.6819","src_role_function_seed_2026_03","0.7697","reviewed_primary_task_function_edge"
"occ_13_1199_00","task_occ_13_1199_00_jd_bo_02","fn_occ_13_1199_00_primary","delivers","0.9800","0.8850","0.7719","0.6680","0.4480","0.7255","src_role_function_seed_2026_03","0.7466","reviewed_primary_task_function_edge"
"occ_13_1199_00","task_occ_13_1199_00_jd_bo_03","fn_occ_13_1199_00_primary","delivers","0.9800","0.7856","0.6808","0.5886","0.3680","0.6156","src_role_function_seed_2026_03","0.7562","reviewed_primary_task_function_edge"
"occ_13_1199_00","task_occ_13_1199_00_jd_bo_04","fn_occ_13_1199_00_primary","delivers","0.9800","0.7526","0.7319","0.5656","0.3680","0.6123","src_role_function_seed_2026_03","0.7659","reviewed_primary_task_function_edge"
"occ_13_1199_00","task_occ_13_1199_00_jd_bo2_01","fn_occ_13_1199_00_primary","delivers","0.9800","0.7674","0.7197","0.5704","0.3680","0.6137","src_role_function_seed_2026_03","0.7216","reviewed_primary_task_function_edge"
"occ_13_1199_00","task_occ_13_1199_00_jd_bo2_02","fn_occ_13_1199_00_primary","delivers","0.9800","0.6507","0.6163","0.5237","0.3680","0.6021","src_role_function_seed_2026_03","0.7216","reviewed_primary_task_function_edge"
"occ_13_1199_00","task_occ_13_1199_00_jd_bo2_03","fn_occ_13_1199_00_primary","delivers","0.9800","0.6459","0.6697","0.5189","0.3980","0.6016","src_role_function_seed_2026_03","0.7505","reviewed_primary_task_function_edge"
"occ_13_1199_00","task_occ_13_1199_00_jd_bo2_04","fn_occ_13_1199_00_primary","delivers","0.9800","0.7955","0.6997","0.5885","0.4480","0.6465","src_role_function_seed_2026_03","0.7216","reviewed_primary_task_function_edge"
"occ_13_1199_00","task_occ_13_1199_00_manual_bo_01","fn_occ_13_1199_00_primary","delivers","0.9800","0.7835","0.6252","0.5865","0.3680","0.6153","src_role_function_seed_2026_03","0.7562","reviewed_primary_task_function_edge"
"occ_13_1199_00","task_occ_13_1199_00_manual_bo_02","fn_occ_13_1199_00_primary","delivers","0.9800","0.6197","0.6586","0.4927","0.3980","0.5990","src_role_function_seed_2026_03","0.7285","reviewed_primary_task_function_edge"
"occ_13_1199_00","task_occ_13_1199_00_manual_bo_03","fn_occ_13_1199_00_primary","delivers","0.9800","0.7519","0.7430","0.5649","0.3680","0.6122","src_role_function_seed_2026_03","0.7659","reviewed_primary_task_function_edge"
"occ_13_1199_00","task_occ_13_1199_00_manual_bo_04","fn_occ_13_1199_00_primary","delivers","0.9800","0.6454","0.6274","0.5184","0.3680","0.6015","src_role_function_seed_2026_03","0.7216","reviewed_primary_task_function_edge"
"occ_13_1199_00","task_occ_13_1199_00_manual_bo_05","fn_occ_13_1199_00_primary","delivers","0.9800","0.7844","0.6252","0.5874","0.3680","0.6154","src_role_function_seed_2026_03","0.7562","reviewed_primary_task_function_edge"
"occ_13_1199_00","task_occ_13_1199_00_manual_bo_06","fn_occ_13_1199_00_primary","delivers","0.9800","0.6193","0.6030","0.4923","0.3980","0.5989","src_role_function_seed_2026_03","0.7285","reviewed_primary_task_function_edge"
"occ_13_1199_00","task_occ_13_1199_00_manual_bo_07","fn_occ_13_1199_00_primary","delivers","0.9800","0.7847","0.6697","0.5877","0.3680","0.6155","src_role_function_seed_2026_03","0.7562","reviewed_primary_task_function_edge"
"occ_13_1199_00","task_occ_13_1199_00_manual_bo_08","fn_occ_13_1199_00_primary","delivers","0.9800","0.7472","0.6430","0.5602","0.3680","0.6117","src_role_function_seed_2026_03","0.7659","reviewed_primary_task_function_edge"
"occ_13_1199_00","task_occ_13_1199_00_manual_bo_09","fn_occ_13_1199_00_primary","delivers","0.9800","0.7796","0.6030","0.5826","0.3680","0.6150","src_role_function_seed_2026_03","0.7562","reviewed_primary_task_function_edge"
"occ_13_1199_00","task_occ_13_1199_00_manual_bo_10","fn_occ_13_1199_00_primary","delivers","0.9800","0.7926","0.7108","0.5856","0.4480","0.6463","src_role_function_seed_2026_03","0.7216","reviewed_primary_task_function_edge"
"occ_13_1199_00","task_occ_13_1199_00_manual_bo_11","fn_occ_13_1199_00_primary","delivers","0.9800","0.8453","0.7163","0.6383","0.4080","0.6815","src_role_function_seed_2026_03","0.7697","reviewed_primary_task_function_edge"
"occ_13_1199_00","task_occ_13_1199_00_manual_bo_12","fn_occ_13_1199_00_primary","delivers","0.9800","0.6220","0.5830","0.4950","0.3680","0.5992","src_role_function_seed_2026_03","0.6996","reviewed_primary_task_function_edge"
"occ_13_1199_00","task_occ_13_1199_00_manual_bo_13","fn_occ_13_1199_00_primary","delivers","0.9800","0.5909","0.6086","0.4539","0.3480","0.5561","src_role_function_seed_2026_03","0.6996","reviewed_primary_task_function_edge"
"occ_13_1199_00","task_occ_13_1199_00_manual_bo_14","fn_occ_13_1199_00_primary","delivers","0.9800","0.6406","0.6363","0.5136","0.3980","0.6011","src_role_function_seed_2026_03","0.7505","reviewed_primary_task_function_edge"
"occ_13_1199_00","task_occ_13_1199_00_manual_bo_15","fn_occ_13_1199_00_primary","delivers","0.9800","0.8455","0.7497","0.6385","0.4080","0.6815","src_role_function_seed_2026_03","0.7697","reviewed_primary_task_function_edge"
"occ_13_1199_00","task_occ_13_1199_00_manual_bo_16","fn_occ_13_1199_00_primary","delivers","0.9800","0.7802","0.6141","0.5832","0.3680","0.6150","src_role_function_seed_2026_03","0.7562","reviewed_primary_task_function_edge"
"occ_13_2011_00","task_occ_13_2011_00_21505","fn_occ_13_2011_00_audit_assurance","supports","0.5756","0.5580","0.5843","0.5685","0.5076","0.5451","src_role_function_seed_2026_03|src_role_function_expansion_2026_03","0.7101","reviewed_multi_anchor_task_function_edge"
"occ_13_2011_00","task_occ_13_2011_00_21505","fn_occ_13_2011_00_primary","supports","0.4244","0.5260","0.5541","0.5685","0.5974","0.5193","src_role_function_seed_2026_03|src_manual_role_graph_review_2026_03","0.7191","reviewed_primary_task_function_edge"
"occ_13_2011_00","task_occ_13_2011_00_21506","fn_occ_13_2011_00_finance_advisory","directly_supports","0.5373","0.6951","0.6385","0.6231","0.5137","0.6001","src_role_function_seed_2026_03|src_role_function_expansion_2026_03","0.8430","reviewed_multi_anchor_task_function_edge"
"occ_13_2011_00","task_occ_13_2011_00_21506","fn_occ_13_2011_00_primary","directly_supports","0.4627","0.6980","0.6235","0.6471","0.6113","0.6022","src_role_function_seed_2026_03|src_manual_role_graph_review_2026_03","0.8519","reviewed_primary_task_function_edge"
"occ_13_2011_00","task_occ_13_2011_00_21507","fn_occ_13_2011_00_audit_assurance","directly_supports","0.5000","0.6143","0.5910","0.5913","0.4700","0.5394","src_role_function_seed_2026_03|src_role_function_expansion_2026_03","0.8487","reviewed_multi_anchor_task_function_edge"
"occ_13_2011_00","task_occ_13_2011_00_21507","fn_occ_13_2011_00_finance_advisory","directly_supports","0.5000","0.6063","0.5910","0.5673","0.4700","0.5256","src_role_function_seed_2026_03|src_role_function_expansion_2026_03","0.8487","reviewed_multi_anchor_task_function_edge"
"occ_13_2011_00","task_occ_13_2011_00_21508","fn_occ_13_2011_00_audit_assurance","directly_supports","0.5000","0.6873","0.6355","0.6443","0.5500","0.5767","src_role_function_seed_2026_03|src_role_function_expansion_2026_03","0.7101","reviewed_multi_anchor_task_function_edge"
"occ_13_2011_00","task_occ_13_2011_00_21508","fn_occ_13_2011_00_finance_advisory","directly_supports","0.5000","0.6793","0.6355","0.6203","0.5500","0.5629","src_role_function_seed_2026_03|src_role_function_expansion_2026_03","0.7101","reviewed_multi_anchor_task_function_edge"
"occ_13_2011_00","task_occ_13_2011_00_21509","fn_occ_13_2011_00_finance_advisory","directly_supports","0.4759","0.7345","0.6625","0.6739","0.5476","0.6348","src_role_function_seed_2026_03|src_role_function_expansion_2026_03","0.7756","reviewed_multi_anchor_task_function_edge"
"occ_13_2011_00","task_occ_13_2011_00_21509","fn_occ_13_2011_00_primary","directly_supports","0.5241","0.7803","0.6722","0.6979","0.6574","0.6596","src_role_function_seed_2026_03|src_manual_role_graph_review_2026_03","0.7846","reviewed_primary_task_function_edge"
"occ_13_2011_00","task_occ_13_2011_00_21510","fn_occ_13_2011_00_finance_advisory","directly_supports","0.4702","0.6886","0.6496","0.6800","0.4670","0.5794","src_role_function_seed_2026_03|src_role_function_expansion_2026_03","0.8006","reviewed_multi_anchor_task_function_edge"
"occ_13_2011_00","task_occ_13_2011_00_21510","fn_occ_13_2011_00_primary","directly_supports","0.5298","0.7385","0.6615","0.7040","0.5780","0.6063","src_role_function_seed_2026_03|src_manual_role_graph_review_2026_03","0.8096","reviewed_primary_task_function_edge"
"occ_13_2011_00","task_occ_13_2011_00_21511","fn_occ_13_2011_00_finance_advisory","directly_supports","0.5441","0.6925","0.6398","0.6181","0.5144","0.6009","src_role_function_seed_2026_03|src_role_function_expansion_2026_03","0.8430","reviewed_multi_anchor_task_function_edge"
"occ_13_2011_00","task_occ_13_2011_00_21511","fn_occ_13_2011_00_primary","directly_supports","0.4559","0.6906","0.6222","0.6421","0.6106","0.6004","src_role_function_seed_2026_03|src_manual_role_graph_review_2026_03","0.8519","reviewed_primary_task_function_edge"
"occ_13_2011_00","task_occ_13_2011_00_21512","fn_occ_13_2011_00_audit_assurance","directly_supports","0.5000","0.6823","0.6355","0.6393","0.5500","0.5762","src_role_function_seed_2026_03|src_role_function_expansion_2026_03","0.7101","reviewed_multi_anchor_task_function_edge"
"occ_13_2011_00","task_occ_13_2011_00_21512","fn_occ_13_2011_00_finance_advisory","directly_supports","0.5000","0.6743","0.6355","0.6153","0.5500","0.5624","src_role_function_seed_2026_03|src_role_function_expansion_2026_03","0.7101","reviewed_multi_anchor_task_function_edge"
"occ_13_2011_00","task_occ_13_2011_00_21513","fn_occ_13_2011_00_audit_assurance","directly_supports","0.5000","0.6815","0.5810","0.6385","0.5500","0.5762","src_role_function_seed_2026_03|src_role_function_expansion_2026_03","0.7101","reviewed_multi_anchor_task_function_edge"
"occ_13_2011_00","task_occ_13_2011_00_21513","fn_occ_13_2011_00_finance_advisory","directly_supports","0.5000","0.6735","0.5810","0.6145","0.5500","0.5624","src_role_function_seed_2026_03|src_role_function_expansion_2026_03","0.7101","reviewed_multi_anchor_task_function_edge"
"occ_13_2011_00","task_occ_13_2011_00_21514","fn_occ_13_2011_00_audit_assurance","directly_supports","0.5000","0.6093","0.5910","0.5863","0.4700","0.5389","src_role_function_seed_2026_03|src_role_function_expansion_2026_03","0.8487","reviewed_multi_anchor_task_function_edge"
"occ_13_2011_00","task_occ_13_2011_00_21514","fn_occ_13_2011_00_finance_advisory","directly_supports","0.5000","0.6013","0.5910","0.5623","0.4700","0.5251","src_role_function_seed_2026_03|src_role_function_expansion_2026_03","0.8487","reviewed_multi_anchor_task_function_edge"
"occ_13_2011_00","task_occ_13_2011_00_21515","fn_occ_13_2011_00_finance_advisory","supports","0.4249","0.4312","0.5223","0.4685","0.4425","0.4568","src_role_function_seed_2026_03|src_role_function_expansion_2026_03","0.8199","reviewed_multi_anchor_task_function_edge"
"occ_13_2011_00","task_occ_13_2011_00_21515","fn_occ_13_2011_00_primary","supports","0.5751","0.5128","0.5524","0.4925","0.5625","0.5006","src_role_function_seed_2026_03|src_manual_role_graph_review_2026_03","0.8289","reviewed_primary_task_function_edge"
"occ_13_2011_00","task_occ_13_2011_00_21516","fn_occ_13_2011_00_audit_assurance","directly_supports","0.5000","0.6698","0.5810","0.6268","0.5500","0.5750","src_role_function_seed_2026_03|src_role_function_expansion_2026_03","0.7101","reviewed_multi_anchor_task_function_edge"
"occ_13_2011_00","task_occ_13_2011_00_21516","fn_occ_13_2011_00_finance_advisory","directly_supports","0.5000","0.6618","0.5810","0.6028","0.5500","0.5612","src_role_function_seed_2026_03|src_role_function_expansion_2026_03","0.7101","reviewed_multi_anchor_task_function_edge"
"occ_13_2011_00","task_occ_13_2011_00_21517","fn_occ_13_2011_00_finance_advisory","supports","0.4406","0.4946","0.5555","0.5364","0.4641","0.5056","src_role_function_seed_2026_03|src_role_function_expansion_2026_03","0.7159","reviewed_multi_anchor_task_function_edge"
"occ_13_2011_00","task_occ_13_2011_00_21517","fn_occ_13_2011_00_primary","supports","0.5594","0.5651","0.5792","0.5604","0.5809","0.5434","src_role_function_seed_2026_03|src_manual_role_graph_review_2026_03","0.7249","reviewed_primary_task_function_edge"
"occ_13_2011_00","task_occ_13_2011_00_21518","fn_occ_13_2011_00_audit_assurance","supports","0.5000","0.6677","0.5810","0.6247","0.5500","0.5748","src_role_function_seed_2026_03|src_role_function_expansion_2026_03","0.7101","reviewed_multi_anchor_task_function_edge"
"occ_13_2011_00","task_occ_13_2011_00_21518","fn_occ_13_2011_00_finance_advisory","supports","0.5000","0.6597","0.5810","0.6007","0.5500","0.5610","src_role_function_seed_2026_03|src_role_function_expansion_2026_03","0.7101","reviewed_multi_anchor_task_function_edge"
"occ_13_2011_00","task_occ_13_2011_00_21519","fn_occ_13_2011_00_finance_advisory","directly_supports","0.5454","0.6886","0.6401","0.6137","0.5145","0.6007","src_role_function_seed_2026_03|src_role_function_expansion_2026_03","0.8430","reviewed_multi_anchor_task_function_edge"
"occ_13_2011_00","task_occ_13_2011_00_21519","fn_occ_13_2011_00_primary","directly_supports","0.4546","0.6859","0.6219","0.6377","0.6105","0.5998","src_role_function_seed_2026_03|src_manual_role_graph_review_2026_03","0.8519","reviewed_primary_task_function_edge"
"occ_13_2011_00","task_occ_13_2011_00_21520","fn_occ_13_2011_00_finance_advisory","directly_supports","0.5032","0.6852","0.7225","0.6251","0.5103","0.5940","src_role_function_seed_2026_03|src_role_function_expansion_2026_03","0.8430","reviewed_multi_anchor_task_function_edge"
"occ_13_2011_00","task_occ_13_2011_00_21520","fn_occ_13_2011_00_primary","directly_supports","0.4968","0.7120","0.7213","0.6491","0.6147","0.6087","src_role_function_seed_2026_03|src_manual_role_graph_review_2026_03","0.8519","reviewed_primary_task_function_edge"
"occ_13_2011_00","task_occ_13_2011_00_21521","fn_occ_13_2011_00_finance_advisory","supports","0.4443","0.5002","0.5562","0.5407","0.4644","0.5067","src_role_function_seed_2026_03|src_role_function_expansion_2026_03","0.7159","reviewed_multi_anchor_task_function_edge"
"occ_13_2011_00","task_occ_13_2011_00_21521","fn_occ_13_2011_00_primary","supports","0.5557","0.5682","0.5785","0.5647","0.5806","0.5432","src_role_function_seed_2026_03|src_manual_role_graph_review_2026_03","0.7249","reviewed_primary_task_function_edge"
"occ_13_2011_00","task_occ_13_2011_00_21522","fn_occ_13_2011_00_audit_assurance","supports","0.5000","0.6014","0.5910","0.5784","0.4700","0.5381","src_role_function_seed_2026_03|src_role_function_expansion_2026_03","0.8487","reviewed_multi_anchor_task_function_edge"
"occ_13_2011_00","task_occ_13_2011_00_21522","fn_occ_13_2011_00_finance_advisory","supports","0.5000","0.5934","0.5910","0.5544","0.4700","0.5243","src_role_function_seed_2026_03|src_role_function_expansion_2026_03","0.8487","reviewed_multi_anchor_task_function_edge"
"occ_13_2011_00","task_occ_13_2011_00_21523","fn_occ_13_2011_00_audit_assurance","supports","0.5000","0.6597","0.5810","0.6167","0.5500","0.5740","src_role_function_seed_2026_03|src_role_function_expansion_2026_03","0.7101","reviewed_multi_anchor_task_function_edge"
"occ_13_2011_00","task_occ_13_2011_00_21523","fn_occ_13_2011_00_finance_advisory","supports","0.5000","0.6517","0.5810","0.5927","0.5500","0.5602","src_role_function_seed_2026_03|src_role_function_expansion_2026_03","0.7101","reviewed_multi_anchor_task_function_edge"
"occ_13_2011_00","task_occ_13_2011_00_21524","fn_occ_13_2011_00_audit_assurance","supports","0.5000","0.6562","0.5810","0.6132","0.5500","0.5736","src_role_function_seed_2026_03|src_role_function_expansion_2026_03","0.7101","reviewed_multi_anchor_task_function_edge"
"occ_13_2011_00","task_occ_13_2011_00_21524","fn_occ_13_2011_00_finance_advisory","supports","0.5000","0.6482","0.5810","0.5892","0.5500","0.5598","src_role_function_seed_2026_03|src_role_function_expansion_2026_03","0.7101","reviewed_multi_anchor_task_function_edge"
"occ_13_2011_00","task_occ_13_2011_00_21525","fn_occ_13_2011_00_audit_assurance","supports","0.5000","0.6494","0.5810","0.6064","0.5500","0.5729","src_role_function_seed_2026_03|src_role_function_expansion_2026_03","0.6881","reviewed_multi_anchor_task_function_edge"
"occ_13_2011_00","task_occ_13_2011_00_21525","fn_occ_13_2011_00_finance_advisory","supports","0.5000","0.6414","0.5810","0.5824","0.5500","0.5591","src_role_function_seed_2026_03|src_role_function_expansion_2026_03","0.6881","reviewed_multi_anchor_task_function_edge"
"occ_13_2011_00","task_occ_13_2011_00_21526","fn_occ_13_2011_00_primary","delivers","0.9800","0.6326","0.5970","0.4706","0.6030","0.5733","src_role_function_seed_2026_03|src_manual_role_graph_review_2026_03","0.8069","reviewed_primary_task_function_edge"
"occ_13_2011_00","task_occ_13_2011_00_21527","fn_occ_13_2011_00_finance_advisory","directly_supports","0.4655","0.6643","0.6486","0.6574","0.4665","0.5763","src_role_function_seed_2026_03|src_role_function_expansion_2026_03","0.7786","reviewed_multi_anchor_task_function_edge"
"occ_13_2011_00","task_occ_13_2011_00_21527","fn_occ_13_2011_00_primary","directly_supports","0.5345","0.7175","0.6624","0.6814","0.5785","0.6049","src_role_function_seed_2026_03|src_manual_role_graph_review_2026_03","0.7876","reviewed_primary_task_function_edge"
"occ_13_2011_00","task_occ_13_2011_00_21529","fn_occ_13_2011_00_finance_advisory","directly_supports","0.4690","0.6977","0.6248","0.6395","0.5469","0.6301","src_role_function_seed_2026_03|src_role_function_expansion_2026_03","0.7536","reviewed_multi_anchor_task_function_edge"
"occ_13_2011_00","task_occ_13_2011_00_21529","fn_occ_13_2011_00_primary","directly_supports","0.5310","0.7484","0.6372","0.6635","0.6581","0.6575","src_role_function_seed_2026_03|src_manual_role_graph_review_2026_03","0.7626","reviewed_primary_task_function_edge"
"occ_13_2011_00","task_occ_13_2011_00_21530","fn_occ_13_2011_00_audit_assurance","supports","0.5000","0.6400","0.5810","0.5970","0.5500","0.5720","src_role_function_seed_2026_03|src_role_function_expansion_2026_03","0.6881","reviewed_multi_anchor_task_function_edge"
"occ_13_2011_00","task_occ_13_2011_00_21530","fn_occ_13_2011_00_finance_advisory","supports","0.5000","0.6320","0.5810","0.5730","0.5500","0.5582","src_role_function_seed_2026_03|src_role_function_expansion_2026_03","0.6881","reviewed_multi_anchor_task_function_edge"
"occ_13_2011_00","task_occ_13_2011_00_21531","fn_occ_13_2011_00_audit_assurance","supports","0.5000","0.5896","0.6455","0.5666","0.4700","0.5370","src_role_function_seed_2026_03|src_role_function_expansion_2026_03","0.8267","reviewed_multi_anchor_task_function_edge"
"occ_13_2011_00","task_occ_13_2011_00_21531","fn_occ_13_2011_00_finance_advisory","supports","0.5000","0.5816","0.6455","0.5426","0.4700","0.5232","src_role_function_seed_2026_03|src_role_function_expansion_2026_03","0.8267","reviewed_multi_anchor_task_function_edge"
"occ_13_2011_00","task_occ_13_2011_00_21532","fn_occ_13_2011_00_audit_assurance","supports","0.5969","0.5392","0.5886","0.5423","0.5097","0.5465","src_role_function_seed_2026_03|src_role_function_expansion_2026_03","0.6881","reviewed_multi_anchor_task_function_edge"
"occ_13_2011_00","task_occ_13_2011_00_21532","fn_occ_13_2011_00_primary","supports","0.4031","0.4924","0.5498","0.5423","0.5953","0.5127","src_role_function_seed_2026_03|src_manual_role_graph_review_2026_03","0.6971","reviewed_primary_task_function_edge"
"occ_13_2011_00","task_occ_13_2011_00_21533","fn_occ_13_2011_00_primary","delivers","0.9800","0.6348","0.6334","0.4728","0.6030","0.5735","src_role_function_seed_2026_03|src_manual_role_graph_review_2026_03","0.8069","reviewed_primary_task_function_edge"
"occ_13_2011_00","task_occ_13_2011_00_21534","fn_occ_13_2011_00_audit_assurance","supports","0.5000","0.5896","0.6455","0.5666","0.4700","0.5370","src_role_function_seed_2026_03|src_role_function_expansion_2026_03","0.8267","reviewed_multi_anchor_task_function_edge"
"occ_13_2011_00","task_occ_13_2011_00_21534","fn_occ_13_2011_00_finance_advisory","supports","0.5000","0.5816","0.6455","0.5426","0.4700","0.5232","src_role_function_seed_2026_03|src_role_function_expansion_2026_03","0.8267","reviewed_multi_anchor_task_function_edge"
"occ_13_2011_00","task_occ_13_2011_00_jd_acc_01","fn_occ_13_2011_00_audit_assurance","directly_supports","0.5000","0.6820","0.6083","0.6390","0.5500","0.5762","src_role_function_seed_2026_03|src_role_function_expansion_2026_03","0.7101","reviewed_multi_anchor_task_function_edge"
"occ_13_2011_00","task_occ_13_2011_00_jd_acc_01","fn_occ_13_2011_00_finance_advisory","directly_supports","0.5000","0.6740","0.6083","0.6150","0.5500","0.5624","src_role_function_seed_2026_03|src_role_function_expansion_2026_03","0.7101","reviewed_multi_anchor_task_function_edge"
"occ_13_2011_00","task_occ_13_2011_00_jd_acc_02","fn_occ_13_2011_00_finance_advisory","directly_supports","0.4780","0.7352","0.6721","0.6739","0.5478","0.6352","src_role_function_seed_2026_03|src_role_function_expansion_2026_03","0.7756","reviewed_multi_anchor_task_function_edge"
"occ_13_2011_00","task_occ_13_2011_00_jd_acc_02","fn_occ_13_2011_00_primary","directly_supports","0.5220","0.7796","0.6809","0.6979","0.6572","0.6593","src_role_function_seed_2026_03|src_manual_role_graph_review_2026_03","0.7846","reviewed_primary_task_function_edge"
"occ_13_2011_00","task_occ_13_2011_00_jd_acc_03","fn_occ_13_2011_00_audit_assurance","supports","0.5709","0.5559","0.6106","0.5681","0.5071","0.5442","src_role_function_seed_2026_03|src_role_function_expansion_2026_03","0.7101","reviewed_multi_anchor_task_function_edge"
"occ_13_2011_00","task_occ_13_2011_00_jd_acc_03","fn_occ_13_2011_00_primary","supports","0.4291","0.5273","0.5823","0.5681","0.5979","0.5201","src_role_function_seed_2026_03|src_manual_role_graph_review_2026_03","0.7191","reviewed_primary_task_function_edge"
"occ_13_2011_00","task_occ_13_2011_00_jd_acc_04","fn_occ_13_2011_00_finance_advisory","directly_supports","0.5007","0.6844","0.7311","0.6252","0.5101","0.5936","src_role_function_seed_2026_03|src_role_function_expansion_2026_03","0.8430","reviewed_multi_anchor_task_function_edge"
"occ_13_2011_00","task_occ_13_2011_00_jd_acc_04","fn_occ_13_2011_00_primary","directly_supports","0.4993","0.7129","0.7309","0.6492","0.6149","0.6092","src_role_function_seed_2026_03|src_manual_role_graph_review_2026_03","0.8519","reviewed_primary_task_function_edge"
"occ_13_2051_00","task_occ_13_2051_00_21579","fn_occ_13_2051_00_primary","delivers","0.9800","0.8415","0.7257","0.6395","0.5630","0.6582","src_role_function_seed_2026_03","0.6622","reviewed_primary_task_function_edge"
"occ_13_2051_00","task_occ_13_2051_00_21580","fn_occ_13_2051_00_primary","delivers","0.9800","0.7557","0.6794","0.5337","0.5630","0.5996","src_role_function_seed_2026_03","0.6350","reviewed_primary_task_function_edge"
"occ_13_2051_00","task_occ_13_2051_00_21581","fn_occ_13_2051_00_primary","delivers","0.9800","0.8415","0.7257","0.6395","0.5630","0.6582","src_role_function_seed_2026_03","0.6523","reviewed_primary_task_function_edge"
"occ_13_2051_00","task_occ_13_2051_00_21582","fn_occ_13_2051_00_primary","delivers","0.9800","0.7557","0.6430","0.5337","0.5630","0.5996","src_role_function_seed_2026_03","0.6053","reviewed_primary_task_function_edge"
"occ_13_2051_00","task_occ_13_2051_00_21583","fn_occ_13_2051_00_primary","delivers","0.9800","0.8415","0.6530","0.6395","0.5630","0.6582","src_role_function_seed_2026_03","0.6523","reviewed_primary_task_function_edge"
"occ_13_2051_00","task_occ_13_2051_00_21584","fn_occ_13_2051_00_primary","delivers","0.9800","0.7557","0.6430","0.5337","0.5630","0.5996","src_role_function_seed_2026_03","0.6350","reviewed_primary_task_function_edge"
"occ_13_2051_00","task_occ_13_2051_00_21585","fn_occ_13_2051_00_primary","delivers","0.9800","0.8415","0.6530","0.6395","0.5630","0.6582","src_role_function_seed_2026_03","0.6523","reviewed_primary_task_function_edge"
"occ_13_2051_00","task_occ_13_2051_00_21586","fn_occ_13_2051_00_primary","delivers","0.9800","0.8415","0.6530","0.6395","0.5630","0.6582","src_role_function_seed_2026_03","0.6671","reviewed_primary_task_function_edge"
"occ_13_2051_00","task_occ_13_2051_00_21587","fn_occ_13_2051_00_primary","delivers","0.9800","0.7557","0.6430","0.5337","0.5630","0.5996","src_role_function_seed_2026_03","0.6053","reviewed_primary_task_function_edge"
"occ_13_2051_00","task_occ_13_2051_00_21588","fn_occ_13_2051_00_primary","delivers","0.9800","0.8415","0.6530","0.6395","0.5630","0.6582","src_role_function_seed_2026_03","0.6523","reviewed_primary_task_function_edge"
"occ_13_2051_00","task_occ_13_2051_00_21589","fn_occ_13_2051_00_primary","delivers","0.9800","0.6681","0.6303","0.5061","0.5930","0.5908","src_role_function_seed_2026_03","0.5178","reviewed_primary_task_function_edge"
"occ_13_2051_00","task_occ_13_2051_00_21590","fn_occ_13_2051_00_primary","delivers","0.9800","0.7039","0.6485","0.5219","0.5630","0.5944","src_role_function_seed_2026_03","0.5203","reviewed_primary_task_function_edge"
"occ_13_2051_00","task_occ_13_2051_00_21591","fn_occ_13_2051_00_primary","delivers","0.9800","0.7557","0.6430","0.5337","0.5630","0.5996","src_role_function_seed_2026_03","0.6300","reviewed_primary_task_function_edge"
"occ_13_2051_00","task_occ_13_2051_00_21592","fn_occ_13_2051_00_primary","delivers","0.9800","0.7557","0.6430","0.5337","0.5630","0.5996","src_role_function_seed_2026_03","0.6523","reviewed_primary_task_function_edge"
"occ_13_2051_00","task_occ_13_2051_00_21593","fn_occ_13_2051_00_primary","delivers","0.9800","0.7557","0.6430","0.5337","0.5630","0.5996","src_role_function_seed_2026_03","0.6350","reviewed_primary_task_function_edge"
"occ_13_2051_00","task_occ_13_2051_00_21594","fn_occ_13_2051_00_primary","delivers","0.9800","0.7557","0.6430","0.5337","0.5630","0.5996","src_role_function_seed_2026_03","0.6251","reviewed_primary_task_function_edge"
"occ_13_2051_00","task_occ_13_2051_00_21595","fn_occ_13_2051_00_primary","delivers","0.9800","0.7039","0.6485","0.5219","0.5630","0.5944","src_role_function_seed_2026_03","0.5203","reviewed_primary_task_function_edge"
"occ_13_2051_00","task_occ_13_2051_00_21596","fn_occ_13_2051_00_primary","delivers","0.9800","0.7557","0.6430","0.5337","0.5630","0.5996","src_role_function_seed_2026_03","0.6350","reviewed_primary_task_function_edge"
"occ_13_2051_00","task_occ_13_2051_00_21597","fn_occ_13_2051_00_primary","delivers","0.9800","0.7557","0.6430","0.5337","0.5630","0.5996","src_role_function_seed_2026_03","0.6053","reviewed_primary_task_function_edge"
"occ_13_2051_00","task_occ_13_2051_00_21598","fn_occ_13_2051_00_primary","delivers","0.9800","0.7039","0.6030","0.5219","0.5630","0.5944","src_role_function_seed_2026_03","0.5079","reviewed_primary_task_function_edge"
"occ_13_2051_00","task_occ_13_2051_00_21599","fn_occ_13_2051_00_primary","delivers","0.9800","0.7557","0.6430","0.5337","0.5630","0.5996","src_role_function_seed_2026_03","0.6350","reviewed_primary_task_function_edge"
"occ_13_2051_00","task_occ_13_2051_00_21600","fn_occ_13_2051_00_primary","delivers","0.9800","0.6681","0.6303","0.5061","0.5930","0.5908","src_role_function_seed_2026_03","0.5178","reviewed_primary_task_function_edge"
"occ_13_2051_00","task_occ_13_2051_00_21601","fn_occ_13_2051_00_primary","delivers","0.9800","0.8874","0.7375","0.6354","0.6430","0.7127","src_role_function_seed_2026_03","0.5833","reviewed_primary_task_function_edge"
"occ_13_2051_00","task_occ_13_2051_00_21602","fn_occ_13_2051_00_primary","delivers","0.9800","0.8611","0.7739","0.6191","0.6030","0.6701","src_role_function_seed_2026_03","0.5252","reviewed_primary_task_function_edge"
"occ_13_2051_00","task_occ_13_2051_00_21603","fn_occ_13_2051_00_primary","delivers","0.9800","0.7557","0.6430","0.5337","0.5630","0.5996","src_role_function_seed_2026_03","0.6053","reviewed_primary_task_function_edge"
"occ_13_2051_00","task_occ_13_2051_00_21604","fn_occ_13_2051_00_primary","delivers","0.9800","0.7557","0.6430","0.5337","0.5630","0.5996","src_role_function_seed_2026_03","0.6053","reviewed_primary_task_function_edge"
"occ_13_2051_00","task_occ_13_2051_00_jd_fa_01","fn_occ_13_2051_00_primary","delivers","0.9800","0.7876","0.6794","0.5656","0.5630","0.6028","src_role_function_seed_2026_03","0.7659","reviewed_primary_task_function_edge"
"occ_13_2051_00","task_occ_13_2051_00_jd_fa_02","fn_occ_13_2051_00_primary","delivers","0.9800","0.8905","0.7830","0.6485","0.6030","0.6731","src_role_function_seed_2026_03","0.6561","reviewed_primary_task_function_edge"
"occ_13_2051_00","task_occ_13_2051_00_jd_fa_03","fn_occ_13_2051_00_primary","delivers","0.9800","0.8175","0.7030","0.5855","0.5630","0.6058","src_role_function_seed_2026_03","0.7216","reviewed_primary_task_function_edge"
"occ_13_2051_00","task_occ_13_2051_00_jd_fa_04","fn_occ_13_2051_00_primary","delivers","0.9800","0.6806","0.6194","0.5186","0.5630","0.5921","src_role_function_seed_2026_03","0.7216","reviewed_primary_task_function_edge"
"occ_13_2052_00","task_occ_13_2052_00_12904","fn_occ_13_2052_00_primary","delivers","0.9800","0.7980","0.7263","0.5760","0.5630","0.6038","src_role_function_seed_2026_03","0.5549","reviewed_primary_task_function_edge"
"occ_13_2052_00","task_occ_13_2052_00_12905","fn_occ_13_2052_00_primary","delivers","0.9800","0.8691","0.6863","0.6671","0.5630","0.6609","src_role_function_seed_2026_03","0.6512","reviewed_primary_task_function_edge"
"occ_13_2052_00","task_occ_13_2052_00_12907","fn_occ_13_2052_00_primary","delivers","0.9800","0.8705","0.7363","0.6685","0.5630","0.6611","src_role_function_seed_2026_03","0.6512","reviewed_primary_task_function_edge"
"occ_13_2052_00","task_occ_13_2052_00_12909","fn_occ_13_2052_00_primary","delivers","0.9800","0.8757","0.6830","0.6337","0.6030","0.6716","src_role_function_seed_2026_03","0.6699","reviewed_primary_task_function_edge"
"occ_13_2052_00","task_occ_13_2052_00_12913","fn_occ_13_2052_00_primary","delivers","0.9800","0.6845","0.6530","0.5225","0.5930","0.5924","src_role_function_seed_2026_03","0.5695","reviewed_primary_task_function_edge"
"occ_13_2052_00","task_occ_13_2052_00_12914","fn_occ_13_2052_00_primary","delivers","0.9800","0.8561","0.6530","0.6541","0.5630","0.6596","src_role_function_seed_2026_03","0.6512","reviewed_primary_task_function_edge"
"occ_13_2052_00","task_occ_13_2052_00_12915","fn_occ_13_2052_00_primary","delivers","0.9800","0.8612","0.6530","0.6592","0.5630","0.6601","src_role_function_seed_2026_03","0.6512","reviewed_primary_task_function_edge"
"occ_13_2052_00","task_occ_13_2052_00_12916","fn_occ_13_2052_00_primary","delivers","0.9800","0.8482","0.6530","0.6462","0.5630","0.6588","src_role_function_seed_2026_03","0.6512","reviewed_primary_task_function_edge"
"occ_13_2052_00","task_occ_13_2052_00_12917","fn_occ_13_2052_00_primary","delivers","0.9800","0.8606","0.6830","0.6186","0.6030","0.6701","src_role_function_seed_2026_03","0.6402","reviewed_primary_task_function_edge"
"occ_13_2052_00","task_occ_13_2052_00_12918","fn_occ_13_2052_00_primary","delivers","0.9800","0.8364","0.6530","0.6344","0.5630","0.6576","src_role_function_seed_2026_03","0.6292","reviewed_primary_task_function_edge"
"occ_13_2052_00","task_occ_13_2052_00_12919","fn_occ_13_2052_00_primary","delivers","0.9800","0.8179","0.6830","0.5759","0.6030","0.6658","src_role_function_seed_2026_03","0.6182","reviewed_primary_task_function_edge"
"occ_13_2052_00","task_occ_13_2052_00_19570","fn_occ_13_2052_00_primary","delivers","0.9800","0.8170","0.6530","0.6150","0.5630","0.6557","src_role_function_seed_2026_03","0.6292","reviewed_primary_task_function_edge"
"occ_13_2052_00","task_occ_13_2052_00_19571","fn_occ_13_2052_00_primary","delivers","0.9800","0.8265","0.6830","0.5845","0.6030","0.6667","src_role_function_seed_2026_03","0.6330","reviewed_primary_task_function_edge"
"occ_13_2052_00","task_occ_13_2052_00_20182","fn_occ_13_2052_00_primary","delivers","0.9800","0.8793","0.7830","0.6373","0.6030","0.6719","src_role_function_seed_2026_03","0.6699","reviewed_primary_task_function_edge"
"occ_13_2052_00","task_occ_13_2052_00_20183","fn_occ_13_2052_00_primary","delivers","0.9800","0.8273","0.6997","0.5853","0.6430","0.6367","src_role_function_seed_2026_03","0.6127","reviewed_primary_task_function_edge"
"occ_13_2052_00","task_occ_13_2052_00_20184","fn_occ_13_2052_00_primary","delivers","0.9800","0.8669","0.6530","0.6649","0.5630","0.6607","src_role_function_seed_2026_03","0.6512","reviewed_primary_task_function_edge"
"occ_13_2052_00","task_occ_13_2052_00_20185","fn_occ_13_2052_00_primary","delivers","0.9800","0.8497","0.6530","0.6477","0.5630","0.6590","src_role_function_seed_2026_03","0.6512","reviewed_primary_task_function_edge"
"occ_13_2052_00","task_occ_13_2052_00_20186","fn_occ_13_2052_00_primary","delivers","0.9800","0.8590","0.6530","0.6570","0.5630","0.6599","src_role_function_seed_2026_03","0.6512","reviewed_primary_task_function_edge"
"occ_13_2052_00","task_occ_13_2052_00_20187","fn_occ_13_2052_00_primary","delivers","0.9800","0.8583","0.6530","0.6563","0.5630","0.6598","src_role_function_seed_2026_03","0.6512","reviewed_primary_task_function_edge"
"occ_13_2052_00","task_occ_13_2052_00_20188","fn_occ_13_2052_00_primary","delivers","0.9800","0.8617","0.7030","0.6597","0.5630","0.6602","src_role_function_seed_2026_03","0.6512","reviewed_primary_task_function_edge"
"occ_13_2052_00","task_occ_13_2052_00_20189","fn_occ_13_2052_00_primary","delivers","0.9800","0.8757","0.6830","0.6337","0.6030","0.6716","src_role_function_seed_2026_03","0.6550","reviewed_primary_task_function_edge"
"occ_13_2052_00","task_occ_13_2052_00_jd_pfa_01","fn_occ_13_2052_00_primary","delivers","0.9800","0.8595","0.6763","0.6775","0.5630","0.6599","src_role_function_seed_2026_03","0.7216","reviewed_primary_task_function_edge"
"occ_13_2052_00","task_occ_13_2052_00_jd_pfa_02","fn_occ_13_2052_00_primary","delivers","0.9800","0.8801","0.7830","0.6381","0.6030","0.6720","src_role_function_seed_2026_03","0.7639","reviewed_primary_task_function_edge"
"occ_13_2052_00","task_occ_13_2052_00_jd_pfa_03","fn_occ_13_2052_00_primary","delivers","0.9800","0.7956","0.7263","0.5736","0.5630","0.6036","src_role_function_seed_2026_03","0.6638","reviewed_primary_task_function_edge"
"occ_13_2052_00","task_occ_13_2052_00_jd_pfa_04","fn_occ_13_2052_00_primary","delivers","0.9800","0.6949","0.6530","0.5329","0.5930","0.5935","src_role_function_seed_2026_03","0.6561","reviewed_primary_task_function_edge"
"occ_13_2072_00","task_occ_13_2072_00_21635","fn_occ_13_2072_00_primary","delivers","0.9800","0.7614","0.6430","0.5394","0.5630","0.6001","src_role_function_seed_2026_03","0.5995","reviewed_primary_task_function_edge"
"occ_13_2072_00","task_occ_13_2072_00_21636","fn_occ_13_2072_00_primary","delivers","0.9800","0.7456","0.6992","0.5136","0.5630","0.5986","src_role_function_seed_2026_03","0.6528","reviewed_primary_task_function_edge"
"occ_13_2072_00","task_occ_13_2072_00_21637","fn_occ_13_2072_00_primary","delivers","0.9800","0.8613","0.6830","0.6193","0.6030","0.6701","src_role_function_seed_2026_03","0.5277","reviewed_primary_task_function_edge"
"occ_13_2072_00","task_occ_13_2072_00_21638","fn_occ_13_2072_00_primary","delivers","0.9800","0.6950","0.6645","0.5130","0.5630","0.5935","src_role_function_seed_2026_03","0.5857","reviewed_primary_task_function_edge"
"occ_13_2072_00","task_occ_13_2072_00_21639","fn_occ_13_2072_00_primary","delivers","0.9800","0.8207","0.6738","0.6387","0.5630","0.6561","src_role_function_seed_2026_03","0.6229","reviewed_primary_task_function_edge"
"occ_13_2072_00","task_occ_13_2072_00_21640","fn_occ_13_2072_00_primary","delivers","0.9800","0.8207","0.6738","0.6387","0.5630","0.6561","src_role_function_seed_2026_03","0.6352","reviewed_primary_task_function_edge"
"occ_13_2072_00","task_occ_13_2072_00_21641","fn_occ_13_2072_00_primary","delivers","0.9800","0.8441","0.6530","0.6421","0.5630","0.6584","src_role_function_seed_2026_03","0.6484","reviewed_primary_task_function_edge"
"occ_13_2072_00","task_occ_13_2072_00_21642","fn_occ_13_2072_00_primary","delivers","0.9800","0.8441","0.6530","0.6421","0.5630","0.6584","src_role_function_seed_2026_03","0.6484","reviewed_primary_task_function_edge"
"occ_13_2072_00","task_occ_13_2072_00_21643","fn_occ_13_2072_00_primary","delivers","0.9800","0.7614","0.6430","0.5394","0.5630","0.6001","src_role_function_seed_2026_03","0.5995","reviewed_primary_task_function_edge"
"occ_13_2072_00","task_occ_13_2072_00_21644","fn_occ_13_2072_00_primary","delivers","0.9800","0.7783","0.6945","0.5363","0.6430","0.6318","src_role_function_seed_2026_03","0.6638","reviewed_primary_task_function_edge"
"occ_13_2072_00","task_occ_13_2072_00_21645","fn_occ_13_2072_00_primary","delivers","0.9800","0.8613","0.7830","0.6193","0.6030","0.6701","src_role_function_seed_2026_03","0.5252","reviewed_primary_task_function_edge"
"occ_13_2072_00","task_occ_13_2072_00_21646","fn_occ_13_2072_00_primary","delivers","0.9800","0.7783","0.6330","0.5363","0.6430","0.6318","src_role_function_seed_2026_03","0.6638","reviewed_primary_task_function_edge"
"occ_13_2072_00","task_occ_13_2072_00_21647","fn_occ_13_2072_00_primary","delivers","0.9800","0.7783","0.6330","0.5363","0.6430","0.6318","src_role_function_seed_2026_03","0.6638","reviewed_primary_task_function_edge"
"occ_13_2072_00","task_occ_13_2072_00_3407","fn_occ_13_2072_00_primary","delivers","0.9800","0.9139","0.7445","0.6619","0.6430","0.7154","src_role_function_seed_2026_03","0.6053","reviewed_primary_task_function_edge"
"occ_13_2072_00","task_occ_13_2072_00_3408","fn_occ_13_2072_00_primary","delivers","0.9800","0.6692","0.5684","0.4972","0.5430","0.5509","src_role_function_seed_2026_03","0.6127","reviewed_primary_task_function_edge"
"occ_13_2072_00","task_occ_13_2072_00_3409","fn_occ_13_2072_00_primary","delivers","0.9800","0.7999","0.6968","0.5779","0.5630","0.6040","src_role_function_seed_2026_03","0.6512","reviewed_primary_task_function_edge"
"occ_13_2072_00","task_occ_13_2072_00_3410","fn_occ_13_2072_00_primary","delivers","0.9800","0.8826","0.7222","0.6806","0.5630","0.6623","src_role_function_seed_2026_03","0.6704","reviewed_primary_task_function_edge"
"occ_13_2072_00","task_occ_13_2072_00_3411","fn_occ_13_2072_00_primary","delivers","0.9800","0.7656","0.6992","0.5336","0.5630","0.6006","src_role_function_seed_2026_03","0.6748","reviewed_primary_task_function_edge"
"occ_13_2072_00","task_occ_13_2072_00_3412","fn_occ_13_2072_00_primary","delivers","0.9800","0.6585","0.5684","0.4865","0.5430","0.5498","src_role_function_seed_2026_03","0.6152","reviewed_primary_task_function_edge"
"occ_13_2072_00","task_occ_13_2072_00_3413","fn_occ_13_2072_00_primary","delivers","0.9800","0.7970","0.6945","0.5550","0.6430","0.6337","src_role_function_seed_2026_03","0.6858","reviewed_primary_task_function_edge"
"occ_13_2072_00","task_occ_13_2072_00_3414","fn_occ_13_2072_00_primary","delivers","0.9800","0.8008","0.6799","0.5688","0.5630","0.6041","src_role_function_seed_2026_03","0.6003","reviewed_primary_task_function_edge"
"occ_13_2072_00","task_occ_13_2072_00_3415","fn_occ_13_2072_00_primary","delivers","0.9800","0.8587","0.6530","0.6567","0.5630","0.6599","src_role_function_seed_2026_03","0.6704","reviewed_primary_task_function_edge"
"occ_13_2072_00","task_occ_13_2072_00_3416","fn_occ_13_2072_00_primary","delivers","0.9800","0.7804","0.6584","0.5584","0.5630","0.6020","src_role_function_seed_2026_03","0.6512","reviewed_primary_task_function_edge"
"occ_13_2072_00","task_occ_13_2072_00_3417","fn_occ_13_2072_00_primary","delivers","0.9800","0.8612","0.6530","0.6592","0.5630","0.6601","src_role_function_seed_2026_03","0.6704","reviewed_primary_task_function_edge"
"occ_13_2072_00","task_occ_13_2072_00_3418","fn_occ_13_2072_00_primary","delivers","0.9800","0.8612","0.6530","0.6592","0.5630","0.6601","src_role_function_seed_2026_03","0.6704","reviewed_primary_task_function_edge"
"occ_13_2072_00","task_occ_13_2072_00_3421","fn_occ_13_2072_00_primary","delivers","0.9800","0.8559","0.6530","0.6539","0.5630","0.6596","src_role_function_seed_2026_03","0.6704","reviewed_primary_task_function_edge"
"occ_13_2072_00","task_occ_13_2072_00_3422","fn_occ_13_2072_00_primary","delivers","0.9800","0.7742","0.6815","0.5522","0.5630","0.6014","src_role_function_seed_2026_03","0.5995","reviewed_primary_task_function_edge"
"occ_13_2072_00","task_occ_13_2072_00_3423","fn_occ_13_2072_00_primary","delivers","0.9800","0.8699","0.7445","0.6179","0.6430","0.7110","src_role_function_seed_2026_03","0.5833","reviewed_primary_task_function_edge"
"occ_13_2072_00","task_occ_13_2072_00_3425","fn_occ_13_2072_00_primary","delivers","0.9800","0.7725","0.6430","0.5505","0.5630","0.6013","src_role_function_seed_2026_03","0.6512","reviewed_primary_task_function_edge"
"occ_13_2072_00","task_occ_13_2072_00_3426","fn_occ_13_2072_00_primary","delivers","0.9800","0.8290","0.6530","0.6270","0.5630","0.6569","src_role_function_seed_2026_03","0.6484","reviewed_primary_task_function_edge"
"occ_13_2072_00","task_occ_13_2072_00_jd_lo_01","fn_occ_13_2072_00_primary","delivers","0.9800","0.8768","0.7222","0.6748","0.5630","0.6617","src_role_function_seed_2026_03","0.7793","reviewed_primary_task_function_edge"
"occ_13_2072_00","task_occ_13_2072_00_jd_lo_02","fn_occ_13_2072_00_primary","delivers","0.9800","0.8940","0.7830","0.6520","0.6030","0.6734","src_role_function_seed_2026_03","0.6561","reviewed_primary_task_function_edge"
"occ_13_2072_00","task_occ_13_2072_00_jd_lo_03","fn_occ_13_2072_00_primary","delivers","0.9800","0.8197","0.6799","0.5877","0.5630","0.6060","src_role_function_seed_2026_03","0.7216","reviewed_primary_task_function_edge"
"occ_13_2072_00","task_occ_13_2072_00_jd_lo_04","fn_occ_13_2072_00_primary","delivers","0.9800","0.6879","0.6492","0.5259","0.5930","0.5928","src_role_function_seed_2026_03","0.7216","reviewed_primary_task_function_edge"
"occ_15_1211_00","task_occ_15_1211_00_20950","fn_occ_15_1211_00_primary","directly_supports","0.5336","0.5181","0.6134","0.4844","0.3084","0.5088","src_role_function_seed_2026_03","0.6812","reviewed_primary_task_function_edge"
"occ_15_1211_00","task_occ_15_1211_00_20950","fn_occ_15_1211_00_requirements_translation","directly_supports","0.4664","0.4926","0.6000","0.5564","0.2716","0.4702","src_role_function_seed_2026_03|src_role_function_expansion_2026_03","0.7351","reviewed_multi_anchor_task_function_edge"
"occ_15_1211_00","task_occ_15_1211_00_3464","fn_occ_15_1211_00_primary","directly_supports","0.5345","0.5148","0.6136","0.4808","0.3084","0.5087","src_role_function_seed_2026_03","0.6812","reviewed_primary_task_function_edge"
"occ_15_1211_00","task_occ_15_1211_00_3464","fn_occ_15_1211_00_requirements_translation","directly_supports","0.4655","0.4887","0.5998","0.5528","0.2716","0.4697","src_role_function_seed_2026_03|src_role_function_expansion_2026_03","0.7351","reviewed_multi_anchor_task_function_edge"
"occ_15_1211_00","task_occ_15_1211_00_3465","fn_occ_15_1211_00_primary","directly_supports","0.4760","0.6031","0.6130","0.5395","0.3026","0.5087","src_role_function_seed_2026_03","0.5626","reviewed_primary_task_function_edge"
"occ_15_1211_00","task_occ_15_1211_00_3465","fn_occ_15_1211_00_requirements_translation","directly_supports","0.5240","0.6179","0.6226","0.6115","0.2774","0.4914","src_role_function_seed_2026_03|src_role_function_expansion_2026_03","0.6166","reviewed_multi_anchor_task_function_edge"
"occ_15_1211_00","task_occ_15_1211_00_3466","fn_occ_15_1211_00_primary","supports","0.5630","0.4645","0.5248","0.4304","0.2913","0.4679","src_role_function_seed_2026_03","0.6064","reviewed_primary_task_function_edge"
"occ_15_1211_00","task_occ_15_1211_00_3466","fn_occ_15_1211_00_requirements_translation","supports","0.4370","0.4184","0.4996","0.5024","0.2487","0.4184","src_role_function_seed_2026_03|src_role_function_expansion_2026_03","0.6603","reviewed_multi_anchor_task_function_edge"
"occ_15_1211_00","task_occ_15_1211_00_3467","fn_occ_15_1211_00_primary","delivers","0.9800","0.5804","0.5860","0.4004","0.3330","0.5420","src_role_function_seed_2026_03","0.6064","reviewed_primary_task_function_edge"
"occ_15_1211_00","task_occ_15_1211_00_3468","fn_occ_15_1211_00_primary","directly_supports","0.4563","0.5830","0.6090","0.5263","0.3006","0.5038","src_role_function_seed_2026_03","0.5626","reviewed_primary_task_function_edge"
"occ_15_1211_00","task_occ_15_1211_00_3468","fn_occ_15_1211_00_requirements_translation","directly_supports","0.5437","0.6116","0.6265","0.5983","0.2794","0.4937","src_role_function_seed_2026_03|src_role_function_expansion_2026_03","0.6166","reviewed_multi_anchor_task_function_edge"
"occ_15_1211_00","task_occ_15_1211_00_3469","fn_occ_15_1211_00_primary","directly_supports","0.5267","0.6854","0.7142","0.5841","0.3877","0.6245","src_role_function_seed_2026_03","0.6322","reviewed_primary_task_function_edge"
"occ_15_1211_00","task_occ_15_1211_00_3469","fn_occ_15_1211_00_requirements_translation","directly_supports","0.4733","0.6648","0.7036","0.6561","0.3523","0.5885","src_role_function_seed_2026_03|src_role_function_expansion_2026_03","0.6862","reviewed_multi_anchor_task_function_edge"
"occ_15_1211_00","task_occ_15_1211_00_3470","fn_occ_15_1211_00_primary","supports","0.5607","0.4954","0.5521","0.4522","0.3111","0.5106","src_role_function_seed_2026_03","0.6812","reviewed_primary_task_function_edge"
"occ_15_1211_00","task_occ_15_1211_00_3470","fn_occ_15_1211_00_requirements_translation","supports","0.4393","0.4509","0.5279","0.5242","0.2689","0.4620","src_role_function_seed_2026_03|src_role_function_expansion_2026_03","0.7351","reviewed_multi_anchor_task_function_edge"
"occ_15_1211_00","task_occ_15_1211_00_3471","fn_occ_15_1211_00_primary","delivers","0.9800","0.5684","0.6082","0.3884","0.3330","0.5408","src_role_function_seed_2026_03","0.5844","reviewed_primary_task_function_edge"
"occ_15_1211_00","task_occ_15_1211_00_3472","fn_occ_15_1211_00_primary","supports","0.5621","0.4941","0.5524","0.4504","0.3112","0.5107","src_role_function_seed_2026_03","0.6812","reviewed_primary_task_function_edge"
"occ_15_1211_00","task_occ_15_1211_00_3472","fn_occ_15_1211_00_requirements_translation","supports","0.4379","0.4487","0.5276","0.5224","0.2688","0.4616","src_role_function_seed_2026_03|src_role_function_expansion_2026_03","0.7351","reviewed_multi_anchor_task_function_edge"
"occ_15_1211_00","task_occ_15_1211_00_3473","fn_occ_15_1211_00_primary","supports","0.5612","0.4949","0.5522","0.4514","0.3111","0.5107","src_role_function_seed_2026_03","0.6812","reviewed_primary_task_function_edge"
"occ_15_1211_00","task_occ_15_1211_00_3473","fn_occ_15_1211_00_requirements_translation","supports","0.4388","0.4500","0.5278","0.5234","0.2689","0.4618","src_role_function_seed_2026_03|src_role_function_expansion_2026_03","0.7351","reviewed_multi_anchor_task_function_edge"
"occ_15_1211_00","task_occ_15_1211_00_3474","fn_occ_15_1211_00_primary","directly_supports","0.4859","0.6628","0.7061","0.5857","0.3436","0.5762","src_role_function_seed_2026_03","0.5535","reviewed_primary_task_function_edge"
"occ_15_1211_00","task_occ_15_1211_00_3474","fn_occ_15_1211_00_requirements_translation","directly_supports","0.5141","0.6706","0.7117","0.6577","0.3164","0.5552","src_role_function_seed_2026_03|src_role_function_expansion_2026_03","0.6076","reviewed_multi_anchor_task_function_edge"
"occ_15_1211_00","task_occ_15_1211_00_3475","fn_occ_15_1211_00_primary","supports","0.5615","0.4946","0.5523","0.4511","0.3111","0.5107","src_role_function_seed_2026_03","0.7084","reviewed_primary_task_function_edge"
"occ_15_1211_00","task_occ_15_1211_00_3475","fn_occ_15_1211_00_requirements_translation","supports","0.4385","0.4496","0.5277","0.5231","0.2689","0.4617","src_role_function_seed_2026_03|src_role_function_expansion_2026_03","0.7624","reviewed_multi_anchor_task_function_edge"
"occ_15_1211_00","task_occ_15_1211_00_3476","fn_occ_15_1211_00_primary","supports","0.5666","0.4903","0.5533","0.4450","0.3117","0.5110","src_role_function_seed_2026_03","0.6812","reviewed_primary_task_function_edge"
"occ_15_1211_00","task_occ_15_1211_00_3476","fn_occ_15_1211_00_requirements_translation","supports","0.4334","0.4416","0.5267","0.5170","0.2683","0.4602","src_role_function_seed_2026_03|src_role_function_expansion_2026_03","0.7351","reviewed_multi_anchor_task_function_edge"
"occ_15_1211_00","task_occ_15_1211_00_3477","fn_occ_15_1211_00_primary","supports","0.5647","0.4918","0.5529","0.4471","0.3115","0.5109","src_role_function_seed_2026_03","0.7307","reviewed_primary_task_function_edge"
"occ_15_1211_00","task_occ_15_1211_00_3477","fn_occ_15_1211_00_requirements_translation","supports","0.4353","0.4445","0.5271","0.5191","0.2685","0.4607","src_role_function_seed_2026_03|src_role_function_expansion_2026_03","0.7847","reviewed_multi_anchor_task_function_edge"
"occ_15_1211_00","task_occ_15_1211_00_3478","fn_occ_15_1211_00_primary","supports","0.4471","0.5760","0.6372","0.5125","0.3797","0.5317","src_role_function_seed_2026_03","0.6061","reviewed_primary_task_function_edge"
"occ_15_1211_00","task_occ_15_1211_00_3478","fn_occ_15_1211_00_requirements_translation","supports","0.5529","0.6110","0.6584","0.5845","0.3603","0.5250","src_role_function_seed_2026_03|src_role_function_expansion_2026_03","0.6601","reviewed_multi_anchor_task_function_edge"
"occ_15_1211_00","task_occ_15_1211_00_3479","fn_occ_15_1211_00_primary","directly_supports","0.4478","0.6222","0.6096","0.5585","0.3398","0.5664","src_role_function_seed_2026_03","0.5486","reviewed_primary_task_function_edge"
"occ_15_1211_00","task_occ_15_1211_00_3479","fn_occ_15_1211_00_requirements_translation","directly_supports","0.5522","0.6568","0.6304","0.6305","0.3202","0.5595","src_role_function_seed_2026_03|src_role_function_expansion_2026_03","0.6026","reviewed_multi_anchor_task_function_edge"
"occ_15_1211_00","task_occ_15_1211_00_3480","fn_occ_15_1211_00_primary","supports","0.5647","0.4918","0.5529","0.4471","0.3115","0.5109","src_role_function_seed_2026_03","0.7084","reviewed_primary_task_function_edge"
"occ_15_1211_00","task_occ_15_1211_00_3480","fn_occ_15_1211_00_requirements_translation","supports","0.4353","0.4445","0.5271","0.5191","0.2685","0.4607","src_role_function_seed_2026_03|src_role_function_expansion_2026_03","0.7624","reviewed_multi_anchor_task_function_edge"
"occ_15_1211_00","task_occ_15_1211_00_3481","fn_occ_15_1211_00_primary","supports","0.5408","0.5579","0.6437","0.4817","0.3091","0.5139","src_role_function_seed_2026_03","0.6561","reviewed_primary_task_function_edge"
"occ_15_1211_00","task_occ_15_1211_00_3481","fn_occ_15_1211_00_requirements_translation","supports","0.4592","0.5274","0.6274","0.5537","0.2709","0.4726","src_role_function_seed_2026_03|src_role_function_expansion_2026_03","0.7101","reviewed_multi_anchor_task_function_edge"
"occ_15_1211_00","task_occ_15_1211_00_3482","fn_occ_15_1211_00_primary","directly_supports","0.5290","0.5886","0.6414","0.5165","0.3079","0.5152","src_role_function_seed_2026_03","0.6781","reviewed_primary_task_function_edge"
"occ_15_1211_00","task_occ_15_1211_00_3482","fn_occ_15_1211_00_requirements_translation","directly_supports","0.4710","0.5663","0.6297","0.5885","0.2721","0.4783","src_role_function_seed_2026_03|src_role_function_expansion_2026_03","0.7321","reviewed_multi_anchor_task_function_edge"
"occ_15_1211_00","task_occ_15_1211_00_3483","fn_occ_15_1211_00_primary","supports","0.5722","0.5515","0.5944","0.4642","0.3122","0.5180","src_role_function_seed_2026_03","0.6561","reviewed_primary_task_function_edge"
"occ_15_1211_00","task_occ_15_1211_00_3483","fn_occ_15_1211_00_requirements_translation","supports","0.4278","0.4989","0.5656","0.5362","0.2678","0.4651","src_role_function_seed_2026_03|src_role_function_expansion_2026_03","0.7101","reviewed_multi_anchor_task_function_edge"
"occ_15_1211_00","task_occ_15_1211_00_3484","fn_occ_15_1211_00_primary","directly_supports","0.4497","0.6294","0.6099","0.5650","0.3400","0.5674","src_role_function_seed_2026_03","0.5338","reviewed_primary_task_function_edge"
"occ_15_1211_00","task_occ_15_1211_00_3484","fn_occ_15_1211_00_requirements_translation","directly_supports","0.5503","0.6626","0.6301","0.6370","0.3200","0.5598","src_role_function_seed_2026_03|src_role_function_expansion_2026_03","0.5877","reviewed_multi_anchor_task_function_edge"
"occ_15_1211_00","task_occ_15_1211_00_jd_sa_01","fn_occ_15_1211_00_primary","directly_supports","0.4909","0.6693","0.7071","0.5905","0.3441","0.5776","src_role_function_seed_2026_03","0.6600","reviewed_primary_task_function_edge"
"occ_15_1211_00","task_occ_15_1211_00_jd_sa_01","fn_occ_15_1211_00_requirements_translation","directly_supports","0.5091","0.6737","0.7107","0.6625","0.3159","0.5547","src_role_function_seed_2026_03|src_role_function_expansion_2026_03","0.7140","reviewed_multi_anchor_task_function_edge"
"occ_15_1211_00","task_occ_15_1211_00_jd_sa_02","fn_occ_15_1211_00_primary","directly_supports","0.5200","0.7021","0.7240","0.6030","0.3870","0.6252","src_role_function_seed_2026_03","0.7485","reviewed_primary_task_function_edge"
"occ_15_1211_00","task_occ_15_1211_00_jd_sa_02","fn_occ_15_1211_00_requirements_translation","directly_supports","0.4800","0.6860","0.7160","0.6750","0.3530","0.5916","src_role_function_seed_2026_03|src_role_function_expansion_2026_03","0.8025","reviewed_multi_anchor_task_function_edge"
"occ_15_1211_00","task_occ_15_1211_00_jd_sa_03","fn_occ_15_1211_00_primary","directly_supports","0.4647","0.6027","0.6629","0.5330","0.3815","0.5370","src_role_function_seed_2026_03","0.7370","reviewed_primary_task_function_edge"
"occ_15_1211_00","task_occ_15_1211_00_jd_sa_03","fn_occ_15_1211_00_requirements_translation","directly_supports","0.5353","0.6254","0.6771","0.6050","0.3585","0.5238","src_role_function_seed_2026_03|src_role_function_expansion_2026_03","0.7910","reviewed_multi_anchor_task_function_edge"
"occ_15_1211_00","task_occ_15_1211_00_jd_sa_04","fn_occ_15_1211_00_primary","supports","0.5523","0.4691","0.6282","0.4488","0.3402","0.5068","src_role_function_seed_2026_03","0.7562","reviewed_primary_task_function_edge"
"occ_15_1211_00","task_occ_15_1211_00_jd_sa_04","fn_occ_15_1211_00_requirements_translation","supports","0.4477","0.4305","0.6073","0.5208","0.2998","0.4612","src_role_function_seed_2026_03|src_role_function_expansion_2026_03","0.8102","reviewed_multi_anchor_task_function_edge"
"occ_15_1212_00","task_occ_15_1212_00_5313","fn_occ_15_1212_00_primary","delivers","0.9800","0.6643","0.6360","0.4743","0.3530","0.5904","src_role_function_seed_2026_03","0.5175","reviewed_primary_task_function_edge"
"occ_15_1212_00","task_occ_15_1212_00_5314","fn_occ_15_1212_00_primary","delivers","0.9800","0.6065","0.6110","0.4265","0.3330","0.5447","src_role_function_seed_2026_03","0.6968","reviewed_primary_task_function_edge"
"occ_15_1212_00","task_occ_15_1212_00_5315","fn_occ_15_1212_00_primary","delivers","0.9800","0.6785","0.6985","0.4885","0.3530","0.5919","src_role_function_seed_2026_03","0.5175","reviewed_primary_task_function_edge"
"occ_15_1212_00","task_occ_15_1212_00_5316","fn_occ_15_1212_00_primary","delivers","0.9800","0.6511","0.7110","0.4811","0.3830","0.5891","src_role_function_seed_2026_03","0.6553","reviewed_primary_task_function_edge"
"occ_15_1212_00","task_occ_15_1212_00_5317","fn_occ_15_1212_00_primary","delivers","0.9800","0.6008","0.6110","0.4208","0.3330","0.5441","src_role_function_seed_2026_03","0.6671","reviewed_primary_task_function_edge"
"occ_15_1212_00","task_occ_15_1212_00_5318","fn_occ_15_1212_00_primary","delivers","0.9800","0.7600","0.6860","0.5200","0.3530","0.6000","src_role_function_seed_2026_03","0.5530","reviewed_primary_task_function_edge"
"occ_15_1212_00","task_occ_15_1212_00_5319","fn_occ_15_1212_00_primary","delivers","0.9800","0.5972","0.5860","0.4172","0.3330","0.5437","src_role_function_seed_2026_03","0.6671","reviewed_primary_task_function_edge"
"occ_15_1212_00","task_occ_15_1212_00_5320","fn_occ_15_1212_00_primary","delivers","0.9800","0.5933","0.5860","0.4133","0.3330","0.5433","src_role_function_seed_2026_03","0.6795","reviewed_primary_task_function_edge"
"occ_15_1212_00","task_occ_15_1212_00_5321","fn_occ_15_1212_00_primary","delivers","0.9800","0.6890","0.6985","0.4990","0.3530","0.5929","src_role_function_seed_2026_03","0.5175","reviewed_primary_task_function_edge"
"occ_15_1212_00","task_occ_15_1212_00_5322","fn_occ_15_1212_00_primary","delivers","0.9800","0.6269","0.6360","0.4569","0.3830","0.5867","src_role_function_seed_2026_03","0.6627","reviewed_primary_task_function_edge"
"occ_15_1212_00","task_occ_15_1212_00_5323","fn_occ_15_1212_00_primary","delivers","0.9800","0.7686","0.6660","0.5186","0.4330","0.6309","src_role_function_seed_2026_03","0.6127","reviewed_primary_task_function_edge"
"occ_15_1212_00","task_occ_15_1212_00_jd_isa_01","fn_occ_15_1212_00_primary","delivers","0.9800","0.7861","0.7660","0.5361","0.4330","0.6326","src_role_function_seed_2026_03","0.7216","reviewed_primary_task_function_edge"
"occ_15_1212_00","task_occ_15_1212_00_jd_isa_02","fn_occ_15_1212_00_primary","delivers","0.9800","0.7418","0.7385","0.5118","0.3530","0.5982","src_role_function_seed_2026_03","0.7216","reviewed_primary_task_function_edge"
"occ_15_1212_00","task_occ_15_1212_00_jd_isa_03","fn_occ_15_1212_00_primary","delivers","0.9800","0.6389","0.7110","0.4689","0.3830","0.5879","src_role_function_seed_2026_03","0.7716","reviewed_primary_task_function_edge"
"occ_15_1212_00","task_occ_15_1212_00_jd_isa_04","fn_occ_15_1212_00_primary","delivers","0.9800","0.7754","0.6860","0.5354","0.3530","0.6015","src_role_function_seed_2026_03","0.6619","reviewed_primary_task_function_edge"
"occ_15_1212_00","task_occ_15_1212_00_jd_isa2_01","fn_occ_15_1212_00_primary","delivers","0.9800","0.7422","0.7385","0.5122","0.3530","0.5982","src_role_function_seed_2026_03","0.7216","reviewed_primary_task_function_edge"
"occ_15_1212_00","task_occ_15_1212_00_jd_isa2_02","fn_occ_15_1212_00_primary","delivers","0.9800","0.8281","0.7660","0.5781","0.3930","0.6668","src_role_function_seed_2026_03","0.7216","reviewed_primary_task_function_edge"
"occ_15_1212_00","task_occ_15_1212_00_jd_isa2_03","fn_occ_15_1212_00_primary","delivers","0.9800","0.7839","0.7660","0.5339","0.4330","0.6324","src_role_function_seed_2026_03","0.7216","reviewed_primary_task_function_edge"
"occ_15_1212_00","task_occ_15_1212_00_jd_isa2_04","fn_occ_15_1212_00_primary","delivers","0.9800","0.6389","0.6360","0.4689","0.3830","0.5879","src_role_function_seed_2026_03","0.7716","reviewed_primary_task_function_edge"
"occ_15_1232_00","task_occ_15_1232_00_1282","fn_occ_15_1232_00_primary","delivers","0.9800","0.8280","0.7068","0.6380","0.3530","0.6568","src_role_function_seed_2026_03","0.5293","reviewed_primary_task_function_edge"
"occ_15_1232_00","task_occ_15_1232_00_1283","fn_occ_15_1232_00_primary","delivers","0.9800","0.7719","0.7122","0.5219","0.4330","0.6312","src_role_function_seed_2026_03","0.5398","reviewed_primary_task_function_edge"
"occ_15_1232_00","task_occ_15_1232_00_1284","fn_occ_15_1232_00_primary","delivers","0.9800","0.6652","0.6898","0.4752","0.3530","0.5905","src_role_function_seed_2026_03","0.6847","reviewed_primary_task_function_edge"
"occ_15_1232_00","task_occ_15_1232_00_1285","fn_occ_15_1232_00_primary","delivers","0.9800","0.8441","0.7622","0.5841","0.4330","0.7084","src_role_function_seed_2026_03","0.6839","reviewed_primary_task_function_edge"
"occ_15_1232_00","task_occ_15_1232_00_1286","fn_occ_15_1232_00_primary","delivers","0.9800","0.6681","0.6898","0.4781","0.3530","0.5908","src_role_function_seed_2026_03","0.6600","reviewed_primary_task_function_edge"
"occ_15_1232_00","task_occ_15_1232_00_1287","fn_occ_15_1232_00_primary","delivers","0.9800","0.6394","0.6668","0.4694","0.3830","0.5879","src_role_function_seed_2026_03","0.6479","reviewed_primary_task_function_edge"
"occ_15_1232_00","task_occ_15_1232_00_1288","fn_occ_15_1232_00_primary","delivers","0.9800","0.7619","0.7168","0.5219","0.3530","0.6002","src_role_function_seed_2026_03","0.5423","reviewed_primary_task_function_edge"
"occ_15_1232_00","task_occ_15_1232_00_1289","fn_occ_15_1232_00_primary","delivers","0.9800","0.8441","0.7622","0.5841","0.4330","0.7084","src_role_function_seed_2026_03","0.6765","reviewed_primary_task_function_edge"
"occ_15_1232_00","task_occ_15_1232_00_1290","fn_occ_15_1232_00_primary","delivers","0.9800","0.6380","0.6360","0.4480","0.3530","0.5878","src_role_function_seed_2026_03","0.6872","reviewed_primary_task_function_edge"
"occ_15_1232_00","task_occ_15_1232_00_1291","fn_occ_15_1232_00_primary","delivers","0.9800","0.6402","0.6360","0.4502","0.3530","0.5880","src_role_function_seed_2026_03","0.6600","reviewed_primary_task_function_edge"
"occ_15_1232_00","task_occ_15_1232_00_1292","fn_occ_15_1232_00_primary","delivers","0.9800","0.8140","0.8083","0.5640","0.3930","0.6654","src_role_function_seed_2026_03","0.5448","reviewed_primary_task_function_edge"
"occ_15_1232_00","task_occ_15_1232_00_1293","fn_occ_15_1232_00_primary","delivers","0.9800","0.6337","0.6360","0.4437","0.3530","0.5874","src_role_function_seed_2026_03","0.6600","reviewed_primary_task_function_edge"
"occ_15_1232_00","task_occ_15_1232_00_1295","fn_occ_15_1232_00_primary","delivers","0.9800","0.7807","0.7122","0.5307","0.4330","0.6321","src_role_function_seed_2026_03","0.5398","reviewed_primary_task_function_edge"
"occ_15_1232_00","task_occ_15_1232_00_1296","fn_occ_15_1232_00_primary","delivers","0.9800","0.6111","0.6360","0.4211","0.3530","0.5851","src_role_function_seed_2026_03","0.6380","reviewed_primary_task_function_edge"
"occ_15_1232_00","task_occ_15_1232_00_1297","fn_occ_15_1232_00_primary","delivers","0.9800","0.6912","0.7222","0.4612","0.3530","0.5931","src_role_function_seed_2026_03","0.5907","reviewed_primary_task_function_edge"
"occ_15_1232_00","task_occ_15_1232_00_15204","fn_occ_15_1232_00_primary","delivers","0.9800","0.7939","0.7160","0.5339","0.4330","0.7034","src_role_function_seed_2026_03","0.6545","reviewed_primary_task_function_edge"
"occ_15_1232_00","task_occ_15_1232_00_jd_its_01","fn_occ_15_1232_00_primary","delivers","0.9800","0.8344","0.7552","0.6244","0.3530","0.6574","src_role_function_seed_2026_03","0.7216","reviewed_primary_task_function_edge"
"occ_15_1232_00","task_occ_15_1232_00_jd_its_02","fn_occ_15_1232_00_primary","delivers","0.9800","0.7688","0.7360","0.5288","0.3530","0.6009","src_role_function_seed_2026_03","0.7216","reviewed_primary_task_function_edge"
"occ_15_1232_00","task_occ_15_1232_00_jd_its_03","fn_occ_15_1232_00_primary","delivers","0.9800","0.6323","0.6468","0.4623","0.3530","0.5872","src_role_function_seed_2026_03","0.7216","reviewed_primary_task_function_edge"
"occ_15_1232_00","task_occ_15_1232_00_jd_its_04","fn_occ_15_1232_00_primary","delivers","0.9800","0.6420","0.6437","0.4720","0.3830","0.5882","src_role_function_seed_2026_03","0.7370","reviewed_primary_task_function_edge"
"occ_15_1232_00","task_occ_15_1232_00_jd_its2_01","fn_occ_15_1232_00_primary","delivers","0.9800","0.8348","0.7552","0.6248","0.3530","0.6575","src_role_function_seed_2026_03","0.7216","reviewed_primary_task_function_edge"
"occ_15_1232_00","task_occ_15_1232_00_jd_its2_02","fn_occ_15_1232_00_primary","delivers","0.9800","0.7685","0.7360","0.5285","0.3530","0.6008","src_role_function_seed_2026_03","0.7216","reviewed_primary_task_function_edge"
"occ_15_1232_00","task_occ_15_1232_00_jd_its2_03","fn_occ_15_1232_00_primary","delivers","0.9800","0.6363","0.6468","0.4663","0.3530","0.5876","src_role_function_seed_2026_03","0.7216","reviewed_primary_task_function_edge"
"occ_15_1232_00","task_occ_15_1232_00_jd_its2_04","fn_occ_15_1232_00_primary","delivers","0.9800","0.6442","0.6745","0.4742","0.3830","0.5884","src_role_function_seed_2026_03","0.7370","reviewed_primary_task_function_edge"
"occ_15_1241_00","task_occ_15_1241_00_18956","fn_occ_15_1241_00_primary","delivers","0.9800","0.6614","0.6360","0.4714","0.3530","0.5901","src_role_function_seed_2026_03","0.6292","reviewed_primary_task_function_edge"
"occ_15_1241_00","task_occ_15_1241_00_18957","fn_occ_15_1241_00_primary","delivers","0.9800","0.8016","0.7749","0.5916","0.3530","0.6542","src_role_function_seed_2026_03","0.6757","reviewed_primary_task_function_edge"
"occ_15_1241_00","task_occ_15_1241_00_18958","fn_occ_15_1241_00_primary","delivers","0.9800","0.7744","0.7027","0.5344","0.3530","0.6014","src_role_function_seed_2026_03","0.6256","reviewed_primary_task_function_edge"
"occ_15_1241_00","task_occ_15_1241_00_18959","fn_occ_15_1241_00_primary","delivers","0.9800","0.7719","0.7027","0.5319","0.3530","0.6012","src_role_function_seed_2026_03","0.6454","reviewed_primary_task_function_edge"
"occ_15_1241_00","task_occ_15_1241_00_18960","fn_occ_15_1241_00_primary","delivers","0.9800","0.7631","0.6360","0.5231","0.3530","0.6003","src_role_function_seed_2026_03","0.6454","reviewed_primary_task_function_edge"
"occ_15_1241_00","task_occ_15_1241_00_18961","fn_occ_15_1241_00_primary","delivers","0.9800","0.7451","0.6360","0.5051","0.3530","0.5985","src_role_function_seed_2026_03","0.6454","reviewed_primary_task_function_edge"
"occ_15_1241_00","task_occ_15_1241_00_18962","fn_occ_15_1241_00_primary","delivers","0.9800","0.6614","0.6360","0.4714","0.3530","0.5901","src_role_function_seed_2026_03","0.6539","reviewed_primary_task_function_edge"
"occ_15_1241_00","task_occ_15_1241_00_18963","fn_occ_15_1241_00_primary","delivers","0.9800","0.6535","0.6360","0.4635","0.3530","0.5894","src_role_function_seed_2026_03","0.6539","reviewed_primary_task_function_edge"
"occ_15_1241_00","task_occ_15_1241_00_18964","fn_occ_15_1241_00_primary","delivers","0.9800","0.6703","0.6360","0.4803","0.3530","0.5910","src_role_function_seed_2026_03","0.6292","reviewed_primary_task_function_edge"
"occ_15_1241_00","task_occ_15_1241_00_18965","fn_occ_15_1241_00_primary","delivers","0.9800","0.6686","0.6360","0.4786","0.3530","0.5909","src_role_function_seed_2026_03","0.6564","reviewed_primary_task_function_edge"
"occ_15_1241_00","task_occ_15_1241_00_18966","fn_occ_15_1241_00_primary","delivers","0.9800","0.6621","0.6360","0.4721","0.3530","0.5902","src_role_function_seed_2026_03","0.6836","reviewed_primary_task_function_edge"
"occ_15_1241_00","task_occ_15_1241_00_18967","fn_occ_15_1241_00_primary","delivers","0.9800","0.6607","0.6360","0.4707","0.3530","0.5901","src_role_function_seed_2026_03","0.6787","reviewed_primary_task_function_edge"
"occ_15_1241_00","task_occ_15_1241_00_18968","fn_occ_15_1241_00_primary","delivers","0.9800","0.6729","0.6360","0.4829","0.3530","0.5913","src_role_function_seed_2026_03","0.6564","reviewed_primary_task_function_edge"
"occ_15_1241_00","task_occ_15_1241_00_18969","fn_occ_15_1241_00_primary","delivers","0.9800","0.6265","0.6916","0.4565","0.3830","0.5867","src_role_function_seed_2026_03","0.6704","reviewed_primary_task_function_edge"
"occ_15_1241_00","task_occ_15_1241_00_18970","fn_occ_15_1241_00_primary","delivers","0.9800","0.6223","0.6360","0.4323","0.3530","0.5862","src_role_function_seed_2026_03","0.6344","reviewed_primary_task_function_edge"
"occ_15_1241_00","task_occ_15_1241_00_18971","fn_occ_15_1241_00_primary","delivers","0.9800","0.7924","0.7549","0.5424","0.4330","0.6332","src_role_function_seed_2026_03","0.6608","reviewed_primary_task_function_edge"
"occ_15_1241_00","task_occ_15_1241_00_18972","fn_occ_15_1241_00_primary","delivers","0.9800","0.6593","0.6360","0.4693","0.3530","0.5899","src_role_function_seed_2026_03","0.6564","reviewed_primary_task_function_edge"
"occ_15_1241_00","task_occ_15_1241_00_18973","fn_occ_15_1241_00_primary","delivers","0.9800","0.6521","0.6360","0.4621","0.3530","0.5892","src_role_function_seed_2026_03","0.6564","reviewed_primary_task_function_edge"
"occ_15_1241_00","task_occ_15_1241_00_18974","fn_occ_15_1241_00_primary","delivers","0.9800","0.8147","0.7160","0.5647","0.3930","0.6655","src_role_function_seed_2026_03","0.5324","reviewed_primary_task_function_edge"
"occ_15_1241_00","task_occ_15_1241_00_18975","fn_occ_15_1241_00_primary","delivers","0.9800","0.8030","0.7749","0.5930","0.3530","0.6543","src_role_function_seed_2026_03","0.6757","reviewed_primary_task_function_edge"
"occ_15_1241_00","task_occ_15_1241_00_18976","fn_occ_15_1241_00_primary","delivers","0.9800","0.7612","0.6660","0.5112","0.4330","0.6301","src_role_function_seed_2026_03","0.6583","reviewed_primary_task_function_edge"
"occ_15_1241_00","task_occ_15_1241_00_18977","fn_occ_15_1241_00_primary","delivers","0.9800","0.6026","0.6082","0.4226","0.3330","0.5443","src_role_function_seed_2026_03","0.5343","reviewed_primary_task_function_edge"
"occ_15_1241_00","task_occ_15_1241_00_18978","fn_occ_15_1241_00_primary","delivers","0.9800","0.7160","0.6360","0.4760","0.3530","0.5956","src_role_function_seed_2026_03","0.6234","reviewed_primary_task_function_edge"
"occ_15_1241_00","task_occ_15_1241_00_18979","fn_occ_15_1241_00_primary","delivers","0.9800","0.7238","0.7649","0.4938","0.3530","0.5964","src_role_function_seed_2026_03","0.6127","reviewed_primary_task_function_edge"
"occ_15_1241_00","task_occ_15_1241_00_18980","fn_occ_15_1241_00_primary","delivers","0.9800","0.7706","0.7549","0.5206","0.4330","0.6311","src_role_function_seed_2026_03","0.6583","reviewed_primary_task_function_edge"
"occ_15_1241_00","task_occ_15_1241_00_18981","fn_occ_15_1241_00_primary","delivers","0.9800","0.7922","0.6860","0.5822","0.3530","0.6532","src_role_function_seed_2026_03","0.6905","reviewed_primary_task_function_edge"
"occ_15_1241_00","task_occ_15_1241_00_18982","fn_occ_15_1241_00_primary","delivers","0.9800","0.8175","0.8160","0.5675","0.3930","0.6658","src_role_function_seed_2026_03","0.5448","reviewed_primary_task_function_edge"
"occ_15_1241_00","task_occ_15_1241_00_18983","fn_occ_15_1241_00_primary","delivers","0.9800","0.7444","0.6360","0.5044","0.3530","0.5984","src_role_function_seed_2026_03","0.6355","reviewed_primary_task_function_edge"
"occ_15_1241_00","task_occ_15_1241_00_18984","fn_occ_15_1241_00_primary","delivers","0.9800","0.7226","0.7416","0.4826","0.3530","0.5963","src_role_function_seed_2026_03","0.6622","reviewed_primary_task_function_edge"
"occ_15_1241_00","task_occ_15_1241_00_18985","fn_occ_15_1241_00_primary","delivers","0.9800","0.6757","0.7249","0.4857","0.3530","0.5916","src_role_function_seed_2026_03","0.6539","reviewed_primary_task_function_edge"
"occ_15_1241_00","task_occ_15_1241_00_18986","fn_occ_15_1241_00_primary","delivers","0.9800","0.6485","0.6360","0.4585","0.3530","0.5888","src_role_function_seed_2026_03","0.6539","reviewed_primary_task_function_edge"
"occ_15_1241_00","task_occ_15_1241_00_18987","fn_occ_15_1241_00_primary","delivers","0.9800","0.6230","0.6360","0.4330","0.3530","0.5863","src_role_function_seed_2026_03","0.6072","reviewed_primary_task_function_edge"
"occ_15_1241_00","task_occ_15_1241_00_18988","fn_occ_15_1241_00_primary","delivers","0.9800","0.7393","0.7416","0.4993","0.3530","0.5979","src_role_function_seed_2026_03","0.6498","reviewed_primary_task_function_edge"
"occ_15_1241_00","task_occ_15_1241_00_jd_neta_01","fn_occ_15_1241_00_primary","delivers","0.9800","0.6808","0.7249","0.4908","0.3530","0.5921","src_role_function_seed_2026_03","0.7678","reviewed_primary_task_function_edge"
"occ_15_1241_00","task_occ_15_1241_00_jd_neta_02","fn_occ_15_1241_00_primary","delivers","0.9800","0.8387","0.8160","0.5887","0.3930","0.6679","src_role_function_seed_2026_03","0.6561","reviewed_primary_task_function_edge"
"occ_15_1241_00","task_occ_15_1241_00_jd_neta_03","fn_occ_15_1241_00_primary","delivers","0.9800","0.7695","0.6360","0.5295","0.3530","0.6009","src_role_function_seed_2026_03","0.7543","reviewed_primary_task_function_edge"
"occ_15_1241_00","task_occ_15_1241_00_jd_neta_04","fn_occ_15_1241_00_primary","delivers","0.9800","0.6413","0.6916","0.4713","0.3830","0.5881","src_role_function_seed_2026_03","0.7793","reviewed_primary_task_function_edge"
"occ_15_1244_00","task_occ_15_1244_00_1317","fn_occ_15_1244_00_primary","delivers","0.9800","0.6573","0.6360","0.4673","0.3530","0.5897","src_role_function_seed_2026_03","0.6426","reviewed_primary_task_function_edge"
"occ_15_1244_00","task_occ_15_1244_00_1318","fn_occ_15_1244_00_primary","delivers","0.9800","0.6510","0.6446","0.4810","0.3530","0.5891","src_role_function_seed_2026_03","0.5398","reviewed_primary_task_function_edge"
"occ_15_1244_00","task_occ_15_1244_00_1319","fn_occ_15_1244_00_primary","delivers","0.9800","0.7557","0.6360","0.5157","0.3530","0.5996","src_role_function_seed_2026_03","0.6724","reviewed_primary_task_function_edge"
"occ_15_1244_00","task_occ_15_1244_00_1320","fn_occ_15_1244_00_primary","delivers","0.9800","0.7764","0.7360","0.5364","0.3530","0.6016","src_role_function_seed_2026_03","0.6724","reviewed_primary_task_function_edge"
"occ_15_1244_00","task_occ_15_1244_00_1321","fn_occ_15_1244_00_primary","delivers","0.9800","0.6118","0.6931","0.4418","0.3830","0.5852","src_role_function_seed_2026_03","0.6053","reviewed_primary_task_function_edge"
"occ_15_1244_00","task_occ_15_1244_00_1322","fn_occ_15_1244_00_primary","delivers","0.9800","0.7477","0.7517","0.4977","0.4330","0.6288","src_role_function_seed_2026_03","0.6718","reviewed_primary_task_function_edge"
"occ_15_1244_00","task_occ_15_1244_00_1323","fn_occ_15_1244_00_primary","delivers","0.9800","0.8138","0.7731","0.5638","0.3930","0.6654","src_role_function_seed_2026_03","0.6641","reviewed_primary_task_function_edge"
"occ_15_1244_00","task_occ_15_1244_00_1324","fn_occ_15_1244_00_primary","delivers","0.9800","0.6548","0.6360","0.4648","0.3530","0.5895","src_role_function_seed_2026_03","0.6426","reviewed_primary_task_function_edge"
"occ_15_1244_00","task_occ_15_1244_00_1325","fn_occ_15_1244_00_primary","delivers","0.9800","0.6694","0.7217","0.4794","0.3530","0.5909","src_role_function_seed_2026_03","0.6426","reviewed_primary_task_function_edge"
"occ_15_1244_00","task_occ_15_1244_00_1326","fn_occ_15_1244_00_primary","delivers","0.9800","0.6615","0.7217","0.4715","0.3530","0.5901","src_role_function_seed_2026_03","0.6426","reviewed_primary_task_function_edge"
"occ_15_1244_00","task_occ_15_1244_00_1327","fn_occ_15_1244_00_primary","delivers","0.9800","0.6537","0.6360","0.4637","0.3530","0.5894","src_role_function_seed_2026_03","0.6426","reviewed_primary_task_function_edge"
"occ_15_1244_00","task_occ_15_1244_00_1328","fn_occ_15_1244_00_primary","delivers","0.9800","0.7004","0.7617","0.4704","0.3530","0.5940","src_role_function_seed_2026_03","0.6757","reviewed_primary_task_function_edge"
"occ_15_1244_00","task_occ_15_1244_00_1329","fn_occ_15_1244_00_primary","delivers","0.9800","0.7107","0.7617","0.4807","0.3530","0.5951","src_role_function_seed_2026_03","0.6608","reviewed_primary_task_function_edge"
"occ_15_1244_00","task_occ_15_1244_00_1330","fn_occ_15_1244_00_primary","delivers","0.9800","0.6119","0.6646","0.4419","0.3830","0.5852","src_role_function_seed_2026_03","0.6053","reviewed_primary_task_function_edge"
"occ_15_1244_00","task_occ_15_1244_00_1332","fn_occ_15_1244_00_primary","delivers","0.9800","0.6174","0.6360","0.4274","0.3530","0.5857","src_role_function_seed_2026_03","0.6207","reviewed_primary_task_function_edge"
"occ_15_1244_00","task_occ_15_1244_00_1333","fn_occ_15_1244_00_primary","delivers","0.9800","0.7442","0.6360","0.5042","0.3530","0.5984","src_role_function_seed_2026_03","0.6724","reviewed_primary_task_function_edge"
"occ_15_1244_00","task_occ_15_1244_00_15205","fn_occ_15_1244_00_primary","delivers","0.9800","0.8183","0.7046","0.6283","0.3530","0.6558","src_role_function_seed_2026_03","0.6930","reviewed_primary_task_function_edge"
"occ_15_1244_00","task_occ_15_1244_00_15206","fn_occ_15_1244_00_primary","delivers","0.9800","0.6630","0.6360","0.4730","0.3530","0.5903","src_role_function_seed_2026_03","0.6426","reviewed_primary_task_function_edge"
"occ_15_1244_00","task_occ_15_1244_00_15207","fn_occ_15_1244_00_primary","delivers","0.9800","0.7840","0.7731","0.5340","0.3930","0.6624","src_role_function_seed_2026_03","0.6421","reviewed_primary_task_function_edge"
"occ_15_1244_00","task_occ_15_1244_00_15208","fn_occ_15_1244_00_primary","delivers","0.9800","0.6282","0.6360","0.4382","0.3530","0.5868","src_role_function_seed_2026_03","0.6207","reviewed_primary_task_function_edge"
"occ_15_1244_00","task_occ_15_1244_00_jd_nsa_01","fn_occ_15_1244_00_primary","delivers","0.9800","0.6465","0.6446","0.4765","0.3530","0.5887","src_role_function_seed_2026_03","0.6561","reviewed_primary_task_function_edge"
"occ_15_1244_00","task_occ_15_1244_00_jd_nsa_02","fn_occ_15_1244_00_primary","delivers","0.9800","0.7592","0.7517","0.5092","0.4330","0.6299","src_role_function_seed_2026_03","0.7832","reviewed_primary_task_function_edge"
"occ_15_1244_00","task_occ_15_1244_00_jd_nsa_03","fn_occ_15_1244_00_primary","delivers","0.9800","0.7747","0.7360","0.5347","0.3530","0.6015","src_role_function_seed_2026_03","0.7812","reviewed_primary_task_function_edge"
"occ_15_1244_00","task_occ_15_1244_00_jd_nsa_04","fn_occ_15_1244_00_primary","delivers","0.9800","0.6377","0.7217","0.4677","0.3830","0.5878","src_role_function_seed_2026_03","0.7216","reviewed_primary_task_function_edge"
"occ_15_1252_00","task_occ_15_1252_00_21661","fn_occ_15_1252_00_primary","directly_supports","0.5285","0.6595","0.7146","0.5675","0.3479","0.5822","src_role_function_seed_2026_03","0.5596","reviewed_primary_task_function_edge"
"occ_15_1252_00","task_occ_15_1252_00_21661","fn_occ_15_1252_00_system_reliability","directly_supports","0.4715","0.6545","0.7032","0.5555","0.3871","0.5992","src_role_function_seed_2026_03|src_role_function_expansion_2026_03","0.6136","reviewed_multi_anchor_task_function_edge"
"occ_15_1252_00","task_occ_15_1252_00_21662","fn_occ_15_1252_00_primary","directly_supports","0.5303","0.5688","0.6305","0.4962","0.3080","0.5134","src_role_function_seed_2026_03","0.7147","reviewed_primary_task_function_edge"
"occ_15_1252_00","task_occ_15_1252_00_21662","fn_occ_15_1252_00_system_reliability","directly_supports","0.4697","0.5626","0.6184","0.4842","0.3470","0.5297","src_role_function_seed_2026_03|src_role_function_expansion_2026_03","0.7687","reviewed_multi_anchor_task_function_edge"
"occ_15_1252_00","task_occ_15_1252_00_21663","fn_occ_15_1252_00_primary","delivers","0.9800","0.5786","0.5971","0.3986","0.3330","0.5419","src_role_function_seed_2026_03","0.6102","reviewed_primary_task_function_edge"
"occ_15_1252_00","task_occ_15_1252_00_21664","fn_occ_15_1252_00_primary","directly_supports","0.5328","0.5587","0.6310","0.4853","0.3083","0.5128","src_role_function_seed_2026_03","0.7147","reviewed_primary_task_function_edge"
"occ_15_1252_00","task_occ_15_1252_00_21664","fn_occ_15_1252_00_system_reliability","directly_supports","0.4672","0.5508","0.6179","0.4733","0.3467","0.5282","src_role_function_seed_2026_03|src_role_function_expansion_2026_03","0.7687","reviewed_multi_anchor_task_function_edge"
"occ_15_1252_00","task_occ_15_1252_00_21665","fn_occ_15_1252_00_primary","directly_supports","0.5319","0.6558","0.6631","0.6026","0.3082","0.5724","src_role_function_seed_2026_03","0.5448","reviewed_primary_task_function_edge"
"occ_15_1252_00","task_occ_15_1252_00_21665","fn_occ_15_1252_00_system_reliability","directly_supports","0.4681","0.6484","0.6503","0.5906","0.3468","0.5881","src_role_function_seed_2026_03|src_role_function_expansion_2026_03","0.5988","reviewed_multi_anchor_task_function_edge"
"occ_15_1252_00","task_occ_15_1252_00_21666","fn_occ_15_1252_00_primary","supports","0.4426","0.5385","0.6063","0.4866","0.2993","0.4972","src_role_function_seed_2026_03","0.6234","reviewed_primary_task_function_edge"
"occ_15_1252_00","task_occ_15_1252_00_21666","fn_occ_15_1252_00_system_reliability","supports","0.5574","0.5937","0.6293","0.4746","0.3557","0.5460","src_role_function_seed_2026_03|src_role_function_expansion_2026_03","0.6774","reviewed_multi_anchor_task_function_edge"
"occ_15_1252_00","task_occ_15_1252_00_21667","fn_occ_15_1252_00_primary","supports","0.5478","0.5033","0.5496","0.4646","0.3098","0.5095","src_role_function_seed_2026_03","0.6767","reviewed_primary_task_function_edge"
"occ_15_1252_00","task_occ_15_1252_00_21667","fn_occ_15_1252_00_system_reliability","supports","0.4522","0.4848","0.5304","0.4526","0.3452","0.5193","src_role_function_seed_2026_03|src_role_function_expansion_2026_03","0.7308","reviewed_multi_anchor_task_function_edge"
"occ_15_1252_00","task_occ_15_1252_00_21668","fn_occ_15_1252_00_primary","supports","0.5611","0.4887","0.5522","0.4453","0.3111","0.5100","src_role_function_seed_2026_03","0.6273","reviewed_primary_task_function_edge"
"occ_15_1252_00","task_occ_15_1252_00_21668","fn_occ_15_1252_00_system_reliability","supports","0.4389","0.4609","0.5278","0.4333","0.3439","0.5149","src_role_function_seed_2026_03|src_role_function_expansion_2026_03","0.6813","reviewed_multi_anchor_task_function_edge"
"occ_15_1252_00","task_occ_15_1252_00_21669","fn_occ_15_1252_00_primary","supports","0.4193","0.4331","0.5794","0.4594","0.3269","0.4832","src_role_function_seed_2026_03","0.5492","reviewed_primary_task_function_edge"
"occ_15_1252_00","task_occ_15_1252_00_21669","fn_occ_15_1252_00_system_reliability","supports","0.5807","0.5046","0.6117","0.4474","0.3881","0.5406","src_role_function_seed_2026_03|src_role_function_expansion_2026_03","0.6032","reviewed_multi_anchor_task_function_edge"
"occ_15_1252_00","task_occ_15_1252_00_21670","fn_occ_15_1252_00_primary","directly_supports","0.5366","0.5030","0.6029","0.4682","0.3087","0.5078","src_role_function_seed_2026_03","0.6273","reviewed_primary_task_function_edge"
"occ_15_1252_00","task_occ_15_1252_00_21670","fn_occ_15_1252_00_system_reliability","directly_supports","0.4634","0.4924","0.5882","0.4562","0.3463","0.5217","src_role_function_seed_2026_03|src_role_function_expansion_2026_03","0.6813","reviewed_multi_anchor_task_function_edge"
"occ_15_1252_00","task_occ_15_1252_00_21671","fn_occ_15_1252_00_primary","supports","0.5452","0.4928","0.6046","0.4549","0.3095","0.5081","src_role_function_seed_2026_03","0.6053","reviewed_primary_task_function_edge"
"occ_15_1252_00","task_occ_15_1252_00_21671","fn_occ_15_1252_00_system_reliability","supports","0.4548","0.4761","0.5865","0.4429","0.3455","0.5188","src_role_function_seed_2026_03|src_role_function_expansion_2026_03","0.6593","reviewed_multi_anchor_task_function_edge"
"occ_15_1252_00","task_occ_15_1252_00_21672","fn_occ_15_1252_00_primary","supports","0.5555","0.5308","0.5911","0.4494","0.3106","0.5134","src_role_function_seed_2026_03","0.6853","reviewed_primary_task_function_edge"
"occ_15_1252_00","task_occ_15_1252_00_21672","fn_occ_15_1252_00_system_reliability","supports","0.4445","0.5070","0.5689","0.4374","0.3444","0.5204","src_role_function_seed_2026_03|src_role_function_expansion_2026_03","0.7393","reviewed_multi_anchor_task_function_edge"
"occ_15_1252_00","task_occ_15_1252_00_21673","fn_occ_15_1252_00_primary","supports","0.4185","0.4319","0.5793","0.4584","0.3268","0.4830","src_role_function_seed_2026_03","0.5417","reviewed_primary_task_function_edge"
"occ_15_1252_00","task_occ_15_1252_00_21673","fn_occ_15_1252_00_system_reliability","supports","0.5815","0.5039","0.6119","0.4464","0.3882","0.5406","src_role_function_seed_2026_03|src_role_function_expansion_2026_03","0.5957","reviewed_multi_anchor_task_function_edge"
"occ_15_1252_00","task_occ_15_1252_00_21676","fn_occ_15_1252_00_primary","supports","0.5419","0.5551","0.5884","0.4785","0.3092","0.5138","src_role_function_seed_2026_03","0.7147","reviewed_primary_task_function_edge"
"occ_15_1252_00","task_occ_15_1252_00_21676","fn_occ_15_1252_00_system_reliability","supports","0.4581","0.5408","0.5716","0.4665","0.3458","0.5258","src_role_function_seed_2026_03|src_role_function_expansion_2026_03","0.7687","reviewed_multi_anchor_task_function_edge"
"occ_15_1252_00","task_occ_15_1252_00_21677","fn_occ_15_1252_00_primary","delivers","0.9800","0.6084","0.6360","0.4184","0.3530","0.5848","src_role_function_seed_2026_03","0.6300","reviewed_primary_task_function_edge"
"occ_15_1252_00","task_occ_15_1252_00_21678","fn_occ_15_1252_00_primary","delivers","0.9800","0.6156","0.6360","0.4256","0.3530","0.5856","src_role_function_seed_2026_03","0.6053","reviewed_primary_task_function_edge"
"occ_15_1252_00","task_occ_15_1252_00_21679","fn_occ_15_1252_00_primary","delivers","0.9800","0.6048","0.6360","0.4148","0.3530","0.5845","src_role_function_seed_2026_03","0.6053","reviewed_primary_task_function_edge"
"occ_15_1252_00","task_occ_15_1252_00_jd_sd_01","fn_occ_15_1252_00_primary","directly_supports","0.5384","0.5073","0.5699","0.4719","0.3088","0.5085","src_role_function_seed_2026_03","0.7659","reviewed_primary_task_function_edge"
"occ_15_1252_00","task_occ_15_1252_00_jd_sd_01","fn_occ_15_1252_00_system_reliability","directly_supports","0.4616","0.4955","0.5546","0.4599","0.3462","0.5218","src_role_function_seed_2026_03|src_role_function_expansion_2026_03","0.8199","reviewed_multi_anchor_task_function_edge"
"occ_15_1252_00","task_occ_15_1252_00_jd_sd_02","fn_occ_15_1252_00_primary","directly_supports","0.4677","0.5951","0.6635","0.5244","0.3818","0.5367","src_role_function_seed_2026_03","0.7620","reviewed_primary_task_function_edge"
"occ_15_1252_00","task_occ_15_1252_00_jd_sd_02","fn_occ_15_1252_00_system_reliability","directly_supports","0.5323","0.6327","0.6765","0.5124","0.4332","0.5761","src_role_function_seed_2026_03|src_role_function_expansion_2026_03","0.8160","reviewed_multi_anchor_task_function_edge"
"occ_15_1252_00","task_occ_15_1252_00_jd_sd_03","fn_occ_15_1252_00_primary","directly_supports","0.4699","0.5854","0.6229","0.5240","0.3020","0.5060","src_role_function_seed_2026_03","0.7543","reviewed_primary_task_function_edge"
"occ_15_1252_00","task_occ_15_1252_00_jd_sd_03","fn_occ_15_1252_00_system_reliability","directly_supports","0.5301","0.6215","0.6349","0.5120","0.3530","0.5447","src_role_function_seed_2026_03|src_role_function_expansion_2026_03","0.8083","reviewed_multi_anchor_task_function_edge"
"occ_15_1252_00","task_occ_15_1252_00_jd_sd_04","fn_occ_15_1252_00_primary","directly_supports","0.4975","0.6942","0.6973","0.6030","0.3847","0.6210","src_role_function_seed_2026_03","0.7485","reviewed_primary_task_function_edge"
"occ_15_1252_00","task_occ_15_1252_00_jd_sd_04","fn_occ_15_1252_00_system_reliability","directly_supports","0.5025","0.7109","0.6983","0.5910","0.4303","0.6495","src_role_function_seed_2026_03|src_role_function_expansion_2026_03","0.8025","reviewed_multi_anchor_task_function_edge"
"occ_15_1253_00","task_occ_15_1253_00_14638","fn_occ_15_1253_00_primary","delivers","0.9800","0.7798","0.7327","0.5298","0.4330","0.6320","src_role_function_seed_2026_03","0.7161","reviewed_primary_task_function_edge"
"occ_15_1253_00","task_occ_15_1253_00_14639","fn_occ_15_1253_00_primary","delivers","0.9800","0.7739","0.6660","0.5239","0.4330","0.6314","src_role_function_seed_2026_03","0.7161","reviewed_primary_task_function_edge"
"occ_15_1253_00","task_occ_15_1253_00_14640","fn_occ_15_1253_00_primary","delivers","0.9800","0.6794","0.7138","0.4894","0.3530","0.5919","src_role_function_seed_2026_03","0.7257","reviewed_primary_task_function_edge"
"occ_15_1253_00","task_occ_15_1253_00_14641","fn_occ_15_1253_00_primary","delivers","0.9800","0.6558","0.7027","0.4858","0.3830","0.5896","src_role_function_seed_2026_03","0.6407","reviewed_primary_task_function_edge"
"occ_15_1253_00","task_occ_15_1253_00_14642","fn_occ_15_1253_00_primary","delivers","0.9800","0.7589","0.7427","0.5289","0.3530","0.5999","src_role_function_seed_2026_03","0.6050","reviewed_primary_task_function_edge"
"occ_15_1253_00","task_occ_15_1253_00_14643","fn_occ_15_1253_00_primary","delivers","0.9800","0.6290","0.6493","0.4590","0.3530","0.5869","src_role_function_seed_2026_03","0.5475","reviewed_primary_task_function_edge"
"occ_15_1253_00","task_occ_15_1253_00_14644","fn_occ_15_1253_00_primary","delivers","0.9800","0.7762","0.6660","0.5262","0.4330","0.6316","src_role_function_seed_2026_03","0.7161","reviewed_primary_task_function_edge"
"occ_15_1253_00","task_occ_15_1253_00_14645","fn_occ_15_1253_00_primary","delivers","0.9800","0.7698","0.6660","0.5198","0.4330","0.6310","src_role_function_seed_2026_03","0.7161","reviewed_primary_task_function_edge"
"occ_15_1253_00","task_occ_15_1253_00_14646","fn_occ_15_1253_00_primary","delivers","0.9800","0.7555","0.6660","0.5055","0.4330","0.6295","src_role_function_seed_2026_03","0.7186","reviewed_primary_task_function_edge"
"occ_15_1253_00","task_occ_15_1253_00_14647","fn_occ_15_1253_00_primary","delivers","0.9800","0.7497","0.6660","0.4997","0.4330","0.6290","src_role_function_seed_2026_03","0.7186","reviewed_primary_task_function_edge"
"occ_15_1253_00","task_occ_15_1253_00_14648","fn_occ_15_1253_00_primary","delivers","0.9800","0.6487","0.7027","0.4787","0.3830","0.5889","src_role_function_seed_2026_03","0.6185","reviewed_primary_task_function_edge"
"occ_15_1253_00","task_occ_15_1253_00_14649","fn_occ_15_1253_00_primary","delivers","0.9800","0.6537","0.6360","0.4637","0.3530","0.5894","src_role_function_seed_2026_03","0.7257","reviewed_primary_task_function_edge"
"occ_15_1253_00","task_occ_15_1253_00_14650","fn_occ_15_1253_00_primary","delivers","0.9800","0.7725","0.6660","0.5225","0.4330","0.6313","src_role_function_seed_2026_03","0.7161","reviewed_primary_task_function_edge"
"occ_15_1253_00","task_occ_15_1253_00_14651","fn_occ_15_1253_00_primary","delivers","0.9800","0.7956","0.7860","0.5856","0.3530","0.6536","src_role_function_seed_2026_03","0.6814","reviewed_primary_task_function_edge"
"occ_15_1253_00","task_occ_15_1253_00_14652","fn_occ_15_1253_00_primary","delivers","0.9800","0.7776","0.7327","0.5276","0.4330","0.6318","src_role_function_seed_2026_03","0.7161","reviewed_primary_task_function_edge"
"occ_15_1253_00","task_occ_15_1253_00_14653","fn_occ_15_1253_00_primary","delivers","0.9800","0.8394","0.7827","0.5894","0.3930","0.6679","src_role_function_seed_2026_03","0.6275","reviewed_primary_task_function_edge"
"occ_15_1253_00","task_occ_15_1253_00_14654","fn_occ_15_1253_00_primary","delivers","0.9800","0.6693","0.7138","0.4793","0.3530","0.5909","src_role_function_seed_2026_03","0.6985","reviewed_primary_task_function_edge"
"occ_15_1253_00","task_occ_15_1253_00_14655","fn_occ_15_1253_00_primary","delivers","0.9800","0.7585","0.6660","0.5085","0.4330","0.6299","src_role_function_seed_2026_03","0.7161","reviewed_primary_task_function_edge"
"occ_15_1253_00","task_occ_15_1253_00_14656","fn_occ_15_1253_00_primary","delivers","0.9800","0.7447","0.6660","0.4947","0.4330","0.6285","src_role_function_seed_2026_03","0.7161","reviewed_primary_task_function_edge"
"occ_15_1253_00","task_occ_15_1253_00_14657","fn_occ_15_1253_00_primary","delivers","0.9800","0.8069","0.7716","0.5569","0.3930","0.6647","src_role_function_seed_2026_03","0.6275","reviewed_primary_task_function_edge"
"occ_15_1253_00","task_occ_15_1253_00_14658","fn_occ_15_1253_00_primary","delivers","0.9800","0.6621","0.6360","0.4721","0.3530","0.5902","src_role_function_seed_2026_03","0.6985","reviewed_primary_task_function_edge"
"occ_15_1253_00","task_occ_15_1253_00_14659","fn_occ_15_1253_00_primary","delivers","0.9800","0.6443","0.6360","0.4543","0.3530","0.5884","src_role_function_seed_2026_03","0.7480","reviewed_primary_task_function_edge"
"occ_15_1253_00","task_occ_15_1253_00_14660","fn_occ_15_1253_00_primary","delivers","0.9800","0.7404","0.7027","0.5004","0.3530","0.5980","src_role_function_seed_2026_03","0.6127","reviewed_primary_task_function_edge"
"occ_15_1253_00","task_occ_15_1253_00_14661","fn_occ_15_1253_00_primary","delivers","0.9800","0.7566","0.6660","0.5066","0.4330","0.6297","src_role_function_seed_2026_03","0.7186","reviewed_primary_task_function_edge"
"occ_15_1253_00","task_occ_15_1253_00_14662","fn_occ_15_1253_00_primary","delivers","0.9800","0.7498","0.6660","0.4998","0.4330","0.6290","src_role_function_seed_2026_03","0.7161","reviewed_primary_task_function_edge"
"occ_15_1253_00","task_occ_15_1253_00_14663","fn_occ_15_1253_00_primary","delivers","0.9800","0.8054","0.7160","0.5554","0.3930","0.6645","src_role_function_seed_2026_03","0.6275","reviewed_primary_task_function_edge"
"occ_15_1253_00","task_occ_15_1253_00_14664","fn_occ_15_1253_00_primary","delivers","0.9800","0.7145","0.6760","0.4845","0.3530","0.5954","src_role_function_seed_2026_03","0.6050","reviewed_primary_task_function_edge"
"occ_15_1253_00","task_occ_15_1253_00_21680","fn_occ_15_1253_00_primary","delivers","0.9800","0.6361","0.6360","0.4461","0.3530","0.5876","src_role_function_seed_2026_03","0.6765","reviewed_primary_task_function_edge"
"occ_15_1253_00","task_occ_15_1253_00_21681","fn_occ_15_1253_00_primary","delivers","0.9800","0.8037","0.7271","0.5537","0.3930","0.6644","src_role_function_seed_2026_03","0.6055","reviewed_primary_task_function_edge"
"occ_15_1253_00","task_occ_15_1253_00_21682","fn_occ_15_1253_00_primary","delivers","0.9800","0.7120","0.6760","0.4820","0.3530","0.5952","src_role_function_seed_2026_03","0.5830","reviewed_primary_task_function_edge"
"occ_15_1253_00","task_occ_15_1253_00_jd_qa_01","fn_occ_15_1253_00_primary","delivers","0.9800","0.6405","0.6360","0.4705","0.3830","0.5881","src_role_function_seed_2026_03","0.7274","reviewed_primary_task_function_edge"
"occ_15_1253_00","task_occ_15_1253_00_jd_qa_02","fn_occ_15_1253_00_primary","delivers","0.9800","0.7735","0.6660","0.5235","0.4330","0.6313","src_role_function_seed_2026_03","0.8275","reviewed_primary_task_function_edge"
"occ_15_1253_00","task_occ_15_1253_00_jd_qa_03","fn_occ_15_1253_00_primary","delivers","0.9800","0.7659","0.7027","0.5259","0.3530","0.6006","src_role_function_seed_2026_03","0.7216","reviewed_primary_task_function_edge"
"occ_15_1253_00","task_occ_15_1253_00_jd_qa_04","fn_occ_15_1253_00_primary","delivers","0.9800","0.7443","0.7427","0.5143","0.3530","0.5984","src_role_function_seed_2026_03","0.7139","reviewed_primary_task_function_edge"
"occ_15_1254_00","task_occ_15_1254_00_14694","fn_occ_15_1254_00_primary","directly_supports","0.5329","0.5234","0.6132","0.4899","0.3083","0.5093","src_role_function_seed_2026_03","0.6809","reviewed_primary_task_function_edge"
"occ_15_1254_00","task_occ_15_1254_00_14694","fn_occ_15_1254_00_web_platform_enablement","directly_supports","0.4671","0.5153","0.6001","0.4779","0.3467","0.5246","src_role_function_seed_2026_03|src_role_function_expansion_2026_03","0.7349","reviewed_multi_anchor_task_function_edge"
"occ_15_1254_00","task_occ_15_1254_00_14695","fn_occ_15_1254_00_primary","directly_supports","0.4633","0.6579","0.6127","0.5787","0.3813","0.6123","src_role_function_seed_2026_03","0.6438","reviewed_primary_task_function_edge"
"occ_15_1254_00","task_occ_15_1254_00_14695","fn_occ_15_1254_00_web_platform_enablement","directly_supports","0.5367","0.6986","0.6273","0.5667","0.4337","0.6534","src_role_function_seed_2026_03|src_role_function_expansion_2026_03","0.6977","reviewed_multi_anchor_task_function_edge"
"occ_15_1254_00","task_occ_15_1254_00_14697","fn_occ_15_1254_00_primary","supports","0.5588","0.4995","0.5518","0.4569","0.3109","0.5108","src_role_function_seed_2026_03","0.6834","reviewed_primary_task_function_edge"
"occ_15_1254_00","task_occ_15_1254_00_14697","fn_occ_15_1254_00_web_platform_enablement","supports","0.4412","0.4733","0.5282","0.4449","0.3441","0.5165","src_role_function_seed_2026_03|src_role_function_expansion_2026_03","0.7374","reviewed_multi_anchor_task_function_edge"
"occ_15_1254_00","task_occ_15_1254_00_14698","fn_occ_15_1254_00_primary","directly_supports","0.4963","0.6706","0.7082","0.5799","0.3846","0.6185","src_role_function_seed_2026_03","0.6438","reviewed_primary_task_function_edge"
"occ_15_1254_00","task_occ_15_1254_00_14698","fn_occ_15_1254_00_web_platform_enablement","directly_supports","0.5037","0.6882","0.7096","0.5679","0.4304","0.6474","src_role_function_seed_2026_03|src_role_function_expansion_2026_03","0.6977","reviewed_multi_anchor_task_function_edge"
"occ_15_1254_00","task_occ_15_1254_00_14700","fn_occ_15_1254_00_primary","directly_supports","0.5295","0.5779","0.6526","0.5056","0.3080","0.5142","src_role_function_seed_2026_03","0.6245","reviewed_primary_task_function_edge"
"occ_15_1254_00","task_occ_15_1254_00_14700","fn_occ_15_1254_00_web_platform_enablement","directly_supports","0.4705","0.5723","0.6408","0.4936","0.3470","0.5308","src_role_function_seed_2026_03|src_role_function_expansion_2026_03","0.6785","reviewed_multi_anchor_task_function_edge"
"occ_15_1254_00","task_occ_15_1254_00_14701","fn_occ_15_1254_00_primary","supports","0.5559","0.5028","0.5512","0.4612","0.3106","0.5107","src_role_function_seed_2026_03","0.6561","reviewed_primary_task_function_edge"
"occ_15_1254_00","task_occ_15_1254_00_14701","fn_occ_15_1254_00_web_platform_enablement","supports","0.4441","0.4786","0.5288","0.4492","0.3444","0.5175","src_role_function_seed_2026_03|src_role_function_expansion_2026_03","0.7101","reviewed_multi_anchor_task_function_edge"
"occ_15_1254_00","task_occ_15_1254_00_14702","fn_occ_15_1254_00_primary","supports","0.5358","0.5647","0.6538","0.4902","0.3086","0.5138","src_role_function_seed_2026_03","0.6319","reviewed_primary_task_function_edge"
"occ_15_1254_00","task_occ_15_1254_00_14702","fn_occ_15_1254_00_web_platform_enablement","supports","0.4642","0.5546","0.6395","0.4782","0.3464","0.5281","src_role_function_seed_2026_03|src_role_function_expansion_2026_03","0.6859","reviewed_multi_anchor_task_function_edge"
"occ_15_1254_00","task_occ_15_1254_00_14704","fn_occ_15_1254_00_primary","supports","0.5537","0.5056","0.5507","0.4648","0.3104","0.5106","src_role_function_seed_2026_03","0.6834","reviewed_primary_task_function_edge"
"occ_15_1254_00","task_occ_15_1254_00_14704","fn_occ_15_1254_00_web_platform_enablement","supports","0.4463","0.4830","0.5293","0.4528","0.3446","0.5182","src_role_function_seed_2026_03|src_role_function_expansion_2026_03","0.7374","reviewed_multi_anchor_task_function_edge"
"occ_15_1254_00","task_occ_15_1254_00_14705","fn_occ_15_1254_00_primary","supports","0.5578","0.5006","0.5516","0.4583","0.3108","0.5107","src_role_function_seed_2026_03","0.6561","reviewed_primary_task_function_edge"
"occ_15_1254_00","task_occ_15_1254_00_14705","fn_occ_15_1254_00_web_platform_enablement","supports","0.4422","0.4751","0.5284","0.4463","0.3442","0.5168","src_role_function_seed_2026_03|src_role_function_expansion_2026_03","0.7101","reviewed_multi_anchor_task_function_edge"
"occ_15_1254_00","task_occ_15_1254_00_14706","fn_occ_15_1254_00_primary","supports","0.5593","0.4989","0.5519","0.4562","0.3109","0.5108","src_role_function_seed_2026_03","0.6834","reviewed_primary_task_function_edge"
"occ_15_1254_00","task_occ_15_1254_00_14706","fn_occ_15_1254_00_web_platform_enablement","supports","0.4407","0.4724","0.5281","0.4442","0.3441","0.5163","src_role_function_seed_2026_03|src_role_function_expansion_2026_03","0.7374","reviewed_multi_anchor_task_function_edge"
"occ_15_1254_00","task_occ_15_1254_00_14707","fn_occ_15_1254_00_primary","directly_supports","0.5321","0.5267","0.6131","0.4934","0.3082","0.5095","src_role_function_seed_2026_03","0.6834","reviewed_primary_task_function_edge"
"occ_15_1254_00","task_occ_15_1254_00_14707","fn_occ_15_1254_00_web_platform_enablement","directly_supports","0.4679","0.5192","0.6002","0.4814","0.3468","0.5251","src_role_function_seed_2026_03|src_role_function_expansion_2026_03","0.7374","reviewed_multi_anchor_task_function_edge"
"occ_15_1254_00","task_occ_15_1254_00_14708","fn_occ_15_1254_00_primary","directly_supports","0.5310","0.5965","0.6351","0.5137","0.3081","0.5163","src_role_function_seed_2026_03","0.5293","reviewed_primary_task_function_edge"
"occ_15_1254_00","task_occ_15_1254_00_14708","fn_occ_15_1254_00_web_platform_enablement","directly_supports","0.4690","0.5898","0.6227","0.5017","0.3469","0.5323","src_role_function_seed_2026_03|src_role_function_expansion_2026_03","0.5834","reviewed_multi_anchor_task_function_edge"
"occ_15_1254_00","task_occ_15_1254_00_14710","fn_occ_15_1254_00_primary","directly_supports","0.4605","0.5961","0.6288","0.5279","0.3810","0.5357","src_role_function_seed_2026_03","0.6506","reviewed_primary_task_function_edge"
"occ_15_1254_00","task_occ_15_1254_00_14710","fn_occ_15_1254_00_web_platform_enablement","directly_supports","0.5395","0.6387","0.6446","0.5159","0.4340","0.5778","src_role_function_seed_2026_03|src_role_function_expansion_2026_03","0.7046","reviewed_multi_anchor_task_function_edge"
"occ_15_1254_00","task_occ_15_1254_00_14711","fn_occ_15_1254_00_primary","directly_supports","0.5386","0.5210","0.5477","0.4855","0.3089","0.5099","src_role_function_seed_2026_03","0.6809","reviewed_primary_task_function_edge"
"occ_15_1254_00","task_occ_15_1254_00_14711","fn_occ_15_1254_00_web_platform_enablement","directly_supports","0.4614","0.5090","0.5323","0.4735","0.3461","0.5231","src_role_function_seed_2026_03|src_role_function_expansion_2026_03","0.7349","reviewed_multi_anchor_task_function_edge"
"occ_15_1254_00","task_occ_15_1254_00_14713","fn_occ_15_1254_00_primary","directly_supports","0.5415","0.5134","0.5483","0.4769","0.3091","0.5096","src_role_function_seed_2026_03","0.6561","reviewed_primary_task_function_edge"
"occ_15_1254_00","task_occ_15_1254_00_14713","fn_occ_15_1254_00_web_platform_enablement","directly_supports","0.4585","0.4994","0.5317","0.4649","0.3459","0.5217","src_role_function_seed_2026_03|src_role_function_expansion_2026_03","0.7101","reviewed_multi_anchor_task_function_edge"
"occ_15_1254_00","task_occ_15_1254_00_14714","fn_occ_15_1254_00_primary","supports","0.5632","0.4953","0.5526","0.4512","0.3113","0.5110","src_role_function_seed_2026_03","0.6834","reviewed_primary_task_function_edge"
"occ_15_1254_00","task_occ_15_1254_00_14714","fn_occ_15_1254_00_web_platform_enablement","supports","0.4368","0.4661","0.5274","0.4392","0.3437","0.5151","src_role_function_seed_2026_03|src_role_function_expansion_2026_03","0.7374","reviewed_multi_anchor_task_function_edge"
"occ_15_1254_00","task_occ_15_1254_00_14717","fn_occ_15_1254_00_primary","directly_supports","0.4521","0.6348","0.6104","0.5596","0.3802","0.6083","src_role_function_seed_2026_03","0.6438","reviewed_primary_task_function_edge"
"occ_15_1254_00","task_occ_15_1254_00_14717","fn_occ_15_1254_00_web_platform_enablement","directly_supports","0.5479","0.6833","0.6296","0.5476","0.4348","0.6535","src_role_function_seed_2026_03|src_role_function_expansion_2026_03","0.6977","reviewed_multi_anchor_task_function_edge"
"occ_15_1254_00","task_occ_15_1254_00_14719","fn_occ_15_1254_00_primary","directly_supports","0.4553","0.6297","0.6999","0.5634","0.3405","0.5683","src_role_function_seed_2026_03","0.5563","reviewed_primary_task_function_edge"
"occ_15_1254_00","task_occ_15_1254_00_14719","fn_occ_15_1254_00_web_platform_enablement","directly_supports","0.5447","0.6760","0.7178","0.5514","0.3945","0.6123","src_role_function_seed_2026_03|src_role_function_expansion_2026_03","0.6103","reviewed_multi_anchor_task_function_edge"
"occ_15_1254_00","task_occ_15_1254_00_14722","fn_occ_15_1254_00_primary","directly_supports","0.5381","0.5925","0.5476","0.5072","0.3088","0.5170","src_role_function_seed_2026_03","0.5293","reviewed_primary_task_function_edge"
"occ_15_1254_00","task_occ_15_1254_00_14722","fn_occ_15_1254_00_web_platform_enablement","directly_supports","0.4619","0.5809","0.5324","0.4952","0.3462","0.5304","src_role_function_seed_2026_03|src_role_function_expansion_2026_03","0.5834","reviewed_multi_anchor_task_function_edge"
"occ_15_1254_00","task_occ_15_1254_00_14723","fn_occ_15_1254_00_primary","delivers","0.9800","0.6293","0.6360","0.4393","0.3530","0.5869","src_role_function_seed_2026_03","0.6341","reviewed_primary_task_function_edge"
"occ_15_1254_00","task_occ_15_1254_00_14724","fn_occ_15_1254_00_primary","supports","0.5643","0.4942","0.5529","0.4497","0.3114","0.5111","src_role_function_seed_2026_03","0.6759","reviewed_primary_task_function_edge"
"occ_15_1254_00","task_occ_15_1254_00_14724","fn_occ_15_1254_00_web_platform_enablement","supports","0.4357","0.4642","0.5271","0.4377","0.3436","0.5148","src_role_function_seed_2026_03|src_role_function_expansion_2026_03","0.7299","reviewed_multi_anchor_task_function_edge"
"occ_15_1254_00","task_occ_15_1254_00_14725","fn_occ_15_1254_00_primary","directly_supports","0.4541","0.6243","0.6997","0.5583","0.3404","0.5675","src_role_function_seed_2026_03","0.5563","reviewed_primary_task_function_edge"
"occ_15_1254_00","task_occ_15_1254_00_14725","fn_occ_15_1254_00_web_platform_enablement","directly_supports","0.5459","0.6714","0.7181","0.5463","0.3946","0.6120","src_role_function_seed_2026_03|src_role_function_expansion_2026_03","0.6103","reviewed_multi_anchor_task_function_edge"
"occ_15_1254_00","task_occ_15_1254_00_14726","fn_occ_15_1254_00_primary","supports","0.4164","0.4235","0.5899","0.4508","0.3266","0.4818","src_role_function_seed_2026_03","0.6781","reviewed_primary_task_function_edge"
"occ_15_1254_00","task_occ_15_1254_00_14726","fn_occ_15_1254_00_web_platform_enablement","supports","0.5836","0.4970","0.6234","0.4388","0.3884","0.5402","src_role_function_seed_2026_03|src_role_function_expansion_2026_03","0.7321","reviewed_multi_anchor_task_function_edge"
"occ_15_1254_00","task_occ_15_1254_00_14727","fn_occ_15_1254_00_web_platform_enablement","delivers","0.9800","0.6017","0.6360","0.4047","0.4280","0.6102","src_role_function_seed_2026_03|src_role_function_expansion_2026_03","0.7101","reviewed_multi_anchor_task_function_edge"
"occ_15_1254_00","task_occ_15_1254_00_14728","fn_occ_15_1254_00_primary","supports","0.4134","0.4189","0.5893","0.4472","0.3263","0.4809","src_role_function_seed_2026_03","0.6781","reviewed_primary_task_function_edge"
"occ_15_1254_00","task_occ_15_1254_00_14728","fn_occ_15_1254_00_web_platform_enablement","supports","0.5866","0.4945","0.6240","0.4352","0.3887","0.5404","src_role_function_seed_2026_03|src_role_function_expansion_2026_03","0.7321","reviewed_multi_anchor_task_function_edge"
"occ_15_1254_00","task_occ_15_1254_00_14729","fn_occ_15_1254_00_primary","delivers","0.9800","0.6150","0.6360","0.4250","0.3530","0.5855","src_role_function_seed_2026_03","0.6341","reviewed_primary_task_function_edge"
"occ_15_1254_00","task_occ_15_1254_00_14730","fn_occ_15_1254_00_primary","delivers","0.9800","0.6114","0.6360","0.4214","0.3530","0.5851","src_role_function_seed_2026_03","0.6614","reviewed_primary_task_function_edge"
"occ_15_1254_00","task_occ_15_1254_00_21683","fn_occ_15_1254_00_primary","supports","0.5646","0.4933","0.5529","0.4487","0.3115","0.5110","src_role_function_seed_2026_03","0.6589","reviewed_primary_task_function_edge"
"occ_15_1254_00","task_occ_15_1254_00_21683","fn_occ_15_1254_00_web_platform_enablement","supports","0.4354","0.4631","0.5271","0.4367","0.3435","0.5146","src_role_function_seed_2026_03|src_role_function_expansion_2026_03","0.7129","reviewed_multi_anchor_task_function_edge"
"occ_15_1254_00","task_occ_15_1254_00_21684","fn_occ_15_1254_00_primary","supports","0.5646","0.4933","0.5529","0.4487","0.3115","0.5110","src_role_function_seed_2026_03","0.6589","reviewed_primary_task_function_edge"
"occ_15_1254_00","task_occ_15_1254_00_21684","fn_occ_15_1254_00_web_platform_enablement","supports","0.4354","0.4631","0.5271","0.4367","0.3435","0.5146","src_role_function_seed_2026_03|src_role_function_expansion_2026_03","0.7129","reviewed_multi_anchor_task_function_edge"
"occ_15_1254_00","task_occ_15_1254_00_jd_wd_01","fn_occ_15_1254_00_primary","directly_supports","0.5395","0.5165","0.5590","0.4806","0.3089","0.5096","src_role_function_seed_2026_03","0.7947","reviewed_primary_task_function_edge"
"occ_15_1254_00","task_occ_15_1254_00_jd_wd_01","fn_occ_15_1254_00_web_platform_enablement","directly_supports","0.4605","0.5038","0.5432","0.4686","0.3461","0.5225","src_role_function_seed_2026_03|src_role_function_expansion_2026_03","0.8487","reviewed_multi_anchor_task_function_edge"
"occ_15_1254_00","task_occ_15_1254_00_jd_wd_02","fn_occ_15_1254_00_primary","directly_supports","0.4617","0.5926","0.6512","0.5240","0.3812","0.5355","src_role_function_seed_2026_03","0.7620","reviewed_primary_task_function_edge"
"occ_15_1254_00","task_occ_15_1254_00_jd_wd_02","fn_occ_15_1254_00_web_platform_enablement","directly_supports","0.5383","0.6345","0.6666","0.5120","0.4338","0.5772","src_role_function_seed_2026_03|src_role_function_expansion_2026_03","0.8160","reviewed_multi_anchor_task_function_edge"
"occ_15_1254_00","task_occ_15_1254_00_jd_wd_03","fn_occ_15_1254_00_primary","directly_supports","0.4979","0.6712","0.7196","0.5799","0.3848","0.6188","src_role_function_seed_2026_03","0.7601","reviewed_primary_task_function_edge"
"occ_15_1254_00","task_occ_15_1254_00_jd_wd_03","fn_occ_15_1254_00_web_platform_enablement","directly_supports","0.5021","0.6877","0.7204","0.5679","0.4302","0.6471","src_role_function_seed_2026_03|src_role_function_expansion_2026_03","0.8141","reviewed_multi_anchor_task_function_edge"
"occ_15_1254_00","task_occ_15_1254_00_jd_wd_04","fn_occ_15_1254_00_primary","directly_supports","0.5272","0.6160","0.6343","0.5345","0.3077","0.5177","src_role_function_seed_2026_03","0.6581","reviewed_primary_task_function_edge"
"occ_15_1254_00","task_occ_15_1254_00_jd_wd_04","fn_occ_15_1254_00_web_platform_enablement","directly_supports","0.4728","0.6120","0.6234","0.5225","0.3473","0.5351","src_role_function_seed_2026_03|src_role_function_expansion_2026_03","0.7121","reviewed_multi_anchor_task_function_edge"
"occ_15_2031_00","task_occ_15_2031_00_20952","fn_occ_15_2031_00_primary","delivers","0.9800","0.7533","0.7040","0.5373","0.3530","0.5863","src_role_function_seed_2026_03","0.6646","reviewed_primary_task_function_edge"
"occ_15_2031_00","task_occ_15_2031_00_20953","fn_occ_15_2031_00_primary","delivers","0.9800","0.8157","0.6940","0.5797","0.3930","0.6526","src_role_function_seed_2026_03","0.5470","reviewed_primary_task_function_edge"
"occ_15_2031_00","task_occ_15_2031_00_23986","fn_occ_15_2031_00_primary","delivers","0.9800","0.7172","0.7240","0.4912","0.3530","0.5827","src_role_function_seed_2026_03","0.6531","reviewed_primary_task_function_edge"
"occ_15_2031_00","task_occ_15_2031_00_7377","fn_occ_15_2031_00_primary","delivers","0.9800","0.8403","0.7840","0.6043","0.3930","0.6550","src_role_function_seed_2026_03","0.5470","reviewed_primary_task_function_edge"
"occ_15_2031_00","task_occ_15_2031_00_7378","fn_occ_15_2031_00_primary","delivers","0.9800","0.7380","0.6540","0.5220","0.3530","0.5848","src_role_function_seed_2026_03","0.6350","reviewed_primary_task_function_edge"
"occ_15_2031_00","task_occ_15_2031_00_7379","fn_occ_15_2031_00_primary","delivers","0.9800","0.7359","0.6540","0.5199","0.3530","0.5846","src_role_function_seed_2026_03","0.6646","reviewed_primary_task_function_edge"
"occ_15_2031_00","task_occ_15_2031_00_7380","fn_occ_15_2031_00_primary","delivers","0.9800","0.7953","0.6940","0.5593","0.4330","0.6205","src_role_function_seed_2026_03","0.5423","reviewed_primary_task_function_edge"
"occ_15_2031_00","task_occ_15_2031_00_7381","fn_occ_15_2031_00_primary","delivers","0.9800","0.8623","0.7340","0.6163","0.4330","0.6972","src_role_function_seed_2026_03","0.5417","reviewed_primary_task_function_edge"
"occ_15_2031_00","task_occ_15_2031_00_7382","fn_occ_15_2031_00_primary","delivers","0.9800","0.7844","0.6440","0.5484","0.4330","0.6194","src_role_function_seed_2026_03","0.5423","reviewed_primary_task_function_edge"
"occ_15_2031_00","task_occ_15_2031_00_7383","fn_occ_15_2031_00_primary","delivers","0.9800","0.7468","0.6540","0.5308","0.3530","0.5857","src_role_function_seed_2026_03","0.6646","reviewed_primary_task_function_edge"
"occ_15_2031_00","task_occ_15_2031_00_7384","fn_occ_15_2031_00_primary","delivers","0.9800","0.8315","0.6940","0.5955","0.3930","0.6541","src_role_function_seed_2026_03","0.5569","reviewed_primary_task_function_edge"
"occ_15_2031_00","task_occ_15_2031_00_7385","fn_occ_15_2031_00_primary","delivers","0.9800","0.8132","0.6540","0.6372","0.3530","0.6423","src_role_function_seed_2026_03","0.6930","reviewed_primary_task_function_edge"
"occ_15_2031_00","task_occ_15_2031_00_7386","fn_occ_15_2031_00_primary","delivers","0.9800","0.8229","0.6940","0.5869","0.3930","0.6533","src_role_function_seed_2026_03","0.5470","reviewed_primary_task_function_edge"
"occ_15_2031_00","task_occ_15_2031_00_7387","fn_occ_15_2031_00_primary","delivers","0.9800","0.7483","0.7040","0.5323","0.3530","0.5858","src_role_function_seed_2026_03","0.6646","reviewed_primary_task_function_edge"
"occ_15_2031_00","task_occ_15_2031_00_7388","fn_occ_15_2031_00_primary","delivers","0.9800","0.6644","0.6540","0.4884","0.3530","0.5774","src_role_function_seed_2026_03","0.5709","reviewed_primary_task_function_edge"
"occ_15_2031_00","task_occ_15_2031_00_7389","fn_occ_15_2031_00_primary","delivers","0.9800","0.7841","0.6440","0.5481","0.4330","0.6194","src_role_function_seed_2026_03","0.5472","reviewed_primary_task_function_edge"
"occ_15_2031_00","task_occ_15_2031_00_7390","fn_occ_15_2031_00_primary","delivers","0.9800","0.6572","0.6540","0.4812","0.3530","0.5767","src_role_function_seed_2026_03","0.5461","reviewed_primary_task_function_edge"
"occ_15_2031_00","task_occ_15_2031_00_jd_or_01","fn_occ_15_2031_00_primary","delivers","0.9800","0.7477","0.6640","0.5317","0.3530","0.5858","src_role_function_seed_2026_03","0.7736","reviewed_primary_task_function_edge"
"occ_15_2031_00","task_occ_15_2031_00_jd_or_02","fn_occ_15_2031_00_primary","delivers","0.9800","0.7897","0.7140","0.5537","0.4330","0.6200","src_role_function_seed_2026_03","0.6561","reviewed_primary_task_function_edge"
"occ_15_2031_00","task_occ_15_2031_00_jd_or_03","fn_occ_15_2031_00_primary","delivers","0.9800","0.8358","0.7940","0.5998","0.3930","0.6546","src_role_function_seed_2026_03","0.6658","reviewed_primary_task_function_edge"
"occ_15_2031_00","task_occ_15_2031_00_jd_or_04","fn_occ_15_2031_00_primary","delivers","0.9800","0.8660","0.7340","0.6200","0.4330","0.6976","src_role_function_seed_2026_03","0.6581","reviewed_primary_task_function_edge"
"occ_15_2051_00","task_occ_15_2051_00_21823","fn_occ_15_2051_00_primary","supports","0.5358","0.5684","0.7077","0.5089","0.3236","0.5532","src_role_function_seed_2026_03|src_manual_role_graph_review_2026_03","0.7018","reviewed_primary_task_function_edge"
"occ_15_2051_00","task_occ_15_2051_00_21823","fn_occ_15_2051_00_stakeholder_translation","supports","0.4642","0.5143","0.6713","0.5209","0.2414","0.4851","src_role_function_seed_2026_03|src_role_function_expansion_2026_03","0.6928","reviewed_multi_anchor_task_function_edge"
"occ_15_2051_00","task_occ_15_2051_00_21824","fn_occ_15_2051_00_primary","directly_supports","0.4714","0.6433","0.7223","0.5863","0.3571","0.6110","src_role_function_seed_2026_03|src_manual_role_graph_review_2026_03","0.6861","reviewed_primary_task_function_edge"
"occ_15_2051_00","task_occ_15_2051_00_21824","fn_occ_15_2051_00_stakeholder_translation","directly_supports","0.5286","0.6343","0.7117","0.5983","0.2879","0.5667","src_role_function_seed_2026_03|src_role_function_expansion_2026_03","0.6771","reviewed_multi_anchor_task_function_edge"
"occ_15_2051_00","task_occ_15_2051_00_21825","fn_occ_15_2051_00_primary","supports","0.5430","0.5709","0.6216","0.5089","0.3243","0.5545","src_role_function_seed_2026_03|src_manual_role_graph_review_2026_03","0.6721","reviewed_primary_task_function_edge"
"occ_15_2051_00","task_occ_15_2051_00_21825","fn_occ_15_2051_00_stakeholder_translation","supports","0.4570","0.5118","0.5824","0.5209","0.2407","0.4837","src_role_function_seed_2026_03|src_role_function_expansion_2026_03","0.6631","reviewed_multi_anchor_task_function_edge"
"occ_15_2051_00","task_occ_15_2051_00_21826","fn_occ_15_2051_00_primary","supports","0.5430","0.5709","0.6216","0.5089","0.3243","0.5545","src_role_function_seed_2026_03|src_manual_role_graph_review_2026_03","0.6721","reviewed_primary_task_function_edge"
"occ_15_2051_00","task_occ_15_2051_00_21826","fn_occ_15_2051_00_stakeholder_translation","supports","0.4570","0.5118","0.5824","0.5209","0.2407","0.4837","src_role_function_seed_2026_03|src_role_function_expansion_2026_03","0.6631","reviewed_multi_anchor_task_function_edge"
"occ_15_2051_00","task_occ_15_2051_00_21827","fn_occ_15_2051_00_primary","directly_supports","0.4537","0.6371","0.6437","0.5863","0.3554","0.6078","src_role_function_seed_2026_03|src_manual_role_graph_review_2026_03","0.6861","reviewed_primary_task_function_edge"
"occ_15_2051_00","task_occ_15_2051_00_21827","fn_occ_15_2051_00_stakeholder_translation","directly_supports","0.5463","0.6405","0.6403","0.5983","0.2896","0.5700","src_role_function_seed_2026_03|src_role_function_expansion_2026_03","0.6771","reviewed_multi_anchor_task_function_edge"
"occ_15_2051_00","task_occ_15_2051_00_21828","fn_occ_15_2051_00_primary","supports","0.5430","0.5709","0.6216","0.5089","0.3243","0.5545","src_role_function_seed_2026_03|src_manual_role_graph_review_2026_03","0.7018","reviewed_primary_task_function_edge"
"occ_15_2051_00","task_occ_15_2051_00_21828","fn_occ_15_2051_00_stakeholder_translation","supports","0.4570","0.5118","0.5824","0.5209","0.2407","0.4837","src_role_function_seed_2026_03|src_role_function_expansion_2026_03","0.6928","reviewed_multi_anchor_task_function_edge"
"occ_15_2051_00","task_occ_15_2051_00_21829","fn_occ_15_2051_00_primary","supports","0.5430","0.5709","0.6216","0.5089","0.3243","0.5545","src_role_function_seed_2026_03|src_manual_role_graph_review_2026_03","0.7018","reviewed_primary_task_function_edge"
"occ_15_2051_00","task_occ_15_2051_00_21829","fn_occ_15_2051_00_stakeholder_translation","supports","0.4570","0.5118","0.5824","0.5209","0.2407","0.4837","src_role_function_seed_2026_03|src_role_function_expansion_2026_03","0.6928","reviewed_multi_anchor_task_function_edge"
"occ_15_2051_00","task_occ_15_2051_00_21830","fn_occ_15_2051_00_primary","supports","0.5538","0.5035","0.6463","0.4776","0.3254","0.5494","src_role_function_seed_2026_03|src_manual_role_graph_review_2026_03","0.6751","reviewed_primary_task_function_edge"
"occ_15_2051_00","task_occ_15_2051_00_21830","fn_occ_15_2051_00_stakeholder_translation","supports","0.4462","0.4368","0.6027","0.4896","0.2396","0.4746","src_role_function_seed_2026_03|src_role_function_expansion_2026_03","0.6661","reviewed_multi_anchor_task_function_edge"
"occ_15_2051_00","task_occ_15_2051_00_21831","fn_occ_15_2051_00_primary","supports","0.5430","0.5709","0.6216","0.5089","0.3243","0.5545","src_role_function_seed_2026_03|src_manual_role_graph_review_2026_03","0.7018","reviewed_primary_task_function_edge"
"occ_15_2051_00","task_occ_15_2051_00_21831","fn_occ_15_2051_00_stakeholder_translation","supports","0.4570","0.5118","0.5824","0.5209","0.2407","0.4837","src_role_function_seed_2026_03|src_role_function_expansion_2026_03","0.6928","reviewed_multi_anchor_task_function_edge"
"occ_15_2051_00","task_occ_15_2051_00_21832","fn_occ_15_2051_00_primary","supports","0.5429","0.5811","0.7066","0.5091","0.3243","0.5555","src_role_function_seed_2026_03|src_manual_role_graph_review_2026_03","0.6941","reviewed_primary_task_function_edge"
"occ_15_2051_00","task_occ_15_2051_00_21832","fn_occ_15_2051_00_stakeholder_translation","supports","0.4571","0.5221","0.6674","0.5211","0.2407","0.4848","src_role_function_seed_2026_03|src_role_function_expansion_2026_03","0.6851","reviewed_multi_anchor_task_function_edge"
"occ_15_2051_00","task_occ_15_2051_00_21833","fn_occ_15_2051_00_primary","supports","0.5430","0.5709","0.6216","0.5089","0.3243","0.5545","src_role_function_seed_2026_03|src_manual_role_graph_review_2026_03","0.7018","reviewed_primary_task_function_edge"
"occ_15_2051_00","task_occ_15_2051_00_21833","fn_occ_15_2051_00_stakeholder_translation","supports","0.4570","0.5118","0.5824","0.5209","0.2407","0.4837","src_role_function_seed_2026_03|src_role_function_expansion_2026_03","0.6928","reviewed_multi_anchor_task_function_edge"
"occ_15_2051_00","task_occ_15_2051_00_21834","fn_occ_15_2051_00_primary","supports","0.5430","0.5709","0.6216","0.5089","0.3243","0.5545","src_role_function_seed_2026_03|src_manual_role_graph_review_2026_03","0.6721","reviewed_primary_task_function_edge"
"occ_15_2051_00","task_occ_15_2051_00_21834","fn_occ_15_2051_00_stakeholder_translation","supports","0.4570","0.5118","0.5824","0.5209","0.2407","0.4837","src_role_function_seed_2026_03|src_role_function_expansion_2026_03","0.6631","reviewed_multi_anchor_task_function_edge"
"occ_15_2051_00","task_occ_15_2051_00_21835","fn_occ_15_2051_00_primary","supports","0.5430","0.5709","0.6216","0.5089","0.3243","0.5545","src_role_function_seed_2026_03|src_manual_role_graph_review_2026_03","0.7018","reviewed_primary_task_function_edge"
"occ_15_2051_00","task_occ_15_2051_00_21835","fn_occ_15_2051_00_stakeholder_translation","supports","0.4570","0.5118","0.5824","0.5209","0.2407","0.4837","src_role_function_seed_2026_03|src_role_function_expansion_2026_03","0.6928","reviewed_multi_anchor_task_function_edge"
"occ_15_2051_00","task_occ_15_2051_00_21836","fn_occ_15_2051_00_primary","directly_supports","0.4537","0.6371","0.6437","0.5863","0.3554","0.6078","src_role_function_seed_2026_03|src_manual_role_graph_review_2026_03","0.6960","reviewed_primary_task_function_edge"
"occ_15_2051_00","task_occ_15_2051_00_21836","fn_occ_15_2051_00_stakeholder_translation","directly_supports","0.5463","0.6405","0.6403","0.5983","0.2896","0.5700","src_role_function_seed_2026_03|src_role_function_expansion_2026_03","0.6870","reviewed_multi_anchor_task_function_edge"
"occ_15_2051_00","task_occ_15_2051_00_21837","fn_occ_15_2051_00_primary","supports","0.5391","0.6130","0.6983","0.5323","0.4039","0.5882","src_role_function_seed_2026_03|src_manual_role_graph_review_2026_03","0.6853","reviewed_primary_task_function_edge"
"occ_15_2051_00","task_occ_15_2051_00_21837","fn_occ_15_2051_00_stakeholder_translation","supports","0.4609","0.5566","0.6607","0.5443","0.3211","0.5188","src_role_function_seed_2026_03|src_role_function_expansion_2026_03","0.6763","reviewed_multi_anchor_task_function_edge"
"occ_15_2051_00","task_occ_15_2051_00_21838","fn_occ_15_2051_00_primary","supports","0.5430","0.5709","0.6216","0.5089","0.3243","0.5545","src_role_function_seed_2026_03|src_manual_role_graph_review_2026_03","0.7018","reviewed_primary_task_function_edge"
"occ_15_2051_00","task_occ_15_2051_00_21838","fn_occ_15_2051_00_stakeholder_translation","supports","0.4570","0.5118","0.5824","0.5209","0.2407","0.4837","src_role_function_seed_2026_03|src_role_function_expansion_2026_03","0.6928","reviewed_multi_anchor_task_function_edge"
"occ_15_2051_00","task_occ_15_2051_00_jd_ds_01","fn_occ_15_2051_00_primary","directly_supports","0.5000","0.6863","0.7405","0.6193","0.3600","0.6196","src_role_function_seed_2026_03|src_manual_role_graph_review_2026_03","0.8269","reviewed_primary_task_function_edge"
"occ_15_2051_00","task_occ_15_2051_00_jd_ds_01","fn_occ_15_2051_00_stakeholder_translation","directly_supports","0.5000","0.6573","0.7185","0.6313","0.2850","0.5647","src_role_function_seed_2026_03|src_role_function_expansion_2026_03","0.8179","reviewed_multi_anchor_task_function_edge"
"occ_15_2051_00","task_occ_15_2051_00_jd_ds_02","fn_occ_15_2051_00_primary","directly_supports","0.5301","0.6053","0.7290","0.5377","0.3230","0.5560","src_role_function_seed_2026_03|src_manual_role_graph_review_2026_03","0.8250","reviewed_primary_task_function_edge"
"occ_15_2051_00","task_occ_15_2051_00_jd_ds_02","fn_occ_15_2051_00_stakeholder_translation","directly_supports","0.4699","0.5552","0.6950","0.5497","0.2420","0.4900","src_role_function_seed_2026_03|src_role_function_expansion_2026_03","0.8160","reviewed_multi_anchor_task_function_edge"
"occ_15_2051_00","task_occ_15_2051_00_jd_ds_03","fn_occ_15_2051_00_primary","directly_supports","0.4594","0.6084","0.6399","0.5656","0.3159","0.5458","src_role_function_seed_2026_03|src_manual_role_graph_review_2026_03","0.8154","reviewed_primary_task_function_edge"
"occ_15_2051_00","task_occ_15_2051_00_jd_ds_03","fn_occ_15_2051_00_stakeholder_translation","directly_supports","0.5406","0.6078","0.6341","0.5776","0.2491","0.5059","src_role_function_seed_2026_03|src_role_function_expansion_2026_03","0.8064","reviewed_multi_anchor_task_function_edge"
"occ_15_2051_00","task_occ_15_2051_00_jd_ds_04","fn_occ_15_2051_00_primary","directly_supports","0.5287","0.6384","0.7087","0.5613","0.4029","0.5891","src_role_function_seed_2026_03|src_manual_role_graph_review_2026_03","0.8212","reviewed_primary_task_function_edge"
"occ_15_2051_00","task_occ_15_2051_00_jd_ds_04","fn_occ_15_2051_00_stakeholder_translation","directly_supports","0.4713","0.5893","0.6753","0.5733","0.3221","0.5236","src_role_function_seed_2026_03|src_role_function_expansion_2026_03","0.8122","reviewed_multi_anchor_task_function_edge"
"occ_15_2051_00","task_occ_15_2051_00_jd_ds2_01","fn_occ_15_2051_00_primary","supports","0.5477","0.5067","0.6450","0.5029","0.3548","0.5488","src_role_function_seed_2026_03|src_manual_role_graph_review_2026_03","0.7846","reviewed_primary_task_function_edge"
"occ_15_2051_00","task_occ_15_2051_00_jd_ds2_01","fn_occ_15_2051_00_stakeholder_translation","supports","0.4523","0.4442","0.6040","0.5149","0.2702","0.4763","src_role_function_seed_2026_03|src_role_function_expansion_2026_03","0.7756","reviewed_multi_anchor_task_function_edge"
"occ_15_2051_00","task_occ_15_2051_00_jd_ds2_02","fn_occ_15_2051_00_primary","supports","0.5608","0.5051","0.5777","0.4968","0.3261","0.5506","src_role_function_seed_2026_03|src_manual_role_graph_review_2026_03","0.7846","reviewed_primary_task_function_edge"
"occ_15_2051_00","task_occ_15_2051_00_jd_ds2_02","fn_occ_15_2051_00_stakeholder_translation","supports","0.4392","0.4335","0.5313","0.5088","0.2389","0.4732","src_role_function_seed_2026_03|src_role_function_expansion_2026_03","0.7756","reviewed_multi_anchor_task_function_edge"
"occ_15_2051_00","task_occ_15_2051_00_jd_ds2_03","fn_occ_15_2051_00_primary","directly_supports","0.5371","0.5253","0.6429","0.5053","0.3237","0.5491","src_role_function_seed_2026_03|src_manual_role_graph_review_2026_03","0.8135","reviewed_primary_task_function_edge"
"occ_15_2051_00","task_occ_15_2051_00_jd_ds2_03","fn_occ_15_2051_00_stakeholder_translation","directly_supports","0.4629","0.4703","0.6061","0.5173","0.2413","0.4805","src_role_function_seed_2026_03|src_role_function_expansion_2026_03","0.8045","reviewed_multi_anchor_task_function_edge"
"occ_15_2051_00","task_occ_15_2051_00_jd_ds2_04","fn_occ_15_2051_00_primary","directly_supports","0.5272","0.5955","0.7059","0.5390","0.3227","0.5546","src_role_function_seed_2026_03|src_manual_role_graph_review_2026_03","0.8327","reviewed_primary_task_function_edge"
"occ_15_2051_00","task_occ_15_2051_00_jd_ds2_04","fn_occ_15_2051_00_stakeholder_translation","directly_supports","0.4728","0.5475","0.6731","0.5510","0.2423","0.4897","src_role_function_seed_2026_03|src_role_function_expansion_2026_03","0.8237","reviewed_multi_anchor_task_function_edge"
"occ_17_2051_00","task_occ_17_2051_00_147","fn_occ_17_2051_00_primary","delivers","0.9800","0.7314","0.6806","0.5084","0.5180","0.6621","src_role_function_seed_2026_03","0.6053","reviewed_primary_task_function_edge"
"occ_17_2051_00","task_occ_17_2051_00_148","fn_occ_17_2051_00_primary","delivers","0.9800","0.8149","0.7328","0.5319","0.5980","0.7005","src_role_function_seed_2026_03","0.6649","reviewed_primary_task_function_edge"
"occ_17_2051_00","task_occ_17_2051_00_150","fn_occ_17_2051_00_primary","delivers","0.9800","0.9021","0.7050","0.6091","0.5980","0.7792","src_role_function_seed_2026_03","0.6053","reviewed_primary_task_function_edge"
"occ_17_2051_00","task_occ_17_2051_00_151","fn_occ_17_2051_00_primary","delivers","0.9800","0.8647","0.8050","0.5817","0.5580","0.7355","src_role_function_seed_2026_03","0.6003","reviewed_primary_task_function_edge"
"occ_17_2051_00","task_occ_17_2051_00_152","fn_occ_17_2051_00_primary","delivers","0.9800","0.6702","0.6806","0.4672","0.5480","0.6560","src_role_function_seed_2026_03","0.6053","reviewed_primary_task_function_edge"
"occ_17_2051_00","task_occ_17_2051_00_153","fn_occ_17_2051_00_primary","delivers","0.9800","0.7987","0.6550","0.5157","0.5980","0.6989","src_role_function_seed_2026_03","0.6479","reviewed_primary_task_function_edge"
"occ_17_2051_00","task_occ_17_2051_00_155","fn_occ_17_2051_00_primary","delivers","0.9800","0.7467","0.6650","0.4837","0.5180","0.6637","src_role_function_seed_2026_03","0.5857","reviewed_primary_task_function_edge"
"occ_17_2051_00","task_occ_17_2051_00_19607","fn_occ_17_2051_00_primary","delivers","0.9800","0.6974","0.6250","0.4744","0.5180","0.6587","src_role_function_seed_2026_03","0.6053","reviewed_primary_task_function_edge"
"occ_17_2051_00","task_occ_17_2051_00_19608","fn_occ_17_2051_00_primary","delivers","0.9800","0.6698","0.6250","0.4468","0.5180","0.6560","src_role_function_seed_2026_03","0.5833","reviewed_primary_task_function_edge"
"occ_17_2051_00","task_occ_17_2051_00_19609","fn_occ_17_2051_00_primary","delivers","0.9800","0.6748","0.6250","0.4518","0.5180","0.6565","src_role_function_seed_2026_03","0.5857","reviewed_primary_task_function_edge"
"occ_17_2051_00","task_occ_17_2051_00_19610","fn_occ_17_2051_00_primary","delivers","0.9800","0.9189","0.7717","0.6259","0.5980","0.7809","src_role_function_seed_2026_03","0.6053","reviewed_primary_task_function_edge"
"occ_17_2051_00","task_occ_17_2051_00_19611","fn_occ_17_2051_00_primary","delivers","0.9800","0.6877","0.6250","0.4647","0.5180","0.6578","src_role_function_seed_2026_03","0.5857","reviewed_primary_task_function_edge"
"occ_17_2051_00","task_occ_17_2051_00_20489","fn_occ_17_2051_00_primary","delivers","0.9800","0.9028","0.7050","0.6098","0.5980","0.7793","src_role_function_seed_2026_03","0.6053","reviewed_primary_task_function_edge"
"occ_17_2051_00","task_occ_17_2051_00_20490","fn_occ_17_2051_00_primary","delivers","0.9800","0.9189","0.7717","0.6259","0.5980","0.7809","src_role_function_seed_2026_03","0.6300","reviewed_primary_task_function_edge"
"occ_17_2051_00","task_occ_17_2051_00_20491","fn_occ_17_2051_00_primary","delivers","0.9800","0.7318","0.6806","0.5088","0.5180","0.6622","src_role_function_seed_2026_03","0.6053","reviewed_primary_task_function_edge"
"occ_17_2051_00","task_occ_17_2051_00_20492","fn_occ_17_2051_00_primary","delivers","0.9800","0.7904","0.7428","0.5274","0.5180","0.6680","src_role_function_seed_2026_03","0.6127","reviewed_primary_task_function_edge"
"occ_17_2051_00","task_occ_17_2051_00_jd_ce_01","fn_occ_17_2051_00_primary","delivers","0.9800","0.7334","0.6250","0.5104","0.5180","0.6623","src_role_function_seed_2026_03","0.7216","reviewed_primary_task_function_edge"
"occ_17_2051_00","task_occ_17_2051_00_jd_ce_02","fn_occ_17_2051_00_primary","delivers","0.9800","0.7970","0.7428","0.5340","0.5180","0.6687","src_role_function_seed_2026_03","0.7216","reviewed_primary_task_function_edge"
"occ_17_2051_00","task_occ_17_2051_00_jd_ce_03","fn_occ_17_2051_00_primary","delivers","0.9800","0.8225","0.7250","0.5495","0.5180","0.6713","src_role_function_seed_2026_03","0.7216","reviewed_primary_task_function_edge"
"occ_17_2051_00","task_occ_17_2051_00_jd_ce_04","fn_occ_17_2051_00_primary","delivers","0.9800","0.8285","0.7328","0.5455","0.5980","0.7018","src_role_function_seed_2026_03","0.7812","reviewed_primary_task_function_edge"
"occ_17_2051_00","task_occ_17_2051_00_jd_ce2_01","fn_occ_17_2051_00_primary","delivers","0.9800","0.8855","0.8050","0.6025","0.5580","0.7376","src_role_function_seed_2026_03","0.7216","reviewed_primary_task_function_edge"
"occ_17_2051_00","task_occ_17_2051_00_jd_ce2_02","fn_occ_17_2051_00_primary","delivers","0.9800","0.6943","0.6806","0.4913","0.5480","0.6584","src_role_function_seed_2026_03","0.7216","reviewed_primary_task_function_edge"
"occ_17_2051_00","task_occ_17_2051_00_jd_ce2_03","fn_occ_17_2051_00_primary","delivers","0.9800","0.6849","0.6161","0.4819","0.5180","0.6575","src_role_function_seed_2026_03","0.7216","reviewed_primary_task_function_edge"
"occ_17_2051_00","task_occ_17_2051_00_jd_ce2_04","fn_occ_17_2051_00_primary","delivers","0.9800","0.8034","0.7417","0.5304","0.5180","0.6693","src_role_function_seed_2026_03","0.7216","reviewed_primary_task_function_edge"
"occ_17_2071_00","task_occ_17_2071_00_1347","fn_occ_17_2071_00_primary","delivers","0.9800","0.8900","0.7386","0.6470","0.5180","0.7280","src_role_function_seed_2026_03","0.6795","reviewed_primary_task_function_edge"
"occ_17_2071_00","task_occ_17_2071_00_1348","fn_occ_17_2071_00_primary","delivers","0.9800","0.7229","0.6886","0.4999","0.5180","0.6613","src_role_function_seed_2026_03","0.6726","reviewed_primary_task_function_edge"
"occ_17_2071_00","task_occ_17_2071_00_1349","fn_occ_17_2071_00_primary","delivers","0.9800","0.7164","0.6886","0.4934","0.5180","0.6606","src_role_function_seed_2026_03","0.6726","reviewed_primary_task_function_edge"
"occ_17_2071_00","task_occ_17_2071_00_1350","fn_occ_17_2071_00_primary","delivers","0.9800","0.6824","0.6705","0.4794","0.5480","0.6572","src_role_function_seed_2026_03","0.6127","reviewed_primary_task_function_edge"
"occ_17_2071_00","task_occ_17_2071_00_1351","fn_occ_17_2071_00_primary","delivers","0.9800","0.7864","0.7195","0.5234","0.5180","0.6676","src_role_function_seed_2026_03","0.6215","reviewed_primary_task_function_edge"
"occ_17_2071_00","task_occ_17_2071_00_1353","fn_occ_17_2071_00_primary","delivers","0.9800","0.7833","0.7295","0.5103","0.5180","0.6673","src_role_function_seed_2026_03","0.6102","reviewed_primary_task_function_edge"
"occ_17_2071_00","task_occ_17_2071_00_1354","fn_occ_17_2071_00_primary","delivers","0.9800","0.7045","0.6250","0.4815","0.5180","0.6594","src_role_function_seed_2026_03","0.6627","reviewed_primary_task_function_edge"
"occ_17_2071_00","task_occ_17_2071_00_1355","fn_occ_17_2071_00_primary","delivers","0.9800","0.7785","0.7195","0.5155","0.5180","0.6669","src_role_function_seed_2026_03","0.6215","reviewed_primary_task_function_edge"
"occ_17_2071_00","task_occ_17_2071_00_1356","fn_occ_17_2071_00_primary","delivers","0.9800","0.8193","0.6550","0.5363","0.5980","0.7009","src_role_function_seed_2026_03","0.6102","reviewed_primary_task_function_edge"
"occ_17_2071_00","task_occ_17_2071_00_1357","fn_occ_17_2071_00_primary","delivers","0.9800","0.9097","0.7595","0.6167","0.5980","0.7800","src_role_function_seed_2026_03","0.6102","reviewed_primary_task_function_edge"
"occ_17_2071_00","task_occ_17_2071_00_1358","fn_occ_17_2071_00_primary","delivers","0.9800","0.8758","0.7386","0.6328","0.5180","0.7266","src_role_function_seed_2026_03","0.6795","reviewed_primary_task_function_edge"
"occ_17_2071_00","task_occ_17_2071_00_1361","fn_occ_17_2071_00_primary","delivers","0.9800","0.6899","0.6250","0.4669","0.5180","0.6580","src_role_function_seed_2026_03","0.6751","reviewed_primary_task_function_edge"
"occ_17_2071_00","task_occ_17_2071_00_1363","fn_occ_17_2071_00_primary","delivers","0.9800","0.7059","0.6250","0.4829","0.5180","0.6596","src_role_function_seed_2026_03","0.6751","reviewed_primary_task_function_edge"
"occ_17_2071_00","task_occ_17_2071_00_1364","fn_occ_17_2071_00_primary","delivers","0.9800","0.6752","0.6250","0.4522","0.5180","0.6565","src_role_function_seed_2026_03","0.6531","reviewed_primary_task_function_edge"
"occ_17_2071_00","task_occ_17_2071_00_1365","fn_occ_17_2071_00_primary","delivers","0.9800","0.7545","0.6650","0.4915","0.5180","0.6644","src_role_function_seed_2026_03","0.5995","reviewed_primary_task_function_edge"
"occ_17_2071_00","task_occ_17_2071_00_19617","fn_occ_17_2071_00_primary","delivers","0.9800","0.6644","0.6250","0.4414","0.5180","0.6554","src_role_function_seed_2026_03","0.6506","reviewed_primary_task_function_edge"
"occ_17_2071_00","task_occ_17_2071_00_19618","fn_occ_17_2071_00_primary","delivers","0.9800","0.6745","0.6250","0.4515","0.5180","0.6565","src_role_function_seed_2026_03","0.6531","reviewed_primary_task_function_edge"
"occ_17_2071_00","task_occ_17_2071_00_19619","fn_occ_17_2071_00_primary","delivers","0.9800","0.7552","0.6650","0.4922","0.5180","0.6645","src_role_function_seed_2026_03","0.5995","reviewed_primary_task_function_edge"
"occ_17_2071_00","task_occ_17_2071_00_20729","fn_occ_17_2071_00_primary","delivers","0.9800","0.8779","0.8050","0.5949","0.5580","0.7368","src_role_function_seed_2026_03","0.5349","reviewed_primary_task_function_edge"
"occ_17_2071_00","task_occ_17_2071_00_20730","fn_occ_17_2071_00_primary","delivers","0.9800","0.8721","0.6750","0.6291","0.5180","0.7262","src_role_function_seed_2026_03","0.6795","reviewed_primary_task_function_edge"
"occ_17_2071_00","task_occ_17_2071_00_20731","fn_occ_17_2071_00_primary","delivers","0.9800","0.8323","0.7095","0.5493","0.5980","0.7022","src_role_function_seed_2026_03","0.6053","reviewed_primary_task_function_edge"
"occ_17_2071_00","task_occ_17_2071_00_23956","fn_occ_17_2071_00_primary","delivers","0.9800","0.6923","0.6250","0.4693","0.5180","0.6582","src_role_function_seed_2026_03","0.6531","reviewed_primary_task_function_edge"
"occ_17_2071_00","task_occ_17_2071_00_jd_elec_01","fn_occ_17_2071_00_primary","delivers","0.9800","0.7183","0.6250","0.4953","0.5180","0.6608","src_role_function_seed_2026_03","0.7890","reviewed_primary_task_function_edge"
"occ_17_2071_00","task_occ_17_2071_00_jd_elec_02","fn_occ_17_2071_00_primary","delivers","0.9800","0.8957","0.8050","0.6127","0.5580","0.7386","src_role_function_seed_2026_03","0.6561","reviewed_primary_task_function_edge"
"occ_17_2071_00","task_occ_17_2071_00_jd_elec_03","fn_occ_17_2071_00_primary","delivers","0.9800","0.8387","0.7095","0.5557","0.5980","0.7029","src_role_function_seed_2026_03","0.7216","reviewed_primary_task_function_edge"
"occ_17_2071_00","task_occ_17_2071_00_jd_elec_04","fn_occ_17_2071_00_primary","delivers","0.9800","0.8218","0.6886","0.5488","0.5180","0.6712","src_role_function_seed_2026_03","0.7216","reviewed_primary_task_function_edge"
"occ_17_2072_00","task_occ_17_2072_00_19621","fn_occ_17_2072_00_primary","delivers","0.9800","0.7442","0.7295","0.4712","0.5180","0.6634","src_role_function_seed_2026_03","0.5857","reviewed_primary_task_function_edge"
"occ_17_2072_00","task_occ_17_2072_00_19623","fn_occ_17_2072_00_primary","delivers","0.9800","0.7537","0.7295","0.4807","0.5180","0.6644","src_role_function_seed_2026_03","0.5882","reviewed_primary_task_function_edge"
"occ_17_2072_00","task_occ_17_2072_00_20493","fn_occ_17_2072_00_primary","delivers","0.9800","0.7731","0.6650","0.5101","0.5180","0.6663","src_role_function_seed_2026_03","0.6311","reviewed_primary_task_function_edge"
"occ_17_2072_00","task_occ_17_2072_00_20494","fn_occ_17_2072_00_primary","delivers","0.9800","0.7889","0.7286","0.5259","0.5180","0.6679","src_role_function_seed_2026_03","0.6559","reviewed_primary_task_function_edge"
"occ_17_2072_00","task_occ_17_2072_00_20495","fn_occ_17_2072_00_primary","delivers","0.9800","0.7781","0.7286","0.5151","0.5180","0.6668","src_role_function_seed_2026_03","0.6608","reviewed_primary_task_function_edge"
"occ_17_2072_00","task_occ_17_2072_00_20496","fn_occ_17_2072_00_primary","delivers","0.9800","0.8812","0.7477","0.6382","0.5180","0.7271","src_role_function_seed_2026_03","0.6372","reviewed_primary_task_function_edge"
"occ_17_2072_00","task_occ_17_2072_00_20497","fn_occ_17_2072_00_primary","delivers","0.9800","0.7408","0.6977","0.5178","0.5180","0.6631","src_role_function_seed_2026_03","0.6707","reviewed_primary_task_function_edge"
"occ_17_2072_00","task_occ_17_2072_00_20498","fn_occ_17_2072_00_primary","delivers","0.9800","0.8701","0.7959","0.5871","0.5580","0.7360","src_role_function_seed_2026_03","0.6069","reviewed_primary_task_function_edge"
"occ_17_2072_00","task_occ_17_2072_00_20499","fn_occ_17_2072_00_primary","delivers","0.9800","0.8728","0.7477","0.6298","0.5180","0.7263","src_role_function_seed_2026_03","0.6372","reviewed_primary_task_function_edge"
"occ_17_2072_00","task_occ_17_2072_00_20500","fn_occ_17_2072_00_primary","delivers","0.9800","0.8368","0.7050","0.5538","0.5580","0.7327","src_role_function_seed_2026_03","0.5725","reviewed_primary_task_function_edge"
"occ_17_2072_00","task_occ_17_2072_00_5339","fn_occ_17_2072_00_primary","delivers","0.9800","0.7278","0.6250","0.5048","0.5180","0.6618","src_role_function_seed_2026_03","0.6707","reviewed_primary_task_function_edge"
"occ_17_2072_00","task_occ_17_2072_00_5346","fn_occ_17_2072_00_primary","delivers","0.9800","0.8028","0.6550","0.5198","0.5980","0.6993","src_role_function_seed_2026_03","0.6745","reviewed_primary_task_function_edge"
"occ_17_2072_00","task_occ_17_2072_00_5348","fn_occ_17_2072_00_primary","delivers","0.9800","0.7197","0.6250","0.4967","0.5180","0.6610","src_role_function_seed_2026_03","0.6880","reviewed_primary_task_function_edge"
"occ_17_2072_00","task_occ_17_2072_00_5349","fn_occ_17_2072_00_primary","delivers","0.9800","0.8314","0.6705","0.5584","0.5180","0.6721","src_role_function_seed_2026_03","0.6416","reviewed_primary_task_function_edge"
"occ_17_2072_00","task_occ_17_2072_00_5350","fn_occ_17_2072_00_primary","delivers","0.9800","0.8147","0.7186","0.5317","0.5980","0.7005","src_role_function_seed_2026_03","0.6795","reviewed_primary_task_function_edge"
"occ_17_2072_00","task_occ_17_2072_00_5351","fn_occ_17_2072_00_primary","delivers","0.9800","0.6917","0.6250","0.4687","0.5180","0.6582","src_role_function_seed_2026_03","0.6512","reviewed_primary_task_function_edge"
"occ_17_2072_00","task_occ_17_2072_00_5352","fn_occ_17_2072_00_primary","delivers","0.9800","0.6824","0.6250","0.4594","0.5180","0.6572","src_role_function_seed_2026_03","0.6388","reviewed_primary_task_function_edge"
"occ_17_2072_00","task_occ_17_2072_00_5354","fn_occ_17_2072_00_primary","delivers","0.9800","0.6617","0.6795","0.4587","0.5480","0.6552","src_role_function_seed_2026_03","0.7100","reviewed_primary_task_function_edge"
"occ_17_2072_00","task_occ_17_2072_00_5355","fn_occ_17_2072_00_primary","delivers","0.9800","0.7874","0.6550","0.5044","0.5980","0.6977","src_role_function_seed_2026_03","0.6575","reviewed_primary_task_function_edge"
"occ_17_2072_00","task_occ_17_2072_00_5357","fn_occ_17_2072_00_primary","delivers","0.9800","0.8274","0.7050","0.5444","0.5580","0.7317","src_role_function_seed_2026_03","0.5849","reviewed_primary_task_function_edge"
"occ_17_2072_00","task_occ_17_2072_00_jd_ee_01","fn_occ_17_2072_00_primary","delivers","0.9800","0.7377","0.7068","0.5147","0.5180","0.6628","src_role_function_seed_2026_03","0.7870","reviewed_primary_task_function_edge"
"occ_17_2072_00","task_occ_17_2072_00_jd_ee_02","fn_occ_17_2072_00_primary","delivers","0.9800","0.8917","0.8050","0.6087","0.5580","0.7382","src_role_function_seed_2026_03","0.7158","reviewed_primary_task_function_edge"
"occ_17_2072_00","task_occ_17_2072_00_jd_ee_03","fn_occ_17_2072_00_primary","delivers","0.9800","0.8304","0.7277","0.5474","0.5980","0.7020","src_role_function_seed_2026_03","0.7909","reviewed_primary_task_function_edge"
"occ_17_2072_00","task_occ_17_2072_00_jd_ee_04","fn_occ_17_2072_00_primary","delivers","0.9800","0.8298","0.6795","0.5568","0.5180","0.6720","src_role_function_seed_2026_03","0.7505","reviewed_primary_task_function_edge"
"occ_17_2112_00","task_occ_17_2112_00_1391","fn_occ_17_2112_00_primary","delivers","0.9800","0.7833","0.7400","0.5203","0.5180","0.6673","src_role_function_seed_2026_03","0.6127","reviewed_primary_task_function_edge"
"occ_17_2112_00","task_occ_17_2112_00_1392","fn_occ_17_2112_00_primary","delivers","0.9800","0.7760","0.6650","0.5130","0.5180","0.6666","src_role_function_seed_2026_03","0.6127","reviewed_primary_task_function_edge"
"occ_17_2112_00","task_occ_17_2112_00_1393","fn_occ_17_2112_00_primary","delivers","0.9800","0.8896","0.7300","0.6066","0.5580","0.7380","src_role_function_seed_2026_03","0.6685","reviewed_primary_task_function_edge"
"occ_17_2112_00","task_occ_17_2112_00_1394","fn_occ_17_2112_00_primary","delivers","0.9800","0.8937","0.8050","0.6107","0.5580","0.7384","src_role_function_seed_2026_03","0.6537","reviewed_primary_task_function_edge"
"occ_17_2112_00","task_occ_17_2112_00_1395","fn_occ_17_2112_00_primary","delivers","0.9800","0.6363","0.6000","0.4233","0.4980","0.6126","src_role_function_seed_2026_03","0.6102","reviewed_primary_task_function_edge"
"occ_17_2112_00","task_occ_17_2112_00_1398","fn_occ_17_2112_00_primary","delivers","0.9800","0.7232","0.7125","0.5002","0.5180","0.6613","src_role_function_seed_2026_03","0.6715","reviewed_primary_task_function_edge"
"occ_17_2112_00","task_occ_17_2112_00_1399","fn_occ_17_2112_00_primary","delivers","0.9800","0.8150","0.6550","0.5320","0.5980","0.7005","src_role_function_seed_2026_03","0.6127","reviewed_primary_task_function_edge"
"occ_17_2112_00","task_occ_17_2112_00_1400","fn_occ_17_2112_00_primary","delivers","0.9800","0.7265","0.7125","0.5035","0.5180","0.6616","src_role_function_seed_2026_03","0.6666","reviewed_primary_task_function_edge"
"occ_17_2112_00","task_occ_17_2112_00_1402","fn_occ_17_2112_00_primary","delivers","0.9800","0.7062","0.6250","0.4832","0.5180","0.6596","src_role_function_seed_2026_03","0.6666","reviewed_primary_task_function_edge"
"occ_17_2112_00","task_occ_17_2112_00_1403","fn_occ_17_2112_00_primary","delivers","0.9800","0.6746","0.7000","0.4716","0.5480","0.6565","src_role_function_seed_2026_03","0.6350","reviewed_primary_task_function_edge"
"occ_17_2112_00","task_occ_17_2112_00_1404","fn_occ_17_2112_00_primary","delivers","0.9800","0.7700","0.6650","0.5070","0.5180","0.6660","src_role_function_seed_2026_03","0.5830","reviewed_primary_task_function_edge"
"occ_17_2112_00","task_occ_17_2112_00_1405","fn_occ_17_2112_00_primary","delivers","0.9800","0.8357","0.7425","0.5527","0.5980","0.7026","src_role_function_seed_2026_03","0.6325","reviewed_primary_task_function_edge"
"occ_17_2112_00","task_occ_17_2112_00_1406","fn_occ_17_2112_00_primary","delivers","0.9800","0.7755","0.6650","0.5125","0.5180","0.6666","src_role_function_seed_2026_03","0.6077","reviewed_primary_task_function_edge"
"occ_17_2112_00","task_occ_17_2112_00_1407","fn_occ_17_2112_00_primary","delivers","0.9800","0.8253","0.6550","0.5423","0.5980","0.7015","src_role_function_seed_2026_03","0.6102","reviewed_primary_task_function_edge"
"occ_17_2112_00","task_occ_17_2112_00_1408","fn_occ_17_2112_00_primary","delivers","0.9800","0.6742","0.7000","0.4712","0.5480","0.6564","src_role_function_seed_2026_03","0.6053","reviewed_primary_task_function_edge"
"occ_17_2112_00","task_occ_17_2112_00_1409","fn_occ_17_2112_00_primary","delivers","0.9800","0.8450","0.7050","0.5620","0.5580","0.7335","src_role_function_seed_2026_03","0.6391","reviewed_primary_task_function_edge"
"occ_17_2112_00","task_occ_17_2112_00_1410","fn_occ_17_2112_00_primary","delivers","0.9800","0.8738","0.8050","0.5808","0.5980","0.7764","src_role_function_seed_2026_03","0.5833","reviewed_primary_task_function_edge"
"occ_17_2112_00","task_occ_17_2112_00_18607","fn_occ_17_2112_00_primary","delivers","0.9800","0.8240","0.6550","0.5410","0.5980","0.7014","src_role_function_seed_2026_03","0.6127","reviewed_primary_task_function_edge"
"occ_17_2112_00","task_occ_17_2112_00_18608","fn_occ_17_2112_00_primary","delivers","0.9800","0.7998","0.7125","0.5268","0.5180","0.6690","src_role_function_seed_2026_03","0.6127","reviewed_primary_task_function_edge"
"occ_17_2112_00","task_occ_17_2112_00_18609","fn_occ_17_2112_00_primary","delivers","0.9800","0.8689","0.7750","0.6259","0.5180","0.7259","src_role_function_seed_2026_03","0.6102","reviewed_primary_task_function_edge"
"occ_17_2112_00","task_occ_17_2112_00_jd_ind_01","fn_occ_17_2112_00_primary","delivers","0.9800","0.8017","0.7400","0.5387","0.5180","0.6692","src_role_function_seed_2026_03","0.7216","reviewed_primary_task_function_edge"
"occ_17_2112_00","task_occ_17_2112_00_jd_ind_02","fn_occ_17_2112_00_primary","delivers","0.9800","0.8947","0.7800","0.6117","0.5580","0.7385","src_role_function_seed_2026_03","0.7774","reviewed_primary_task_function_edge"
"occ_17_2112_00","task_occ_17_2112_00_jd_ind_03","fn_occ_17_2112_00_primary","delivers","0.9800","0.8205","0.7125","0.5475","0.5180","0.6710","src_role_function_seed_2026_03","0.7216","reviewed_primary_task_function_edge"
"occ_17_2112_00","task_occ_17_2112_00_jd_ind_04","fn_occ_17_2112_00_primary","delivers","0.9800","0.8413","0.7425","0.5583","0.5980","0.7031","src_role_function_seed_2026_03","0.7216","reviewed_primary_task_function_edge"
"occ_17_2141_00","task_occ_17_2141_00_1411","fn_occ_17_2141_00_primary","delivers","0.9800","0.6802","0.6607","0.4772","0.5480","0.6570","src_role_function_seed_2026_03","0.6688","reviewed_primary_task_function_edge"
"occ_17_2141_00","task_occ_17_2141_00_1412","fn_occ_17_2141_00_primary","delivers","0.9800","0.8804","0.6936","0.6574","0.5180","0.7270","src_role_function_seed_2026_03","0.5929","reviewed_primary_task_function_edge"
"occ_17_2141_00","task_occ_17_2141_00_1413","fn_occ_17_2141_00_primary","delivers","0.9800","0.7994","0.6936","0.5364","0.5180","0.6689","src_role_function_seed_2026_03","0.5720","reviewed_primary_task_function_edge"
"occ_17_2141_00","task_occ_17_2141_00_1418","fn_occ_17_2141_00_primary","delivers","0.9800","0.8742","0.7393","0.6312","0.5180","0.7264","src_role_function_seed_2026_03","0.5467","reviewed_primary_task_function_edge"
"occ_17_2141_00","task_occ_17_2141_00_1419","fn_occ_17_2141_00_primary","delivers","0.9800","0.9135","0.7336","0.6205","0.5980","0.7804","src_role_function_seed_2026_03","0.6352","reviewed_primary_task_function_edge"
"occ_17_2141_00","task_occ_17_2141_00_1420","fn_occ_17_2141_00_primary","delivers","0.9800","0.7847","0.6650","0.5217","0.5180","0.6675","src_role_function_seed_2026_03","0.5472","reviewed_primary_task_function_edge"
"occ_17_2141_00","task_occ_17_2141_00_1421","fn_occ_17_2141_00_primary","delivers","0.9800","0.8777","0.7050","0.5947","0.5580","0.7368","src_role_function_seed_2026_03","0.6762","reviewed_primary_task_function_edge"
"occ_17_2141_00","task_occ_17_2141_00_1423","fn_occ_17_2141_00_primary","delivers","0.9800","0.7170","0.6250","0.4940","0.5180","0.6607","src_role_function_seed_2026_03","0.6300","reviewed_primary_task_function_edge"
"occ_17_2141_00","task_occ_17_2141_00_1427","fn_occ_17_2141_00_primary","delivers","0.9800","0.7886","0.6964","0.5156","0.5180","0.6679","src_role_function_seed_2026_03","0.6394","reviewed_primary_task_function_edge"
"occ_17_2141_00","task_occ_17_2141_00_1429","fn_occ_17_2141_00_primary","delivers","0.9800","0.7065","0.6250","0.4835","0.5180","0.6597","src_role_function_seed_2026_03","0.6350","reviewed_primary_task_function_edge"
"occ_17_2141_00","task_occ_17_2141_00_1430","fn_occ_17_2141_00_primary","delivers","0.9800","0.9069","0.7336","0.6139","0.5980","0.7797","src_role_function_seed_2026_03","0.6083","reviewed_primary_task_function_edge"
"occ_17_2141_00","task_occ_17_2141_00_1431","fn_occ_17_2141_00_primary","delivers","0.9800","0.6872","0.6250","0.4642","0.5180","0.6577","src_role_function_seed_2026_03","0.6080","reviewed_primary_task_function_edge"
"occ_17_2141_00","task_occ_17_2141_00_19627","fn_occ_17_2141_00_primary","delivers","0.9800","0.7777","0.6650","0.5147","0.5180","0.6668","src_role_function_seed_2026_03","0.5252","reviewed_primary_task_function_edge"
"occ_17_2141_00","task_occ_17_2141_00_19628","fn_occ_17_2141_00_primary","delivers","0.9800","0.7135","0.6750","0.4905","0.5180","0.6604","src_role_function_seed_2026_03","0.5833","reviewed_primary_task_function_edge"
"occ_17_2141_00","task_occ_17_2141_00_19629","fn_occ_17_2141_00_primary","delivers","0.9800","0.8996","0.7050","0.6066","0.5980","0.7790","src_role_function_seed_2026_03","0.6083","reviewed_primary_task_function_edge"
"occ_17_2141_00","task_occ_17_2141_00_19630","fn_occ_17_2141_00_primary","delivers","0.9800","0.7694","0.6650","0.5064","0.5180","0.6659","src_role_function_seed_2026_03","0.5203","reviewed_primary_task_function_edge"
"occ_17_2141_00","task_occ_17_2141_00_19631","fn_occ_17_2141_00_primary","delivers","0.9800","0.8626","0.7050","0.5796","0.5580","0.7353","src_role_function_seed_2026_03","0.6542","reviewed_primary_task_function_edge"
"occ_17_2141_00","task_occ_17_2141_00_19632","fn_occ_17_2141_00_primary","delivers","0.9800","0.7686","0.6650","0.5056","0.5180","0.6659","src_role_function_seed_2026_03","0.4955","reviewed_primary_task_function_edge"
"occ_17_2141_00","task_occ_17_2141_00_20733","fn_occ_17_2141_00_primary","delivers","0.9800","0.6626","0.5821","0.4496","0.4980","0.6153","src_role_function_seed_2026_03","0.6352","reviewed_primary_task_function_edge"
"occ_17_2141_00","task_occ_17_2141_00_20734","fn_occ_17_2141_00_primary","delivers","0.9800","0.8906","0.7907","0.6076","0.5580","0.7381","src_role_function_seed_2026_03","0.6762","reviewed_primary_task_function_edge"
"occ_17_2141_00","task_occ_17_2141_00_20735","fn_occ_17_2141_00_primary","delivers","0.9800","0.7091","0.6250","0.4861","0.5180","0.6599","src_role_function_seed_2026_03","0.6300","reviewed_primary_task_function_edge"
"occ_17_2141_00","task_occ_17_2141_00_20736","fn_occ_17_2141_00_primary","delivers","0.9800","0.9250","0.7621","0.6320","0.5980","0.7815","src_role_function_seed_2026_03","0.6303","reviewed_primary_task_function_edge"
"occ_17_2141_00","task_occ_17_2141_00_20737","fn_occ_17_2141_00_primary","delivers","0.9800","0.7239","0.6750","0.5009","0.5180","0.6614","src_role_function_seed_2026_03","0.6597","reviewed_primary_task_function_edge"
"occ_17_2141_00","task_occ_17_2141_00_20738","fn_occ_17_2141_00_primary","delivers","0.9800","0.8680","0.7050","0.5850","0.5580","0.7358","src_role_function_seed_2026_03","0.6638","reviewed_primary_task_function_edge"
"occ_17_2141_00","task_occ_17_2141_00_20739","fn_occ_17_2141_00_primary","delivers","0.9800","0.7829","0.6936","0.5199","0.5180","0.6673","src_role_function_seed_2026_03","0.4955","reviewed_primary_task_function_edge"
"occ_17_2141_00","task_occ_17_2141_00_20740","fn_occ_17_2141_00_primary","delivers","0.9800","0.7670","0.6650","0.5040","0.5180","0.6657","src_role_function_seed_2026_03","0.4955","reviewed_primary_task_function_edge"
"occ_17_2141_00","task_occ_17_2141_00_20741","fn_occ_17_2141_00_primary","delivers","0.9800","0.8771","0.7393","0.6341","0.5180","0.7267","src_role_function_seed_2026_03","0.5467","reviewed_primary_task_function_edge"
"occ_17_2141_00","task_occ_17_2141_00_20742","fn_occ_17_2141_00_primary","delivers","0.9800","0.6131","0.5821","0.4001","0.4980","0.6103","src_role_function_seed_2026_03","0.6132","reviewed_primary_task_function_edge"
"occ_17_2141_00","task_occ_17_2141_00_jd_me_01","fn_occ_17_2141_00_primary","delivers","0.9800","0.7312","0.6393","0.5082","0.5180","0.6621","src_role_function_seed_2026_03","0.7216","reviewed_primary_task_function_edge"
"occ_17_2141_00","task_occ_17_2141_00_jd_me_02","fn_occ_17_2141_00_primary","delivers","0.9800","0.8904","0.8050","0.6074","0.5580","0.7380","src_role_function_seed_2026_03","0.7851","reviewed_primary_task_function_edge"
"occ_17_2141_00","task_occ_17_2141_00_jd_me_03","fn_occ_17_2141_00_primary","delivers","0.9800","0.8395","0.7121","0.5565","0.5980","0.7029","src_role_function_seed_2026_03","0.7639","reviewed_primary_task_function_edge"
"occ_17_2141_00","task_occ_17_2141_00_jd_me_04","fn_occ_17_2141_00_primary","delivers","0.9800","0.8280","0.7036","0.5550","0.5180","0.6718","src_role_function_seed_2026_03","0.7505","reviewed_primary_task_function_edge"
"occ_23_1011_00","task_occ_23_1011_00_20877","fn_occ_23_1011_00_matter_preparation","directly_supports","0.5586","0.6073","0.6002","0.5708","0.5809","0.5215","src_role_function_seed_2026_03|src_role_function_expansion_2026_03","0.7101","reviewed_multi_anchor_task_function_edge"
"occ_23_1011_00","task_occ_23_1011_00_20877","fn_occ_23_1011_00_primary","directly_supports","0.4414","0.6933","0.6538","0.7028","0.7341","0.7465","src_role_function_seed_2026_03|src_manual_role_graph_review_2026_03","0.7191","reviewed_primary_task_function_edge"
"occ_23_1011_00","task_occ_23_1011_00_23992","fn_occ_23_1011_00_matter_preparation","directly_supports","0.4717","0.7149","0.6041","0.7089","0.5722","0.5692","src_role_function_seed_2026_03|src_role_function_expansion_2026_03","0.8006","reviewed_multi_anchor_task_function_edge"
"occ_23_1011_00","task_occ_23_1011_00_23992","fn_occ_23_1011_00_primary","directly_supports","0.5283","0.8618","0.6924","0.8409","0.7428","0.8264","src_role_function_seed_2026_03|src_manual_role_graph_review_2026_03","0.8096","reviewed_primary_task_function_edge"
"occ_23_1011_00","task_occ_23_1011_00_3773","fn_occ_23_1011_00_matter_preparation","directly_supports","0.4751","0.7309","0.6335","0.7036","0.5725","0.5714","src_role_function_seed_2026_03|src_role_function_expansion_2026_03","0.7101","reviewed_multi_anchor_task_function_edge"
"occ_23_1011_00","task_occ_23_1011_00_3773","fn_occ_23_1011_00_primary","directly_supports","0.5249","0.8753","0.7205","0.8356","0.7425","0.8273","src_role_function_seed_2026_03|src_manual_role_graph_review_2026_03","0.7191","reviewed_primary_task_function_edge"
"occ_23_1011_00","task_occ_23_1011_00_3774","fn_occ_23_1011_00_matter_preparation","directly_supports","0.4695","0.6241","0.6161","0.5788","0.5719","0.5098","src_role_function_seed_2026_03|src_role_function_expansion_2026_03","0.8237","reviewed_multi_anchor_task_function_edge"
"occ_23_1011_00","task_occ_23_1011_00_3774","fn_occ_23_1011_00_primary","directly_supports","0.5305","0.7725","0.7054","0.7108","0.7431","0.7678","src_role_function_seed_2026_03|src_manual_role_graph_review_2026_03","0.8327","reviewed_primary_task_function_edge"
"occ_23_1011_00","task_occ_23_1011_00_3775","fn_occ_23_1011_00_matter_preparation","directly_supports","0.4689","0.6211","0.6160","0.5759","0.5719","0.5094","src_role_function_seed_2026_03|src_role_function_expansion_2026_03","0.8237","reviewed_multi_anchor_task_function_edge"
"occ_23_1011_00","task_occ_23_1011_00_3775","fn_occ_23_1011_00_primary","directly_supports","0.5311","0.7698","0.7055","0.7079","0.7431","0.7676","src_role_function_seed_2026_03|src_manual_role_graph_review_2026_03","0.8327","reviewed_primary_task_function_edge"
"occ_23_1011_00","task_occ_23_1011_00_3776","fn_occ_23_1011_00_matter_preparation","directly_supports","0.4701","0.7058","0.5950","0.6803","0.5720","0.5681","src_role_function_seed_2026_03|src_role_function_expansion_2026_03","0.6881","reviewed_multi_anchor_task_function_edge"
"occ_23_1011_00","task_occ_23_1011_00_3776","fn_occ_23_1011_00_primary","directly_supports","0.5299","0.8538","0.6840","0.8123","0.7430","0.8259","src_role_function_seed_2026_03|src_manual_role_graph_review_2026_03","0.6971","reviewed_primary_task_function_edge"
"occ_23_1011_00","task_occ_23_1011_00_3777","fn_occ_23_1011_00_matter_preparation","directly_supports","0.4725","0.7189","0.6255","0.6525","0.6123","0.5798","src_role_function_seed_2026_03|src_role_function_expansion_2026_03","0.7101","reviewed_multi_anchor_task_function_edge"
"occ_23_1011_00","task_occ_23_1011_00_3777","fn_occ_23_1011_00_primary","directly_supports","0.5275","0.8651","0.7135","0.7845","0.7827","0.8366","src_role_function_seed_2026_03|src_manual_role_graph_review_2026_03","0.7191","reviewed_primary_task_function_edge"
"occ_23_1011_00","task_occ_23_1011_00_3778","fn_occ_23_1011_00_matter_preparation","directly_supports","0.5379","0.6798","0.6398","0.6006","0.5788","0.5257","src_role_function_seed_2026_03|src_role_function_expansion_2026_03","0.8025","reviewed_multi_anchor_task_function_edge"
"occ_23_1011_00","task_occ_23_1011_00_3778","fn_occ_23_1011_00_primary","directly_supports","0.4621","0.7803","0.7017","0.7326","0.7362","0.7584","src_role_function_seed_2026_03|src_manual_role_graph_review_2026_03","0.8115","reviewed_primary_task_function_edge"
"occ_23_1011_00","task_occ_23_1011_00_3779","fn_occ_23_1011_00_matter_preparation","directly_supports","0.4734","0.7186","0.6332","0.6919","0.5723","0.5699","src_role_function_seed_2026_03|src_role_function_expansion_2026_03","0.7101","reviewed_multi_anchor_task_function_edge"
"occ_23_1011_00","task_occ_23_1011_00_3779","fn_occ_23_1011_00_primary","directly_supports","0.5266","0.8642","0.7208","0.8239","0.7427","0.8264","src_role_function_seed_2026_03|src_manual_role_graph_review_2026_03","0.7191","reviewed_primary_task_function_edge"
"occ_23_1011_00","task_occ_23_1011_00_3780","fn_occ_23_1011_00_matter_preparation","directly_supports","0.4660","0.6149","0.5842","0.5709","0.5716","0.5084","src_role_function_seed_2026_03|src_role_function_expansion_2026_03","0.8237","reviewed_multi_anchor_task_function_edge"
"occ_23_1011_00","task_occ_23_1011_00_3780","fn_occ_23_1011_00_primary","directly_supports","0.5340","0.7658","0.6748","0.7029","0.7434","0.7677","src_role_function_seed_2026_03|src_manual_role_graph_review_2026_03","0.8327","reviewed_primary_task_function_edge"
"occ_23_1011_00","task_occ_23_1011_00_3781","fn_occ_23_1011_00_matter_preparation","directly_supports","0.4701","0.7058","0.5950","0.6803","0.5720","0.5681","src_role_function_seed_2026_03|src_role_function_expansion_2026_03","0.6881","reviewed_multi_anchor_task_function_edge"
"occ_23_1011_00","task_occ_23_1011_00_3781","fn_occ_23_1011_00_primary","directly_supports","0.5299","0.8538","0.6840","0.8123","0.7430","0.8259","src_role_function_seed_2026_03|src_manual_role_graph_review_2026_03","0.6971","reviewed_primary_task_function_edge"
"occ_23_1011_00","task_occ_23_1011_00_3782","fn_occ_23_1011_00_matter_preparation","directly_supports","0.4721","0.7112","0.6204","0.6850","0.5722","0.5689","src_role_function_seed_2026_03|src_role_function_expansion_2026_03","0.6881","reviewed_multi_anchor_task_function_edge"
"occ_23_1011_00","task_occ_23_1011_00_3782","fn_occ_23_1011_00_primary","directly_supports","0.5279","0.8577","0.7086","0.8170","0.7428","0.8260","src_role_function_seed_2026_03|src_manual_role_graph_review_2026_03","0.6971","reviewed_primary_task_function_edge"
"occ_23_1011_00","task_occ_23_1011_00_3783","fn_occ_23_1011_00_matter_preparation","directly_supports","0.5449","0.6758","0.6412","0.5941","0.5795","0.5263","src_role_function_seed_2026_03|src_role_function_expansion_2026_03","0.8025","reviewed_multi_anchor_task_function_edge"
"occ_23_1011_00","task_occ_23_1011_00_3783","fn_occ_23_1011_00_primary","directly_supports","0.4551","0.7714","0.7003","0.7261","0.7355","0.7564","src_role_function_seed_2026_03|src_manual_role_graph_review_2026_03","0.8115","reviewed_primary_task_function_edge"
"occ_23_1011_00","task_occ_23_1011_00_3785","fn_occ_23_1011_00_matter_preparation","delivers","0.9800","0.7107","0.6845","0.5267","0.6230","0.5951","src_role_function_seed_2026_03|src_role_function_expansion_2026_03","0.6881","reviewed_multi_anchor_task_function_edge"
"occ_23_1011_00","task_occ_23_1011_00_3786","fn_occ_23_1011_00_matter_preparation","directly_supports","0.4723","0.7163","0.6042","0.7100","0.5722","0.5695","src_role_function_seed_2026_03|src_role_function_expansion_2026_03","0.8006","reviewed_multi_anchor_task_function_edge"
"occ_23_1011_00","task_occ_23_1011_00_3786","fn_occ_23_1011_00_primary","directly_supports","0.5277","0.8627","0.6923","0.8420","0.7428","0.8264","src_role_function_seed_2026_03|src_manual_role_graph_review_2026_03","0.8096","reviewed_primary_task_function_edge"
"occ_23_1011_00","task_occ_23_1011_00_3787","fn_occ_23_1011_00_matter_preparation","directly_supports","0.4698","0.6519","0.6137","0.5965","0.5720","0.5127","src_role_function_seed_2026_03|src_role_function_expansion_2026_03","0.8083","reviewed_multi_anchor_task_function_edge"
"occ_23_1011_00","task_occ_23_1011_00_3787","fn_occ_23_1011_00_primary","directly_supports","0.5302","0.8001","0.7028","0.7285","0.7430","0.7705","src_role_function_seed_2026_03|src_manual_role_graph_review_2026_03","0.8173","reviewed_primary_task_function_edge"
"occ_23_1011_00","task_occ_23_1011_00_3788","fn_occ_23_1011_00_matter_preparation","supports","0.5592","0.6565","0.6128","0.5698","0.5809","0.5265","src_role_function_seed_2026_03|src_role_function_expansion_2026_03","0.8025","reviewed_multi_anchor_task_function_edge"
"occ_23_1011_00","task_occ_23_1011_00_3788","fn_occ_23_1011_00_primary","supports","0.4408","0.7421","0.6662","0.7018","0.7341","0.7513","src_role_function_seed_2026_03|src_manual_role_graph_review_2026_03","0.8115","reviewed_primary_task_function_edge"
"occ_23_1011_00","task_occ_23_1011_00_3789","fn_occ_23_1011_00_matter_preparation","directly_supports","0.4868","0.7553","0.6659","0.6739","0.6537","0.6256","src_role_function_seed_2026_03|src_role_function_expansion_2026_03","0.7756","reviewed_multi_anchor_task_function_edge"
"occ_23_1011_00","task_occ_23_1011_00_3789","fn_occ_23_1011_00_primary","directly_supports","0.5132","0.8915","0.7481","0.8059","0.8213","0.8771","src_role_function_seed_2026_03|src_manual_role_graph_review_2026_03","0.7846","reviewed_primary_task_function_edge"
"occ_23_1011_00","task_occ_23_1011_00_3790","fn_occ_23_1011_00_matter_preparation","supports","0.4273","0.4897","0.5352","0.5192","0.5677","0.4901","src_role_function_seed_2026_03|src_role_function_expansion_2026_03","0.7756","reviewed_multi_anchor_task_function_edge"
"occ_23_1011_00","task_occ_23_1011_00_3790","fn_occ_23_1011_00_primary","supports","0.5727","0.6676","0.6413","0.6512","0.7473","0.7637","src_role_function_seed_2026_03|src_manual_role_graph_review_2026_03","0.7846","reviewed_primary_task_function_edge"
"occ_23_1011_00","task_occ_23_1011_00_3791","fn_occ_23_1011_00_matter_preparation","directly_supports","0.4631","0.6777","0.5836","0.6746","0.5713","0.5642","src_role_function_seed_2026_03|src_role_function_expansion_2026_03","0.7786","reviewed_multi_anchor_task_function_edge"
"occ_23_1011_00","task_occ_23_1011_00_3791","fn_occ_23_1011_00_primary","directly_supports","0.5369","0.8305","0.6754","0.8066","0.7437","0.8246","src_role_function_seed_2026_03|src_manual_role_graph_review_2026_03","0.7876","reviewed_primary_task_function_edge"
"occ_23_1011_00","task_occ_23_1011_00_3792","fn_occ_23_1011_00_matter_preparation","directly_supports","0.4718","0.7089","0.6204","0.6828","0.5722","0.5687","src_role_function_seed_2026_03|src_role_function_expansion_2026_03","0.6881","reviewed_multi_anchor_task_function_edge"
"occ_23_1011_00","task_occ_23_1011_00_3792","fn_occ_23_1011_00_primary","directly_supports","0.5282","0.8556","0.7086","0.8148","0.7428","0.8258","src_role_function_seed_2026_03|src_manual_role_graph_review_2026_03","0.6971","reviewed_primary_task_function_edge"
"occ_23_1011_00","task_occ_23_1011_00_3793","fn_occ_23_1011_00_matter_preparation","directly_supports","0.4696","0.7092","0.6249","0.6338","0.6520","0.6184","src_role_function_seed_2026_03|src_role_function_expansion_2026_03","0.7536","reviewed_multi_anchor_task_function_edge"
"occ_23_1011_00","task_occ_23_1011_00_3793","fn_occ_23_1011_00_primary","directly_supports","0.5304","0.8574","0.7141","0.7658","0.8230","0.8763","src_role_function_seed_2026_03|src_manual_role_graph_review_2026_03","0.7626","reviewed_primary_task_function_edge"
"occ_23_1011_00","task_occ_23_1011_00_jd_law_01","fn_occ_23_1011_00_matter_preparation","directly_supports","0.4930","0.7397","0.7234","0.6662","0.6143","0.5849","src_role_function_seed_2026_03|src_role_function_expansion_2026_03","0.7101","reviewed_multi_anchor_task_function_edge"
"occ_23_1011_00","task_occ_23_1011_00_jd_law_01","fn_occ_23_1011_00_primary","directly_supports","0.5070","0.8716","0.8031","0.7982","0.7807","0.8342","src_role_function_seed_2026_03|src_manual_role_graph_review_2026_03","0.7191","reviewed_primary_task_function_edge"
"occ_23_1011_00","task_occ_23_1011_00_jd_law_02","fn_occ_23_1011_00_matter_preparation","directly_supports","0.4858","0.7549","0.6657","0.6739","0.6536","0.6254","src_role_function_seed_2026_03|src_role_function_expansion_2026_03","0.7756","reviewed_multi_anchor_task_function_edge"
"occ_23_1011_00","task_occ_23_1011_00_jd_law_02","fn_occ_23_1011_00_primary","directly_supports","0.5142","0.8919","0.7483","0.8059","0.8214","0.8773","src_role_function_seed_2026_03|src_manual_role_graph_review_2026_03","0.7846","reviewed_primary_task_function_edge"
"occ_23_1011_00","task_occ_23_1011_00_jd_law_03","fn_occ_23_1011_00_matter_preparation","directly_supports","0.5516","0.6924","0.6351","0.5983","0.6602","0.5590","src_role_function_seed_2026_03|src_role_function_expansion_2026_03","0.8141","reviewed_multi_anchor_task_function_edge"
"occ_23_1011_00","task_occ_23_1011_00_jd_law_03","fn_occ_23_1011_00_primary","directly_supports","0.4484","0.7833","0.6914","0.7303","0.8148","0.7866","src_role_function_seed_2026_03|src_manual_role_graph_review_2026_03","0.8231","reviewed_primary_task_function_edge"
"occ_23_1011_00","task_occ_23_1011_00_jd_law_04","fn_occ_23_1011_00_matter_preparation","directly_supports","0.4902","0.7351","0.7290","0.6625","0.6140","0.5840","src_role_function_seed_2026_03|src_role_function_expansion_2026_03","0.7101","reviewed_multi_anchor_task_function_edge"
"occ_23_1011_00","task_occ_23_1011_00_jd_law_04","fn_occ_23_1011_00_primary","directly_supports","0.5098","0.8689","0.8100","0.7945","0.7810","0.8344","src_role_function_seed_2026_03|src_manual_role_graph_review_2026_03","0.7191","reviewed_primary_task_function_edge"
"occ_23_2011_00","task_occ_23_2011_00_1636","fn_occ_23_2011_00_matter_coordination","directly_supports","0.4705","0.6269","0.5655","0.6052","0.5720","0.4323","src_role_function_seed_2026_03|src_role_function_expansion_2026_03","0.6186","reviewed_multi_anchor_task_function_edge"
"occ_23_2011_00","task_occ_23_2011_00_1636","fn_occ_23_2011_00_primary","directly_supports","0.5295","0.6736","0.5883","0.6292","0.6080","0.4978","src_role_function_seed_2026_03|src_manual_role_graph_review_2026_03","0.6276","reviewed_primary_task_function_edge"
"occ_23_2011_00","task_occ_23_2011_00_1638","fn_occ_23_2011_00_matter_coordination","supports","0.6170","0.6431","0.5384","0.5601","0.6667","0.4859","src_role_function_seed_2026_03|src_role_function_expansion_2026_03","0.6782","reviewed_multi_anchor_task_function_edge"
"occ_23_2011_00","task_occ_23_2011_00_1638","fn_occ_23_2011_00_primary","supports","0.3830","0.5872","0.5026","0.5841","0.6733","0.4972","src_role_function_seed_2026_03|src_manual_role_graph_review_2026_03","0.6872","reviewed_primary_task_function_edge"
"occ_23_2011_00","task_occ_23_2011_00_1639","fn_occ_23_2011_00_matter_coordination","supports","0.5540","0.6374","0.5867","0.5865","0.5804","0.4458","src_role_function_seed_2026_03|src_role_function_expansion_2026_03","0.6774","reviewed_multi_anchor_task_function_edge"
"occ_23_2011_00","task_occ_23_2011_00_1639","fn_occ_23_2011_00_primary","supports","0.4460","0.6256","0.5761","0.6105","0.5996","0.4805","src_role_function_seed_2026_03|src_manual_role_graph_review_2026_03","0.6864","reviewed_primary_task_function_edge"
"occ_23_2011_00","task_occ_23_2011_00_1641","fn_occ_23_2011_00_matter_coordination","delivers","0.9800","0.6131","0.5810","0.4831","0.6530","0.5073","src_role_function_seed_2026_03|src_role_function_expansion_2026_03","0.6862","reviewed_multi_anchor_task_function_edge"
"occ_23_2011_00","task_occ_23_2011_00_1642","fn_occ_23_2011_00_matter_coordination","supports","0.4656","0.6419","0.6490","0.6119","0.6116","0.4930","src_role_function_seed_2026_03|src_role_function_expansion_2026_03","0.6587","reviewed_multi_anchor_task_function_edge"
"occ_23_2011_00","task_occ_23_2011_00_1642","fn_occ_23_2011_00_primary","supports","0.5344","0.6920","0.6738","0.6359","0.6484","0.5604","src_role_function_seed_2026_03|src_manual_role_graph_review_2026_03","0.6677","reviewed_primary_task_function_edge"
"occ_23_2011_00","task_occ_23_2011_00_18491","fn_occ_23_2011_00_matter_coordination","directly_supports","0.5600","0.5346","0.5334","0.5516","0.6110","0.4365","src_role_function_seed_2026_03|src_role_function_expansion_2026_03","0.7379","reviewed_multi_anchor_task_function_edge"
"occ_23_2011_00","task_occ_23_2011_00_18491","fn_occ_23_2011_00_primary","directly_supports","0.4400","0.5186","0.5204","0.5756","0.6290","0.4689","src_role_function_seed_2026_03|src_manual_role_graph_review_2026_03","0.7469","reviewed_primary_task_function_edge"
"occ_23_2011_00","task_occ_23_2011_00_18492","fn_occ_23_2011_00_matter_coordination","directly_supports","0.4609","0.5385","0.5499","0.5702","0.5711","0.4220","src_role_function_seed_2026_03|src_role_function_expansion_2026_03","0.6494","reviewed_multi_anchor_task_function_edge"
"occ_23_2011_00","task_occ_23_2011_00_18492","fn_occ_23_2011_00_primary","directly_supports","0.5391","0.5919","0.5765","0.5942","0.6089","0.4911","src_role_function_seed_2026_03|src_manual_role_graph_review_2026_03","0.6583","reviewed_primary_task_function_edge"
"occ_23_2011_00","task_occ_23_2011_00_18493","fn_occ_23_2011_00_matter_coordination","directly_supports","0.4847","0.7080","0.6228","0.7114","0.5735","0.4925","src_role_function_seed_2026_03|src_role_function_expansion_2026_03","0.6912","reviewed_multi_anchor_task_function_edge"
"occ_23_2011_00","task_occ_23_2011_00_18493","fn_occ_23_2011_00_primary","directly_supports","0.5153","0.7447","0.6400","0.7354","0.6065","0.5528","src_role_function_seed_2026_03|src_manual_role_graph_review_2026_03","0.7002","reviewed_primary_task_function_edge"
"occ_23_2011_00","task_occ_23_2011_00_18494","fn_occ_23_2011_00_matter_coordination","directly_supports","0.4808","0.7168","0.6339","0.6715","0.6531","0.5428","src_role_function_seed_2026_03|src_role_function_expansion_2026_03","0.6373","reviewed_multi_anchor_task_function_edge"
"occ_23_2011_00","task_occ_23_2011_00_18494","fn_occ_23_2011_00_primary","directly_supports","0.5192","0.7563","0.6526","0.6955","0.6869","0.6045","src_role_function_seed_2026_03|src_manual_role_graph_review_2026_03","0.6462","reviewed_primary_task_function_edge"
"occ_23_2011_00","task_occ_23_2011_00_18496","fn_occ_23_2011_00_matter_coordination","supports","0.5767","0.6475","0.5303","0.5787","0.6627","0.4803","src_role_function_seed_2026_03|src_role_function_expansion_2026_03","0.6832","reviewed_multi_anchor_task_function_edge"
"occ_23_2011_00","task_occ_23_2011_00_18496","fn_occ_23_2011_00_primary","supports","0.4233","0.6198","0.5107","0.6027","0.6773","0.5065","src_role_function_seed_2026_03|src_manual_role_graph_review_2026_03","0.6922","reviewed_primary_task_function_edge"
"occ_23_2011_00","task_occ_23_2011_00_21062","fn_occ_23_2011_00_matter_coordination","directly_supports","0.4703","0.6264","0.5654","0.6048","0.5720","0.4322","src_role_function_seed_2026_03|src_role_function_expansion_2026_03","0.5988","reviewed_multi_anchor_task_function_edge"
"occ_23_2011_00","task_occ_23_2011_00_21062","fn_occ_23_2011_00_primary","directly_supports","0.5297","0.6732","0.5883","0.6288","0.6080","0.4978","src_role_function_seed_2026_03|src_manual_role_graph_review_2026_03","0.6078","reviewed_primary_task_function_edge"
"occ_23_2011_00","task_occ_23_2011_00_23994","fn_occ_23_2011_00_matter_coordination","directly_supports","0.5603","0.5340","0.5334","0.5509","0.6110","0.4364","src_role_function_seed_2026_03|src_role_function_expansion_2026_03","0.7379","reviewed_multi_anchor_task_function_edge"
"occ_23_2011_00","task_occ_23_2011_00_23994","fn_occ_23_2011_00_primary","directly_supports","0.4397","0.5178","0.5203","0.5749","0.6290","0.4687","src_role_function_seed_2026_03|src_manual_role_graph_review_2026_03","0.7469","reviewed_primary_task_function_edge"
"occ_23_2011_00","task_occ_23_2011_00_jd_para_01","fn_occ_23_2011_00_matter_coordination","supports","0.4468","0.4915","0.4998","0.5481","0.5697","0.4152","src_role_function_seed_2026_03|src_role_function_expansion_2026_03","0.7756","reviewed_multi_anchor_task_function_edge"
"occ_23_2011_00","task_occ_23_2011_00_jd_para_01","fn_occ_23_2011_00_primary","supports","0.5532","0.5547","0.5321","0.5721","0.6103","0.4894","src_role_function_seed_2026_03|src_manual_role_graph_review_2026_03","0.7846","reviewed_primary_task_function_edge"
"occ_23_2011_00","task_occ_23_2011_00_jd_para_02","fn_occ_23_2011_00_matter_coordination","supports","0.5757","0.5287","0.5183","0.5402","0.6126","0.4382","src_role_function_seed_2026_03|src_role_function_expansion_2026_03","0.8468","reviewed_multi_anchor_task_function_edge"
"occ_23_2011_00","task_occ_23_2011_00_jd_para_02","fn_occ_23_2011_00_primary","supports","0.4243","0.5017","0.4990","0.5642","0.6274","0.4648","src_role_function_seed_2026_03|src_manual_role_graph_review_2026_03","0.8558","reviewed_primary_task_function_edge"
"occ_23_2011_00","task_occ_23_2011_00_jd_para_03","fn_occ_23_2011_00_matter_coordination","directly_supports","0.4537","0.5315","0.4939","0.5657","0.5704","0.4202","src_role_function_seed_2026_03|src_role_function_expansion_2026_03","0.7756","reviewed_multi_anchor_task_function_edge"
"occ_23_2011_00","task_occ_23_2011_00_jd_para_03","fn_occ_23_2011_00_primary","directly_supports","0.5463","0.5899","0.5235","0.5897","0.6096","0.4919","src_role_function_seed_2026_03|src_manual_role_graph_review_2026_03","0.7846","reviewed_primary_task_function_edge"
"occ_23_2011_00","task_occ_23_2011_00_jd_para_04","fn_occ_23_2011_00_matter_coordination","directly_supports","0.5386","0.6565","0.5927","0.6110","0.5789","0.4454","src_role_function_seed_2026_03|src_role_function_expansion_2026_03","0.8083","reviewed_multi_anchor_task_function_edge"
"occ_23_2011_00","task_occ_23_2011_00_jd_para_04","fn_occ_23_2011_00_primary","directly_supports","0.4614","0.6555","0.5883","0.6350","0.6011","0.4858","src_role_function_seed_2026_03|src_manual_role_graph_review_2026_03","0.8173","reviewed_primary_task_function_edge"
"occ_23_2011_00","task_occ_23_2011_00_jd_para2_01","fn_occ_23_2011_00_matter_coordination","directly_supports","0.4678","0.6225","0.5286","0.6017","0.5718","0.4314","src_role_function_seed_2026_03|src_role_function_expansion_2026_03","0.7101","reviewed_multi_anchor_task_function_edge"
"occ_23_2011_00","task_occ_23_2011_00_jd_para2_01","fn_occ_23_2011_00_primary","directly_supports","0.5322","0.6710","0.5524","0.6257","0.6082","0.4979","src_role_function_seed_2026_03|src_manual_role_graph_review_2026_03","0.7191","reviewed_primary_task_function_edge"
"occ_23_2011_00","task_occ_23_2011_00_jd_para2_02","fn_occ_23_2011_00_matter_coordination","directly_supports","0.4756","0.6960","0.6210","0.7025","0.5726","0.4899","src_role_function_seed_2026_03|src_role_function_expansion_2026_03","0.8025","reviewed_multi_anchor_task_function_edge"
"occ_23_2011_00","task_occ_23_2011_00_jd_para2_02","fn_occ_23_2011_00_primary","directly_supports","0.5244","0.7390","0.6418","0.7265","0.6074","0.5536","src_role_function_seed_2026_03|src_manual_role_graph_review_2026_03","0.8115","reviewed_primary_task_function_edge"
"occ_23_2011_00","task_occ_23_2011_00_jd_para2_03","fn_occ_23_2011_00_matter_coordination","directly_supports","0.5500","0.6721","0.5795","0.6126","0.6600","0.4787","src_role_function_seed_2026_03|src_role_function_expansion_2026_03","0.8141","reviewed_multi_anchor_task_function_edge"
"occ_23_2011_00","task_occ_23_2011_00_jd_para2_03","fn_occ_23_2011_00_primary","directly_supports","0.4500","0.6631","0.5705","0.6366","0.6800","0.5148","src_role_function_seed_2026_03|src_manual_role_graph_review_2026_03","0.8231","reviewed_primary_task_function_edge"
"occ_23_2011_00","task_occ_23_2011_00_jd_para2_04","fn_occ_23_2011_00_matter_coordination","directly_supports","0.4787","0.6964","0.6517","0.6618","0.6129","0.5004","src_role_function_seed_2026_03|src_role_function_expansion_2026_03","0.8045","reviewed_multi_anchor_task_function_edge"
"occ_23_2011_00","task_occ_23_2011_00_jd_para2_04","fn_occ_23_2011_00_primary","directly_supports","0.5213","0.7373","0.6712","0.6858","0.6471","0.5629","src_role_function_seed_2026_03|src_manual_role_graph_review_2026_03","0.8135","reviewed_primary_task_function_edge"
"occ_23_2011_00","task_occ_23_2011_00_manual_para_01","fn_occ_23_2011_00_matter_coordination","supports","0.5768","0.5298","0.5094","0.5410","0.6127","0.4385","src_role_function_seed_2026_03|src_role_function_expansion_2026_03","0.8468","reviewed_multi_anchor_task_function_edge"
"occ_23_2011_00","task_occ_23_2011_00_manual_para_01","fn_occ_23_2011_00_primary","supports","0.4232","0.5021","0.4897","0.5650","0.6273","0.4647","src_role_function_seed_2026_03|src_manual_role_graph_review_2026_03","0.8558","reviewed_primary_task_function_edge"
"occ_23_2011_00","task_occ_23_2011_00_manual_para_02","fn_occ_23_2011_00_matter_coordination","directly_supports","0.4613","0.5358","0.5682","0.5673","0.5711","0.4218","src_role_function_seed_2026_03|src_role_function_expansion_2026_03","0.7756","reviewed_multi_anchor_task_function_edge"
"occ_23_2011_00","task_occ_23_2011_00_manual_para_02","fn_occ_23_2011_00_primary","directly_supports","0.5387","0.5889","0.5947","0.5913","0.6089","0.4907","src_role_function_seed_2026_03|src_manual_role_graph_review_2026_03","0.7846","reviewed_primary_task_function_edge"
"occ_23_2011_00","task_occ_23_2011_00_manual_para_03","fn_occ_23_2011_00_matter_coordination","supports","0.4449","0.4876","0.4994","0.5449","0.5695","0.4145","src_role_function_seed_2026_03|src_role_function_expansion_2026_03","0.7756","reviewed_multi_anchor_task_function_edge"
"occ_23_2011_00","task_occ_23_2011_00_manual_para_03","fn_occ_23_2011_00_primary","supports","0.5551","0.5522","0.5325","0.5689","0.6105","0.4895","src_role_function_seed_2026_03|src_manual_role_graph_review_2026_03","0.7846","reviewed_primary_task_function_edge"
"occ_23_2011_00","task_occ_23_2011_00_manual_para_04","fn_occ_23_2011_00_matter_coordination","supports","0.5653","0.6494","0.5826","0.5845","0.6615","0.4787","src_role_function_seed_2026_03|src_role_function_expansion_2026_03","0.7921","reviewed_multi_anchor_task_function_edge"
"occ_23_2011_00","task_occ_23_2011_00_manual_para_04","fn_occ_23_2011_00_primary","supports","0.4347","0.6297","0.5675","0.6085","0.6785","0.5092","src_role_function_seed_2026_03|src_manual_role_graph_review_2026_03","0.8011","reviewed_primary_task_function_edge"
"occ_27_1024_00","task_occ_27_1024_00_15228","fn_occ_27_1024_00_primary","delivers","0.9800","0.6063","0.5260","0.4763","0.2630","0.4806","src_role_function_seed_2026_03","0.6388","reviewed_primary_task_function_edge"
"occ_27_1024_00","task_occ_27_1024_00_15229","fn_occ_27_1024_00_primary","delivers","0.9800","0.6844","0.5903","0.5044","0.2630","0.4884","src_role_function_seed_2026_03","0.6589","reviewed_primary_task_function_edge"
"occ_27_1024_00","task_occ_27_1024_00_23970","fn_occ_27_1024_00_primary","delivers","0.9800","0.6074","0.5260","0.4774","0.2630","0.4807","src_role_function_seed_2026_03","0.6537","reviewed_primary_task_function_edge"
"occ_27_1024_00","task_occ_27_1024_00_23971","fn_occ_27_1024_00_primary","delivers","0.9800","0.7113","0.5903","0.5313","0.2630","0.4911","src_role_function_seed_2026_03","0.6589","reviewed_primary_task_function_edge"
"occ_27_1024_00","task_occ_27_1024_00_23972","fn_occ_27_1024_00_primary","delivers","0.9800","0.7149","0.5760","0.5649","0.2630","0.5415","src_role_function_seed_2026_03","0.6402","reviewed_primary_task_function_edge"
"occ_27_1024_00","task_occ_27_1024_00_299","fn_occ_27_1024_00_primary","delivers","0.9800","0.6142","0.5260","0.4842","0.2630","0.4814","src_role_function_seed_2026_03","0.6834","reviewed_primary_task_function_edge"
"occ_27_1024_00","task_occ_27_1024_00_300","fn_occ_27_1024_00_primary","delivers","0.9800","0.6157","0.5831","0.4857","0.2630","0.4816","src_role_function_seed_2026_03","0.6388","reviewed_primary_task_function_edge"
"occ_27_1024_00","task_occ_27_1024_00_301","fn_occ_27_1024_00_primary","delivers","0.9800","0.6135","0.5260","0.4835","0.2630","0.4814","src_role_function_seed_2026_03","0.6388","reviewed_primary_task_function_edge"
"occ_27_1024_00","task_occ_27_1024_00_302","fn_occ_27_1024_00_primary","delivers","0.9800","0.5885","0.5260","0.4585","0.2630","0.4789","src_role_function_seed_2026_03","0.6537","reviewed_primary_task_function_edge"
"occ_27_1024_00","task_occ_27_1024_00_303","fn_occ_27_1024_00_primary","delivers","0.9800","0.6078","0.5260","0.4778","0.2630","0.4808","src_role_function_seed_2026_03","0.6388","reviewed_primary_task_function_edge"
"occ_27_1024_00","task_occ_27_1024_00_304","fn_occ_27_1024_00_primary","delivers","0.9800","0.7555","0.6274","0.5655","0.3430","0.5256","src_role_function_seed_2026_03","0.6416","reviewed_primary_task_function_edge"
"occ_27_1024_00","task_occ_27_1024_00_305","fn_occ_27_1024_00_primary","delivers","0.9800","0.7613","0.5760","0.6113","0.2630","0.5461","src_role_function_seed_2026_03","0.6622","reviewed_primary_task_function_edge"
"occ_27_1024_00","task_occ_27_1024_00_306","fn_occ_27_1024_00_primary","delivers","0.9800","0.6150","0.5831","0.4850","0.2630","0.4815","src_role_function_seed_2026_03","0.6660","reviewed_primary_task_function_edge"
"occ_27_1024_00","task_occ_27_1024_00_307","fn_occ_27_1024_00_primary","delivers","0.9800","0.7812","0.6189","0.6312","0.2630","0.5481","src_role_function_seed_2026_03","0.6622","reviewed_primary_task_function_edge"
"occ_27_1024_00","task_occ_27_1024_00_308","fn_occ_27_1024_00_primary","delivers","0.9800","0.7562","0.5760","0.6062","0.2630","0.5456","src_role_function_seed_2026_03","0.6622","reviewed_primary_task_function_edge"
"occ_27_1024_00","task_occ_27_1024_00_309","fn_occ_27_1024_00_primary","delivers","0.9800","0.7708","0.6189","0.6208","0.2630","0.5471","src_role_function_seed_2026_03","0.6473","reviewed_primary_task_function_edge"
"occ_27_1024_00","task_occ_27_1024_00_310","fn_occ_27_1024_00_primary","delivers","0.9800","0.6049","0.5260","0.4749","0.2630","0.4805","src_role_function_seed_2026_03","0.6537","reviewed_primary_task_function_edge"
"occ_27_1024_00","task_occ_27_1024_00_312","fn_occ_27_1024_00_primary","delivers","0.9800","0.7307","0.5760","0.5807","0.2630","0.5431","src_role_function_seed_2026_03","0.6402","reviewed_primary_task_function_edge"
"occ_27_1024_00","task_occ_27_1024_00_313","fn_occ_27_1024_00_primary","delivers","0.9800","0.5684","0.5260","0.4384","0.2630","0.4768","src_role_function_seed_2026_03","0.6388","reviewed_primary_task_function_edge"
"occ_27_1024_00","task_occ_27_1024_00_jd_gd_01","fn_occ_27_1024_00_primary","delivers","0.9800","0.6025","0.5546","0.4725","0.2630","0.4803","src_role_function_seed_2026_03","0.7774","reviewed_primary_task_function_edge"
"occ_27_1024_00","task_occ_27_1024_00_jd_gd_02","fn_occ_27_1024_00_primary","delivers","0.9800","0.8197","0.6489","0.6197","0.3430","0.6020","src_role_function_seed_2026_03","0.7447","reviewed_primary_task_function_edge"
"occ_27_1024_00","task_occ_27_1024_00_jd_gd_03","fn_occ_27_1024_00_primary","delivers","0.9800","0.5787","0.5689","0.4687","0.2930","0.4779","src_role_function_seed_2026_03","0.7428","reviewed_primary_task_function_edge"
"occ_27_1024_00","task_occ_27_1024_00_jd_gd_04","fn_occ_27_1024_00_primary","delivers","0.9800","0.7199","0.6260","0.5399","0.2630","0.4920","src_role_function_seed_2026_03","0.7466","reviewed_primary_task_function_edge"
"occ_27_3023_00","task_occ_27_3023_00_22623","fn_occ_27_3023_00_primary","directly_supports","0.5311","0.5702","0.5907","0.6523","0.3231","0.5527","src_role_function_seed_2026_03|src_manual_role_graph_review_2026_03","0.7232","reviewed_primary_task_function_edge"
"occ_27_3023_00","task_occ_27_3023_00_22623","fn_occ_27_3023_00_source_development","directly_supports","0.4689","0.5184","0.5672","0.6403","0.2569","0.4862","src_role_function_seed_2026_03|src_role_function_expansion_2026_03","0.7143","reviewed_multi_anchor_task_function_edge"
"occ_27_3023_00","task_occ_27_3023_00_22624","fn_occ_27_3023_00_broadcast_orchestration","directly_supports","0.5000","0.5868","0.5959","0.6358","0.2300","0.4587","src_role_function_seed_2026_03|src_role_function_expansion_2026_03","0.7181","reviewed_multi_anchor_task_function_edge"
"occ_27_3023_00","task_occ_27_3023_00_22624","fn_occ_27_3023_00_source_development","directly_supports","0.5000","0.6108","0.6179","0.6718","0.2600","0.5001","src_role_function_seed_2026_03|src_role_function_expansion_2026_03","0.7181","reviewed_multi_anchor_task_function_edge"
"occ_27_3023_00","task_occ_27_3023_00_22625","fn_occ_27_3023_00_broadcast_orchestration","directly_supports","0.5602","0.4891","0.5324","0.5870","0.2360","0.4579","src_role_function_seed_2026_03|src_role_function_expansion_2026_03","0.6593","reviewed_multi_anchor_task_function_edge"
"occ_27_3023_00","task_occ_27_3023_00_22625","fn_occ_27_3023_00_primary","directly_supports","0.4398","0.5010","0.5413","0.6350","0.3140","0.5321","src_role_function_seed_2026_03|src_manual_role_graph_review_2026_03","0.6683","reviewed_primary_task_function_edge"
"occ_27_3023_00","task_occ_27_3023_00_22626","fn_occ_27_3023_00_broadcast_orchestration","directly_supports","0.5344","0.5939","0.6205","0.6409","0.2334","0.4646","src_role_function_seed_2026_03|src_role_function_expansion_2026_03","0.7090","reviewed_multi_anchor_task_function_edge"
"occ_27_3023_00","task_occ_27_3023_00_22626","fn_occ_27_3023_00_primary","directly_supports","0.4656","0.6238","0.6398","0.6889","0.3166","0.5482","src_role_function_seed_2026_03|src_manual_role_graph_review_2026_03","0.7180","reviewed_primary_task_function_edge"
"occ_27_3023_00","task_occ_27_3023_00_22627","fn_occ_27_3023_00_primary","directly_supports","0.5361","0.5629","0.5472","0.6433","0.3236","0.5527","src_role_function_seed_2026_03|src_manual_role_graph_review_2026_03","0.7232","reviewed_primary_task_function_edge"
"occ_27_3023_00","task_occ_27_3023_00_22627","fn_occ_27_3023_00_source_development","directly_supports","0.4639","0.5077","0.5218","0.6313","0.2564","0.4844","src_role_function_seed_2026_03|src_role_function_expansion_2026_03","0.7143","reviewed_multi_anchor_task_function_edge"
"occ_27_3023_00","task_occ_27_3023_00_22628","fn_occ_27_3023_00_primary","directly_supports","0.4667","0.6270","0.6278","0.6817","0.3167","0.5487","src_role_function_seed_2026_03|src_manual_role_graph_review_2026_03","0.7026","reviewed_primary_task_function_edge"
"occ_27_3023_00","task_occ_27_3023_00_22628","fn_occ_27_3023_00_source_development","directly_supports","0.5333","0.6203","0.6301","0.6697","0.2633","0.5060","src_role_function_seed_2026_03|src_role_function_expansion_2026_03","0.6936","reviewed_multi_anchor_task_function_edge"
"occ_27_3023_00","task_occ_27_3023_00_22629","fn_occ_27_3023_00_primary","supports","0.5453","0.5523","0.5491","0.6294","0.3245","0.5530","src_role_function_seed_2026_03|src_manual_role_graph_review_2026_03","0.6960","reviewed_primary_task_function_edge"
"occ_27_3023_00","task_occ_27_3023_00_22629","fn_occ_27_3023_00_source_development","supports","0.4547","0.4906","0.5199","0.6174","0.2555","0.4813","src_role_function_seed_2026_03|src_role_function_expansion_2026_03","0.6870","reviewed_multi_anchor_task_function_edge"
"occ_27_3023_00","task_occ_27_3023_00_22630","fn_occ_27_3023_00_primary","directly_supports","0.4749","0.6353","0.6294","0.6871","0.3175","0.5508","src_role_function_seed_2026_03|src_manual_role_graph_review_2026_03","0.7200","reviewed_primary_task_function_edge"
"occ_27_3023_00","task_occ_27_3023_00_22630","fn_occ_27_3023_00_source_development","directly_supports","0.5251","0.6229","0.6285","0.6751","0.2625","0.5051","src_role_function_seed_2026_03|src_role_function_expansion_2026_03","0.7109","reviewed_multi_anchor_task_function_edge"
"occ_27_3023_00","task_occ_27_3023_00_22631","fn_occ_27_3023_00_broadcast_orchestration","directly_supports","0.5000","0.5868","0.5959","0.6358","0.2300","0.4587","src_role_function_seed_2026_03|src_role_function_expansion_2026_03","0.7082","reviewed_multi_anchor_task_function_edge"
"occ_27_3023_00","task_occ_27_3023_00_22631","fn_occ_27_3023_00_source_development","directly_supports","0.5000","0.6108","0.6179","0.6718","0.2600","0.5001","src_role_function_seed_2026_03|src_role_function_expansion_2026_03","0.7082","reviewed_multi_anchor_task_function_edge"
"occ_27_3023_00","task_occ_27_3023_00_22632","fn_occ_27_3023_00_broadcast_orchestration","directly_supports","0.5571","0.4703","0.5851","0.5693","0.2657","0.4556","src_role_function_seed_2026_03|src_role_function_expansion_2026_03","0.7208","reviewed_multi_anchor_task_function_edge"
"occ_27_3023_00","task_occ_27_3023_00_22632","fn_occ_27_3023_00_primary","directly_supports","0.4429","0.4843","0.5952","0.6173","0.3443","0.5309","src_role_function_seed_2026_03|src_manual_role_graph_review_2026_03","0.7299","reviewed_primary_task_function_edge"
"occ_27_3023_00","task_occ_27_3023_00_22633","fn_occ_27_3023_00_primary","directly_supports","0.4650","0.6887","0.5952","0.7940","0.3165","0.6046","src_role_function_seed_2026_03|src_manual_role_graph_review_2026_03","0.6963","reviewed_primary_task_function_edge"
"occ_27_3023_00","task_occ_27_3023_00_22633","fn_occ_27_3023_00_source_development","directly_supports","0.5350","0.6833","0.5982","0.7820","0.2635","0.5626","src_role_function_seed_2026_03|src_role_function_expansion_2026_03","0.6873","reviewed_multi_anchor_task_function_edge"
"occ_27_3023_00","task_occ_27_3023_00_22634","fn_occ_27_3023_00_broadcast_orchestration","supports","0.5743","0.4665","0.5441","0.5595","0.2674","0.4578","src_role_function_seed_2026_03|src_role_function_expansion_2026_03","0.7208","reviewed_multi_anchor_task_function_edge"
"occ_27_3023_00","task_occ_27_3023_00_22634","fn_occ_27_3023_00_primary","supports","0.4257","0.4685","0.5474","0.6075","0.3426","0.5267","src_role_function_seed_2026_03|src_manual_role_graph_review_2026_03","0.7299","reviewed_primary_task_function_edge"
"occ_27_3023_00","task_occ_27_3023_00_22635","fn_occ_27_3023_00_primary","supports","0.5471","0.5486","0.5494","0.6251","0.3247","0.5529","src_role_function_seed_2026_03|src_manual_role_graph_review_2026_03","0.6960","reviewed_primary_task_function_edge"
"occ_27_3023_00","task_occ_27_3023_00_22635","fn_occ_27_3023_00_source_development","supports","0.4529","0.4856","0.5196","0.6131","0.2553","0.4805","src_role_function_seed_2026_03|src_role_function_expansion_2026_03","0.6870","reviewed_multi_anchor_task_function_edge"
"occ_27_3023_00","task_occ_27_3023_00_22636","fn_occ_27_3023_00_primary","directly_supports","0.5307","0.6583","0.6761","0.6806","0.4031","0.5914","src_role_function_seed_2026_03|src_manual_role_graph_review_2026_03","0.7392","reviewed_primary_task_function_edge"
"occ_27_3023_00","task_occ_27_3023_00_22636","fn_occ_27_3023_00_source_development","directly_supports","0.4693","0.6068","0.6529","0.6686","0.3369","0.5251","src_role_function_seed_2026_03|src_role_function_expansion_2026_03","0.7302","reviewed_multi_anchor_task_function_edge"
"occ_27_3023_00","task_occ_27_3023_00_22637","fn_occ_27_3023_00_primary","supports","0.5475","0.5480","0.5495","0.6244","0.3247","0.5529","src_role_function_seed_2026_03|src_manual_role_graph_review_2026_03","0.7232","reviewed_primary_task_function_edge"
"occ_27_3023_00","task_occ_27_3023_00_22637","fn_occ_27_3023_00_source_development","supports","0.4525","0.4848","0.5195","0.6124","0.2553","0.4804","src_role_function_seed_2026_03|src_role_function_expansion_2026_03","0.7143","reviewed_multi_anchor_task_function_edge"
"occ_27_3023_00","task_occ_27_3023_00_22638","fn_occ_27_3023_00_primary","directly_supports","0.5300","0.6614","0.6760","0.6839","0.4030","0.5916","src_role_function_seed_2026_03|src_manual_role_graph_review_2026_03","0.7392","reviewed_primary_task_function_edge"
"occ_27_3023_00","task_occ_27_3023_00_22638","fn_occ_27_3023_00_source_development","directly_supports","0.4700","0.6104","0.6530","0.6719","0.3370","0.5255","src_role_function_seed_2026_03|src_role_function_expansion_2026_03","0.7302","reviewed_multi_anchor_task_function_edge"
"occ_27_3023_00","task_occ_27_3023_00_22639","fn_occ_27_3023_00_broadcast_orchestration","supports","0.5926","0.4562","0.5255","0.5428","0.2693","0.4595","src_role_function_seed_2026_03|src_role_function_expansion_2026_03","0.7208","reviewed_multi_anchor_task_function_edge"
"occ_27_3023_00","task_occ_27_3023_00_22639","fn_occ_27_3023_00_primary","supports","0.4074","0.4454","0.5215","0.5908","0.3407","0.5217","src_role_function_seed_2026_03|src_manual_role_graph_review_2026_03","0.7299","reviewed_primary_task_function_edge"
"occ_27_3023_00","task_occ_27_3023_00_22640","fn_occ_27_3023_00_primary","supports","0.5499","0.5438","0.5500","0.6194","0.3250","0.5529","src_role_function_seed_2026_03|src_manual_role_graph_review_2026_03","0.6960","reviewed_primary_task_function_edge"
"occ_27_3023_00","task_occ_27_3023_00_22640","fn_occ_27_3023_00_source_development","supports","0.4501","0.4789","0.5190","0.6074","0.2550","0.4794","src_role_function_seed_2026_03|src_role_function_expansion_2026_03","0.6870","reviewed_multi_anchor_task_function_edge"
"occ_27_3023_00","task_occ_27_3023_00_22641","fn_occ_27_3023_00_broadcast_orchestration","supports","0.5810","0.4648","0.5232","0.5554","0.2681","0.4586","src_role_function_seed_2026_03|src_role_function_expansion_2026_03","0.7208","reviewed_multi_anchor_task_function_edge"
"occ_27_3023_00","task_occ_27_3023_00_22641","fn_occ_27_3023_00_primary","supports","0.4190","0.4621","0.5238","0.6034","0.3419","0.5251","src_role_function_seed_2026_03|src_manual_role_graph_review_2026_03","0.7299","reviewed_primary_task_function_edge"
"occ_27_3023_00","task_occ_27_3023_00_22642","fn_occ_27_3023_00_broadcast_orchestration","supports","0.5962","0.4539","0.5262","0.5392","0.2696","0.4598","src_role_function_seed_2026_03|src_role_function_expansion_2026_03","0.7208","reviewed_multi_anchor_task_function_edge"
"occ_27_3023_00","task_occ_27_3023_00_22642","fn_occ_27_3023_00_primary","supports","0.4038","0.4405","0.5208","0.5872","0.3404","0.5206","src_role_function_seed_2026_03|src_manual_role_graph_review_2026_03","0.7299","reviewed_primary_task_function_edge"
"occ_27_3023_00","task_occ_27_3023_00_22643","fn_occ_27_3023_00_primary","supports","0.5462","0.5499","0.5492","0.6267","0.3246","0.5529","src_role_function_seed_2026_03|src_manual_role_graph_review_2026_03","0.6960","reviewed_primary_task_function_edge"
"occ_27_3023_00","task_occ_27_3023_00_22643","fn_occ_27_3023_00_source_development","supports","0.4538","0.4876","0.5198","0.6147","0.2554","0.4808","src_role_function_seed_2026_03|src_role_function_expansion_2026_03","0.6870","reviewed_multi_anchor_task_function_edge"
"occ_27_3023_00","task_occ_27_3023_00_22644","fn_occ_27_3023_00_primary","supports","0.5521","0.5403","0.5504","0.6151","0.3252","0.5529","src_role_function_seed_2026_03|src_manual_role_graph_review_2026_03","0.6960","reviewed_primary_task_function_edge"
"occ_27_3023_00","task_occ_27_3023_00_22644","fn_occ_27_3023_00_source_development","supports","0.4479","0.4738","0.5186","0.6031","0.2548","0.4786","src_role_function_seed_2026_03|src_role_function_expansion_2026_03","0.6870","reviewed_multi_anchor_task_function_edge"
"occ_27_3023_00","task_occ_27_3023_00_22645","fn_occ_27_3023_00_broadcast_orchestration","supports","0.5728","0.4621","0.5660","0.5556","0.2673","0.4571","src_role_function_seed_2026_03|src_role_function_expansion_2026_03","0.7208","reviewed_multi_anchor_task_function_edge"
"occ_27_3023_00","task_occ_27_3023_00_22645","fn_occ_27_3023_00_primary","supports","0.4272","0.4651","0.5699","0.6036","0.3427","0.5266","src_role_function_seed_2026_03|src_manual_role_graph_review_2026_03","0.7299","reviewed_primary_task_function_edge"
"occ_27_3023_00","task_occ_27_3023_00_22646","fn_occ_27_3023_00_primary","supports","0.5848","0.4877","0.5403","0.5610","0.3085","0.5125","src_role_function_seed_2026_03|src_manual_role_graph_review_2026_03","0.6732","reviewed_primary_task_function_edge"
"occ_27_3023_00","task_occ_27_3023_00_22646","fn_occ_27_3023_00_source_development","supports","0.4152","0.3983","0.4954","0.5490","0.2315","0.4261","src_role_function_seed_2026_03|src_role_function_expansion_2026_03","0.6642","reviewed_multi_anchor_task_function_edge"
"occ_27_3023_00","task_occ_27_3023_00_22647","fn_occ_27_3023_00_primary","supports","0.5533","0.5386","0.5507","0.6129","0.3253","0.5529","src_role_function_seed_2026_03|src_manual_role_graph_review_2026_03","0.6960","reviewed_primary_task_function_edge"
"occ_27_3023_00","task_occ_27_3023_00_22647","fn_occ_27_3023_00_source_development","supports","0.4467","0.4712","0.5183","0.6009","0.2547","0.4781","src_role_function_seed_2026_03|src_role_function_expansion_2026_03","0.6870","reviewed_multi_anchor_task_function_edge"
"occ_27_3023_00","task_occ_27_3023_00_22648","fn_occ_27_3023_00_broadcast_orchestration","supports","0.5577","0.5641","0.6252","0.6029","0.2358","0.4651","src_role_function_seed_2026_03|src_role_function_expansion_2026_03","0.7090","reviewed_multi_anchor_task_function_edge"
"occ_27_3023_00","task_occ_27_3023_00_22648","fn_occ_27_3023_00_primary","supports","0.4423","0.5777","0.6351","0.6509","0.3142","0.5401","src_role_function_seed_2026_03|src_manual_role_graph_review_2026_03","0.7180","reviewed_primary_task_function_edge"
"occ_27_3023_00","task_occ_27_3023_00_22649","fn_occ_27_3023_00_broadcast_orchestration","supports","0.5000","0.5495","0.5070","0.5985","0.2300","0.4549","src_role_function_seed_2026_03|src_role_function_expansion_2026_03","0.7008","reviewed_multi_anchor_task_function_edge"
"occ_27_3023_00","task_occ_27_3023_00_22649","fn_occ_27_3023_00_source_development","supports","0.5000","0.5735","0.5290","0.6345","0.2600","0.4963","src_role_function_seed_2026_03|src_role_function_expansion_2026_03","0.7008","reviewed_multi_anchor_task_function_edge"
"occ_27_3023_00","task_occ_27_3023_00_22650","fn_occ_27_3023_00_primary","supports","0.5413","0.5486","0.5927","0.6272","0.3241","0.5521","src_role_function_seed_2026_03|src_manual_role_graph_review_2026_03","0.7505","reviewed_primary_task_function_edge"
"occ_27_3023_00","task_occ_27_3023_00_22650","fn_occ_27_3023_00_source_development","supports","0.4587","0.4897","0.5652","0.6152","0.2559","0.4818","src_role_function_seed_2026_03|src_role_function_expansion_2026_03","0.7415","reviewed_multi_anchor_task_function_edge"
"occ_27_3023_00","task_occ_27_3023_00_22651","fn_occ_27_3023_00_broadcast_orchestration","supports","0.6072","0.4484","0.5284","0.5298","0.2707","0.4609","src_role_function_seed_2026_03|src_role_function_expansion_2026_03","0.7208","reviewed_multi_anchor_task_function_edge"
"occ_27_3023_00","task_occ_27_3023_00_22651","fn_occ_27_3023_00_primary","supports","0.3928","0.4273","0.5186","0.5778","0.3393","0.5177","src_role_function_seed_2026_03|src_manual_role_graph_review_2026_03","0.7299","reviewed_primary_task_function_edge"
"occ_27_3023_00","task_occ_27_3023_00_22652","fn_occ_27_3023_00_primary","supports","0.5562","0.6347","0.5812","0.6480","0.4056","0.5929","src_role_function_seed_2026_03|src_manual_role_graph_review_2026_03","0.7392","reviewed_primary_task_function_edge"
"occ_27_3023_00","task_occ_27_3023_00_22652","fn_occ_27_3023_00_source_development","supports","0.4438","0.5654","0.5478","0.6360","0.3344","0.5171","src_role_function_seed_2026_03|src_role_function_expansion_2026_03","0.7302","reviewed_multi_anchor_task_function_edge"
"occ_27_3023_00","task_occ_27_3023_00_jd_jr_01","fn_occ_27_3023_00_primary","directly_supports","0.4540","0.6163","0.5919","0.6754","0.3154","0.5457","src_role_function_seed_2026_03|src_manual_role_graph_review_2026_03","0.8115","reviewed_primary_task_function_edge"
"occ_27_3023_00","task_occ_27_3023_00_jd_jr_01","fn_occ_27_3023_00_source_development","directly_supports","0.5460","0.6185","0.5993","0.6634","0.2646","0.5078","src_role_function_seed_2026_03|src_role_function_expansion_2026_03","0.8025","reviewed_multi_anchor_task_function_edge"
"occ_27_3023_00","task_occ_27_3023_00_jd_jr_02","fn_occ_27_3023_00_primary","directly_supports","0.5365","0.5557","0.5695","0.6359","0.3237","0.5520","src_role_function_seed_2026_03|src_manual_role_graph_review_2026_03","0.8346","reviewed_primary_task_function_edge"
"occ_27_3023_00","task_occ_27_3023_00_jd_jr_02","fn_occ_27_3023_00_source_development","directly_supports","0.4635","0.5001","0.5439","0.6239","0.2563","0.4835","src_role_function_seed_2026_03|src_role_function_expansion_2026_03","0.8256","reviewed_multi_anchor_task_function_edge"
"occ_27_3023_00","task_occ_27_3023_00_jd_jr_03","fn_occ_27_3023_00_broadcast_orchestration","directly_supports","0.5000","0.5746","0.5292","0.6236","0.2300","0.4575","src_role_function_seed_2026_03|src_role_function_expansion_2026_03","0.8295","reviewed_multi_anchor_task_function_edge"
"occ_27_3023_00","task_occ_27_3023_00_jd_jr_03","fn_occ_27_3023_00_source_development","directly_supports","0.5000","0.5986","0.5512","0.6596","0.2600","0.4989","src_role_function_seed_2026_03|src_role_function_expansion_2026_03","0.8295","reviewed_multi_anchor_task_function_edge"
"occ_27_3023_00","task_occ_27_3023_00_jd_jr_04","fn_occ_27_3023_00_primary","directly_supports","0.5251","0.7498","0.6806","0.7640","0.4025","0.6697","src_role_function_seed_2026_03|src_manual_role_graph_review_2026_03","0.8057","reviewed_primary_task_function_edge"
"occ_27_3023_00","task_occ_27_3023_00_jd_jr_04","fn_occ_27_3023_00_source_development","directly_supports","0.4749","0.7022","0.6595","0.7520","0.3375","0.6055","src_role_function_seed_2026_03|src_role_function_expansion_2026_03","0.7968","reviewed_multi_anchor_task_function_edge"
"occ_27_3031_00","task_occ_27_3031_00_1764","fn_occ_27_3031_00_primary","directly_supports","0.5345","0.5353","0.4815","0.5602","0.3535","0.4847","src_role_function_seed_2026_03","0.6745","reviewed_primary_task_function_edge"
"occ_27_3031_00","task_occ_27_3031_00_1764","fn_occ_27_3031_00_relationship_protection","directly_supports","0.4655","0.5172","0.5667","0.6442","0.2865","0.4855","src_role_function_seed_2026_03|src_role_function_expansion_2026_03","0.7286","reviewed_multi_anchor_task_function_edge"
"occ_27_3031_00","task_occ_27_3031_00_1765","fn_occ_27_3031_00_primary","directly_supports","0.4556","0.6465","0.4946","0.6991","0.3456","0.5340","src_role_function_seed_2026_03","0.6531","reviewed_primary_task_function_edge"
"occ_27_3031_00","task_occ_27_3031_00_1765","fn_occ_27_3031_00_relationship_protection","directly_supports","0.5444","0.6836","0.6113","0.7831","0.2944","0.5640","src_role_function_seed_2026_03|src_role_function_expansion_2026_03","0.7071","reviewed_multi_anchor_task_function_edge"
"occ_27_3031_00","task_occ_27_3031_00_1767","fn_occ_27_3031_00_primary","supports","0.4405","0.5400","0.4516","0.5478","0.3441","0.4711","src_role_function_seed_2026_03","0.6820","reviewed_primary_task_function_edge"
"occ_27_3031_00","task_occ_27_3031_00_1767","fn_occ_27_3031_00_relationship_protection","supports","0.5595","0.5876","0.5743","0.6318","0.2959","0.5067","src_role_function_seed_2026_03|src_role_function_expansion_2026_03","0.7360","reviewed_multi_anchor_task_function_edge"
"occ_27_3031_00","task_occ_27_3031_00_1768","fn_occ_27_3031_00_primary","directly_supports","0.4472","0.6135","0.4584","0.6490","0.3447","0.5294","src_role_function_seed_2026_03","0.6839","reviewed_primary_task_function_edge"
"occ_27_3031_00","task_occ_27_3031_00_1768","fn_occ_27_3031_00_relationship_protection","directly_supports","0.5528","0.6564","0.5786","0.7330","0.2953","0.5626","src_role_function_seed_2026_03|src_role_function_expansion_2026_03","0.7379","reviewed_multi_anchor_task_function_edge"
"occ_27_3031_00","task_occ_27_3031_00_1769","fn_occ_27_3031_00_primary","directly_supports","0.5410","0.5297","0.4272","0.5524","0.3541","0.4851","src_role_function_seed_2026_03","0.6770","reviewed_primary_task_function_edge"
"occ_27_3031_00","task_occ_27_3031_00_1769","fn_occ_27_3031_00_relationship_protection","directly_supports","0.4590","0.5070","0.5098","0.6364","0.2859","0.4835","src_role_function_seed_2026_03|src_role_function_expansion_2026_03","0.7310","reviewed_multi_anchor_task_function_edge"
"occ_27_3031_00","task_occ_27_3031_00_1770","fn_occ_27_3031_00_primary","directly_supports","0.4763","0.6971","0.5387","0.6724","0.4276","0.5922","src_role_function_seed_2026_03","0.6553","reviewed_primary_task_function_edge"
"occ_27_3031_00","task_occ_27_3031_00_1770","fn_occ_27_3031_00_relationship_protection","directly_supports","0.5237","0.7197","0.6472","0.7564","0.3724","0.6145","src_role_function_seed_2026_03|src_role_function_expansion_2026_03","0.7093","reviewed_multi_anchor_task_function_edge"
"occ_27_3031_00","task_occ_27_3031_00_1771","fn_occ_27_3031_00_primary","supports","0.4396","0.6029","0.4569","0.6411","0.3440","0.5272","src_role_function_seed_2026_03","0.6542","reviewed_primary_task_function_edge"
"occ_27_3031_00","task_occ_27_3031_00_1771","fn_occ_27_3031_00_relationship_protection","supports","0.5604","0.6512","0.5801","0.7251","0.2960","0.5632","src_role_function_seed_2026_03|src_role_function_expansion_2026_03","0.7082","reviewed_multi_anchor_task_function_edge"
"occ_27_3031_00","task_occ_27_3031_00_1772","fn_occ_27_3031_00_primary","directly_supports","0.4526","0.6321","0.4595","0.6657","0.3453","0.5321","src_role_function_seed_2026_03","0.6988","reviewed_primary_task_function_edge"
"occ_27_3031_00","task_occ_27_3031_00_1772","fn_occ_27_3031_00_relationship_protection","directly_supports","0.5474","0.6713","0.5775","0.7497","0.2947","0.5632","src_role_function_seed_2026_03|src_role_function_expansion_2026_03","0.7528","reviewed_multi_anchor_task_function_edge"
"occ_27_3031_00","task_occ_27_3031_00_1773","fn_occ_27_3031_00_primary","supports","0.5613","0.5122","0.4313","0.5277","0.3561","0.4864","src_role_function_seed_2026_03","0.6671","reviewed_primary_task_function_edge"
"occ_27_3031_00","task_occ_27_3031_00_1773","fn_occ_27_3031_00_relationship_protection","supports","0.4387","0.4753","0.5057","0.6117","0.2839","0.4773","src_role_function_seed_2026_03|src_role_function_expansion_2026_03","0.7211","reviewed_multi_anchor_task_function_edge"
"occ_27_3031_00","task_occ_27_3031_00_1774","fn_occ_27_3031_00_primary","supports","0.4069","0.5603","0.4504","0.6098","0.3407","0.5181","src_role_function_seed_2026_03","0.6619","reviewed_primary_task_function_edge"
"occ_27_3031_00","task_occ_27_3031_00_1774","fn_occ_27_3031_00_relationship_protection","supports","0.5931","0.6314","0.5866","0.6938","0.2993","0.5661","src_role_function_seed_2026_03|src_role_function_expansion_2026_03","0.7159","reviewed_multi_anchor_task_function_edge"
"occ_27_3031_00","task_occ_27_3031_00_1775","fn_occ_27_3031_00_primary","directly_supports","0.4468","0.6119","0.4584","0.6475","0.3447","0.5292","src_role_function_seed_2026_03","0.6839","reviewed_primary_task_function_edge"
"occ_27_3031_00","task_occ_27_3031_00_1775","fn_occ_27_3031_00_relationship_protection","directly_supports","0.5532","0.6552","0.5786","0.7315","0.2953","0.5625","src_role_function_seed_2026_03|src_role_function_expansion_2026_03","0.7379","reviewed_multi_anchor_task_function_edge"
"occ_27_3031_00","task_occ_27_3031_00_19809","fn_occ_27_3031_00_primary","supports","0.4326","0.5196","0.4500","0.5302","0.3433","0.4679","src_role_function_seed_2026_03","0.6600","reviewed_primary_task_function_edge"
"occ_27_3031_00","task_occ_27_3031_00_19809","fn_occ_27_3031_00_relationship_protection","supports","0.5674","0.5728","0.5759","0.6142","0.2967","0.5064","src_role_function_seed_2026_03|src_role_function_expansion_2026_03","0.7140","reviewed_multi_anchor_task_function_edge"
"occ_27_3031_00","task_occ_27_3031_00_19810","fn_occ_27_3031_00_primary","delivers","0.9800","0.6296","0.5150","0.4986","0.3980","0.5610","src_role_function_seed_2026_03","0.6550","reviewed_primary_task_function_edge"
"occ_27_3031_00","task_occ_27_3031_00_19811","fn_occ_27_3031_00_primary","supports","0.5563","0.5176","0.4303","0.5349","0.3556","0.4862","src_role_function_seed_2026_03","0.6770","reviewed_primary_task_function_edge"
"occ_27_3031_00","task_occ_27_3031_00_19811","fn_occ_27_3031_00_relationship_protection","supports","0.4437","0.4842","0.5067","0.6189","0.2844","0.4790","src_role_function_seed_2026_03|src_role_function_expansion_2026_03","0.7310","reviewed_multi_anchor_task_function_edge"
"occ_27_3031_00","task_occ_27_3031_00_20554","fn_occ_27_3031_00_primary","directly_supports","0.4647","0.6407","0.5175","0.6700","0.3465","0.5348","src_role_function_seed_2026_03","0.6839","reviewed_primary_task_function_edge"
"occ_27_3031_00","task_occ_27_3031_00_20554","fn_occ_27_3031_00_relationship_protection","directly_supports","0.5353","0.6714","0.6306","0.7540","0.2935","0.5614","src_role_function_seed_2026_03|src_role_function_expansion_2026_03","0.7379","reviewed_multi_anchor_task_function_edge"
"occ_27_3031_00","task_occ_27_3031_00_20555","fn_occ_27_3031_00_primary","directly_supports","0.5352","0.5327","0.4816","0.5574","0.3535","0.4846","src_role_function_seed_2026_03","0.6770","reviewed_primary_task_function_edge"
"occ_27_3031_00","task_occ_27_3031_00_20555","fn_occ_27_3031_00_relationship_protection","directly_supports","0.4648","0.5140","0.5665","0.6414","0.2865","0.4851","src_role_function_seed_2026_03|src_role_function_expansion_2026_03","0.7310","reviewed_multi_anchor_task_function_edge"
"occ_27_3031_00","task_occ_27_3031_00_20557","fn_occ_27_3031_00_primary","supports","0.5620","0.4953","0.4647","0.5306","0.3862","0.4848","src_role_function_seed_2026_03","0.5591","reviewed_primary_task_function_edge"
"occ_27_3031_00","task_occ_27_3031_00_20557","fn_occ_27_3031_00_relationship_protection","supports","0.4380","0.4579","0.5389","0.6146","0.3138","0.4755","src_role_function_seed_2026_03|src_role_function_expansion_2026_03","0.6130","reviewed_multi_anchor_task_function_edge"
"occ_27_3031_00","task_occ_27_3031_00_23951","fn_occ_27_3031_00_primary","supports","0.5640","0.4679","0.3929","0.4925","0.3364","0.4424","src_role_function_seed_2026_03","0.6781","reviewed_primary_task_function_edge"
"occ_27_3031_00","task_occ_27_3031_00_23951","fn_occ_27_3031_00_relationship_protection","supports","0.4360","0.4291","0.4663","0.5765","0.2636","0.4323","src_role_function_seed_2026_03|src_role_function_expansion_2026_03","0.7321","reviewed_multi_anchor_task_function_edge"
"occ_27_3031_00","task_occ_27_3031_00_jd_pr_01","fn_occ_27_3031_00_primary","directly_supports","0.5394","0.5314","0.4380","0.5546","0.3539","0.4850","src_role_function_seed_2026_03","0.7909","reviewed_primary_task_function_edge"
"occ_27_3031_00","task_occ_27_3031_00_jd_pr_01","fn_occ_27_3031_00_relationship_protection","directly_supports","0.4606","0.5099","0.5212","0.6386","0.2861","0.4841","src_role_function_seed_2026_03|src_role_function_expansion_2026_03","0.8449","reviewed_multi_anchor_task_function_edge"
"occ_27_3031_00","task_occ_27_3031_00_jd_pr_02","fn_occ_27_3031_00_primary","directly_supports","0.4695","0.6404","0.5407","0.6680","0.3470","0.5355","src_role_function_seed_2026_03","0.7928","reviewed_primary_task_function_edge"
"occ_27_3031_00","task_occ_27_3031_00_jd_pr_02","fn_occ_27_3031_00_relationship_protection","directly_supports","0.5305","0.6677","0.6519","0.7520","0.2930","0.5603","src_role_function_seed_2026_03|src_role_function_expansion_2026_03","0.8468","reviewed_multi_anchor_task_function_edge"
"occ_27_3031_00","task_occ_27_3031_00_jd_pr_03","fn_occ_27_3031_00_primary","directly_supports","0.5327","0.6345","0.5222","0.6001","0.4333","0.5244","src_role_function_seed_2026_03","0.7447","reviewed_primary_task_function_edge"
"occ_27_3031_00","task_occ_27_3031_00_jd_pr_03","fn_occ_27_3031_00_relationship_protection","directly_supports","0.4673","0.6177","0.6081","0.6841","0.3667","0.5259","src_role_function_seed_2026_03|src_role_function_expansion_2026_03","0.7987","reviewed_multi_anchor_task_function_edge"
"occ_27_3031_00","task_occ_27_3031_00_jd_pr_04","fn_occ_27_3031_00_primary","directly_supports","0.4567","0.5668","0.5103","0.5690","0.3457","0.4762","src_role_function_seed_2026_03","0.7909","reviewed_primary_task_function_edge"
"occ_27_3031_00","task_occ_27_3031_00_jd_pr_04","fn_occ_27_3031_00_relationship_protection","directly_supports","0.5433","0.6031","0.6267","0.6530","0.2943","0.5058","src_role_function_seed_2026_03|src_role_function_expansion_2026_03","0.8449","reviewed_multi_anchor_task_function_edge"
"occ_27_3041_00","task_occ_27_3041_00_1776","fn_occ_27_3041_00_primary","directly_supports","0.5326","0.5317","0.5465","0.5983","0.2783","0.4971","src_role_function_seed_2026_03|src_manual_role_graph_review_2026_03","0.7381","reviewed_primary_task_function_edge"
"occ_27_3041_00","task_occ_27_3041_00_1776","fn_occ_27_3041_00_publication_orchestration","directly_supports","0.4674","0.4729","0.4895","0.5503","0.2117","0.4294","src_role_function_seed_2026_03|src_role_function_expansion_2026_03","0.7291","reviewed_multi_anchor_task_function_edge"
"occ_27_3041_00","task_occ_27_3041_00_1777","fn_occ_27_3041_00_primary","directly_supports","0.5283","0.5352","0.6123","0.6033","0.2778","0.4968","src_role_function_seed_2026_03|src_manual_role_graph_review_2026_03","0.6960","reviewed_primary_task_function_edge"
"occ_27_3041_00","task_occ_27_3041_00_1777","fn_occ_27_3041_00_publication_orchestration","directly_supports","0.4717","0.4794","0.5570","0.5553","0.2122","0.4307","src_role_function_seed_2026_03|src_role_function_expansion_2026_03","0.6870","reviewed_multi_anchor_task_function_edge"
"occ_27_3041_00","task_occ_27_3041_00_1778","fn_occ_27_3041_00_primary","supports","0.5449","0.5076","0.5490","0.5699","0.2795","0.4965","src_role_function_seed_2026_03|src_manual_role_graph_review_2026_03","0.6740","reviewed_primary_task_function_edge"
"occ_27_3041_00","task_occ_27_3041_00_1778","fn_occ_27_3041_00_publication_orchestration","supports","0.4551","0.4402","0.4870","0.5219","0.2105","0.4243","src_role_function_seed_2026_03|src_role_function_expansion_2026_03","0.6650","reviewed_multi_anchor_task_function_edge"
"occ_27_3041_00","task_occ_27_3041_00_1779","fn_occ_27_3041_00_primary","directly_supports","0.5243","0.6997","0.7138","0.6992","0.3574","0.6126","src_role_function_seed_2026_03|src_manual_role_graph_review_2026_03","0.7106","reviewed_primary_task_function_edge"
"occ_27_3041_00","task_occ_27_3041_00_1779","fn_occ_27_3041_00_publication_orchestration","directly_supports","0.4757","0.6466","0.6600","0.6512","0.2926","0.5480","src_role_function_seed_2026_03|src_role_function_expansion_2026_03","0.7016","reviewed_multi_anchor_task_function_edge"
"occ_27_3041_00","task_occ_27_3041_00_1780","fn_occ_27_3041_00_primary","directly_supports","0.4620","0.6302","0.6180","0.6615","0.3512","0.5263","src_role_function_seed_2026_03|src_manual_role_graph_review_2026_03","0.6047","reviewed_primary_task_function_edge"
"occ_27_3041_00","task_occ_27_3041_00_1780","fn_occ_27_3041_00_publication_orchestration","directly_supports","0.5380","0.6208","0.5892","0.6135","0.2988","0.4848","src_role_function_seed_2026_03|src_role_function_expansion_2026_03","0.5957","reviewed_multi_anchor_task_function_edge"
"occ_27_3041_00","task_occ_27_3041_00_1781","fn_occ_27_3041_00_primary","directly_supports","0.4544","0.6182","0.6164","0.6521","0.3504","0.5240","src_role_function_seed_2026_03|src_manual_role_graph_review_2026_03","0.6122","reviewed_primary_task_function_edge"
"occ_27_3041_00","task_occ_27_3041_00_1781","fn_occ_27_3041_00_publication_orchestration","directly_supports","0.5456","0.6141","0.5907","0.6041","0.2996","0.4852","src_role_function_seed_2026_03|src_role_function_expansion_2026_03","0.6032","reviewed_multi_anchor_task_function_edge"
"occ_27_3041_00","task_occ_27_3041_00_1782","fn_occ_27_3041_00_primary","directly_supports","0.5288","0.5325","0.6124","0.6005","0.2779","0.4966","src_role_function_seed_2026_03|src_manual_role_graph_review_2026_03","0.7232","reviewed_primary_task_function_edge"
"occ_27_3041_00","task_occ_27_3041_00_1782","fn_occ_27_3041_00_publication_orchestration","directly_supports","0.4712","0.4764","0.5569","0.5525","0.2121","0.4303","src_role_function_seed_2026_03|src_role_function_expansion_2026_03","0.7143","reviewed_multi_anchor_task_function_edge"
"occ_27_3041_00","task_occ_27_3041_00_1783","fn_occ_27_3041_00_primary","directly_supports","0.5243","0.6997","0.7138","0.6992","0.3574","0.6126","src_role_function_seed_2026_03|src_manual_role_graph_review_2026_03","0.7156","reviewed_primary_task_function_edge"
"occ_27_3041_00","task_occ_27_3041_00_1783","fn_occ_27_3041_00_publication_orchestration","directly_supports","0.4757","0.6467","0.6600","0.6512","0.2926","0.5480","src_role_function_seed_2026_03|src_role_function_expansion_2026_03","0.7066","reviewed_multi_anchor_task_function_edge"
"occ_27_3041_00","task_occ_27_3041_00_1784","fn_occ_27_3041_00_primary","directly_supports","0.5334","0.5284","0.5467","0.5947","0.2783","0.4968","src_role_function_seed_2026_03|src_manual_role_graph_review_2026_03","0.7232","reviewed_primary_task_function_edge"
"occ_27_3041_00","task_occ_27_3041_00_1784","fn_occ_27_3041_00_publication_orchestration","directly_supports","0.4666","0.4690","0.4893","0.5467","0.2117","0.4289","src_role_function_seed_2026_03|src_role_function_expansion_2026_03","0.7143","reviewed_multi_anchor_task_function_edge"
"occ_27_3041_00","task_occ_27_3041_00_1785","fn_occ_27_3041_00_primary","directly_supports","0.5351","0.5218","0.5470","0.5875","0.2785","0.4964","src_role_function_seed_2026_03|src_manual_role_graph_review_2026_03","0.7232","reviewed_primary_task_function_edge"
"occ_27_3041_00","task_occ_27_3041_00_1785","fn_occ_27_3041_00_publication_orchestration","directly_supports","0.4649","0.4612","0.4890","0.5395","0.2115","0.4279","src_role_function_seed_2026_03|src_role_function_expansion_2026_03","0.7143","reviewed_multi_anchor_task_function_edge"
"occ_27_3041_00","task_occ_27_3041_00_1786","fn_occ_27_3041_00_primary","directly_supports","0.5288","0.6116","0.6413","0.6395","0.2779","0.5045","src_role_function_seed_2026_03|src_manual_role_graph_review_2026_03","0.6220","reviewed_primary_task_function_edge"
"occ_27_3041_00","task_occ_27_3041_00_1786","fn_occ_27_3041_00_publication_orchestration","directly_supports","0.4712","0.5555","0.5858","0.5915","0.2121","0.4382","src_role_function_seed_2026_03|src_role_function_expansion_2026_03","0.6130","reviewed_multi_anchor_task_function_edge"
"occ_27_3041_00","task_occ_27_3041_00_1787","fn_occ_27_3041_00_primary","supports","0.5563","0.4692","0.6179","0.5475","0.3106","0.4944","src_role_function_seed_2026_03|src_manual_role_graph_review_2026_03","0.6790","reviewed_primary_task_function_edge"
"occ_27_3041_00","task_occ_27_3041_00_1787","fn_occ_27_3041_00_publication_orchestration","supports","0.4437","0.3937","0.5514","0.4995","0.2394","0.4179","src_role_function_seed_2026_03|src_role_function_expansion_2026_03","0.6700","reviewed_multi_anchor_task_function_edge"
"occ_27_3041_00","task_occ_27_3041_00_1788","fn_occ_27_3041_00_primary","directly_supports","0.5278","0.6994","0.6256","0.6977","0.3578","0.6131","src_role_function_seed_2026_03|src_manual_role_graph_review_2026_03","0.7354","reviewed_primary_task_function_edge"
"occ_27_3041_00","task_occ_27_3041_00_1788","fn_occ_27_3041_00_publication_orchestration","directly_supports","0.4722","0.6440","0.5704","0.6497","0.2922","0.5472","src_role_function_seed_2026_03|src_role_function_expansion_2026_03","0.7264","reviewed_multi_anchor_task_function_edge"
"occ_27_3041_00","task_occ_27_3041_00_1789","fn_occ_27_3041_00_primary","directly_supports","0.4655","0.5983","0.6109","0.6383","0.2716","0.4937","src_role_function_seed_2026_03|src_manual_role_graph_review_2026_03","0.6982","reviewed_primary_task_function_edge"
"occ_27_3041_00","task_occ_27_3041_00_1789","fn_occ_27_3041_00_publication_orchestration","directly_supports","0.5345","0.5864","0.5807","0.5903","0.2184","0.4508","src_role_function_seed_2026_03|src_role_function_expansion_2026_03","0.6892","reviewed_multi_anchor_task_function_edge"
"occ_27_3041_00","task_occ_27_3041_00_1790","fn_occ_27_3041_00_primary","directly_supports","0.5292","0.6517","0.7147","0.6594","0.3179","0.5685","src_role_function_seed_2026_03|src_manual_role_graph_review_2026_03","0.7244","reviewed_primary_task_function_edge"
"occ_27_3041_00","task_occ_27_3041_00_1790","fn_occ_27_3041_00_publication_orchestration","directly_supports","0.4708","0.5952","0.6590","0.6114","0.2521","0.5021","src_role_function_seed_2026_03|src_role_function_expansion_2026_03","0.7154","reviewed_multi_anchor_task_function_edge"
"occ_27_3041_00","task_occ_27_3041_00_1791","fn_occ_27_3041_00_primary","supports","0.5385","0.5852","0.6433","0.6097","0.2789","0.5033","src_role_function_seed_2026_03|src_manual_role_graph_review_2026_03","0.6000","reviewed_primary_task_function_edge"
"occ_27_3041_00","task_occ_27_3041_00_1791","fn_occ_27_3041_00_publication_orchestration","supports","0.4615","0.5223","0.5839","0.5617","0.2111","0.4335","src_role_function_seed_2026_03|src_role_function_expansion_2026_03","0.5911","reviewed_multi_anchor_task_function_edge"
"occ_27_3041_00","task_occ_27_3041_00_1792","fn_occ_27_3041_00_primary","supports","0.5847","0.4908","0.5569","0.5392","0.2835","0.5008","src_role_function_seed_2026_03|src_manual_role_graph_review_2026_03","0.7013","reviewed_primary_task_function_edge"
"occ_27_3041_00","task_occ_27_3041_00_1792","fn_occ_27_3041_00_publication_orchestration","supports","0.4153","0.3955","0.4791","0.4912","0.2065","0.4138","src_role_function_seed_2026_03|src_role_function_expansion_2026_03","0.6923","reviewed_multi_anchor_task_function_edge"
"occ_27_3041_00","task_occ_27_3041_00_1793","fn_occ_27_3041_00_primary","directly_supports","0.5303","0.6853","0.6261","0.6827","0.3580","0.6121","src_role_function_seed_2026_03|src_manual_role_graph_review_2026_03","0.6886","reviewed_primary_task_function_edge"
"occ_27_3041_00","task_occ_27_3041_00_1793","fn_occ_27_3041_00_publication_orchestration","directly_supports","0.4697","0.6281","0.5699","0.6347","0.2920","0.5453","src_role_function_seed_2026_03|src_role_function_expansion_2026_03","0.6796","reviewed_multi_anchor_task_function_edge"
"occ_27_3041_00","task_occ_27_3041_00_1794","fn_occ_27_3041_00_primary","supports","0.5837","0.4912","0.5567","0.5399","0.2834","0.5007","src_role_function_seed_2026_03|src_manual_role_graph_review_2026_03","0.6740","reviewed_primary_task_function_edge"
"occ_27_3041_00","task_occ_27_3041_00_1794","fn_occ_27_3041_00_publication_orchestration","supports","0.4163","0.3966","0.4793","0.4919","0.2066","0.4141","src_role_function_seed_2026_03|src_role_function_expansion_2026_03","0.6650","reviewed_multi_anchor_task_function_edge"
"occ_27_3041_00","task_occ_27_3041_00_1795","fn_occ_27_3041_00_primary","delivers","0.9800","0.6193","0.6360","0.5293","0.3230","0.5729","src_role_function_seed_2026_03|src_manual_role_graph_review_2026_03","0.6740","reviewed_primary_task_function_edge"
"occ_27_3041_00","task_occ_27_3041_00_21000","fn_occ_27_3041_00_primary","directly_supports","0.5332","0.5290","0.5466","0.5954","0.2783","0.4969","src_role_function_seed_2026_03|src_manual_role_graph_review_2026_03","0.7232","reviewed_primary_task_function_edge"
"occ_27_3041_00","task_occ_27_3041_00_21000","fn_occ_27_3041_00_publication_orchestration","directly_supports","0.4668","0.4698","0.4894","0.5474","0.2117","0.4290","src_role_function_seed_2026_03|src_role_function_expansion_2026_03","0.7143","reviewed_multi_anchor_task_function_edge"
"occ_27_3041_00","task_occ_27_3041_00_jd_ed_01","fn_occ_27_3041_00_primary","directly_supports","0.4588","0.5888","0.6206","0.6312","0.2709","0.4917","src_role_function_seed_2026_03|src_manual_role_graph_review_2026_03","0.8096","reviewed_primary_task_function_edge"
"occ_27_3041_00","task_occ_27_3041_00_jd_ed_01","fn_occ_27_3041_00_publication_orchestration","directly_supports","0.5412","0.5817","0.5931","0.5832","0.2191","0.4513","src_role_function_seed_2026_03|src_role_function_expansion_2026_03","0.8006","reviewed_multi_anchor_task_function_edge"
"occ_27_3041_00","task_occ_27_3041_00_jd_ed_02","fn_occ_27_3041_00_primary","directly_supports","0.4515","0.6151","0.5825","0.6501","0.3502","0.5232","src_role_function_seed_2026_03|src_manual_role_graph_review_2026_03","0.7210","reviewed_primary_task_function_edge"
"occ_27_3041_00","task_occ_27_3041_00_jd_ed_02","fn_occ_27_3041_00_publication_orchestration","directly_supports","0.5485","0.6131","0.5579","0.6021","0.2998","0.4856","src_role_function_seed_2026_03|src_role_function_expansion_2026_03","0.7121","reviewed_multi_anchor_task_function_edge"
"occ_27_3041_00","task_occ_27_3041_00_jd_ed_03","fn_occ_27_3041_00_primary","directly_supports","0.5268","0.7005","0.6476","0.6992","0.3577","0.6131","src_role_function_seed_2026_03|src_manual_role_graph_review_2026_03","0.8269","reviewed_primary_task_function_edge"
"occ_27_3041_00","task_occ_27_3041_00_jd_ed_03","fn_occ_27_3041_00_publication_orchestration","directly_supports","0.4732","0.6458","0.5929","0.6512","0.2923","0.5476","src_role_function_seed_2026_03|src_role_function_expansion_2026_03","0.8179","reviewed_multi_anchor_task_function_edge"
"occ_27_3041_00","task_occ_27_3041_00_jd_ed_04","fn_occ_27_3041_00_primary","directly_supports","0.5258","0.6707","0.7252","0.6797","0.3176","0.5699","src_role_function_seed_2026_03|src_manual_role_graph_review_2026_03","0.8577","reviewed_primary_task_function_edge"
"occ_27_3041_00","task_occ_27_3041_00_jd_ed_04","fn_occ_27_3041_00_publication_orchestration","directly_supports","0.4742","0.6167","0.6708","0.6317","0.2524","0.5048","src_role_function_seed_2026_03|src_role_function_expansion_2026_03","0.8487","reviewed_multi_anchor_task_function_edge"
"occ_27_3042_00","task_occ_27_3042_00_20243","fn_occ_27_3042_00_primary","directly_supports","0.4370","0.4428","0.5230","0.5358","0.3137","0.4218","src_role_function_seed_2026_03|src_manual_role_graph_review_2026_03","0.7046","reviewed_primary_task_function_edge"
"occ_27_3042_00","task_occ_27_3042_00_20243","fn_occ_27_3042_00_release_enablement","directly_supports","0.5630","0.4649","0.5372","0.5238","0.2663","0.4169","src_role_function_seed_2026_03|src_role_function_expansion_2026_03","0.6956","reviewed_multi_anchor_task_function_edge"
"occ_27_3042_00","task_occ_27_3042_00_3966","fn_occ_27_3042_00_primary","directly_supports","0.5425","0.4918","0.5098","0.5479","0.2942","0.4425","src_role_function_seed_2026_03|src_manual_role_graph_review_2026_03","0.6182","reviewed_primary_task_function_edge"
"occ_27_3042_00","task_occ_27_3042_00_3966","fn_occ_27_3042_00_release_enablement","directly_supports","0.4575","0.4401","0.4818","0.5359","0.2258","0.3986","src_role_function_seed_2026_03|src_role_function_expansion_2026_03","0.6092","reviewed_multi_anchor_task_function_edge"
"occ_27_3042_00","task_occ_27_3042_00_3967","fn_occ_27_3042_00_primary","directly_supports","0.4396","0.4494","0.5235","0.5416","0.3140","0.4229","src_role_function_seed_2026_03|src_manual_role_graph_review_2026_03","0.7244","reviewed_primary_task_function_edge"
"occ_27_3042_00","task_occ_27_3042_00_3967","fn_occ_27_3042_00_release_enablement","directly_supports","0.5604","0.4697","0.5367","0.5296","0.2660","0.4170","src_role_function_seed_2026_03|src_role_function_expansion_2026_03","0.7154","reviewed_multi_anchor_task_function_edge"
"occ_27_3042_00","task_occ_27_3042_00_3968","fn_occ_27_3042_00_primary","directly_supports","0.5309","0.5084","0.5560","0.5486","0.2931","0.4425","src_role_function_seed_2026_03|src_manual_role_graph_review_2026_03","0.7574","reviewed_primary_task_function_edge"
"occ_27_3042_00","task_occ_27_3042_00_3968","fn_occ_27_3042_00_release_enablement","directly_supports","0.4691","0.4648","0.5327","0.5366","0.2269","0.4028","src_role_function_seed_2026_03|src_role_function_expansion_2026_03","0.7484","reviewed_multi_anchor_task_function_edge"
"occ_27_3042_00","task_occ_27_3042_00_3969","fn_occ_27_3042_00_primary","directly_supports","0.4517","0.6092","0.6045","0.6571","0.2852","0.4907","src_role_function_seed_2026_03|src_manual_role_graph_review_2026_03","0.7073","reviewed_primary_task_function_edge"
"occ_27_3042_00","task_occ_27_3042_00_3969","fn_occ_27_3042_00_release_enablement","directly_supports","0.5483","0.6210","0.6128","0.6451","0.2348","0.4803","src_role_function_seed_2026_03|src_role_function_expansion_2026_03","0.6983","reviewed_multi_anchor_task_function_edge"
"occ_27_3042_00","task_occ_27_3042_00_3970","fn_occ_27_3042_00_primary","directly_supports","0.4485","0.5875","0.5267","0.5965","0.3649","0.4680","src_role_function_seed_2026_03|src_manual_role_graph_review_2026_03","0.6122","reviewed_primary_task_function_edge"
"occ_27_3042_00","task_occ_27_3042_00_3970","fn_occ_27_3042_00_release_enablement","directly_supports","0.5515","0.6016","0.5363","0.5845","0.3151","0.4589","src_role_function_seed_2026_03|src_role_function_expansion_2026_03","0.6032","reviewed_multi_anchor_task_function_edge"
"occ_27_3042_00","task_occ_27_3042_00_3971","fn_occ_27_3042_00_primary","directly_supports","0.5311","0.5077","0.5561","0.5479","0.2931","0.4424","src_role_function_seed_2026_03|src_manual_role_graph_review_2026_03","0.7153","reviewed_primary_task_function_edge"
"occ_27_3042_00","task_occ_27_3042_00_3971","fn_occ_27_3042_00_release_enablement","directly_supports","0.4689","0.4640","0.5326","0.5359","0.2269","0.4027","src_role_function_seed_2026_03|src_role_function_expansion_2026_03","0.7063","reviewed_multi_anchor_task_function_edge"
"occ_27_3042_00","task_occ_27_3042_00_3972","fn_occ_27_3042_00_primary","directly_supports","0.5341","0.5059","0.5138","0.5450","0.2934","0.4427","src_role_function_seed_2026_03|src_manual_role_graph_review_2026_03","0.7153","reviewed_primary_task_function_edge"
"occ_27_3042_00","task_occ_27_3042_00_3972","fn_occ_27_3042_00_release_enablement","directly_supports","0.4659","0.4600","0.4892","0.5330","0.2266","0.4019","src_role_function_seed_2026_03|src_role_function_expansion_2026_03","0.7063","reviewed_multi_anchor_task_function_edge"
"occ_27_3042_00","task_occ_27_3042_00_3973","fn_occ_27_3042_00_primary","directly_supports","0.5336","0.5079","0.5137","0.5471","0.2934","0.4428","src_role_function_seed_2026_03|src_manual_role_graph_review_2026_03","0.7153","reviewed_primary_task_function_edge"
"occ_27_3042_00","task_occ_27_3042_00_3973","fn_occ_27_3042_00_release_enablement","directly_supports","0.4664","0.4624","0.4893","0.5351","0.2266","0.4022","src_role_function_seed_2026_03|src_role_function_expansion_2026_03","0.7063","reviewed_multi_anchor_task_function_edge"
"occ_27_3042_00","task_occ_27_3042_00_3974","fn_occ_27_3042_00_primary","directly_supports","0.5343","0.5053","0.5139","0.5443","0.2934","0.4427","src_role_function_seed_2026_03|src_manual_role_graph_review_2026_03","0.7425","reviewed_primary_task_function_edge"
"occ_27_3042_00","task_occ_27_3042_00_3974","fn_occ_27_3042_00_release_enablement","directly_supports","0.4657","0.4592","0.4891","0.5323","0.2266","0.4018","src_role_function_seed_2026_03|src_role_function_expansion_2026_03","0.7335","reviewed_multi_anchor_task_function_edge"
"occ_27_3042_00","task_occ_27_3042_00_3975","fn_occ_27_3042_00_primary","supports","0.5431","0.4939","0.5156","0.5298","0.2943","0.4429","src_role_function_seed_2026_03|src_manual_role_graph_review_2026_03","0.7153","reviewed_primary_task_function_edge"
"occ_27_3042_00","task_occ_27_3042_00_3975","fn_occ_27_3042_00_release_enablement","supports","0.4569","0.4417","0.4874","0.5178","0.2257","0.3987","src_role_function_seed_2026_03|src_role_function_expansion_2026_03","0.7063","reviewed_multi_anchor_task_function_edge"
"occ_27_3042_00","task_occ_27_3042_00_3976","fn_occ_27_3042_00_primary","directly_supports","0.5341","0.5059","0.5138","0.5450","0.2934","0.4427","src_role_function_seed_2026_03|src_manual_role_graph_review_2026_03","0.7153","reviewed_primary_task_function_edge"
"occ_27_3042_00","task_occ_27_3042_00_3976","fn_occ_27_3042_00_release_enablement","directly_supports","0.4659","0.4600","0.4892","0.5330","0.2266","0.4019","src_role_function_seed_2026_03|src_role_function_expansion_2026_03","0.7063","reviewed_multi_anchor_task_function_edge"
"occ_27_3042_00","task_occ_27_3042_00_3977","fn_occ_27_3042_00_primary","directly_supports","0.5347","0.5040","0.5139","0.5428","0.2935","0.4426","src_role_function_seed_2026_03|src_manual_role_graph_review_2026_03","0.7425","reviewed_primary_task_function_edge"
"occ_27_3042_00","task_occ_27_3042_00_3977","fn_occ_27_3042_00_release_enablement","directly_supports","0.4653","0.4577","0.4891","0.5308","0.2265","0.4016","src_role_function_seed_2026_03|src_role_function_expansion_2026_03","0.7335","reviewed_multi_anchor_task_function_edge"
"occ_27_3042_00","task_occ_27_3042_00_3978","fn_occ_27_3042_00_primary","directly_supports","0.4537","0.5895","0.5992","0.5967","0.3654","0.4690","src_role_function_seed_2026_03|src_manual_role_graph_review_2026_03","0.6122","reviewed_primary_task_function_edge"
"occ_27_3042_00","task_occ_27_3042_00_3978","fn_occ_27_3042_00_release_enablement","directly_supports","0.5463","0.5999","0.6067","0.5847","0.3146","0.4579","src_role_function_seed_2026_03|src_role_function_expansion_2026_03","0.6032","reviewed_multi_anchor_task_function_edge"
"occ_27_3042_00","task_occ_27_3042_00_3979","fn_occ_27_3042_00_primary","supports","0.5435","0.4928","0.5157","0.5286","0.2944","0.4428","src_role_function_seed_2026_03|src_manual_role_graph_review_2026_03","0.7153","reviewed_primary_task_function_edge"
"occ_27_3042_00","task_occ_27_3042_00_3979","fn_occ_27_3042_00_release_enablement","supports","0.4565","0.4403","0.4873","0.5166","0.2256","0.3985","src_role_function_seed_2026_03|src_role_function_expansion_2026_03","0.7063","reviewed_multi_anchor_task_function_edge"
"occ_27_3042_00","task_occ_27_3042_00_jd_tw_01","fn_occ_27_3042_00_primary","directly_supports","0.5267","0.6903","0.6066","0.6620","0.3727","0.5600","src_role_function_seed_2026_03|src_manual_role_graph_review_2026_03","0.8077","reviewed_primary_task_function_edge"
"occ_27_3042_00","task_occ_27_3042_00_jd_tw_01","fn_occ_27_3042_00_release_enablement","directly_supports","0.4733","0.6497","0.5849","0.6500","0.3073","0.5220","src_role_function_seed_2026_03|src_role_function_expansion_2026_03","0.7987","reviewed_multi_anchor_task_function_edge"
"occ_27_3042_00","task_occ_27_3042_00_jd_tw_02","fn_occ_27_3042_00_primary","directly_supports","0.5333","0.5025","0.5422","0.5419","0.2933","0.4423","src_role_function_seed_2026_03|src_manual_role_graph_review_2026_03","0.8539","reviewed_primary_task_function_edge"
"occ_27_3042_00","task_occ_27_3042_00_jd_tw_02","fn_occ_27_3042_00_release_enablement","directly_supports","0.4667","0.4572","0.5179","0.5299","0.2267","0.4017","src_role_function_seed_2026_03|src_role_function_expansion_2026_03","0.8449","reviewed_multi_anchor_task_function_edge"
"occ_27_3042_00","task_occ_27_3042_00_jd_tw_03","fn_occ_27_3042_00_primary","directly_supports","0.4586","0.5944","0.6287","0.5999","0.3659","0.4702","src_role_function_seed_2026_03|src_manual_role_graph_review_2026_03","0.7210","reviewed_primary_task_function_edge"
"occ_27_3042_00","task_occ_27_3042_00_jd_tw_03","fn_occ_27_3042_00_release_enablement","directly_supports","0.5414","0.6014","0.6343","0.5879","0.3141","0.4574","src_role_function_seed_2026_03|src_role_function_expansion_2026_03","0.7121","reviewed_multi_anchor_task_function_edge"
"occ_27_3042_00","task_occ_27_3042_00_jd_tw_04","fn_occ_27_3042_00_primary","supports","0.5588","0.4760","0.5273","0.5265","0.2959","0.4434","src_role_function_seed_2026_03|src_manual_role_graph_review_2026_03","0.7345","reviewed_primary_task_function_edge"
"occ_27_3042_00","task_occ_27_3042_00_jd_tw_04","fn_occ_27_3042_00_release_enablement","supports","0.4412","0.4129","0.4928","0.5145","0.2241","0.3935","src_role_function_seed_2026_03|src_role_function_expansion_2026_03","0.7255","reviewed_multi_anchor_task_function_edge"
"occ_27_3042_00","task_occ_27_3042_00_manual_tw_01","fn_occ_27_3042_00_primary","directly_supports","0.5324","0.5622","0.6063","0.5518","0.2932","0.4481","src_role_function_seed_2026_03|src_manual_role_graph_review_2026_03","0.8231","reviewed_primary_task_function_edge"
"occ_27_3042_00","task_occ_27_3042_00_manual_tw_01","fn_occ_27_3042_00_release_enablement","directly_supports","0.4676","0.5175","0.5824","0.5398","0.2268","0.4079","src_role_function_seed_2026_03|src_role_function_expansion_2026_03","0.8141","reviewed_multi_anchor_task_function_edge"
"occ_27_3042_00","task_occ_27_3042_00_manual_tw_02","fn_occ_27_3042_00_primary","delivers","0.9800","0.5969","0.5973","0.4999","0.3380","0.5187","src_role_function_seed_2026_03|src_manual_role_graph_review_2026_03","0.7125","reviewed_primary_task_function_edge"
"occ_27_3042_00","task_occ_27_3042_00_manual_tw_03","fn_occ_27_3042_00_primary","directly_supports","0.5325","0.5057","0.5421","0.5453","0.2933","0.4424","src_role_function_seed_2026_03|src_manual_role_graph_review_2026_03","0.8539","reviewed_primary_task_function_edge"
"occ_27_3042_00","task_occ_27_3042_00_manual_tw_03","fn_occ_27_3042_00_release_enablement","directly_supports","0.4675","0.4609","0.5181","0.5333","0.2267","0.4022","src_role_function_seed_2026_03|src_role_function_expansion_2026_03","0.8449","reviewed_multi_anchor_task_function_edge"
"occ_27_3043_00","task_occ_27_3043_00_22653","fn_occ_27_3043_00_primary","delivers","0.9800","0.7913","0.6331","0.6413","0.2630","0.5491","src_role_function_seed_2026_03","0.6622","reviewed_primary_task_function_edge"
"occ_27_3043_00","task_occ_27_3043_00_22654","fn_occ_27_3043_00_primary","delivers","0.9800","0.7913","0.5760","0.6413","0.2630","0.5491","src_role_function_seed_2026_03","0.6770","reviewed_primary_task_function_edge"
"occ_27_3043_00","task_occ_27_3043_00_22655","fn_occ_27_3043_00_primary","delivers","0.9800","0.6284","0.5974","0.4984","0.2630","0.4828","src_role_function_seed_2026_03","0.6311","reviewed_primary_task_function_edge"
"occ_27_3043_00","task_occ_27_3043_00_22656","fn_occ_27_3043_00_primary","delivers","0.9800","0.7933","0.6331","0.6433","0.2630","0.5493","src_role_function_seed_2026_03","0.6770","reviewed_primary_task_function_edge"
"occ_27_3043_00","task_occ_27_3043_00_22657","fn_occ_27_3043_00_primary","delivers","0.9800","0.6155","0.5974","0.4855","0.2630","0.4815","src_role_function_seed_2026_03","0.6583","reviewed_primary_task_function_edge"
"occ_27_3043_00","task_occ_27_3043_00_22658","fn_occ_27_3043_00_primary","delivers","0.9800","0.6360","0.5760","0.4560","0.2630","0.4836","src_role_function_seed_2026_03","0.6561","reviewed_primary_task_function_edge"
"occ_27_3043_00","task_occ_27_3043_00_22659","fn_occ_27_3043_00_primary","delivers","0.9800","0.5844","0.5260","0.4544","0.2630","0.4784","src_role_function_seed_2026_03","0.6363","reviewed_primary_task_function_edge"
"occ_27_3043_00","task_occ_27_3043_00_22660","fn_occ_27_3043_00_primary","delivers","0.9800","0.6957","0.6131","0.5057","0.3430","0.5196","src_role_function_seed_2026_03","0.6724","reviewed_primary_task_function_edge"
"occ_27_3043_00","task_occ_27_3043_00_22661","fn_occ_27_3043_00_primary","delivers","0.9800","0.5865","0.5260","0.4565","0.2630","0.4787","src_role_function_seed_2026_03","0.6363","reviewed_primary_task_function_edge"
"occ_27_3043_00","task_occ_27_3043_00_22662","fn_occ_27_3043_00_primary","delivers","0.9800","0.6482","0.5903","0.4682","0.2630","0.4848","src_role_function_seed_2026_03","0.6561","reviewed_primary_task_function_edge"
"occ_27_3043_00","task_occ_27_3043_00_22663","fn_occ_27_3043_00_primary","delivers","0.9800","0.7530","0.5760","0.6030","0.2630","0.5453","src_role_function_seed_2026_03","0.6253","reviewed_primary_task_function_edge"
"occ_27_3043_00","task_occ_27_3043_00_22664","fn_occ_27_3043_00_primary","delivers","0.9800","0.5865","0.5260","0.4565","0.2630","0.4787","src_role_function_seed_2026_03","0.6363","reviewed_primary_task_function_edge"
"occ_27_3043_00","task_occ_27_3043_00_22665","fn_occ_27_3043_00_primary","delivers","0.9800","0.5865","0.5260","0.4565","0.2630","0.4787","src_role_function_seed_2026_03","0.6091","reviewed_primary_task_function_edge"
"occ_27_3043_00","task_occ_27_3043_00_22666","fn_occ_27_3043_00_primary","delivers","0.9800","0.6756","0.6117","0.4956","0.2630","0.4876","src_role_function_seed_2026_03","0.6495","reviewed_primary_task_function_edge"
"occ_27_3043_00","task_occ_27_3043_00_22667","fn_occ_27_3043_00_primary","delivers","0.9800","0.5865","0.5260","0.4565","0.2630","0.4787","src_role_function_seed_2026_03","0.6240","reviewed_primary_task_function_edge"
"occ_27_3043_00","task_occ_27_3043_00_22668","fn_occ_27_3043_00_primary","delivers","0.9800","0.7530","0.5760","0.6030","0.2630","0.5453","src_role_function_seed_2026_03","0.6402","reviewed_primary_task_function_edge"
"occ_27_3043_00","task_occ_27_3043_00_22669","fn_occ_27_3043_00_primary","delivers","0.9800","0.5865","0.5260","0.4565","0.2630","0.4787","src_role_function_seed_2026_03","0.6363","reviewed_primary_task_function_edge"
"occ_27_3043_00","task_occ_27_3043_00_22670","fn_occ_27_3043_00_primary","delivers","0.9800","0.5865","0.5260","0.4565","0.2630","0.4787","src_role_function_seed_2026_03","0.6363","reviewed_primary_task_function_edge"
"occ_27_3043_00","task_occ_27_3043_00_22671","fn_occ_27_3043_00_primary","delivers","0.9800","0.5865","0.5260","0.4565","0.2630","0.4787","src_role_function_seed_2026_03","0.6363","reviewed_primary_task_function_edge"
"occ_27_3043_00","task_occ_27_3043_00_22672","fn_occ_27_3043_00_primary","delivers","0.9800","0.7530","0.5760","0.6030","0.2630","0.5453","src_role_function_seed_2026_03","0.6402","reviewed_primary_task_function_edge"
"occ_27_3043_00","task_occ_27_3043_00_jd_wa_01","fn_occ_27_3043_00_primary","delivers","0.9800","0.6181","0.5689","0.4881","0.2630","0.4818","src_role_function_seed_2026_03","0.7697","reviewed_primary_task_function_edge"
"occ_27_3043_00","task_occ_27_3043_00_jd_wa_02","fn_occ_27_3043_00_primary","delivers","0.9800","0.6776","0.6046","0.4976","0.2630","0.4878","src_role_function_seed_2026_03","0.7870","reviewed_primary_task_function_edge"
"occ_27_3043_00","task_occ_27_3043_00_jd_wa_03","fn_occ_27_3043_00_primary","delivers","0.9800","0.8197","0.6774","0.6197","0.3430","0.6020","src_role_function_seed_2026_03","0.7447","reviewed_primary_task_function_edge"
"occ_27_3043_00","task_occ_27_3043_00_jd_wa_04","fn_occ_27_3043_00_primary","delivers","0.9800","0.7032","0.6260","0.5232","0.2630","0.4903","src_role_function_seed_2026_03","0.7928","reviewed_primary_task_function_edge"
"occ_41_3011_00","task_occ_41_3011_00_4579","fn_occ_41_3011_00_primary","delivers","0.9800","0.8252","0.6420","0.7372","0.2930","0.6565","src_role_function_seed_2026_03","0.6949","reviewed_primary_task_function_edge"
"occ_41_3011_00","task_occ_41_3011_00_4580","fn_occ_41_3011_00_primary","delivers","0.9800","0.8355","0.6420","0.7475","0.2930","0.6576","src_role_function_seed_2026_03","0.6801","reviewed_primary_task_function_edge"
"occ_41_3011_00","task_occ_41_3011_00_4581","fn_occ_41_3011_00_primary","delivers","0.9800","0.6863","0.6520","0.6183","0.2930","0.5926","src_role_function_seed_2026_03","0.6732","reviewed_primary_task_function_edge"
"occ_41_3011_00","task_occ_41_3011_00_4582","fn_occ_41_3011_00_primary","delivers","0.9800","0.6037","0.5420","0.5457","0.2730","0.5444","src_role_function_seed_2026_03","0.6834","reviewed_primary_task_function_edge"
"occ_41_3011_00","task_occ_41_3011_00_4583","fn_occ_41_3011_00_primary","delivers","0.9800","0.8197","0.6420","0.7317","0.2930","0.6560","src_role_function_seed_2026_03","0.6801","reviewed_primary_task_function_edge"
"occ_41_3011_00","task_occ_41_3011_00_4584","fn_occ_41_3011_00_primary","delivers","0.9800","0.7606","0.6620","0.6426","0.2930","0.6001","src_role_function_seed_2026_03","0.5695","reviewed_primary_task_function_edge"
"occ_41_3011_00","task_occ_41_3011_00_4585","fn_occ_41_3011_00_primary","delivers","0.9800","0.8368","0.7420","0.7488","0.2930","0.6577","src_role_function_seed_2026_03","0.6801","reviewed_primary_task_function_edge"
"occ_41_3011_00","task_occ_41_3011_00_4586","fn_occ_41_3011_00_primary","delivers","0.9800","0.8368","0.7420","0.7488","0.2930","0.6577","src_role_function_seed_2026_03","0.6801","reviewed_primary_task_function_edge"
"occ_41_3011_00","task_occ_41_3011_00_4587","fn_occ_41_3011_00_primary","delivers","0.9800","0.8335","0.7520","0.7055","0.3330","0.6674","src_role_function_seed_2026_03","0.6853","reviewed_primary_task_function_edge"
"occ_41_3011_00","task_occ_41_3011_00_4588","fn_occ_41_3011_00_primary","delivers","0.9800","0.8197","0.6420","0.7317","0.2930","0.6560","src_role_function_seed_2026_03","0.6801","reviewed_primary_task_function_edge"
"occ_41_3011_00","task_occ_41_3011_00_4589","fn_occ_41_3011_00_primary","delivers","0.9800","0.8368","0.6420","0.7488","0.2930","0.6577","src_role_function_seed_2026_03","0.6949","reviewed_primary_task_function_edge"
"occ_41_3011_00","task_occ_41_3011_00_4590","fn_occ_41_3011_00_primary","delivers","0.9800","0.8218","0.6420","0.7338","0.2930","0.6562","src_role_function_seed_2026_03","0.6949","reviewed_primary_task_function_edge"
"occ_41_3011_00","task_occ_41_3011_00_4591","fn_occ_41_3011_00_primary","delivers","0.9800","0.6577","0.5920","0.5897","0.2930","0.5898","src_role_function_seed_2026_03","0.6732","reviewed_primary_task_function_edge"
"occ_41_3011_00","task_occ_41_3011_00_4592","fn_occ_41_3011_00_primary","delivers","0.9800","0.8231","0.6720","0.6951","0.3330","0.6663","src_role_function_seed_2026_03","0.6704","reviewed_primary_task_function_edge"
"occ_41_3011_00","task_occ_41_3011_00_4593","fn_occ_41_3011_00_primary","delivers","0.9800","0.7946","0.6720","0.7266","0.2930","0.6535","src_role_function_seed_2026_03","0.6484","reviewed_primary_task_function_edge"
"occ_41_3011_00","task_occ_41_3011_00_4594","fn_occ_41_3011_00_primary","delivers","0.9800","0.6798","0.6520","0.6118","0.2930","0.5920","src_role_function_seed_2026_03","0.6732","reviewed_primary_task_function_edge"
"occ_41_3011_00","task_occ_41_3011_00_4595","fn_occ_41_3011_00_primary","delivers","0.9800","0.7505","0.6620","0.6325","0.2930","0.5991","src_role_function_seed_2026_03","0.5695","reviewed_primary_task_function_edge"
"occ_41_3011_00","task_occ_41_3011_00_4596","fn_occ_41_3011_00_primary","delivers","0.9800","0.7349","0.6520","0.6169","0.2930","0.5975","src_role_function_seed_2026_03","0.6801","reviewed_primary_task_function_edge"
"occ_41_3011_00","task_occ_41_3011_00_4597","fn_occ_41_3011_00_primary","delivers","0.9800","0.8089","0.6420","0.7209","0.2930","0.6549","src_role_function_seed_2026_03","0.6801","reviewed_primary_task_function_edge"
"occ_41_3011_00","task_occ_41_3011_00_4598","fn_occ_41_3011_00_primary","delivers","0.9800","0.6202","0.5920","0.5522","0.2930","0.5860","src_role_function_seed_2026_03","0.6512","reviewed_primary_task_function_edge"
"occ_41_3011_00","task_occ_41_3011_00_jd_as_01","fn_occ_41_3011_00_primary","delivers","0.9800","0.8284","0.6520","0.7404","0.2930","0.6568","src_role_function_seed_2026_03","0.7890","reviewed_primary_task_function_edge"
"occ_41_3011_00","task_occ_41_3011_00_jd_as_02","fn_occ_41_3011_00_primary","delivers","0.9800","0.8311","0.7720","0.7031","0.3330","0.6671","src_role_function_seed_2026_03","0.7967","reviewed_primary_task_function_edge"
"occ_41_3011_00","task_occ_41_3011_00_jd_as_03","fn_occ_41_3011_00_primary","delivers","0.9800","0.7486","0.6620","0.6306","0.2930","0.5989","src_role_function_seed_2026_03","0.7890","reviewed_primary_task_function_edge"
"occ_41_3011_00","task_occ_41_3011_00_jd_as_04","fn_occ_41_3011_00_primary","delivers","0.9800","0.7993","0.6720","0.7313","0.2930","0.6539","src_role_function_seed_2026_03","0.7870","reviewed_primary_task_function_edge"
"occ_41_3021_00","task_occ_41_3021_00_718","fn_occ_41_3021_00_primary","delivers","0.9800","0.7381","0.6653","0.6301","0.2930","0.5978","src_role_function_seed_2026_03","0.6757","reviewed_primary_task_function_edge"
"occ_41_3021_00","task_occ_41_3021_00_719","fn_occ_41_3021_00_primary","delivers","0.9800","0.6238","0.5587","0.5658","0.2730","0.5464","src_role_function_seed_2026_03","0.6108","reviewed_primary_task_function_edge"
"occ_41_3021_00","task_occ_41_3021_00_720","fn_occ_41_3021_00_primary","delivers","0.9800","0.8555","0.7253","0.7675","0.2930","0.6595","src_role_function_seed_2026_03","0.6801","reviewed_primary_task_function_edge"
"occ_41_3021_00","task_occ_41_3021_00_721","fn_occ_41_3021_00_primary","delivers","0.9800","0.8380","0.6570","0.7700","0.2930","0.6578","src_role_function_seed_2026_03","0.6388","reviewed_primary_task_function_edge"
"occ_41_3021_00","task_occ_41_3021_00_722","fn_occ_41_3021_00_primary","delivers","0.9800","0.8355","0.6420","0.7475","0.2930","0.6576","src_role_function_seed_2026_03","0.6801","reviewed_primary_task_function_edge"
"occ_41_3021_00","task_occ_41_3021_00_723","fn_occ_41_3021_00_primary","delivers","0.9800","0.8394","0.6420","0.7514","0.2930","0.6579","src_role_function_seed_2026_03","0.7098","reviewed_primary_task_function_edge"
"occ_41_3021_00","task_occ_41_3021_00_724","fn_occ_41_3021_00_primary","delivers","0.9800","0.8196","0.7637","0.6916","0.3330","0.6660","src_role_function_seed_2026_03","0.6589","reviewed_primary_task_function_edge"
"occ_41_3021_00","task_occ_41_3021_00_725","fn_occ_41_3021_00_primary","delivers","0.9800","0.6752","0.6420","0.6072","0.2930","0.5915","src_role_function_seed_2026_03","0.6616","reviewed_primary_task_function_edge"
"occ_41_3021_00","task_occ_41_3021_00_726","fn_occ_41_3021_00_primary","delivers","0.9800","0.8601","0.7220","0.7221","0.3730","0.7100","src_role_function_seed_2026_03","0.6053","reviewed_primary_task_function_edge"
"occ_41_3021_00","task_occ_41_3021_00_727","fn_occ_41_3021_00_primary","delivers","0.9800","0.8320","0.6420","0.7440","0.2930","0.6572","src_role_function_seed_2026_03","0.6801","reviewed_primary_task_function_edge"
"occ_41_3021_00","task_occ_41_3021_00_728","fn_occ_41_3021_00_primary","delivers","0.9800","0.6547","0.6170","0.6067","0.3230","0.5895","src_role_function_seed_2026_03","0.6053","reviewed_primary_task_function_edge"
"occ_41_3021_00","task_occ_41_3021_00_729","fn_occ_41_3021_00_primary","delivers","0.9800","0.8344","0.6420","0.7464","0.2930","0.6574","src_role_function_seed_2026_03","0.6801","reviewed_primary_task_function_edge"
"occ_41_3021_00","task_occ_41_3021_00_730","fn_occ_41_3021_00_primary","delivers","0.9800","0.8094","0.6420","0.7214","0.2930","0.6549","src_role_function_seed_2026_03","0.6581","reviewed_primary_task_function_edge"
"occ_41_3021_00","task_occ_41_3021_00_731","fn_occ_41_3021_00_primary","delivers","0.9800","0.6764","0.6420","0.6084","0.2930","0.5916","src_role_function_seed_2026_03","0.6616","reviewed_primary_task_function_edge"
"occ_41_3021_00","task_occ_41_3021_00_732","fn_occ_41_3021_00_primary","delivers","0.9800","0.6666","0.5920","0.5986","0.2930","0.5907","src_role_function_seed_2026_03","0.6616","reviewed_primary_task_function_edge"
"occ_41_3021_00","task_occ_41_3021_00_733","fn_occ_41_3021_00_primary","delivers","0.9800","0.7519","0.6637","0.6239","0.3730","0.6292","src_role_function_seed_2026_03","0.5833","reviewed_primary_task_function_edge"
"occ_41_3021_00","task_occ_41_3021_00_734","fn_occ_41_3021_00_primary","delivers","0.9800","0.7910","0.6570","0.7230","0.2930","0.6531","src_role_function_seed_2026_03","0.6292","reviewed_primary_task_function_edge"
"occ_41_3021_00","task_occ_41_3021_00_735","fn_occ_41_3021_00_primary","delivers","0.9800","0.8511","0.7220","0.7131","0.3730","0.7091","src_role_function_seed_2026_03","0.5882","reviewed_primary_task_function_edge"
"occ_41_3021_00","task_occ_41_3021_00_736","fn_occ_41_3021_00_primary","delivers","0.9800","0.7986","0.6420","0.7106","0.2930","0.6539","src_role_function_seed_2026_03","0.6581","reviewed_primary_task_function_edge"
"occ_41_3021_00","task_occ_41_3021_00_jd_ins_01","fn_occ_41_3021_00_primary","delivers","0.9800","0.8482","0.7253","0.7602","0.2930","0.6588","src_role_function_seed_2026_03","0.7890","reviewed_primary_task_function_edge"
"occ_41_3021_00","task_occ_41_3021_00_jd_ins_02","fn_occ_41_3021_00_primary","delivers","0.9800","0.8266","0.7637","0.6986","0.3330","0.6667","src_role_function_seed_2026_03","0.7851","reviewed_primary_task_function_edge"
"occ_41_3021_00","task_occ_41_3021_00_jd_ins_03","fn_occ_41_3021_00_primary","delivers","0.9800","0.6437","0.6053","0.5957","0.2930","0.5884","src_role_function_seed_2026_03","0.7216","reviewed_primary_task_function_edge"
"occ_41_3021_00","task_occ_41_3021_00_jd_ins_04","fn_occ_41_3021_00_primary","delivers","0.9800","0.7759","0.6920","0.6579","0.2930","0.6016","src_role_function_seed_2026_03","0.7216","reviewed_primary_task_function_edge"
"occ_41_3031_00","task_occ_41_3031_00_23192","fn_occ_41_3031_00_primary","delivers","0.9800","0.8290","0.6695","0.7610","0.2930","0.6569","src_role_function_seed_2026_03","0.6253","reviewed_primary_task_function_edge"
"occ_41_3031_00","task_occ_41_3031_00_23193","fn_occ_41_3031_00_primary","delivers","0.9800","0.8290","0.6695","0.7610","0.2930","0.6569","src_role_function_seed_2026_03","0.6253","reviewed_primary_task_function_edge"
"occ_41_3031_00","task_occ_41_3031_00_23194","fn_occ_41_3031_00_primary","delivers","0.9800","0.8362","0.7295","0.7482","0.2930","0.6576","src_role_function_seed_2026_03","0.6801","reviewed_primary_task_function_edge"
"occ_41_3031_00","task_occ_41_3031_00_23195","fn_occ_41_3031_00_primary","delivers","0.9800","0.6415","0.6545","0.5935","0.3230","0.5882","src_role_function_seed_2026_03","0.6707","reviewed_primary_task_function_edge"
"occ_41_3031_00","task_occ_41_3031_00_23196","fn_occ_41_3031_00_primary","delivers","0.9800","0.8290","0.6320","0.7610","0.2930","0.6569","src_role_function_seed_2026_03","0.6253","reviewed_primary_task_function_edge"
"occ_41_3031_00","task_occ_41_3031_00_23197","fn_occ_41_3031_00_primary","delivers","0.9800","0.8362","0.7295","0.7482","0.2930","0.6576","src_role_function_seed_2026_03","0.6801","reviewed_primary_task_function_edge"
"occ_41_3031_00","task_occ_41_3031_00_23198","fn_occ_41_3031_00_primary","delivers","0.9800","0.6387","0.6545","0.5907","0.3230","0.5879","src_role_function_seed_2026_03","0.6707","reviewed_primary_task_function_edge"
"occ_41_3031_00","task_occ_41_3031_00_23199","fn_occ_41_3031_00_primary","delivers","0.9800","0.8362","0.6420","0.7482","0.2930","0.6576","src_role_function_seed_2026_03","0.6801","reviewed_primary_task_function_edge"
"occ_41_3031_00","task_occ_41_3031_00_23200","fn_occ_41_3031_00_primary","delivers","0.9800","0.8362","0.6420","0.7482","0.2930","0.6576","src_role_function_seed_2026_03","0.6801","reviewed_primary_task_function_edge"
"occ_41_3031_00","task_occ_41_3031_00_23201","fn_occ_41_3031_00_primary","delivers","0.9800","0.8327","0.6420","0.7447","0.2930","0.6573","src_role_function_seed_2026_03","0.6801","reviewed_primary_task_function_edge"
"occ_41_3031_00","task_occ_41_3031_00_23202","fn_occ_41_3031_00_primary","delivers","0.9800","0.5464","0.5670","0.4884","0.2730","0.5386","src_role_function_seed_2026_03","0.6498","reviewed_primary_task_function_edge"
"occ_41_3031_00","task_occ_41_3031_00_23203","fn_occ_41_3031_00_primary","delivers","0.9800","0.6685","0.6670","0.6005","0.2930","0.5908","src_role_function_seed_2026_03","0.6751","reviewed_primary_task_function_edge"
"occ_41_3031_00","task_occ_41_3031_00_23204","fn_occ_41_3031_00_primary","delivers","0.9800","0.8342","0.6420","0.7462","0.2930","0.6574","src_role_function_seed_2026_03","0.6801","reviewed_primary_task_function_edge"
"occ_41_3031_00","task_occ_41_3031_00_23205","fn_occ_41_3031_00_primary","delivers","0.9800","0.8099","0.7220","0.6819","0.3730","0.6350","src_role_function_seed_2026_03","0.5448","reviewed_primary_task_function_edge"
"occ_41_3031_00","task_occ_41_3031_00_23206","fn_occ_41_3031_00_primary","delivers","0.9800","0.8171","0.6420","0.7291","0.2930","0.6557","src_role_function_seed_2026_03","0.6949","reviewed_primary_task_function_edge"
"occ_41_3031_00","task_occ_41_3031_00_23207","fn_occ_41_3031_00_primary","delivers","0.9800","0.8290","0.6320","0.7610","0.2930","0.6569","src_role_function_seed_2026_03","0.6253","reviewed_primary_task_function_edge"
"occ_41_3031_00","task_occ_41_3031_00_23208","fn_occ_41_3031_00_primary","delivers","0.9800","0.7657","0.6945","0.6577","0.2930","0.6006","src_role_function_seed_2026_03","0.5448","reviewed_primary_task_function_edge"
"occ_41_3031_00","task_occ_41_3031_00_23209","fn_occ_41_3031_00_primary","delivers","0.9800","0.8306","0.6420","0.7426","0.2930","0.6571","src_role_function_seed_2026_03","0.6801","reviewed_primary_task_function_edge"
"occ_41_3031_00","task_occ_41_3031_00_23210","fn_occ_41_3031_00_primary","delivers","0.9800","0.8280","0.6320","0.7600","0.2930","0.6568","src_role_function_seed_2026_03","0.6253","reviewed_primary_task_function_edge"
"occ_41_3031_00","task_occ_41_3031_00_23211","fn_occ_41_3031_00_primary","delivers","0.9800","0.7187","0.6945","0.6107","0.2930","0.5959","src_role_function_seed_2026_03","0.5178","reviewed_primary_task_function_edge"
"occ_41_3031_00","task_occ_41_3031_00_23212","fn_occ_41_3031_00_primary","delivers","0.9800","0.8277","0.6420","0.7397","0.2930","0.6568","src_role_function_seed_2026_03","0.6801","reviewed_primary_task_function_edge"
"occ_41_3031_00","task_occ_41_3031_00_23213","fn_occ_41_3031_00_primary","delivers","0.9800","0.5940","0.5670","0.5360","0.2730","0.5434","src_role_function_seed_2026_03","0.6570","reviewed_primary_task_function_edge"
"occ_41_3031_00","task_occ_41_3031_00_23214","fn_occ_41_3031_00_primary","delivers","0.9800","0.8172","0.6420","0.7292","0.2930","0.6557","src_role_function_seed_2026_03","0.6801","reviewed_primary_task_function_edge"
"occ_41_3031_00","task_occ_41_3031_00_23215","fn_occ_41_3031_00_primary","delivers","0.9800","0.8005","0.7220","0.6725","0.3730","0.6341","src_role_function_seed_2026_03","0.5423","reviewed_primary_task_function_edge"
"occ_41_3031_00","task_occ_41_3031_00_23216","fn_occ_41_3031_00_primary","delivers","0.9800","0.8119","0.6320","0.7439","0.2930","0.6552","src_role_function_seed_2026_03","0.6033","reviewed_primary_task_function_edge"
"occ_41_3031_00","task_occ_41_3031_00_23217","fn_occ_41_3031_00_primary","delivers","0.9800","0.8075","0.6320","0.7395","0.2930","0.6548","src_role_function_seed_2026_03","0.6033","reviewed_primary_task_function_edge"
"occ_41_3031_00","task_occ_41_3031_00_23218","fn_occ_41_3031_00_primary","delivers","0.9800","0.7933","0.6320","0.7253","0.2930","0.6533","src_role_function_seed_2026_03","0.6281","reviewed_primary_task_function_edge"
"occ_41_3031_00","task_occ_41_3031_00_23219","fn_occ_41_3031_00_primary","delivers","0.9800","0.6294","0.6670","0.5614","0.2930","0.5869","src_role_function_seed_2026_03","0.6407","reviewed_primary_task_function_edge"
"occ_41_3031_00","task_occ_41_3031_00_23220","fn_occ_41_3031_00_primary","delivers","0.9800","0.7933","0.6320","0.7253","0.2930","0.6533","src_role_function_seed_2026_03","0.6033","reviewed_primary_task_function_edge"
"occ_41_3031_00","task_occ_41_3031_00_23221","fn_occ_41_3031_00_primary","delivers","0.9800","0.7959","0.6420","0.7079","0.2930","0.6536","src_role_function_seed_2026_03","0.6581","reviewed_primary_task_function_edge"
"occ_41_3031_00","task_occ_41_3031_00_jd_fss_01","fn_occ_41_3031_00_primary","delivers","0.9800","0.8077","0.6320","0.7397","0.2930","0.6548","src_role_function_seed_2026_03","0.7639","reviewed_primary_task_function_edge"
"occ_41_3031_00","task_occ_41_3031_00_jd_fss_02","fn_occ_41_3031_00_primary","delivers","0.9800","0.8307","0.7720","0.7027","0.3330","0.6671","src_role_function_seed_2026_03","0.7216","reviewed_primary_task_function_edge"
"occ_41_3031_00","task_occ_41_3031_00_jd_fss_03","fn_occ_41_3031_00_primary","delivers","0.9800","0.7627","0.6920","0.6447","0.2930","0.6003","src_role_function_seed_2026_03","0.7216","reviewed_primary_task_function_edge"
"occ_41_3031_00","task_occ_41_3031_00_jd_fss_04","fn_occ_41_3031_00_primary","delivers","0.9800","0.6234","0.5920","0.5754","0.3230","0.5863","src_role_function_seed_2026_03","0.7870","reviewed_primary_task_function_edge"
"occ_41_3091_00","task_occ_41_3091_00_23222","fn_occ_41_3091_00_account_stewardship","directly_supports","0.5479","0.6521","0.5556","0.7663","0.2048","0.5354","src_role_function_seed_2026_03|src_role_function_expansion_2026_03","0.5812","reviewed_multi_anchor_task_function_edge"
"occ_41_3091_00","task_occ_41_3091_00_23222","fn_occ_41_3091_00_primary","directly_supports","0.4521","0.6485","0.5584","0.7543","0.2552","0.5857","src_role_function_seed_2026_03|src_manual_role_graph_review_2026_03","0.5902","reviewed_primary_task_function_edge"
"occ_41_3091_00","task_occ_41_3091_00_23223","fn_occ_41_3091_00_account_stewardship","supports","0.4364","0.4477","0.5333","0.6210","0.1936","0.4482","src_role_function_seed_2026_03|src_role_function_expansion_2026_03","0.6397","reviewed_multi_anchor_task_function_edge"
"occ_41_3091_00","task_occ_41_3091_00_23223","fn_occ_41_3091_00_primary","supports","0.5636","0.5222","0.5807","0.6090","0.2664","0.5398","src_role_function_seed_2026_03|src_manual_role_graph_review_2026_03","0.6487","reviewed_primary_task_function_edge"
"occ_41_3091_00","task_occ_41_3091_00_23224","fn_occ_41_3091_00_account_stewardship","directly_supports","0.5454","0.6420","0.5451","0.7771","0.2045","0.5340","src_role_function_seed_2026_03|src_role_function_expansion_2026_03","0.5495","reviewed_multi_anchor_task_function_edge"
"occ_41_3091_00","task_occ_41_3091_00_23224","fn_occ_41_3091_00_primary","directly_supports","0.4546","0.6402","0.5489","0.7651","0.2555","0.5852","src_role_function_seed_2026_03|src_manual_role_graph_review_2026_03","0.5585","reviewed_primary_task_function_edge"
"occ_41_3091_00","task_occ_41_3091_00_23225","fn_occ_41_3091_00_account_stewardship","directly_supports","0.5479","0.6521","0.5556","0.7663","0.2048","0.5354","src_role_function_seed_2026_03|src_role_function_expansion_2026_03","0.5812","reviewed_multi_anchor_task_function_edge"
"occ_41_3091_00","task_occ_41_3091_00_23225","fn_occ_41_3091_00_primary","directly_supports","0.4521","0.6485","0.5584","0.7543","0.2552","0.5857","src_role_function_seed_2026_03|src_manual_role_graph_review_2026_03","0.5902","reviewed_primary_task_function_edge"
"occ_41_3091_00","task_occ_41_3091_00_23226","fn_occ_41_3091_00_account_stewardship","directly_supports","0.5479","0.6521","0.5556","0.7663","0.2048","0.5354","src_role_function_seed_2026_03|src_role_function_expansion_2026_03","0.5812","reviewed_multi_anchor_task_function_edge"
"occ_41_3091_00","task_occ_41_3091_00_23226","fn_occ_41_3091_00_primary","directly_supports","0.4521","0.6485","0.5584","0.7543","0.2552","0.5857","src_role_function_seed_2026_03|src_manual_role_graph_review_2026_03","0.5902","reviewed_primary_task_function_edge"
"occ_41_3091_00","task_occ_41_3091_00_23227","fn_occ_41_3091_00_account_stewardship","supports","0.4364","0.4477","0.5333","0.6210","0.1936","0.4482","src_role_function_seed_2026_03|src_role_function_expansion_2026_03","0.6323","reviewed_multi_anchor_task_function_edge"
"occ_41_3091_00","task_occ_41_3091_00_23227","fn_occ_41_3091_00_primary","supports","0.5636","0.5222","0.5807","0.6090","0.2664","0.5398","src_role_function_seed_2026_03|src_manual_role_graph_review_2026_03","0.6413","reviewed_primary_task_function_edge"
"occ_41_3091_00","task_occ_41_3091_00_23228","fn_occ_41_3091_00_account_stewardship","supports","0.4234","0.4431","0.4807","0.6210","0.1923","0.4458","src_role_function_seed_2026_03|src_role_function_expansion_2026_03","0.6397","reviewed_multi_anchor_task_function_edge"
"occ_41_3091_00","task_occ_41_3091_00_23228","fn_occ_41_3091_00_primary","supports","0.5766","0.5268","0.5333","0.6090","0.2677","0.5422","src_role_function_seed_2026_03|src_manual_role_graph_review_2026_03","0.6487","reviewed_primary_task_function_edge"
"occ_41_3091_00","task_occ_41_3091_00_23229","fn_occ_41_3091_00_account_stewardship","directly_supports","0.5454","0.6420","0.5451","0.7771","0.2045","0.5340","src_role_function_seed_2026_03|src_role_function_expansion_2026_03","0.5495","reviewed_multi_anchor_task_function_edge"
"occ_41_3091_00","task_occ_41_3091_00_23229","fn_occ_41_3091_00_primary","directly_supports","0.4546","0.6402","0.5489","0.7651","0.2555","0.5852","src_role_function_seed_2026_03|src_manual_role_graph_review_2026_03","0.5585","reviewed_primary_task_function_edge"
"occ_41_3091_00","task_occ_41_3091_00_23230","fn_occ_41_3091_00_account_stewardship","directly_supports","0.5479","0.6521","0.5556","0.7663","0.2048","0.5354","src_role_function_seed_2026_03|src_role_function_expansion_2026_03","0.5812","reviewed_multi_anchor_task_function_edge"
"occ_41_3091_00","task_occ_41_3091_00_23230","fn_occ_41_3091_00_primary","directly_supports","0.4521","0.6485","0.5584","0.7543","0.2552","0.5857","src_role_function_seed_2026_03|src_manual_role_graph_review_2026_03","0.5902","reviewed_primary_task_function_edge"
"occ_41_3091_00","task_occ_41_3091_00_23231","fn_occ_41_3091_00_account_stewardship","directly_supports","0.5479","0.6521","0.5556","0.7663","0.2048","0.5354","src_role_function_seed_2026_03|src_role_function_expansion_2026_03","0.6109","reviewed_multi_anchor_task_function_edge"
"occ_41_3091_00","task_occ_41_3091_00_23231","fn_occ_41_3091_00_primary","directly_supports","0.4521","0.6485","0.5584","0.7543","0.2552","0.5857","src_role_function_seed_2026_03|src_manual_role_graph_review_2026_03","0.6199","reviewed_primary_task_function_edge"
"occ_41_3091_00","task_occ_41_3091_00_23232","fn_occ_41_3091_00_account_stewardship","directly_supports","0.5479","0.6521","0.5556","0.7663","0.2048","0.5354","src_role_function_seed_2026_03|src_role_function_expansion_2026_03","0.5812","reviewed_multi_anchor_task_function_edge"
"occ_41_3091_00","task_occ_41_3091_00_23232","fn_occ_41_3091_00_primary","directly_supports","0.4521","0.6485","0.5584","0.7543","0.2552","0.5857","src_role_function_seed_2026_03|src_manual_role_graph_review_2026_03","0.5902","reviewed_primary_task_function_edge"
"occ_41_3091_00","task_occ_41_3091_00_23233","fn_occ_41_3091_00_account_stewardship","directly_supports","0.5479","0.6521","0.5556","0.7663","0.2048","0.5354","src_role_function_seed_2026_03|src_role_function_expansion_2026_03","0.5812","reviewed_multi_anchor_task_function_edge"
"occ_41_3091_00","task_occ_41_3091_00_23233","fn_occ_41_3091_00_primary","directly_supports","0.4521","0.6485","0.5584","0.7543","0.2552","0.5857","src_role_function_seed_2026_03|src_manual_role_graph_review_2026_03","0.5902","reviewed_primary_task_function_edge"
"occ_41_3091_00","task_occ_41_3091_00_23234","fn_occ_41_3091_00_account_stewardship","directly_supports","0.5454","0.6420","0.5451","0.7771","0.2045","0.5340","src_role_function_seed_2026_03|src_role_function_expansion_2026_03","0.5495","reviewed_multi_anchor_task_function_edge"
"occ_41_3091_00","task_occ_41_3091_00_23234","fn_occ_41_3091_00_primary","directly_supports","0.4546","0.6402","0.5489","0.7651","0.2555","0.5852","src_role_function_seed_2026_03|src_manual_role_graph_review_2026_03","0.5585","reviewed_primary_task_function_edge"
"occ_41_3091_00","task_occ_41_3091_00_23235","fn_occ_41_3091_00_account_stewardship","directly_supports","0.5454","0.6420","0.5451","0.7771","0.2045","0.5340","src_role_function_seed_2026_03|src_role_function_expansion_2026_03","0.5743","reviewed_multi_anchor_task_function_edge"
"occ_41_3091_00","task_occ_41_3091_00_23235","fn_occ_41_3091_00_primary","directly_supports","0.4546","0.6402","0.5489","0.7651","0.2555","0.5852","src_role_function_seed_2026_03|src_manual_role_graph_review_2026_03","0.5833","reviewed_primary_task_function_edge"
"occ_41_3091_00","task_occ_41_3091_00_23236","fn_occ_41_3091_00_account_stewardship","directly_supports","0.5454","0.6420","0.5451","0.7771","0.2045","0.5340","src_role_function_seed_2026_03|src_role_function_expansion_2026_03","0.5495","reviewed_multi_anchor_task_function_edge"
"occ_41_3091_00","task_occ_41_3091_00_23236","fn_occ_41_3091_00_primary","directly_supports","0.4546","0.6402","0.5489","0.7651","0.2555","0.5852","src_role_function_seed_2026_03|src_manual_role_graph_review_2026_03","0.5585","reviewed_primary_task_function_edge"
"occ_41_3091_00","task_occ_41_3091_00_jd_sr_01","fn_occ_41_3091_00_account_stewardship","directly_supports","0.5000","0.6687","0.6460","0.7997","0.2000","0.5299","src_role_function_seed_2026_03|src_role_function_expansion_2026_03","0.7121","reviewed_multi_anchor_task_function_edge"
"occ_41_3091_00","task_occ_41_3091_00_jd_sr_01","fn_occ_41_3091_00_primary","directly_supports","0.5000","0.6987","0.6680","0.7877","0.2600","0.5979","src_role_function_seed_2026_03|src_manual_role_graph_review_2026_03","0.7210","reviewed_primary_task_function_edge"
"occ_41_3091_00","task_occ_41_3091_00_jd_sr_02","fn_occ_41_3091_00_account_stewardship","supports","0.4474","0.4344","0.5280","0.6238","0.1947","0.4485","src_role_function_seed_2026_03|src_role_function_expansion_2026_03","0.7987","reviewed_multi_anchor_task_function_edge"
"occ_41_3091_00","task_occ_41_3091_00_jd_sr_02","fn_occ_41_3091_00_primary","supports","0.5526","0.5012","0.5710","0.6118","0.2653","0.5360","src_role_function_seed_2026_03|src_manual_role_graph_review_2026_03","0.8077","reviewed_primary_task_function_edge"
"occ_41_3091_00","task_occ_41_3091_00_jd_sr_03","fn_occ_41_3091_00_account_stewardship","directly_supports","0.5231","0.6103","0.5881","0.7032","0.2023","0.4775","src_role_function_seed_2026_03|src_role_function_expansion_2026_03","0.8045","reviewed_multi_anchor_task_function_edge"
"occ_41_3091_00","task_occ_41_3091_00_jd_sr_03","fn_occ_41_3091_00_primary","directly_supports","0.4769","0.6241","0.6009","0.6912","0.2577","0.5369","src_role_function_seed_2026_03|src_manual_role_graph_review_2026_03","0.8135","reviewed_primary_task_function_edge"
"occ_41_3091_00","task_occ_41_3091_00_jd_sr_04","fn_occ_41_3091_00_account_stewardship","directly_supports","0.5000","0.6533","0.5860","0.8043","0.2000","0.5283","src_role_function_seed_2026_03|src_role_function_expansion_2026_03","0.7101","reviewed_multi_anchor_task_function_edge"
"occ_41_3091_00","task_occ_41_3091_00_jd_sr_04","fn_occ_41_3091_00_primary","directly_supports","0.5000","0.6833","0.6080","0.7923","0.2600","0.5963","src_role_function_seed_2026_03|src_manual_role_graph_review_2026_03","0.7191","reviewed_primary_task_function_edge"
"occ_41_3091_00","task_occ_41_3091_00_manual_sr_01","fn_occ_41_3091_00_account_stewardship","directly_supports","0.5000","0.6677","0.6460","0.7987","0.2000","0.5298","src_role_function_seed_2026_03|src_role_function_expansion_2026_03","0.7121","reviewed_multi_anchor_task_function_edge"
"occ_41_3091_00","task_occ_41_3091_00_manual_sr_01","fn_occ_41_3091_00_primary","directly_supports","0.5000","0.6977","0.6680","0.7867","0.2600","0.5978","src_role_function_seed_2026_03|src_manual_role_graph_review_2026_03","0.7210","reviewed_primary_task_function_edge"
"occ_41_3091_00","task_occ_41_3091_00_manual_sr_02","fn_occ_41_3091_00_account_stewardship","directly_supports","0.5259","0.6059","0.6012","0.6978","0.2026","0.4775","src_role_function_seed_2026_03|src_role_function_expansion_2026_03","0.8045","reviewed_multi_anchor_task_function_edge"
"occ_41_3091_00","task_occ_41_3091_00_manual_sr_02","fn_occ_41_3091_00_primary","directly_supports","0.4741","0.6177","0.6128","0.6858","0.2574","0.5359","src_role_function_seed_2026_03|src_manual_role_graph_review_2026_03","0.8135","reviewed_primary_task_function_edge"
"occ_41_3091_00","task_occ_41_3091_00_manual_sr_03","fn_occ_41_3091_00_account_stewardship","directly_supports","0.5000","0.6550","0.5860","0.8060","0.2000","0.5285","src_role_function_seed_2026_03|src_role_function_expansion_2026_03","0.7101","reviewed_multi_anchor_task_function_edge"
"occ_41_3091_00","task_occ_41_3091_00_manual_sr_03","fn_occ_41_3091_00_primary","directly_supports","0.5000","0.6850","0.6080","0.7940","0.2600","0.5965","src_role_function_seed_2026_03|src_manual_role_graph_review_2026_03","0.7191","reviewed_primary_task_function_edge"
"occ_41_4011_00","task_occ_41_4011_00_11237","fn_occ_41_4011_00_primary","delivers","0.9800","0.8275","0.7295","0.7395","0.2930","0.6568","src_role_function_seed_2026_03","0.6801","reviewed_primary_task_function_edge"
"occ_41_4011_00","task_occ_41_4011_00_11238","fn_occ_41_4011_00_primary","delivers","0.9800","0.8193","0.6695","0.7513","0.2930","0.6559","src_role_function_seed_2026_03","0.6388","reviewed_primary_task_function_edge"
"occ_41_4011_00","task_occ_41_4011_00_11239","fn_occ_41_4011_00_primary","delivers","0.9800","0.8254","0.6420","0.7374","0.2930","0.6565","src_role_function_seed_2026_03","0.6801","reviewed_primary_task_function_edge"
"occ_41_4011_00","task_occ_41_4011_00_11240","fn_occ_41_4011_00_primary","delivers","0.9800","0.8196","0.6695","0.7516","0.2930","0.6560","src_role_function_seed_2026_03","0.6636","reviewed_primary_task_function_edge"
"occ_41_4011_00","task_occ_41_4011_00_11241","fn_occ_41_4011_00_primary","delivers","0.9800","0.8283","0.7295","0.7403","0.2930","0.6568","src_role_function_seed_2026_03","0.6801","reviewed_primary_task_function_edge"
"occ_41_4011_00","task_occ_41_4011_00_11245","fn_occ_41_4011_00_primary","delivers","0.9800","0.8129","0.6320","0.7449","0.2930","0.6553","src_role_function_seed_2026_03","0.6388","reviewed_primary_task_function_edge"
"occ_41_4011_00","task_occ_41_4011_00_11246","fn_occ_41_4011_00_primary","delivers","0.9800","0.8218","0.6420","0.7338","0.2930","0.6562","src_role_function_seed_2026_03","0.6652","reviewed_primary_task_function_edge"
"occ_41_4011_00","task_occ_41_4011_00_11248","fn_occ_41_4011_00_primary","delivers","0.9800","0.8041","0.6420","0.7161","0.2930","0.6544","src_role_function_seed_2026_03","0.6801","reviewed_primary_task_function_edge"
"occ_41_4011_00","task_occ_41_4011_00_11249","fn_occ_41_4011_00_primary","delivers","0.9800","0.8203","0.6420","0.7323","0.2930","0.6560","src_role_function_seed_2026_03","0.6801","reviewed_primary_task_function_edge"
"occ_41_4011_00","task_occ_41_4011_00_11251","fn_occ_41_4011_00_primary","delivers","0.9800","0.7581","0.6945","0.6501","0.2930","0.5998","src_role_function_seed_2026_03","0.6053","reviewed_primary_task_function_edge"
"occ_41_4011_00","task_occ_41_4011_00_11252","fn_occ_41_4011_00_primary","delivers","0.9800","0.6533","0.6420","0.6053","0.3230","0.5893","src_role_function_seed_2026_03","0.5494","reviewed_primary_task_function_edge"
"occ_41_4011_00","task_occ_41_4011_00_11256","fn_occ_41_4011_00_primary","delivers","0.9800","0.8028","0.6420","0.7148","0.2930","0.6543","src_role_function_seed_2026_03","0.6581","reviewed_primary_task_function_edge"
"occ_41_4011_00","task_occ_41_4011_00_11257","fn_occ_41_4011_00_primary","delivers","0.9800","0.7533","0.6845","0.6253","0.3730","0.6293","src_role_function_seed_2026_03","0.5857","reviewed_primary_task_function_edge"
"occ_41_4011_00","task_occ_41_4011_00_11261","fn_occ_41_4011_00_primary","delivers","0.9800","0.8247","0.6420","0.7367","0.2930","0.6565","src_role_function_seed_2026_03","0.6801","reviewed_primary_task_function_edge"
"occ_41_4011_00","task_occ_41_4011_00_11262","fn_occ_41_4011_00_primary","delivers","0.9800","0.7710","0.6320","0.7030","0.2930","0.6511","src_role_function_seed_2026_03","0.6168","reviewed_primary_task_function_edge"
"occ_41_4011_00","task_occ_41_4011_00_11265","fn_occ_41_4011_00_primary","delivers","0.9800","0.7871","0.6320","0.7191","0.2930","0.6527","src_role_function_seed_2026_03","0.6388","reviewed_primary_task_function_edge"
"occ_41_4011_00","task_occ_41_4011_00_11267","fn_occ_41_4011_00_primary","delivers","0.9800","0.7652","0.6320","0.6972","0.2930","0.6505","src_role_function_seed_2026_03","0.6168","reviewed_primary_task_function_edge"
"occ_41_4011_00","task_occ_41_4011_00_19825","fn_occ_41_4011_00_primary","delivers","0.9800","0.7662","0.6420","0.6782","0.2930","0.6506","src_role_function_seed_2026_03","0.6581","reviewed_primary_task_function_edge"
"occ_41_4011_00","task_occ_41_4011_00_19826","fn_occ_41_4011_00_primary","delivers","0.9800","0.7670","0.6420","0.6790","0.2930","0.6507","src_role_function_seed_2026_03","0.6729","reviewed_primary_task_function_edge"
"occ_41_4011_00","task_occ_41_4011_00_19828","fn_occ_41_4011_00_primary","delivers","0.9800","0.6137","0.6670","0.5457","0.2930","0.5854","src_role_function_seed_2026_03","0.6564","reviewed_primary_task_function_edge"
"occ_41_4011_00","task_occ_41_4011_00_20608","fn_occ_41_4011_00_primary","delivers","0.9800","0.6657","0.6670","0.5977","0.2930","0.5906","src_role_function_seed_2026_03","0.6685","reviewed_primary_task_function_edge"
"occ_41_4011_00","task_occ_41_4011_00_20609","fn_occ_41_4011_00_primary","delivers","0.9800","0.8261","0.6420","0.7381","0.2930","0.6566","src_role_function_seed_2026_03","0.6801","reviewed_primary_task_function_edge"
"occ_41_4011_00","task_occ_41_4011_00_20610","fn_occ_41_4011_00_primary","delivers","0.9800","0.8216","0.6420","0.7336","0.2930","0.6562","src_role_function_seed_2026_03","0.6801","reviewed_primary_task_function_edge"
"occ_41_4011_00","task_occ_41_4011_00_20611","fn_occ_41_4011_00_primary","delivers","0.9800","0.7841","0.6845","0.6561","0.3730","0.6324","src_role_function_seed_2026_03","0.6053","reviewed_primary_task_function_edge"
"occ_41_4011_00","task_occ_41_4011_00_20612","fn_occ_41_4011_00_primary","delivers","0.9800","0.8211","0.6420","0.7331","0.2930","0.6561","src_role_function_seed_2026_03","0.7098","reviewed_primary_task_function_edge"
"occ_41_4011_00","task_occ_41_4011_00_20613","fn_occ_41_4011_00_primary","delivers","0.9800","0.8145","0.6420","0.7265","0.2930","0.6554","src_role_function_seed_2026_03","0.6924","reviewed_primary_task_function_edge"
"occ_41_4011_00","task_occ_41_4011_00_20614","fn_occ_41_4011_00_primary","delivers","0.9800","0.6296","0.5920","0.5816","0.3230","0.5870","src_role_function_seed_2026_03","0.5544","reviewed_primary_task_function_edge"
"occ_41_4011_00","task_occ_41_4011_00_20615","fn_occ_41_4011_00_primary","delivers","0.9800","0.6298","0.5920","0.5618","0.2930","0.5870","src_role_function_seed_2026_03","0.6809","reviewed_primary_task_function_edge"
"occ_41_4011_00","task_occ_41_4011_00_20616","fn_occ_41_4011_00_primary","delivers","0.9800","0.8018","0.6320","0.7338","0.2930","0.6542","src_role_function_seed_2026_03","0.6168","reviewed_primary_task_function_edge"
"occ_41_4011_00","task_occ_41_4011_00_20617","fn_occ_41_4011_00_primary","delivers","0.9800","0.7982","0.6320","0.7302","0.2930","0.6538","src_role_function_seed_2026_03","0.6168","reviewed_primary_task_function_edge"
"occ_41_4011_00","task_occ_41_4011_00_20618","fn_occ_41_4011_00_primary","delivers","0.9800","0.7746","0.6320","0.7066","0.2930","0.6515","src_role_function_seed_2026_03","0.6168","reviewed_primary_task_function_edge"
"occ_41_4011_00","task_occ_41_4011_00_20619","fn_occ_41_4011_00_primary","delivers","0.9800","0.7515","0.6220","0.6235","0.3730","0.6292","src_role_function_seed_2026_03","0.5833","reviewed_primary_task_function_edge"
"occ_41_4011_00","task_occ_41_4011_00_20620","fn_occ_41_4011_00_primary","delivers","0.9800","0.7792","0.6420","0.6912","0.2930","0.6519","src_role_function_seed_2026_03","0.6581","reviewed_primary_task_function_edge"
"occ_41_4011_00","task_occ_41_4011_00_jd_tsr_01","fn_occ_41_4011_00_primary","delivers","0.9800","0.8098","0.6420","0.7218","0.2930","0.6550","src_role_function_seed_2026_03","0.7890","reviewed_primary_task_function_edge"
"occ_41_4011_00","task_occ_41_4011_00_jd_tsr_02","fn_occ_41_4011_00_primary","delivers","0.9800","0.8340","0.7595","0.7060","0.3330","0.6674","src_role_function_seed_2026_03","0.7216","reviewed_primary_task_function_edge"
"occ_41_4011_00","task_occ_41_4011_00_jd_tsr_03","fn_occ_41_4011_00_primary","delivers","0.9800","0.7645","0.6920","0.6465","0.2930","0.6005","src_role_function_seed_2026_03","0.7216","reviewed_primary_task_function_edge"
"occ_41_4011_00","task_occ_41_4011_00_jd_tsr_04","fn_occ_41_4011_00_primary","delivers","0.9800","0.6542","0.6420","0.6062","0.3230","0.5894","src_role_function_seed_2026_03","0.6658","reviewed_primary_task_function_edge"
"occ_43_1011_00","task_occ_43_1011_00_9703","fn_occ_43_1011_00_primary","delivers","0.9800","0.7770","0.5687","0.5640","0.3080","0.4957","src_role_function_seed_2026_03","0.5467","reviewed_primary_task_function_edge"
"occ_43_1011_00","task_occ_43_1011_00_9704","fn_occ_43_1011_00_primary","delivers","0.9800","0.7790","0.5687","0.5660","0.3080","0.4959","src_role_function_seed_2026_03","0.5467","reviewed_primary_task_function_edge"
"occ_43_1011_00","task_occ_43_1011_00_9705","fn_occ_43_1011_00_primary","delivers","0.9800","0.5688","0.4487","0.3958","0.3080","0.4249","src_role_function_seed_2026_03","0.6484","reviewed_primary_task_function_edge"
"occ_43_1011_00","task_occ_43_1011_00_9706","fn_occ_43_1011_00_primary","delivers","0.9800","0.7929","0.5737","0.5299","0.3880","0.5473","src_role_function_seed_2026_03","0.6053","reviewed_primary_task_function_edge"
"occ_43_1011_00","task_occ_43_1011_00_9707","fn_occ_43_1011_00_primary","delivers","0.9800","0.5470","0.4070","0.3740","0.3080","0.4227","src_role_function_seed_2026_03","0.6484","reviewed_primary_task_function_edge"
"occ_43_1011_00","task_occ_43_1011_00_9708","fn_occ_43_1011_00_primary","delivers","0.9800","0.5534","0.4070","0.3804","0.3080","0.4233","src_role_function_seed_2026_03","0.6484","reviewed_primary_task_function_edge"
"occ_43_1011_00","task_occ_43_1011_00_9709","fn_occ_43_1011_00_primary","delivers","0.9800","0.7531","0.6070","0.5001","0.3480","0.5033","src_role_function_seed_2026_03","0.6872","reviewed_primary_task_function_edge"
"occ_43_1011_00","task_occ_43_1011_00_9710","fn_occ_43_1011_00_primary","delivers","0.9800","0.7198","0.5070","0.4668","0.3880","0.4700","src_role_function_seed_2026_03","0.6350","reviewed_primary_task_function_edge"
"occ_43_1011_00","task_occ_43_1011_00_9711","fn_occ_43_1011_00_primary","delivers","0.9800","0.7231","0.5003","0.5301","0.3080","0.4903","src_role_function_seed_2026_03","0.6814","reviewed_primary_task_function_edge"
"occ_43_1011_00","task_occ_43_1011_00_9712","fn_occ_43_1011_00_primary","delivers","0.9800","0.6665","0.5087","0.4335","0.3080","0.4347","src_role_function_seed_2026_03","0.6658","reviewed_primary_task_function_edge"
"occ_43_1011_00","task_occ_43_1011_00_9713","fn_occ_43_1011_00_primary","delivers","0.9800","0.5637","0.4487","0.3907","0.3080","0.4244","src_role_function_seed_2026_03","0.6732","reviewed_primary_task_function_edge"
"occ_43_1011_00","task_occ_43_1011_00_9714","fn_occ_43_1011_00_primary","delivers","0.9800","0.5664","0.4603","0.3934","0.3380","0.4246","src_role_function_seed_2026_03","0.6325","reviewed_primary_task_function_edge"
"occ_43_1011_00","task_occ_43_1011_00_9715","fn_occ_43_1011_00_primary","delivers","0.9800","0.5623","0.4070","0.3893","0.3080","0.4242","src_role_function_seed_2026_03","0.6484","reviewed_primary_task_function_edge"
"occ_43_1011_00","task_occ_43_1011_00_9716","fn_occ_43_1011_00_primary","delivers","0.9800","0.6703","0.5103","0.4273","0.3080","0.4350","src_role_function_seed_2026_03","0.7007","reviewed_primary_task_function_edge"
"occ_43_1011_00","task_occ_43_1011_00_9717","fn_occ_43_1011_00_primary","delivers","0.9800","0.6930","0.5270","0.4500","0.3080","0.4373","src_role_function_seed_2026_03","0.5472","reviewed_primary_task_function_edge"
"occ_43_1011_00","task_occ_43_1011_00_9718","fn_occ_43_1011_00_primary","delivers","0.9800","0.4911","0.4020","0.3081","0.2880","0.3771","src_role_function_seed_2026_03","0.6523","reviewed_primary_task_function_edge"
"occ_43_1011_00","task_occ_43_1011_00_9719","fn_occ_43_1011_00_primary","delivers","0.9800","0.6019","0.4853","0.4089","0.3080","0.4282","src_role_function_seed_2026_03","0.6578","reviewed_primary_task_function_edge"
"occ_43_1011_00","task_occ_43_1011_00_9720","fn_occ_43_1011_00_primary","delivers","0.9800","0.7417","0.6070","0.4887","0.3480","0.5022","src_role_function_seed_2026_03","0.6872","reviewed_primary_task_function_edge"
"occ_43_1011_00","task_occ_43_1011_00_9721","fn_occ_43_1011_00_primary","delivers","0.9800","0.7808","0.5070","0.5178","0.3880","0.5461","src_role_function_seed_2026_03","0.6053","reviewed_primary_task_function_edge"
"occ_43_1011_00","task_occ_43_1011_00_9722","fn_occ_43_1011_00_primary","delivers","0.9800","0.5416","0.4070","0.3686","0.3080","0.4222","src_role_function_seed_2026_03","0.6484","reviewed_primary_task_function_edge"
"occ_43_1011_00","task_occ_43_1011_00_9723","fn_occ_43_1011_00_primary","delivers","0.9800","0.5862","0.4853","0.3932","0.3080","0.4266","src_role_function_seed_2026_03","0.6581","reviewed_primary_task_function_edge"
"occ_43_1011_00","task_occ_43_1011_00_9724","fn_occ_43_1011_00_primary","delivers","0.9800","0.5793","0.4270","0.3863","0.3080","0.4259","src_role_function_seed_2026_03","0.6358","reviewed_primary_task_function_edge"
"occ_43_1011_00","task_occ_43_1011_00_9725","fn_occ_43_1011_00_primary","delivers","0.9800","0.5139","0.4070","0.3409","0.3080","0.4194","src_role_function_seed_2026_03","0.6264","reviewed_primary_task_function_edge"
"occ_43_1011_00","task_occ_43_1011_00_9727","fn_occ_43_1011_00_primary","delivers","0.9800","0.6610","0.4270","0.4180","0.3080","0.4341","src_role_function_seed_2026_03","0.5252","reviewed_primary_task_function_edge"
"occ_43_1011_00","task_occ_43_1011_00_9728","fn_occ_43_1011_00_primary","delivers","0.9800","0.5060","0.4070","0.3330","0.3080","0.4186","src_role_function_seed_2026_03","0.6264","reviewed_primary_task_function_edge"
"occ_43_1011_00","task_occ_43_1011_00_9729","fn_occ_43_1011_00_primary","delivers","0.9800","0.7521","0.5070","0.4891","0.3880","0.5432","src_role_function_seed_2026_03","0.5833","reviewed_primary_task_function_edge"
"occ_43_1011_00","task_occ_43_1011_00_9730","fn_occ_43_1011_00_primary","delivers","0.9800","0.6616","0.4270","0.4186","0.3080","0.4342","src_role_function_seed_2026_03","0.5252","reviewed_primary_task_function_edge"
"occ_43_1011_00","task_occ_43_1011_00_9731","fn_occ_43_1011_00_primary","delivers","0.9800","0.6952","0.5070","0.4422","0.3480","0.4975","src_role_function_seed_2026_03","0.6503","reviewed_primary_task_function_edge"
"occ_43_1011_00","task_occ_43_1011_00_jd_oas_01","fn_occ_43_1011_00_primary","delivers","0.9800","0.7929","0.5737","0.5299","0.3880","0.5473","src_role_function_seed_2026_03","0.7216","reviewed_primary_task_function_edge"
"occ_43_1011_00","task_occ_43_1011_00_jd_oas_02","fn_occ_43_1011_00_primary","delivers","0.9800","0.5625","0.4070","0.3895","0.3080","0.4242","src_role_function_seed_2026_03","0.7870","reviewed_primary_task_function_edge"
"occ_43_1011_00","task_occ_43_1011_00_jd_oas_03","fn_occ_43_1011_00_primary","delivers","0.9800","0.7016","0.5270","0.4586","0.3080","0.4382","src_role_function_seed_2026_03","0.6561","reviewed_primary_task_function_edge"
"occ_43_1011_00","task_occ_43_1011_00_jd_oas_04","fn_occ_43_1011_00_primary","delivers","0.9800","0.7621","0.4770","0.5491","0.3080","0.4942","src_role_function_seed_2026_03","0.6581","reviewed_primary_task_function_edge"
"occ_43_3021_00","task_occ_43_3021_00_23237","fn_occ_43_3021_00_primary","delivers","0.9800","0.8355","0.6330","0.5935","0.6430","0.6376","src_role_function_seed_2026_03","0.5442","reviewed_primary_task_function_edge"
"occ_43_3021_00","task_occ_43_3021_00_23238","fn_occ_43_3021_00_primary","delivers","0.9800","0.8627","0.7330","0.6207","0.6430","0.6403","src_role_function_seed_2026_03","0.5417","reviewed_primary_task_function_edge"
"occ_43_3021_00","task_occ_43_3021_00_23239","fn_occ_43_3021_00_primary","delivers","0.9800","0.8533","0.7330","0.6113","0.6430","0.6393","src_role_function_seed_2026_03","0.5417","reviewed_primary_task_function_edge"
"occ_43_3021_00","task_occ_43_3021_00_23240","fn_occ_43_3021_00_primary","delivers","0.9800","0.7102","0.6863","0.5482","0.5930","0.5950","src_role_function_seed_2026_03","0.6226","reviewed_primary_task_function_edge"
"occ_43_3021_00","task_occ_43_3021_00_23241","fn_occ_43_3021_00_primary","delivers","0.9800","0.7052","0.6030","0.5432","0.5930","0.5945","src_role_function_seed_2026_03","0.6226","reviewed_primary_task_function_edge"
"occ_43_3021_00","task_occ_43_3021_00_23242","fn_occ_43_3021_00_primary","delivers","0.9800","0.7879","0.7097","0.5659","0.5630","0.6028","src_role_function_seed_2026_03","0.6196","reviewed_primary_task_function_edge"
"occ_43_3021_00","task_occ_43_3021_00_23243","fn_occ_43_3021_00_primary","delivers","0.9800","0.7012","0.6030","0.5392","0.5930","0.5941","src_role_function_seed_2026_03","0.6226","reviewed_primary_task_function_edge"
"occ_43_3021_00","task_occ_43_3021_00_23244","fn_occ_43_3021_00_primary","delivers","0.9800","0.8995","0.6863","0.6975","0.5630","0.6640","src_role_function_seed_2026_03","0.5472","reviewed_primary_task_function_edge"
"occ_43_3021_00","task_occ_43_3021_00_23245","fn_occ_43_3021_00_primary","delivers","0.9800","0.6869","0.6530","0.5249","0.5930","0.5927","src_role_function_seed_2026_03","0.6303","reviewed_primary_task_function_edge"
"occ_43_3021_00","task_occ_43_3021_00_23246","fn_occ_43_3021_00_primary","delivers","0.9800","0.7059","0.6363","0.5439","0.5930","0.5946","src_role_function_seed_2026_03","0.6523","reviewed_primary_task_function_edge"
"occ_43_3021_00","task_occ_43_3021_00_23247","fn_occ_43_3021_00_primary","delivers","0.9800","0.8730","0.6530","0.6710","0.5630","0.6613","src_role_function_seed_2026_03","0.5472","reviewed_primary_task_function_edge"
"occ_43_3021_00","task_occ_43_3021_00_23248","fn_occ_43_3021_00_primary","delivers","0.9800","0.7521","0.6430","0.5301","0.5630","0.5992","src_role_function_seed_2026_03","0.6196","reviewed_primary_task_function_edge"
"occ_43_3021_00","task_occ_43_3021_00_23249","fn_occ_43_3021_00_primary","delivers","0.9800","0.7499","0.6430","0.5279","0.5630","0.5990","src_role_function_seed_2026_03","0.6196","reviewed_primary_task_function_edge"
"occ_43_3021_00","task_occ_43_3021_00_23250","fn_occ_43_3021_00_primary","delivers","0.9800","0.7453","0.6430","0.5233","0.5630","0.5985","src_role_function_seed_2026_03","0.5976","reviewed_primary_task_function_edge"
"occ_43_3021_00","task_occ_43_3021_00_23251","fn_occ_43_3021_00_primary","delivers","0.9800","0.6331","0.6030","0.4611","0.5430","0.5473","src_role_function_seed_2026_03","0.5987","reviewed_primary_task_function_edge"
"occ_43_3021_00","task_occ_43_3021_00_23253","fn_occ_43_3021_00_primary","delivers","0.9800","0.7463","0.6430","0.5243","0.5630","0.5986","src_role_function_seed_2026_03","0.5976","reviewed_primary_task_function_edge"
"occ_43_3021_00","task_occ_43_3021_00_23254","fn_occ_43_3021_00_primary","delivers","0.9800","0.7603","0.7097","0.5383","0.5630","0.6000","src_role_function_seed_2026_03","0.5976","reviewed_primary_task_function_edge"
"occ_43_3021_00","task_occ_43_3021_00_23255","fn_occ_43_3021_00_primary","delivers","0.9800","0.8783","0.6530","0.6763","0.5630","0.6618","src_role_function_seed_2026_03","0.5104","reviewed_primary_task_function_edge"
"occ_43_3021_00","task_occ_43_3021_00_23256","fn_occ_43_3021_00_primary","delivers","0.9800","0.8805","0.6530","0.6785","0.5630","0.6621","src_role_function_seed_2026_03","0.5252","reviewed_primary_task_function_edge"
"occ_43_3021_00","task_occ_43_3021_00_23257","fn_occ_43_3021_00_primary","delivers","0.9800","0.6288","0.6030","0.4568","0.5430","0.5469","src_role_function_seed_2026_03","0.5912","reviewed_primary_task_function_edge"
"occ_43_3021_00","task_occ_43_3021_00_23258","fn_occ_43_3021_00_primary","delivers","0.9800","0.6776","0.6030","0.5156","0.5930","0.5918","src_role_function_seed_2026_03","0.6080","reviewed_primary_task_function_edge"
"occ_43_3021_00","task_occ_43_3021_00_23259","fn_occ_43_3021_00_primary","delivers","0.9800","0.8555","0.6530","0.6535","0.5630","0.6595","src_role_function_seed_2026_03","0.5252","reviewed_primary_task_function_edge"
"occ_43_3021_00","task_occ_43_3021_00_23260","fn_occ_43_3021_00_primary","delivers","0.9800","0.8112","0.6330","0.5692","0.6430","0.6351","src_role_function_seed_2026_03","0.5272","reviewed_primary_task_function_edge"
"occ_43_3021_00","task_occ_43_3021_00_23262","fn_occ_43_3021_00_primary","delivers","0.9800","0.7453","0.6430","0.5233","0.5630","0.5985","src_role_function_seed_2026_03","0.5976","reviewed_primary_task_function_edge"
"occ_43_3021_00","task_occ_43_3021_00_23263","fn_occ_43_3021_00_primary","delivers","0.9800","0.6648","0.6030","0.5028","0.5930","0.5905","src_role_function_seed_2026_03","0.6006","reviewed_primary_task_function_edge"
"occ_43_3021_00","task_occ_43_3021_00_23264","fn_occ_43_3021_00_primary","delivers","0.9800","0.6648","0.6030","0.5028","0.5930","0.5905","src_role_function_seed_2026_03","0.6080","reviewed_primary_task_function_edge"
"occ_43_3021_00","task_occ_43_3021_00_23265","fn_occ_43_3021_00_primary","delivers","0.9800","0.7892","0.6863","0.5572","0.5630","0.6029","src_role_function_seed_2026_03","0.5783","reviewed_primary_task_function_edge"
"occ_43_3021_00","task_occ_43_3021_00_23266","fn_occ_43_3021_00_primary","delivers","0.9800","0.8605","0.6530","0.6585","0.5630","0.6600","src_role_function_seed_2026_03","0.5252","reviewed_primary_task_function_edge"
"occ_43_3021_00","task_occ_43_3021_00_jd_bil_01","fn_occ_43_3021_00_primary","delivers","0.9800","0.6897","0.6663","0.5277","0.5630","0.5930","src_role_function_seed_2026_03","0.7216","reviewed_primary_task_function_edge"
"occ_43_3021_00","task_occ_43_3021_00_jd_bil_02","fn_occ_43_3021_00_primary","delivers","0.9800","0.8452","0.6330","0.6032","0.6430","0.6385","src_role_function_seed_2026_03","0.6581","reviewed_primary_task_function_edge"
"occ_43_3021_00","task_occ_43_3021_00_jd_bil_03","fn_occ_43_3021_00_primary","delivers","0.9800","0.8888","0.6863","0.6868","0.5630","0.6629","src_role_function_seed_2026_03","0.6561","reviewed_primary_task_function_edge"
"occ_43_3021_00","task_occ_43_3021_00_jd_bil_04","fn_occ_43_3021_00_primary","delivers","0.9800","0.6949","0.6030","0.5329","0.5930","0.5935","src_role_function_seed_2026_03","0.7389","reviewed_primary_task_function_edge"
"occ_43_3031_00","task_occ_43_3031_00_18561","fn_occ_43_3031_00_primary","delivers","0.9800","0.6317","0.5530","0.4597","0.5430","0.5472","src_role_function_seed_2026_03","0.6330","reviewed_primary_task_function_edge"
"occ_43_3031_00","task_occ_43_3031_00_2486","fn_occ_43_3031_00_primary","delivers","0.9800","0.7137","0.6697","0.5517","0.5930","0.5954","src_role_function_seed_2026_03","0.5569","reviewed_primary_task_function_edge"
"occ_43_3031_00","task_occ_43_3031_00_2487","fn_occ_43_3031_00_primary","delivers","0.9800","0.7978","0.6986","0.5758","0.5630","0.6038","src_role_function_seed_2026_03","0.6762","reviewed_primary_task_function_edge"
"occ_43_3031_00","task_occ_43_3031_00_2488","fn_occ_43_3031_00_primary","delivers","0.9800","0.7945","0.6986","0.5725","0.5630","0.6035","src_role_function_seed_2026_03","0.6465","reviewed_primary_task_function_edge"
"occ_43_3031_00","task_occ_43_3031_00_2489","fn_occ_43_3031_00_primary","delivers","0.9800","0.7855","0.6430","0.5635","0.5630","0.6025","src_role_function_seed_2026_03","0.6465","reviewed_primary_task_function_edge"
"occ_43_3031_00","task_occ_43_3031_00_2490","fn_occ_43_3031_00_primary","delivers","0.9800","0.6988","0.6030","0.5368","0.5930","0.5939","src_role_function_seed_2026_03","0.5717","reviewed_primary_task_function_edge"
"occ_43_3031_00","task_occ_43_3031_00_2491","fn_occ_43_3031_00_primary","delivers","0.9800","0.6346","0.5752","0.4626","0.5430","0.5475","src_role_function_seed_2026_03","0.6182","reviewed_primary_task_function_edge"
"occ_43_3031_00","task_occ_43_3031_00_2492","fn_occ_43_3031_00_primary","delivers","0.9800","0.8186","0.6330","0.5766","0.6430","0.6359","src_role_function_seed_2026_03","0.5272","reviewed_primary_task_function_edge"
"occ_43_3031_00","task_occ_43_3031_00_2493","fn_occ_43_3031_00_primary","delivers","0.9800","0.7073","0.6030","0.5453","0.5930","0.5947","src_role_function_seed_2026_03","0.5569","reviewed_primary_task_function_edge"
"occ_43_3031_00","task_occ_43_3031_00_2494","fn_occ_43_3031_00_primary","delivers","0.9800","0.7881","0.6430","0.5661","0.5630","0.6028","src_role_function_seed_2026_03","0.6465","reviewed_primary_task_function_edge"
"occ_43_3031_00","task_occ_43_3031_00_2495","fn_occ_43_3031_00_primary","delivers","0.9800","0.7101","0.6697","0.5481","0.5930","0.5950","src_role_function_seed_2026_03","0.5569","reviewed_primary_task_function_edge"
"occ_43_3031_00","task_occ_43_3031_00_2496","fn_occ_43_3031_00_primary","delivers","0.9800","0.7030","0.6030","0.5410","0.5930","0.5943","src_role_function_seed_2026_03","0.5742","reviewed_primary_task_function_edge"
"occ_43_3031_00","task_occ_43_3031_00_2497","fn_occ_43_3031_00_primary","delivers","0.9800","0.7902","0.6430","0.5682","0.5630","0.6030","src_role_function_seed_2026_03","0.6465","reviewed_primary_task_function_edge"
"occ_43_3031_00","task_occ_43_3031_00_2498","fn_occ_43_3031_00_primary","delivers","0.9800","0.7888","0.6430","0.5668","0.5630","0.6029","src_role_function_seed_2026_03","0.6465","reviewed_primary_task_function_edge"
"occ_43_3031_00","task_occ_43_3031_00_2499","fn_occ_43_3031_00_primary","delivers","0.9800","0.8260","0.7108","0.5840","0.6430","0.6366","src_role_function_seed_2026_03","0.5197","reviewed_primary_task_function_edge"
"occ_43_3031_00","task_occ_43_3031_00_2500","fn_occ_43_3031_00_primary","delivers","0.9800","0.7070","0.6030","0.5450","0.5930","0.5947","src_role_function_seed_2026_03","0.5494","reviewed_primary_task_function_edge"
"occ_43_3031_00","task_occ_43_3031_00_2501","fn_occ_43_3031_00_primary","delivers","0.9800","0.6453","0.5752","0.4733","0.5430","0.5485","src_role_function_seed_2026_03","0.6182","reviewed_primary_task_function_edge"
"occ_43_3031_00","task_occ_43_3031_00_2502","fn_occ_43_3031_00_primary","delivers","0.9800","0.7691","0.6430","0.5471","0.5630","0.6009","src_role_function_seed_2026_03","0.6245","reviewed_primary_task_function_edge"
"occ_43_3031_00","task_occ_43_3031_00_2503","fn_occ_43_3031_00_primary","delivers","0.9800","0.6329","0.5530","0.4609","0.5430","0.5473","src_role_function_seed_2026_03","0.6256","reviewed_primary_task_function_edge"
"occ_43_3031_00","task_occ_43_3031_00_2504","fn_occ_43_3031_00_primary","delivers","0.9800","0.6967","0.6586","0.5147","0.5630","0.5937","src_role_function_seed_2026_03","0.5734","reviewed_primary_task_function_edge"
"occ_43_3031_00","task_occ_43_3031_00_2505","fn_occ_43_3031_00_primary","delivers","0.9800","0.7719","0.6430","0.5499","0.5630","0.6012","src_role_function_seed_2026_03","0.6245","reviewed_primary_task_function_edge"
"occ_43_3031_00","task_occ_43_3031_00_2506","fn_occ_43_3031_00_primary","delivers","0.9800","0.6242","0.5530","0.4522","0.5430","0.5464","src_role_function_seed_2026_03","0.6330","reviewed_primary_task_function_edge"
"occ_43_3031_00","task_occ_43_3031_00_2507","fn_occ_43_3031_00_primary","delivers","0.9800","0.6770","0.6030","0.5150","0.5930","0.5917","src_role_function_seed_2026_03","0.5349","reviewed_primary_task_function_edge"
"occ_43_3031_00","task_occ_43_3031_00_2508","fn_occ_43_3031_00_primary","delivers","0.9800","0.8759","0.7163","0.6339","0.6030","0.6716","src_role_function_seed_2026_03","0.6072","reviewed_primary_task_function_edge"
"occ_43_3031_00","task_occ_43_3031_00_2509","fn_occ_43_3031_00_primary","delivers","0.9800","0.7037","0.6030","0.5417","0.5930","0.5944","src_role_function_seed_2026_03","0.5494","reviewed_primary_task_function_edge"
"occ_43_3031_00","task_occ_43_3031_00_2510","fn_occ_43_3031_00_primary","delivers","0.9800","0.6661","0.6030","0.5041","0.5930","0.5906","src_role_function_seed_2026_03","0.5349","reviewed_primary_task_function_edge"
"occ_43_3031_00","task_occ_43_3031_00_2511","fn_occ_43_3031_00_primary","delivers","0.9800","0.6553","0.6030","0.4933","0.5930","0.5895","src_role_function_seed_2026_03","0.5274","reviewed_primary_task_function_edge"
"occ_43_3031_00","task_occ_43_3031_00_2514","fn_occ_43_3031_00_primary","delivers","0.9800","0.6724","0.6030","0.5104","0.5930","0.5912","src_role_function_seed_2026_03","0.5274","reviewed_primary_task_function_edge"
"occ_43_3031_00","task_occ_43_3031_00_jd_bk_01","fn_occ_43_3031_00_primary","delivers","0.9800","0.7020","0.6141","0.5400","0.5930","0.5942","src_role_function_seed_2026_03","0.6658","reviewed_primary_task_function_edge"
"occ_43_3031_00","task_occ_43_3031_00_jd_bk_02","fn_occ_43_3031_00_primary","delivers","0.9800","0.8448","0.7330","0.6028","0.6430","0.6385","src_role_function_seed_2026_03","0.6581","reviewed_primary_task_function_edge"
"occ_43_3031_00","task_occ_43_3031_00_jd_bk_03","fn_occ_43_3031_00_primary","delivers","0.9800","0.8190","0.6586","0.5870","0.5630","0.6059","src_role_function_seed_2026_03","0.7216","reviewed_primary_task_function_edge"
"occ_43_3031_00","task_occ_43_3031_00_jd_bk_04","fn_occ_43_3031_00_primary","delivers","0.9800","0.8172","0.6474","0.5852","0.5630","0.6057","src_role_function_seed_2026_03","0.7216","reviewed_primary_task_function_edge"
"occ_43_4031_00","task_occ_43_4031_00_23267","fn_occ_43_4031_00_primary","delivers","0.9800","0.9433","0.8320","0.7053","0.8230","0.8433","src_role_function_seed_2026_03","0.6765","reviewed_primary_task_function_edge"
"occ_43_4031_00","task_occ_43_4031_00_23268","fn_occ_43_4031_00_primary","delivers","0.9800","0.8174","0.7687","0.6594","0.7730","0.8007","src_role_function_seed_2026_03","0.6685","reviewed_primary_task_function_edge"
"occ_43_4031_00","task_occ_43_4031_00_23269","fn_occ_43_4031_00_primary","delivers","0.9800","0.7981","0.7020","0.6401","0.7730","0.7988","src_role_function_seed_2026_03","0.6611","reviewed_primary_task_function_edge"
"occ_43_4031_00","task_occ_43_4031_00_23270","fn_occ_43_4031_00_primary","delivers","0.9800","0.8167","0.7020","0.6587","0.7730","0.8007","src_role_function_seed_2026_03","0.6611","reviewed_primary_task_function_edge"
"occ_43_4031_00","task_occ_43_4031_00_23271","fn_occ_43_4031_00_primary","delivers","0.9800","0.7991","0.7020","0.6411","0.7730","0.7989","src_role_function_seed_2026_03","0.6388","reviewed_primary_task_function_edge"
"occ_43_4031_00","task_occ_43_4031_00_23272","fn_occ_43_4031_00_primary","delivers","0.9800","0.8160","0.7020","0.6580","0.7730","0.8006","src_role_function_seed_2026_03","0.6611","reviewed_primary_task_function_edge"
"occ_43_4031_00","task_occ_43_4031_00_23273","fn_occ_43_4031_00_primary","delivers","0.9800","0.8160","0.7020","0.6580","0.7730","0.8006","src_role_function_seed_2026_03","0.6388","reviewed_primary_task_function_edge"
"occ_43_4031_00","task_occ_43_4031_00_23274","fn_occ_43_4031_00_primary","delivers","0.9800","0.8454","0.7853","0.6674","0.7430","0.8035","src_role_function_seed_2026_03","0.5299","reviewed_primary_task_function_edge"
"occ_43_4031_00","task_occ_43_4031_00_23275","fn_occ_43_4031_00_primary","delivers","0.9800","0.8124","0.7020","0.6544","0.7730","0.8002","src_role_function_seed_2026_03","0.6685","reviewed_primary_task_function_edge"
"occ_43_4031_00","task_occ_43_4031_00_23276","fn_occ_43_4031_00_primary","delivers","0.9800","0.7960","0.7020","0.6380","0.7730","0.7986","src_role_function_seed_2026_03","0.6611","reviewed_primary_task_function_edge"
"occ_43_4031_00","task_occ_43_4031_00_23277","fn_occ_43_4031_00_primary","delivers","0.9800","0.8131","0.7020","0.6551","0.7730","0.8003","src_role_function_seed_2026_03","0.6388","reviewed_primary_task_function_edge"
"occ_43_4031_00","task_occ_43_4031_00_23278","fn_occ_43_4031_00_primary","delivers","0.9800","0.8160","0.7020","0.6580","0.7730","0.8006","src_role_function_seed_2026_03","0.6611","reviewed_primary_task_function_edge"
"occ_43_4031_00","task_occ_43_4031_00_23279","fn_occ_43_4031_00_primary","delivers","0.9800","0.9183","0.7320","0.6803","0.8230","0.8408","src_role_function_seed_2026_03","0.6839","reviewed_primary_task_function_edge"
"occ_43_4031_00","task_occ_43_4031_00_23280","fn_occ_43_4031_00_primary","delivers","0.9800","0.9280","0.7853","0.7000","0.7430","0.8118","src_role_function_seed_2026_03","0.6102","reviewed_primary_task_function_edge"
"occ_43_4031_00","task_occ_43_4031_00_23281","fn_occ_43_4031_00_primary","delivers","0.9800","0.8131","0.7020","0.6551","0.7730","0.8003","src_role_function_seed_2026_03","0.6908","reviewed_primary_task_function_edge"
"occ_43_4031_00","task_occ_43_4031_00_23282","fn_occ_43_4031_00_primary","delivers","0.9800","0.8152","0.7020","0.6572","0.7730","0.8005","src_role_function_seed_2026_03","0.6685","reviewed_primary_task_function_edge"
"occ_43_4031_00","task_occ_43_4031_00_23283","fn_occ_43_4031_00_primary","delivers","0.9800","0.9333","0.8320","0.6953","0.8230","0.8423","src_role_function_seed_2026_03","0.6765","reviewed_primary_task_function_edge"
"occ_43_4031_00","task_occ_43_4031_00_23284","fn_occ_43_4031_00_primary","delivers","0.9800","0.8188","0.7687","0.6608","0.7730","0.8009","src_role_function_seed_2026_03","0.6685","reviewed_primary_task_function_edge"
"occ_43_4031_00","task_occ_43_4031_00_23285","fn_occ_43_4031_00_primary","delivers","0.9800","0.8034","0.7020","0.6454","0.7730","0.7993","src_role_function_seed_2026_03","0.6388","reviewed_primary_task_function_edge"
"occ_43_4031_00","task_occ_43_4031_00_23286","fn_occ_43_4031_00_primary","delivers","0.9800","0.7523","0.7187","0.5843","0.7230","0.7542","src_role_function_seed_2026_03","0.5758","reviewed_primary_task_function_edge"
"occ_43_4031_00","task_occ_43_4031_00_23287","fn_occ_43_4031_00_primary","delivers","0.9800","0.9011","0.8020","0.6731","0.7430","0.8091","src_role_function_seed_2026_03","0.6781","reviewed_primary_task_function_edge"
"occ_43_4031_00","task_occ_43_4031_00_23288","fn_occ_43_4031_00_primary","delivers","0.9800","0.8138","0.7020","0.6558","0.7730","0.8004","src_role_function_seed_2026_03","0.6388","reviewed_primary_task_function_edge"
"occ_43_4031_00","task_occ_43_4031_00_23289","fn_occ_43_4031_00_primary","delivers","0.9800","0.9114","0.8020","0.6834","0.7430","0.8101","src_role_function_seed_2026_03","0.6781","reviewed_primary_task_function_edge"
"occ_43_4031_00","task_occ_43_4031_00_23290","fn_occ_43_4031_00_primary","delivers","0.9800","0.8073","0.7020","0.6493","0.7730","0.7997","src_role_function_seed_2026_03","0.6388","reviewed_primary_task_function_edge"
"occ_43_4031_00","task_occ_43_4031_00_23291","fn_occ_43_4031_00_primary","delivers","0.9800","0.9001","0.7520","0.6721","0.7430","0.8090","src_role_function_seed_2026_03","0.6127","reviewed_primary_task_function_edge"
"occ_43_4031_00","task_occ_43_4031_00_23292","fn_occ_43_4031_00_primary","delivers","0.9800","0.7830","0.7020","0.6250","0.7730","0.7973","src_role_function_seed_2026_03","0.6388","reviewed_primary_task_function_edge"
"occ_43_4031_00","task_occ_43_4031_00_23293","fn_occ_43_4031_00_primary","delivers","0.9800","0.7770","0.7020","0.6190","0.7730","0.7967","src_role_function_seed_2026_03","0.6168","reviewed_primary_task_function_edge"
"occ_43_4031_00","task_occ_43_4031_00_23294","fn_occ_43_4031_00_primary","delivers","0.9800","0.8882","0.7853","0.6602","0.7430","0.8078","src_role_function_seed_2026_03","0.5783","reviewed_primary_task_function_edge"
"occ_43_4031_00","task_occ_43_4031_00_23295","fn_occ_43_4031_00_primary","delivers","0.9800","0.7719","0.7020","0.6139","0.7730","0.7962","src_role_function_seed_2026_03","0.6465","reviewed_primary_task_function_edge"
"occ_43_4031_00","task_occ_43_4031_00_23296","fn_occ_43_4031_00_primary","delivers","0.9800","0.7708","0.7487","0.6128","0.7430","0.7961","src_role_function_seed_2026_03","0.5857","reviewed_primary_task_function_edge"
"occ_43_4031_00","task_occ_43_4031_00_jd_clerk_01","fn_occ_43_4031_00_primary","delivers","0.9800","0.8039","0.7487","0.6459","0.7430","0.7994","src_role_function_seed_2026_03","0.7216","reviewed_primary_task_function_edge"
"occ_43_4031_00","task_occ_43_4031_00_jd_clerk_02","fn_occ_43_4031_00_primary","delivers","0.9800","0.9900","0.8353","0.7936","0.7430","0.8680","src_role_function_seed_2026_03","0.7216","reviewed_primary_task_function_edge"
"occ_43_4031_00","task_occ_43_4031_00_jd_clerk_03","fn_occ_43_4031_00_primary","delivers","0.9800","0.9273","0.7320","0.6893","0.8230","0.8417","src_role_function_seed_2026_03","0.7928","reviewed_primary_task_function_edge"
"occ_43_4031_00","task_occ_43_4031_00_jd_clerk_04","fn_occ_43_4031_00_primary","delivers","0.9800","0.8017","0.7020","0.6437","0.7730","0.7992","src_role_function_seed_2026_03","0.7774","reviewed_primary_task_function_edge"
"occ_43_4051_00","task_occ_43_4051_00_18565","fn_occ_43_4051_00_primary","delivers","0.9800","0.8288","0.6870","0.7388","0.3230","0.5789","src_role_function_seed_2026_03|src_manual_role_graph_review_2026_03","0.6674","reviewed_primary_task_function_edge"
"occ_43_4051_00","task_occ_43_4051_00_2578","fn_occ_43_4051_00_primary","delivers","0.9800","0.8288","0.6870","0.7388","0.3230","0.5789","src_role_function_seed_2026_03|src_manual_role_graph_review_2026_03","0.6674","reviewed_primary_task_function_edge"
"occ_43_4051_00","task_occ_43_4051_00_2579","fn_occ_43_4051_00_primary","delivers","0.9800","0.8063","0.5870","0.7163","0.3230","0.5766","src_role_function_seed_2026_03|src_manual_role_graph_review_2026_03","0.6454","reviewed_primary_task_function_edge"
"occ_43_4051_00","task_occ_43_4051_00_2580","fn_occ_43_4051_00_primary","delivers","0.9800","0.8288","0.5870","0.7388","0.3230","0.5789","src_role_function_seed_2026_03|src_manual_role_graph_review_2026_03","0.6674","reviewed_primary_task_function_edge"
"occ_43_4051_00","task_occ_43_4051_00_2581","fn_occ_43_4051_00_primary","delivers","0.9800","0.8260","0.5870","0.7360","0.3230","0.5786","src_role_function_seed_2026_03|src_manual_role_graph_review_2026_03","0.6674","reviewed_primary_task_function_edge"
"occ_43_4051_00","task_occ_43_4051_00_2582","fn_occ_43_4051_00_primary","delivers","0.9800","0.8239","0.5870","0.7339","0.3230","0.5784","src_role_function_seed_2026_03|src_manual_role_graph_review_2026_03","0.6674","reviewed_primary_task_function_edge"
"occ_43_4051_00","task_occ_43_4051_00_2583","fn_occ_43_4051_00_primary","delivers","0.9800","0.7451","0.6537","0.6251","0.3230","0.5205","src_role_function_seed_2026_03|src_manual_role_graph_review_2026_03","0.6608","reviewed_primary_task_function_edge"
"occ_43_4051_00","task_occ_43_4051_00_2584","fn_occ_43_4051_00_primary","delivers","0.9800","0.6123","0.6037","0.5623","0.3530","0.5072","src_role_function_seed_2026_03|src_manual_role_graph_review_2026_03","0.7222","reviewed_primary_task_function_edge"
"occ_43_4051_00","task_occ_43_4051_00_2585","fn_occ_43_4051_00_primary","delivers","0.9800","0.7063","0.6548","0.5963","0.3230","0.5166","src_role_function_seed_2026_03|src_manual_role_graph_review_2026_03","0.6661","reviewed_primary_task_function_edge"
"occ_43_4051_00","task_occ_43_4051_00_2586","fn_occ_43_4051_00_primary","delivers","0.9800","0.7133","0.5703","0.5933","0.3230","0.5173","src_role_function_seed_2026_03|src_manual_role_graph_review_2026_03","0.6991","reviewed_primary_task_function_edge"
"occ_43_4051_00","task_occ_43_4051_00_2587","fn_occ_43_4051_00_primary","delivers","0.9800","0.7532","0.6337","0.6232","0.4030","0.5513","src_role_function_seed_2026_03|src_manual_role_graph_review_2026_03","0.7186","reviewed_primary_task_function_edge"
"occ_43_4051_00","task_occ_43_4051_00_2589","fn_occ_43_4051_00_primary","delivers","0.9800","0.6202","0.6259","0.5502","0.3230","0.5080","src_role_function_seed_2026_03|src_manual_role_graph_review_2026_03","0.6363","reviewed_primary_task_function_edge"
"occ_43_4051_00","task_occ_43_4051_00_2591","fn_occ_43_4051_00_primary","delivers","0.9800","0.7684","0.7059","0.6384","0.3630","0.5828","src_role_function_seed_2026_03|src_manual_role_graph_review_2026_03","0.6762","reviewed_primary_task_function_edge"
"occ_43_4051_00","task_occ_43_4051_00_jd_cs_01","fn_occ_43_4051_00_primary","delivers","0.9800","0.8197","0.5981","0.7297","0.3230","0.5780","src_role_function_seed_2026_03|src_manual_role_graph_review_2026_03","0.7788","reviewed_primary_task_function_edge"
"occ_43_4051_00","task_occ_43_4051_00_jd_cs_02","fn_occ_43_4051_00_primary","delivers","0.9800","0.7306","0.6370","0.6106","0.3230","0.5191","src_role_function_seed_2026_03|src_manual_role_graph_review_2026_03","0.8597","reviewed_primary_task_function_edge"
"occ_43_4051_00","task_occ_43_4051_00_jd_cs_03","fn_occ_43_4051_00_primary","delivers","0.9800","0.6023","0.6148","0.5523","0.3530","0.5062","src_role_function_seed_2026_03|src_manual_role_graph_review_2026_03","0.8385","reviewed_primary_task_function_edge"
"occ_43_4051_00","task_occ_43_4051_00_jd_cs_04","fn_occ_43_4051_00_primary","delivers","0.9800","0.7608","0.6337","0.6308","0.4030","0.5521","src_role_function_seed_2026_03|src_manual_role_graph_review_2026_03","0.8519","reviewed_primary_task_function_edge"
"occ_43_4051_00","task_occ_43_4051_00_jd_cs2_01","fn_occ_43_4051_00_primary","delivers","0.9800","0.6121","0.5614","0.5621","0.3230","0.5072","src_role_function_seed_2026_03|src_manual_role_graph_review_2026_03","0.8231","reviewed_primary_task_function_edge"
"occ_43_4051_00","task_occ_43_4051_00_jd_cs2_02","fn_occ_43_4051_00_primary","delivers","0.9800","0.7258","0.6548","0.6158","0.3230","0.5186","src_role_function_seed_2026_03|src_manual_role_graph_review_2026_03","0.7846","reviewed_primary_task_function_edge"
"occ_43_4051_00","task_occ_43_4051_00_jd_cs2_03","fn_occ_43_4051_00_primary","delivers","0.9800","0.7989","0.6214","0.7289","0.3230","0.5759","src_role_function_seed_2026_03|src_manual_role_graph_review_2026_03","0.7846","reviewed_primary_task_function_edge"
"occ_43_4051_00","task_occ_43_4051_00_jd_cs2_04","fn_occ_43_4051_00_primary","delivers","0.9800","0.8103","0.7059","0.6803","0.3630","0.5870","src_role_function_seed_2026_03|src_manual_role_graph_review_2026_03","0.8096","reviewed_primary_task_function_edge"
"occ_43_4051_00","task_occ_43_4051_00_manual_cs_01","fn_occ_43_4051_00_primary","delivers","0.9800","0.8172","0.6092","0.7272","0.3230","0.5777","src_role_function_seed_2026_03|src_manual_role_graph_review_2026_03","0.7788","reviewed_primary_task_function_edge"
"occ_43_4051_00","task_occ_43_4051_00_manual_cs_02","fn_occ_43_4051_00_primary","delivers","0.9800","0.5770","0.5481","0.5270","0.3530","0.5037","src_role_function_seed_2026_03|src_manual_role_graph_review_2026_03","0.8165","reviewed_primary_task_function_edge"
"occ_43_4051_00","task_occ_43_4051_00_manual_cs_03","fn_occ_43_4051_00_primary","delivers","0.9800","0.7259","0.5926","0.6059","0.3230","0.5186","src_role_function_seed_2026_03|src_manual_role_graph_review_2026_03","0.8597","reviewed_primary_task_function_edge"
"occ_43_4131_00","task_occ_43_4131_00_11291","fn_occ_43_4131_00_primary","delivers","0.9800","0.6785","0.7030","0.5165","0.5930","0.5919","src_role_function_seed_2026_03","0.6820","reviewed_primary_task_function_edge"
"occ_43_4131_00","task_occ_43_4131_00_11292","fn_occ_43_4131_00_primary","delivers","0.9800","0.7934","0.6430","0.5714","0.5630","0.6033","src_role_function_seed_2026_03","0.5175","reviewed_primary_task_function_edge"
"occ_43_4131_00","task_occ_43_4131_00_11293","fn_occ_43_4131_00_primary","delivers","0.9800","0.6592","0.6030","0.4972","0.5930","0.5899","src_role_function_seed_2026_03","0.6820","reviewed_primary_task_function_edge"
"occ_43_4131_00","task_occ_43_4131_00_11294","fn_occ_43_4131_00_primary","delivers","0.9800","0.8913","0.7363","0.6893","0.5630","0.6631","src_role_function_seed_2026_03","0.6226","reviewed_primary_task_function_edge"
"occ_43_4131_00","task_occ_43_4131_00_11295","fn_occ_43_4131_00_primary","delivers","0.9800","0.8919","0.7363","0.6899","0.5630","0.6632","src_role_function_seed_2026_03","0.6127","reviewed_primary_task_function_edge"
"occ_43_4131_00","task_occ_43_4131_00_11296","fn_occ_43_4131_00_primary","delivers","0.9800","0.6756","0.7030","0.5136","0.5930","0.5916","src_role_function_seed_2026_03","0.6745","reviewed_primary_task_function_edge"
"occ_43_4131_00","task_occ_43_4131_00_11297","fn_occ_43_4131_00_primary","delivers","0.9800","0.6715","0.6030","0.5095","0.5930","0.5911","src_role_function_seed_2026_03","0.6820","reviewed_primary_task_function_edge"
"occ_43_4131_00","task_occ_43_4131_00_11298","fn_occ_43_4131_00_primary","delivers","0.9800","0.8885","0.6530","0.6865","0.5630","0.6629","src_role_function_seed_2026_03","0.6275","reviewed_primary_task_function_edge"
"occ_43_4131_00","task_occ_43_4131_00_11299","fn_occ_43_4131_00_primary","delivers","0.9800","0.8370","0.6997","0.5950","0.6430","0.6377","src_role_function_seed_2026_03","0.6627","reviewed_primary_task_function_edge"
"occ_43_4131_00","task_occ_43_4131_00_11300","fn_occ_43_4131_00_primary","delivers","0.9800","0.8741","0.6530","0.6721","0.5630","0.6614","src_role_function_seed_2026_03","0.6127","reviewed_primary_task_function_edge"
"occ_43_4131_00","task_occ_43_4131_00_11301","fn_occ_43_4131_00_primary","delivers","0.9800","0.8086","0.7263","0.5866","0.5630","0.6049","src_role_function_seed_2026_03","0.5175","reviewed_primary_task_function_edge"
"occ_43_4131_00","task_occ_43_4131_00_11302","fn_occ_43_4131_00_primary","delivers","0.9800","0.6710","0.6030","0.5090","0.5930","0.5911","src_role_function_seed_2026_03","0.6745","reviewed_primary_task_function_edge"
"occ_43_4131_00","task_occ_43_4131_00_11303","fn_occ_43_4131_00_primary","delivers","0.9800","0.8110","0.6863","0.5790","0.5630","0.6051","src_role_function_seed_2026_03","0.6033","reviewed_primary_task_function_edge"
"occ_43_4131_00","task_occ_43_4131_00_11304","fn_occ_43_4131_00_primary","delivers","0.9800","0.7805","0.7263","0.5585","0.5630","0.6021","src_role_function_seed_2026_03","0.4955","reviewed_primary_task_function_edge"
"occ_43_4131_00","task_occ_43_4131_00_11305","fn_occ_43_4131_00_primary","delivers","0.9800","0.8879","0.7830","0.6459","0.6030","0.6728","src_role_function_seed_2026_03","0.6127","reviewed_primary_task_function_edge"
"occ_43_4131_00","task_occ_43_4131_00_11306","fn_occ_43_4131_00_primary","delivers","0.9800","0.7730","0.6430","0.5510","0.5630","0.6013","src_role_function_seed_2026_03","0.4955","reviewed_primary_task_function_edge"
"occ_43_4131_00","task_occ_43_4131_00_11307","fn_occ_43_4131_00_primary","delivers","0.9800","0.8370","0.6997","0.5950","0.6430","0.6377","src_role_function_seed_2026_03","0.6627","reviewed_primary_task_function_edge"
"occ_43_4131_00","task_occ_43_4131_00_11308","fn_occ_43_4131_00_primary","delivers","0.9800","0.7651","0.6430","0.5431","0.5630","0.6005","src_role_function_seed_2026_03","0.4955","reviewed_primary_task_function_edge"
"occ_43_4131_00","task_occ_43_4131_00_jd_lcl_01","fn_occ_43_4131_00_primary","delivers","0.9800","0.8824","0.6530","0.6804","0.5630","0.6622","src_role_function_seed_2026_03","0.7216","reviewed_primary_task_function_edge"
"occ_43_4131_00","task_occ_43_4131_00_jd_lcl_02","fn_occ_43_4131_00_primary","delivers","0.9800","0.6879","0.6497","0.5259","0.5630","0.5928","src_role_function_seed_2026_03","0.7216","reviewed_primary_task_function_edge"
"occ_43_4131_00","task_occ_43_4131_00_jd_lcl_03","fn_occ_43_4131_00_primary","delivers","0.9800","0.8258","0.6863","0.5938","0.5630","0.6066","src_role_function_seed_2026_03","0.7466","reviewed_primary_task_function_edge"
"occ_43_4131_00","task_occ_43_4131_00_jd_lcl_04","fn_occ_43_4131_00_primary","delivers","0.9800","0.8267","0.6330","0.5847","0.6430","0.6367","src_role_function_seed_2026_03","0.7716","reviewed_primary_task_function_edge"
"occ_43_4171_00","task_occ_43_4171_00_744","fn_occ_43_4171_00_primary","delivers","0.9800","0.6978","0.5270","0.4548","0.3080","0.4378","src_role_function_seed_2026_03","0.6663","reviewed_primary_task_function_edge"
"occ_43_4171_00","task_occ_43_4171_00_745","fn_occ_43_4171_00_primary","delivers","0.9800","0.5757","0.4603","0.4027","0.3380","0.4256","src_role_function_seed_2026_03","0.6572","reviewed_primary_task_function_edge"
"occ_43_4171_00","task_occ_43_4171_00_746","fn_occ_43_4171_00_primary","delivers","0.9800","0.5635","0.4270","0.3905","0.3380","0.4244","src_role_function_seed_2026_03","0.6869","reviewed_primary_task_function_edge"
"occ_43_4171_00","task_occ_43_4171_00_747","fn_occ_43_4171_00_primary","delivers","0.9800","0.5353","0.4103","0.3523","0.2880","0.3815","src_role_function_seed_2026_03","0.6515","reviewed_primary_task_function_edge"
"occ_43_4171_00","task_occ_43_4171_00_748","fn_occ_43_4171_00_primary","delivers","0.9800","0.7551","0.5770","0.5421","0.3080","0.4935","src_role_function_seed_2026_03","0.6680","reviewed_primary_task_function_edge"
"occ_43_4171_00","task_occ_43_4171_00_749","fn_occ_43_4171_00_primary","delivers","0.9800","0.5657","0.4270","0.3927","0.3380","0.4246","src_role_function_seed_2026_03","0.6845","reviewed_primary_task_function_edge"
"occ_43_4171_00","task_occ_43_4171_00_750","fn_occ_43_4171_00_primary","delivers","0.9800","0.5664","0.4603","0.3934","0.3380","0.4246","src_role_function_seed_2026_03","0.6646","reviewed_primary_task_function_edge"
"occ_43_4171_00","task_occ_43_4171_00_751","fn_occ_43_4171_00_primary","delivers","0.9800","0.5583","0.5070","0.3853","0.3080","0.4238","src_role_function_seed_2026_03","0.6737","reviewed_primary_task_function_edge"
"occ_43_4171_00","task_occ_43_4171_00_752","fn_occ_43_4171_00_primary","delivers","0.9800","0.7368","0.4937","0.5238","0.3080","0.4917","src_role_function_seed_2026_03","0.6460","reviewed_primary_task_function_edge"
"occ_43_4171_00","task_occ_43_4171_00_753","fn_occ_43_4171_00_primary","delivers","0.9800","0.5511","0.5070","0.3781","0.3080","0.4231","src_role_function_seed_2026_03","0.6465","reviewed_primary_task_function_edge"
"occ_43_4171_00","task_occ_43_4171_00_754","fn_occ_43_4171_00_primary","delivers","0.9800","0.5423","0.4270","0.3693","0.3380","0.4222","src_role_function_seed_2026_03","0.6352","reviewed_primary_task_function_edge"
"occ_43_4171_00","task_occ_43_4171_00_755","fn_occ_43_4171_00_primary","delivers","0.9800","0.6838","0.4937","0.4408","0.3080","0.4364","src_role_function_seed_2026_03","0.5978","reviewed_primary_task_function_edge"
"occ_43_4171_00","task_occ_43_4171_00_756","fn_occ_43_4171_00_primary","delivers","0.9800","0.5069","0.4103","0.3239","0.2880","0.3787","src_role_function_seed_2026_03","0.6220","reviewed_primary_task_function_edge"
"occ_43_4171_00","task_occ_43_4171_00_757","fn_occ_43_4171_00_primary","delivers","0.9800","0.4984","0.4070","0.3254","0.3080","0.4178","src_role_function_seed_2026_03","0.6245","reviewed_primary_task_function_edge"
"occ_43_4171_00","task_occ_43_4171_00_758","fn_occ_43_4171_00_primary","delivers","0.9800","0.4933","0.3770","0.3103","0.2880","0.3773","src_role_function_seed_2026_03","0.6369","reviewed_primary_task_function_edge"
"occ_43_4171_00","task_occ_43_4171_00_759","fn_occ_43_4171_00_primary","delivers","0.9800","0.6614","0.4603","0.4184","0.3080","0.4341","src_role_function_seed_2026_03","0.6443","reviewed_primary_task_function_edge"
"occ_43_4171_00","task_occ_43_4171_00_760","fn_occ_43_4171_00_primary","delivers","0.9800","0.5177","0.4070","0.3447","0.3080","0.4198","src_role_function_seed_2026_03","0.6245","reviewed_primary_task_function_edge"
"occ_43_4171_00","task_occ_43_4171_00_762","fn_occ_43_4171_00_primary","delivers","0.9800","0.7544","0.5903","0.5014","0.3480","0.5034","src_role_function_seed_2026_03","0.5954","reviewed_primary_task_function_edge"
"occ_43_4171_00","task_occ_43_4171_00_jd_rec_01","fn_occ_43_4171_00_primary","delivers","0.9800","0.7524","0.5603","0.5394","0.3080","0.4932","src_role_function_seed_2026_03","0.7793","reviewed_primary_task_function_edge"
"occ_43_4171_00","task_occ_43_4171_00_jd_rec_02","fn_occ_43_4171_00_primary","delivers","0.9800","0.5483","0.4070","0.3753","0.3080","0.4228","src_role_function_seed_2026_03","0.7851","reviewed_primary_task_function_edge"
"occ_43_4171_00","task_occ_43_4171_00_jd_rec_03","fn_occ_43_4171_00_primary","delivers","0.9800","0.6834","0.4937","0.4404","0.3080","0.4363","src_role_function_seed_2026_03","0.7851","reviewed_primary_task_function_edge"
"occ_43_4171_00","task_occ_43_4171_00_jd_rec_04","fn_occ_43_4171_00_primary","delivers","0.9800","0.5590","0.4270","0.3860","0.3380","0.4239","src_role_function_seed_2026_03","0.7736","reviewed_primary_task_function_edge"
"occ_43_6011_00","task_occ_43_6011_00_18573","fn_occ_43_6011_00_primary","delivers","0.9800","0.7990","0.5434","0.5360","0.3880","0.5479","src_role_function_seed_2026_03","0.5783","reviewed_primary_task_function_edge"
"occ_43_6011_00","task_occ_43_6011_00_18574","fn_occ_43_6011_00_primary","delivers","0.9800","0.5615","0.4725","0.3885","0.3380","0.4242","src_role_function_seed_2026_03","0.6553","reviewed_primary_task_function_edge"
"occ_43_6011_00","task_occ_43_6011_00_18575","fn_occ_43_6011_00_primary","delivers","0.9800","0.6759","0.5270","0.4329","0.3080","0.4356","src_role_function_seed_2026_03","0.6531","reviewed_primary_task_function_edge"
"occ_43_6011_00","task_occ_43_6011_00_18576","fn_occ_43_6011_00_primary","delivers","0.9800","0.6980","0.5270","0.4550","0.3080","0.4378","src_role_function_seed_2026_03","0.6531","reviewed_primary_task_function_edge"
"occ_43_6011_00","task_occ_43_6011_00_18577","fn_occ_43_6011_00_primary","delivers","0.9800","0.5456","0.4070","0.3726","0.3080","0.4226","src_role_function_seed_2026_03","0.6542","reviewed_primary_task_function_edge"
"occ_43_6011_00","task_occ_43_6011_00_18578","fn_occ_43_6011_00_primary","delivers","0.9800","0.4868","0.4043","0.3038","0.2880","0.3767","src_role_function_seed_2026_03","0.6350","reviewed_primary_task_function_edge"
"occ_43_6011_00","task_occ_43_6011_00_18579","fn_occ_43_6011_00_primary","delivers","0.9800","0.6475","0.4270","0.4045","0.3080","0.4328","src_role_function_seed_2026_03","0.6212","reviewed_primary_task_function_edge"
"occ_43_6011_00","task_occ_43_6011_00_2770","fn_occ_43_6011_00_primary","delivers","0.9800","0.7990","0.5434","0.5360","0.3880","0.5479","src_role_function_seed_2026_03","0.5783","reviewed_primary_task_function_edge"
"occ_43_6011_00","task_occ_43_6011_00_2771","fn_occ_43_6011_00_primary","delivers","0.9800","0.5666","0.4725","0.3936","0.3380","0.4247","src_role_function_seed_2026_03","0.6850","reviewed_primary_task_function_edge"
"occ_43_6011_00","task_occ_43_6011_00_2772","fn_occ_43_6011_00_primary","delivers","0.9800","0.6705","0.5125","0.4375","0.3080","0.4350","src_role_function_seed_2026_03","0.6102","reviewed_primary_task_function_edge"
"occ_43_6011_00","task_occ_43_6011_00_2773","fn_occ_43_6011_00_primary","delivers","0.9800","0.5521","0.4434","0.3791","0.3080","0.4232","src_role_function_seed_2026_03","0.6542","reviewed_primary_task_function_edge"
"occ_43_6011_00","task_occ_43_6011_00_2774","fn_occ_43_6011_00_primary","delivers","0.9800","0.5594","0.4270","0.3864","0.3380","0.4239","src_role_function_seed_2026_03","0.7098","reviewed_primary_task_function_edge"
"occ_43_6011_00","task_occ_43_6011_00_2775","fn_occ_43_6011_00_primary","delivers","0.9800","0.5521","0.4070","0.3791","0.3080","0.4232","src_role_function_seed_2026_03","0.6542","reviewed_primary_task_function_edge"
"occ_43_6011_00","task_occ_43_6011_00_2776","fn_occ_43_6011_00_primary","delivers","0.9800","0.6165","0.4634","0.4235","0.3080","0.4296","src_role_function_seed_2026_03","0.5395","reviewed_primary_task_function_edge"
"occ_43_6011_00","task_occ_43_6011_00_2779","fn_occ_43_6011_00_primary","delivers","0.9800","0.5564","0.4434","0.3834","0.3080","0.4236","src_role_function_seed_2026_03","0.6542","reviewed_primary_task_function_edge"
"occ_43_6011_00","task_occ_43_6011_00_2780","fn_occ_43_6011_00_primary","delivers","0.9800","0.6809","0.5043","0.4379","0.3080","0.4361","src_role_function_seed_2026_03","0.5659","reviewed_primary_task_function_edge"
"occ_43_6011_00","task_occ_43_6011_00_2781","fn_occ_43_6011_00_primary","delivers","0.9800","0.6485","0.5043","0.4055","0.3080","0.4329","src_role_function_seed_2026_03","0.5142","reviewed_primary_task_function_edge"
"occ_43_6011_00","task_occ_43_6011_00_2782","fn_occ_43_6011_00_primary","delivers","0.9800","0.5365","0.4270","0.3635","0.3380","0.4217","src_role_function_seed_2026_03","0.6553","reviewed_primary_task_function_edge"
"occ_43_6011_00","task_occ_43_6011_00_2784","fn_occ_43_6011_00_primary","delivers","0.9800","0.7648","0.5070","0.5018","0.3880","0.5445","src_role_function_seed_2026_03","0.5563","reviewed_primary_task_function_edge"
"occ_43_6011_00","task_occ_43_6011_00_2785","fn_occ_43_6011_00_primary","delivers","0.9800","0.7841","0.5070","0.5211","0.3880","0.5464","src_role_function_seed_2026_03","0.5613","reviewed_primary_task_function_edge"
"occ_43_6011_00","task_occ_43_6011_00_2787","fn_occ_43_6011_00_primary","delivers","0.9800","0.6746","0.5297","0.4216","0.3880","0.4655","src_role_function_seed_2026_03","0.5247","reviewed_primary_task_function_edge"
"occ_43_6011_00","task_occ_43_6011_00_2788","fn_occ_43_6011_00_primary","delivers","0.9800","0.6522","0.5125","0.4192","0.3080","0.4332","src_role_function_seed_2026_03","0.5783","reviewed_primary_task_function_edge"
"occ_43_6011_00","task_occ_43_6011_00_jd_ea_01","fn_occ_43_6011_00_primary","delivers","0.9800","0.7535","0.5034","0.5605","0.3080","0.4934","src_role_function_seed_2026_03","0.7216","reviewed_primary_task_function_edge"
"occ_43_6011_00","task_occ_43_6011_00_jd_ea_02","fn_occ_43_6011_00_primary","delivers","0.9800","0.5599","0.4452","0.3869","0.3380","0.4240","src_role_function_seed_2026_03","0.7716","reviewed_primary_task_function_edge"
"occ_43_6011_00","task_occ_43_6011_00_jd_ea_03","fn_occ_43_6011_00_primary","delivers","0.9800","0.7568","0.5497","0.5438","0.3080","0.4937","src_role_function_seed_2026_03","0.7485","reviewed_primary_task_function_edge"
"occ_43_6011_00","task_occ_43_6011_00_jd_ea_04","fn_occ_43_6011_00_primary","delivers","0.9800","0.7990","0.5161","0.5360","0.3880","0.5479","src_role_function_seed_2026_03","0.6946","reviewed_primary_task_function_edge"
"occ_43_6014_00","task_occ_43_6014_00_20280","fn_occ_43_6014_00_primary","delivers","0.9800","0.5220","0.4103","0.3390","0.2880","0.3802","src_role_function_seed_2026_03","0.6878","reviewed_primary_task_function_edge"
"occ_43_6014_00","task_occ_43_6014_00_20281","fn_occ_43_6014_00_primary","delivers","0.9800","0.5220","0.4103","0.3390","0.2880","0.3802","src_role_function_seed_2026_03","0.6803","reviewed_primary_task_function_edge"
"occ_43_6014_00","task_occ_43_6014_00_20282","fn_occ_43_6014_00_primary","delivers","0.9800","0.5799","0.4603","0.4069","0.3380","0.4260","src_role_function_seed_2026_03","0.6638","reviewed_primary_task_function_edge"
"occ_43_6014_00","task_occ_43_6014_00_20283","fn_occ_43_6014_00_primary","delivers","0.9800","0.5726","0.4570","0.3996","0.3080","0.4253","src_role_function_seed_2026_03","0.5599","reviewed_primary_task_function_edge"
"occ_43_6014_00","task_occ_43_6014_00_20284","fn_occ_43_6014_00_primary","delivers","0.9800","0.5770","0.4603","0.4040","0.3380","0.4257","src_role_function_seed_2026_03","0.6341","reviewed_primary_task_function_edge"
"occ_43_6014_00","task_occ_43_6014_00_20285","fn_occ_43_6014_00_primary","delivers","0.9800","0.4837","0.3770","0.3007","0.2880","0.3764","src_role_function_seed_2026_03","0.6658","reviewed_primary_task_function_edge"
"occ_43_6014_00","task_occ_43_6014_00_20286","fn_occ_43_6014_00_primary","delivers","0.9800","0.5571","0.4270","0.3841","0.3380","0.4237","src_role_function_seed_2026_03","0.6121","reviewed_primary_task_function_edge"
"occ_43_6014_00","task_occ_43_6014_00_20287","fn_occ_43_6014_00_primary","delivers","0.9800","0.6837","0.4603","0.4407","0.3080","0.4364","src_role_function_seed_2026_03","0.5599","reviewed_primary_task_function_edge"
"occ_43_6014_00","task_occ_43_6014_00_20288","fn_occ_43_6014_00_primary","delivers","0.9800","0.5627","0.4270","0.3697","0.3080","0.4243","src_role_function_seed_2026_03","0.5511","reviewed_primary_task_function_edge"
"occ_43_6014_00","task_occ_43_6014_00_20289","fn_occ_43_6014_00_primary","delivers","0.9800","0.5418","0.4070","0.3688","0.3080","0.4222","src_role_function_seed_2026_03","0.5599","reviewed_primary_task_function_edge"
"occ_43_6014_00","task_occ_43_6014_00_20290","fn_occ_43_6014_00_primary","delivers","0.9800","0.5836","0.4270","0.3906","0.3080","0.4264","src_role_function_seed_2026_03","0.5607","reviewed_primary_task_function_edge"
"occ_43_6014_00","task_occ_43_6014_00_2790","fn_occ_43_6014_00_primary","delivers","0.9800","0.5776","0.4570","0.4046","0.3080","0.4258","src_role_function_seed_2026_03","0.5599","reviewed_primary_task_function_edge"
"occ_43_6014_00","task_occ_43_6014_00_2791","fn_occ_43_6014_00_primary","delivers","0.9800","0.7990","0.5403","0.5360","0.3880","0.5479","src_role_function_seed_2026_03","0.5417","reviewed_primary_task_function_edge"
"occ_43_6014_00","task_occ_43_6014_00_2793","fn_occ_43_6014_00_primary","delivers","0.9800","0.5133","0.3770","0.3303","0.2880","0.3793","src_role_function_seed_2026_03","0.6754","reviewed_primary_task_function_edge"
"occ_43_6014_00","task_occ_43_6014_00_2794","fn_occ_43_6014_00_primary","delivers","0.9800","0.5661","0.4070","0.3931","0.3080","0.4246","src_role_function_seed_2026_03","0.5822","reviewed_primary_task_function_edge"
"occ_43_6014_00","task_occ_43_6014_00_2795","fn_occ_43_6014_00_primary","delivers","0.9800","0.5675","0.4070","0.3945","0.3080","0.4248","src_role_function_seed_2026_03","0.5599","reviewed_primary_task_function_edge"
"occ_43_6014_00","task_occ_43_6014_00_2796","fn_occ_43_6014_00_primary","delivers","0.9800","0.5661","0.4070","0.3931","0.3080","0.4246","src_role_function_seed_2026_03","0.5599","reviewed_primary_task_function_edge"
"occ_43_6014_00","task_occ_43_6014_00_2797","fn_occ_43_6014_00_primary","delivers","0.9800","0.7003","0.5070","0.4473","0.3880","0.4680","src_role_function_seed_2026_03","0.6468","reviewed_primary_task_function_edge"
"occ_43_6014_00","task_occ_43_6014_00_2799","fn_occ_43_6014_00_primary","delivers","0.9800","0.5872","0.4770","0.3942","0.3080","0.4267","src_role_function_seed_2026_03","0.5731","reviewed_primary_task_function_edge"
"occ_43_6014_00","task_occ_43_6014_00_2800","fn_occ_43_6014_00_primary","delivers","0.9800","0.5690","0.4070","0.3960","0.3080","0.4249","src_role_function_seed_2026_03","0.5871","reviewed_primary_task_function_edge"
"occ_43_6014_00","task_occ_43_6014_00_2801","fn_occ_43_6014_00_primary","delivers","0.9800","0.7716","0.5270","0.5586","0.3080","0.4952","src_role_function_seed_2026_03","0.5783","reviewed_primary_task_function_edge"
"occ_43_6014_00","task_occ_43_6014_00_2802","fn_occ_43_6014_00_primary","delivers","0.9800","0.7711","0.5403","0.5081","0.3880","0.5451","src_role_function_seed_2026_03","0.5197","reviewed_primary_task_function_edge"
"occ_43_6014_00","task_occ_43_6014_00_2803","fn_occ_43_6014_00_primary","delivers","0.9800","0.5245","0.4070","0.3515","0.3080","0.4204","src_role_function_seed_2026_03","0.5379","reviewed_primary_task_function_edge"
"occ_43_6014_00","task_occ_43_6014_00_2804","fn_occ_43_6014_00_primary","delivers","0.9800","0.5411","0.4070","0.3681","0.3080","0.4221","src_role_function_seed_2026_03","0.5599","reviewed_primary_task_function_edge"
"occ_43_6014_00","task_occ_43_6014_00_2805","fn_occ_43_6014_00_primary","delivers","0.9800","0.5661","0.4070","0.3931","0.3080","0.4246","src_role_function_seed_2026_03","0.5599","reviewed_primary_task_function_edge"
"occ_43_6014_00","task_occ_43_6014_00_2806","fn_occ_43_6014_00_primary","delivers","0.9800","0.7490","0.5270","0.5360","0.3080","0.4929","src_role_function_seed_2026_03","0.5266","reviewed_primary_task_function_edge"
"occ_43_6014_00","task_occ_43_6014_00_2808","fn_occ_43_6014_00_primary","delivers","0.9800","0.5718","0.4770","0.3788","0.3080","0.4252","src_role_function_seed_2026_03","0.5387","reviewed_primary_task_function_edge"
"occ_43_6014_00","task_occ_43_6014_00_2809","fn_occ_43_6014_00_primary","delivers","0.9800","0.5359","0.4070","0.3629","0.3080","0.4216","src_role_function_seed_2026_03","0.5626","reviewed_primary_task_function_edge"
"occ_43_6014_00","task_occ_43_6014_00_2812","fn_occ_43_6014_00_primary","delivers","0.9800","0.5369","0.4070","0.3639","0.3080","0.4217","src_role_function_seed_2026_03","0.5379","reviewed_primary_task_function_edge"
"occ_43_6014_00","task_occ_43_6014_00_2813","fn_occ_43_6014_00_primary","delivers","0.9800","0.7106","0.5270","0.4676","0.3080","0.4391","src_role_function_seed_2026_03","0.5819","reviewed_primary_task_function_edge"
"occ_43_6014_00","task_occ_43_6014_00_2814","fn_occ_43_6014_00_primary","delivers","0.9800","0.5278","0.4070","0.3548","0.3080","0.4208","src_role_function_seed_2026_03","0.5379","reviewed_primary_task_function_edge"
"occ_43_6014_00","task_occ_43_6014_00_jd_adm_01","fn_occ_43_6014_00_primary","delivers","0.9800","0.7101","0.5020","0.4671","0.3080","0.4390","src_role_function_seed_2026_03","0.6908","reviewed_primary_task_function_edge"
"occ_43_6014_00","task_occ_43_6014_00_jd_adm_02","fn_occ_43_6014_00_primary","delivers","0.9800","0.5761","0.4437","0.4031","0.3380","0.4256","src_role_function_seed_2026_03","0.7505","reviewed_primary_task_function_edge"
"occ_43_6014_00","task_occ_43_6014_00_jd_adm_03","fn_occ_43_6014_00_primary","delivers","0.9800","0.7057","0.4437","0.4627","0.3080","0.4386","src_role_function_seed_2026_03","0.6908","reviewed_primary_task_function_edge"
"occ_43_6014_00","task_occ_43_6014_00_jd_adm_04","fn_occ_43_6014_00_primary","delivers","0.9800","0.7103","0.5153","0.4573","0.3880","0.4690","src_role_function_seed_2026_03","0.7582","reviewed_primary_task_function_edge"
"occ_43_9041_00","task_occ_43_9041_00_23313","fn_occ_43_9041_00_primary","delivers","0.9800","0.6392","0.5814","0.4842","0.4880","0.5359","src_role_function_seed_2026_03","0.6781","reviewed_primary_task_function_edge"
"occ_43_9041_00","task_occ_43_9041_00_23314","fn_occ_43_9041_00_primary","delivers","0.9800","0.6042","0.5203","0.4392","0.4380","0.4924","src_role_function_seed_2026_03","0.6691","reviewed_primary_task_function_edge"
"occ_43_9041_00","task_occ_43_9041_00_23315","fn_occ_43_9041_00_primary","delivers","0.9800","0.6042","0.5203","0.4392","0.4380","0.4924","src_role_function_seed_2026_03","0.6715","reviewed_primary_task_function_edge"
"occ_43_9041_00","task_occ_43_9041_00_23316","fn_occ_43_9041_00_primary","delivers","0.9800","0.7740","0.6092","0.5490","0.4580","0.5494","src_role_function_seed_2026_03","0.6077","reviewed_primary_task_function_edge"
"occ_43_9041_00","task_occ_43_9041_00_23317","fn_occ_43_9041_00_primary","delivers","0.9800","0.7888","0.6370","0.5638","0.4580","0.5509","src_role_function_seed_2026_03","0.5830","reviewed_primary_task_function_edge"
"occ_43_9041_00","task_occ_43_9041_00_23318","fn_occ_43_9041_00_primary","delivers","0.9800","0.8116","0.6337","0.5766","0.5380","0.5832","src_role_function_seed_2026_03","0.5486","reviewed_primary_task_function_edge"
"occ_43_9041_00","task_occ_43_9041_00_23319","fn_occ_43_9041_00_primary","delivers","0.9800","0.6007","0.4870","0.4357","0.4380","0.4921","src_role_function_seed_2026_03","0.6839","reviewed_primary_task_function_edge"
"occ_43_9041_00","task_occ_43_9041_00_23320","fn_occ_43_9041_00_primary","delivers","0.9800","0.5999","0.4870","0.4349","0.4380","0.4920","src_role_function_seed_2026_03","0.6790","reviewed_primary_task_function_edge"
"occ_43_9041_00","task_occ_43_9041_00_23321","fn_occ_43_9041_00_primary","delivers","0.9800","0.8332","0.6203","0.6382","0.4580","0.6053","src_role_function_seed_2026_03","0.6660","reviewed_primary_task_function_edge"
"occ_43_9041_00","task_occ_43_9041_00_23322","fn_occ_43_9041_00_primary","delivers","0.9800","0.7852","0.5926","0.5602","0.4580","0.5505","src_role_function_seed_2026_03","0.5830","reviewed_primary_task_function_edge"
"occ_43_9041_00","task_occ_43_9041_00_23323","fn_occ_43_9041_00_primary","delivers","0.9800","0.8073","0.6337","0.5723","0.5380","0.5827","src_role_function_seed_2026_03","0.5734","reviewed_primary_task_function_edge"
"occ_43_9041_00","task_occ_43_9041_00_23324","fn_occ_43_9041_00_primary","delivers","0.9800","0.8770","0.6614","0.6320","0.5380","0.6597","src_role_function_seed_2026_03","0.5417","reviewed_primary_task_function_edge"
"occ_43_9041_00","task_occ_43_9041_00_23325","fn_occ_43_9041_00_primary","delivers","0.9800","0.6277","0.5814","0.4727","0.4880","0.5348","src_role_function_seed_2026_03","0.6781","reviewed_primary_task_function_edge"
"occ_43_9041_00","task_occ_43_9041_00_23326","fn_occ_43_9041_00_primary","delivers","0.9800","0.6270","0.5370","0.4720","0.4880","0.5347","src_role_function_seed_2026_03","0.6781","reviewed_primary_task_function_edge"
"occ_43_9041_00","task_occ_43_9041_00_23327","fn_occ_43_9041_00_primary","delivers","0.9800","0.8640","0.6392","0.6190","0.5380","0.6584","src_role_function_seed_2026_03","0.5417","reviewed_primary_task_function_edge"
"occ_43_9041_00","task_occ_43_9041_00_23328","fn_occ_43_9041_00_primary","delivers","0.9800","0.7727","0.5814","0.5477","0.4580","0.5493","src_role_function_seed_2026_03","0.5610","reviewed_primary_task_function_edge"
"occ_43_9041_00","task_occ_43_9041_00_23329","fn_occ_43_9041_00_primary","delivers","0.9800","0.5809","0.4870","0.4159","0.4380","0.4901","src_role_function_seed_2026_03","0.6619","reviewed_primary_task_function_edge"
"occ_43_9041_00","task_occ_43_9041_00_23330","fn_occ_43_9041_00_primary","delivers","0.9800","0.7442","0.6092","0.5192","0.4580","0.5464","src_role_function_seed_2026_03","0.5758","reviewed_primary_task_function_edge"
"occ_43_9041_00","task_occ_43_9041_00_23332","fn_occ_43_9041_00_primary","delivers","0.9800","0.7939","0.6203","0.5989","0.4580","0.6014","src_role_function_seed_2026_03","0.6737","reviewed_primary_task_function_edge"
"occ_43_9041_00","task_occ_43_9041_00_23333","fn_occ_43_9041_00_primary","delivers","0.9800","0.8466","0.6392","0.6016","0.5380","0.6567","src_role_function_seed_2026_03","0.5197","reviewed_primary_task_function_edge"
"occ_43_9041_00","task_occ_43_9041_00_23334","fn_occ_43_9041_00_primary","delivers","0.9800","0.8433","0.6170","0.5983","0.5380","0.6563","src_role_function_seed_2026_03","0.5197","reviewed_primary_task_function_edge"
"occ_43_9041_00","task_occ_43_9041_00_23336","fn_occ_43_9041_00_primary","delivers","0.9800","0.5588","0.4870","0.3938","0.4380","0.4879","src_role_function_seed_2026_03","0.6471","reviewed_primary_task_function_edge"
"occ_43_9041_00","task_occ_43_9041_00_23337","fn_occ_43_9041_00_primary","delivers","0.9800","0.5588","0.4870","0.3938","0.4380","0.4879","src_role_function_seed_2026_03","0.6570","reviewed_primary_task_function_edge"
"occ_43_9041_00","task_occ_43_9041_00_23338","fn_occ_43_9041_00_primary","delivers","0.9800","0.5588","0.4870","0.3938","0.4380","0.4879","src_role_function_seed_2026_03","0.6767","reviewed_primary_task_function_edge"
"occ_43_9041_00","task_occ_43_9041_00_23339","fn_occ_43_9041_00_primary","delivers","0.9800","0.5916","0.5370","0.4366","0.4880","0.5312","src_role_function_seed_2026_03","0.6487","reviewed_primary_task_function_edge"
"occ_43_9041_00","task_occ_43_9041_00_jd_cpc_01","fn_occ_43_9041_00_primary","delivers","0.9800","0.6467","0.5837","0.4917","0.4580","0.5367","src_role_function_seed_2026_03","0.7216","reviewed_primary_task_function_edge"
"occ_43_9041_00","task_occ_43_9041_00_jd_cpc_02","fn_occ_43_9041_00_primary","delivers","0.9800","0.8024","0.5670","0.5674","0.5380","0.5822","src_role_function_seed_2026_03","0.6600","reviewed_primary_task_function_edge"
"occ_43_9041_00","task_occ_43_9041_00_jd_cpc_03","fn_occ_43_9041_00_primary","delivers","0.9800","0.7753","0.5370","0.5503","0.4580","0.5495","src_role_function_seed_2026_03","0.7216","reviewed_primary_task_function_edge"
"occ_43_9041_00","task_occ_43_9041_00_jd_cpc_04","fn_occ_43_9041_00_primary","delivers","0.9800","0.6225","0.5370","0.4675","0.4880","0.5343","src_role_function_seed_2026_03","0.7870","reviewed_primary_task_function_edge"
"occ_43_9061_00","task_occ_43_9061_00_825","fn_occ_43_9061_00_primary","delivers","0.9800","0.6743","0.4770","0.4313","0.3080","0.4354","src_role_function_seed_2026_03","0.5912","reviewed_primary_task_function_edge"
"occ_43_9061_00","task_occ_43_9061_00_826","fn_occ_43_9061_00_primary","delivers","0.9800","0.7787","0.5103","0.5657","0.3080","0.4959","src_role_function_seed_2026_03","0.5448","reviewed_primary_task_function_edge"
"occ_43_9061_00","task_occ_43_9061_00_827","fn_occ_43_9061_00_primary","delivers","0.9800","0.7990","0.5403","0.5360","0.3880","0.5479","src_role_function_seed_2026_03","0.5398","reviewed_primary_task_function_edge"
"occ_43_9061_00","task_occ_43_9061_00_828","fn_occ_43_9061_00_primary","delivers","0.9800","0.5797","0.4437","0.4067","0.3380","0.4260","src_role_function_seed_2026_03","0.5571","reviewed_primary_task_function_edge"
"occ_43_9061_00","task_occ_43_9061_00_829","fn_occ_43_9061_00_primary","delivers","0.9800","0.5467","0.4070","0.3737","0.3080","0.4227","src_role_function_seed_2026_03","0.6168","reviewed_primary_task_function_edge"
"occ_43_9061_00","task_occ_43_9061_00_830","fn_occ_43_9061_00_primary","delivers","0.9800","0.5788","0.4487","0.4058","0.3080","0.4259","src_role_function_seed_2026_03","0.6388","reviewed_primary_task_function_edge"
"occ_43_9061_00","task_occ_43_9061_00_831","fn_occ_43_9061_00_primary","delivers","0.9800","0.5754","0.4270","0.4024","0.3380","0.4255","src_role_function_seed_2026_03","0.5819","reviewed_primary_task_function_edge"
"occ_43_9061_00","task_occ_43_9061_00_832","fn_occ_43_9061_00_primary","delivers","0.9800","0.5209","0.3937","0.3379","0.2880","0.3801","src_role_function_seed_2026_03","0.6421","reviewed_primary_task_function_edge"
"occ_43_9061_00","task_occ_43_9061_00_833","fn_occ_43_9061_00_primary","delivers","0.9800","0.5673","0.4487","0.3943","0.3080","0.4247","src_role_function_seed_2026_03","0.6611","reviewed_primary_task_function_edge"
"occ_43_9061_00","task_occ_43_9061_00_834","fn_occ_43_9061_00_primary","delivers","0.9800","0.5783","0.4437","0.4053","0.3380","0.4258","src_role_function_seed_2026_03","0.5868","reviewed_primary_task_function_edge"
"occ_43_9061_00","task_occ_43_9061_00_835","fn_occ_43_9061_00_primary","delivers","0.9800","0.5594","0.4070","0.3864","0.3080","0.4239","src_role_function_seed_2026_03","0.6388","reviewed_primary_task_function_edge"
"occ_43_9061_00","task_occ_43_9061_00_836","fn_occ_43_9061_00_primary","delivers","0.9800","0.5408","0.4070","0.3678","0.3080","0.4221","src_role_function_seed_2026_03","0.6388","reviewed_primary_task_function_edge"
"occ_43_9061_00","task_occ_43_9061_00_837","fn_occ_43_9061_00_primary","delivers","0.9800","0.5637","0.4070","0.3907","0.3080","0.4244","src_role_function_seed_2026_03","0.6660","reviewed_primary_task_function_edge"
"occ_43_9061_00","task_occ_43_9061_00_838","fn_occ_43_9061_00_primary","delivers","0.9800","0.5564","0.4270","0.3834","0.3380","0.4236","src_role_function_seed_2026_03","0.5648","reviewed_primary_task_function_edge"
"occ_43_9061_00","task_occ_43_9061_00_839","fn_occ_43_9061_00_primary","delivers","0.9800","0.7841","0.5403","0.5211","0.3880","0.5464","src_role_function_seed_2026_03","0.5178","reviewed_primary_task_function_edge"
"occ_43_9061_00","task_occ_43_9061_00_840","fn_occ_43_9061_00_primary","delivers","0.9800","0.5718","0.4270","0.3988","0.3380","0.4252","src_role_function_seed_2026_03","0.5645","reviewed_primary_task_function_edge"
"occ_43_9061_00","task_occ_43_9061_00_841","fn_occ_43_9061_00_primary","delivers","0.9800","0.6632","0.4603","0.4202","0.3080","0.4343","src_role_function_seed_2026_03","0.6187","reviewed_primary_task_function_edge"
"occ_43_9061_00","task_occ_43_9061_00_842","fn_occ_43_9061_00_primary","delivers","0.9800","0.5253","0.4070","0.3523","0.3080","0.4205","src_role_function_seed_2026_03","0.6168","reviewed_primary_task_function_edge"
"occ_43_9061_00","task_occ_43_9061_00_843","fn_occ_43_9061_00_primary","delivers","0.9800","0.5437","0.4270","0.3707","0.3380","0.4224","src_role_function_seed_2026_03","0.5351","reviewed_primary_task_function_edge"
"occ_43_9061_00","task_occ_43_9061_00_844","fn_occ_43_9061_00_primary","delivers","0.9800","0.5132","0.4070","0.3402","0.3080","0.4193","src_role_function_seed_2026_03","0.6168","reviewed_primary_task_function_edge"
"occ_43_9061_00","task_occ_43_9061_00_jd_oc_01","fn_occ_43_9061_00_primary","delivers","0.9800","0.7731","0.5187","0.5601","0.3080","0.4953","src_role_function_seed_2026_03","0.6561","reviewed_primary_task_function_edge"
"occ_43_9061_00","task_occ_43_9061_00_jd_oc_02","fn_occ_43_9061_00_primary","delivers","0.9800","0.6939","0.5270","0.4509","0.3080","0.4374","src_role_function_seed_2026_03","0.7620","reviewed_primary_task_function_edge"
"occ_43_9061_00","task_occ_43_9061_00_jd_oc_03","fn_occ_43_9061_00_primary","delivers","0.9800","0.6917","0.4937","0.4487","0.3080","0.4372","src_role_function_seed_2026_03","0.7620","reviewed_primary_task_function_edge"
"occ_43_9061_00","task_occ_43_9061_00_jd_oc_04","fn_occ_43_9061_00_primary","delivers","0.9800","0.5759","0.4353","0.4029","0.3380","0.4256","src_role_function_seed_2026_03","0.6735","reviewed_primary_task_function_edge"
"occ_43_9111_00","task_occ_43_9111_00_9788","fn_occ_43_9111_00_primary","delivers","0.9800","0.7523","0.7373","0.5363","0.3530","0.5862","src_role_function_seed_2026_03","0.6685","reviewed_primary_task_function_edge"
"occ_43_9111_00","task_occ_43_9111_00_9789","fn_occ_43_9111_00_primary","delivers","0.9800","0.7494","0.7373","0.5334","0.3530","0.5859","src_role_function_seed_2026_03","0.6685","reviewed_primary_task_function_edge"
"occ_43_9111_00","task_occ_43_9111_00_9790","fn_occ_43_9111_00_primary","delivers","0.9800","0.7758","0.7273","0.5398","0.4330","0.6186","src_role_function_seed_2026_03","0.6443","reviewed_primary_task_function_edge"
"occ_43_9111_00","task_occ_43_9111_00_9791","fn_occ_43_9111_00_primary","delivers","0.9800","0.7494","0.6540","0.5334","0.3530","0.5859","src_role_function_seed_2026_03","0.6908","reviewed_primary_task_function_edge"
"occ_43_9111_00","task_occ_43_9111_00_9792","fn_occ_43_9111_00_primary","delivers","0.9800","0.7855","0.7273","0.5495","0.4330","0.6196","src_role_function_seed_2026_03","0.6418","reviewed_primary_task_function_edge"
"occ_43_9111_00","task_occ_43_9111_00_9793","fn_occ_43_9111_00_primary","delivers","0.9800","0.7287","0.6540","0.5127","0.3530","0.5839","src_role_function_seed_2026_03","0.6388","reviewed_primary_task_function_edge"
"occ_43_9111_00","task_occ_43_9111_00_9794","fn_occ_43_9111_00_primary","delivers","0.9800","0.8181","0.7307","0.6221","0.3530","0.6428","src_role_function_seed_2026_03","0.5376","reviewed_primary_task_function_edge"
"occ_43_9111_00","task_occ_43_9111_00_9795","fn_occ_43_9111_00_primary","delivers","0.9800","0.6097","0.6140","0.4437","0.3330","0.5320","src_role_function_seed_2026_03","0.5472","reviewed_primary_task_function_edge"
"occ_43_9111_00","task_occ_43_9111_00_9796","fn_occ_43_9111_00_primary","delivers","0.9800","0.7083","0.6540","0.4923","0.3530","0.5818","src_role_function_seed_2026_03","0.6465","reviewed_primary_task_function_edge"
"occ_43_9111_00","task_occ_43_9111_00_9797","fn_occ_43_9111_00_primary","delivers","0.9800","0.7417","0.6540","0.5257","0.3530","0.5852","src_role_function_seed_2026_03","0.6685","reviewed_primary_task_function_edge"
"occ_43_9111_00","task_occ_43_9111_00_9798","fn_occ_43_9111_00_primary","delivers","0.9800","0.7420","0.6540","0.5260","0.3530","0.5852","src_role_function_seed_2026_03","0.6388","reviewed_primary_task_function_edge"
"occ_43_9111_00","task_occ_43_9111_00_9799","fn_occ_43_9111_00_primary","delivers","0.9800","0.7268","0.6540","0.5108","0.3530","0.5837","src_role_function_seed_2026_03","0.6168","reviewed_primary_task_function_edge"
"occ_43_9111_00","task_occ_43_9111_00_9800","fn_occ_43_9111_00_primary","delivers","0.9800","0.6062","0.6440","0.4502","0.3530","0.5716","src_role_function_seed_2026_03","0.6603","reviewed_primary_task_function_edge"
"occ_43_9111_00","task_occ_43_9111_00_9801","fn_occ_43_9111_00_primary","delivers","0.9800","0.6953","0.6540","0.4793","0.3530","0.5805","src_role_function_seed_2026_03","0.6168","reviewed_primary_task_function_edge"
"occ_43_9111_00","task_occ_43_9111_00_jd_st_01","fn_occ_43_9111_00_primary","delivers","0.9800","0.6375","0.7140","0.4815","0.3830","0.5747","src_role_function_seed_2026_03","0.7216","reviewed_primary_task_function_edge"
"occ_43_9111_00","task_occ_43_9111_00_jd_st_02","fn_occ_43_9111_00_primary","delivers","0.9800","0.7409","0.6873","0.5249","0.3530","0.5851","src_role_function_seed_2026_03","0.7774","reviewed_primary_task_function_edge"
"occ_43_9111_00","task_occ_43_9111_00_jd_st_03","fn_occ_43_9111_00_primary","delivers","0.9800","0.7745","0.6773","0.5385","0.4330","0.6184","src_role_function_seed_2026_03","0.7582","reviewed_primary_task_function_edge"
"occ_43_9111_00","task_occ_43_9111_00_jd_st_04","fn_occ_43_9111_00_primary","delivers","0.9800","0.8259","0.7773","0.5899","0.3930","0.6536","src_role_function_seed_2026_03","0.7639","reviewed_primary_task_function_edge"
"occ_43_9111_00","task_occ_43_9111_00_manual_sa_01","fn_occ_43_9111_00_primary","delivers","0.9800","0.7729","0.6607","0.5369","0.4330","0.6183","src_role_function_seed_2026_03","0.7582","reviewed_primary_task_function_edge"
"occ_43_9111_00","task_occ_43_9111_00_manual_sa_02","fn_occ_43_9111_00_primary","delivers","0.9800","0.6289","0.7140","0.4729","0.3830","0.5739","src_role_function_seed_2026_03","0.7216","reviewed_primary_task_function_edge"
"occ_43_9111_00","task_occ_43_9111_00_manual_sa_03","fn_occ_43_9111_00_primary","delivers","0.9800","0.7560","0.6807","0.5300","0.3530","0.5866","src_role_function_seed_2026_03","0.7524","reviewed_primary_task_function_edge"
